0,1,2,3,4
0.0,0.0,298.15,298.15,298.15
0.003625598802395209,1.5,298.15639746148724,298.15,298.15
0.007251197604790418,1.5,298.16279477563546,298.15,298.15
0.010876796407185627,1.5,298.16919194244804,298.15,298.15
0.014502395209580837,1.5,298.1755889619283,298.15,298.15
0.018127994011976047,1.5,298.18198583407974,298.15,298.15
0.021753592814371257,1.5,298.1883825589057,298.15,298.15
0.025379191616766467,1.5,298.19477911233366,298.15,298.15
0.029004790419161677,1.5,298.2011754087677,298.15,298.15
0.03263038922155689,1.5,298.20757106930284,298.15,298.15
0.03625598802395209,1.5,298.2139652488216,298.15,298.15
0.0398815868263473,1.5,298.2203565864085,298.15,298.15
0.043507185628742506,1.5,298.2267432480805,298.15,298.15
0.04713278443113771,1.5,298.2331230173562,298.15,298.15
0.05075838323353292,1.5,298.2394934010959,298.15,298.15
0.054383982035928126,1.5,298.2458517339042,298.15,298.15
0.05800958083832333,1.5,298.252195269602,298.15,298.15
0.06163517964071854,1.5,298.25852125798093,298.15,298.15
0.06526077844311375,1.5,298.26482700531915,298.15,298.15
0.06888637724550896,1.5,298.27110992061245,298.15,298.15
0.07251197604790417,1.5,298.2773675490061,298.15,298.15
0.07613757485029939,1.5,298.28359759471675,298.15,298.15
0.0797631736526946,1.5,298.28979793530095,298.15,298.15
0.08338877245508981,1.5,298.29596662910456,298.15,298.15
0.08701437125748503,1.5,298.3021019173868,298.15,298.15
0.09063997005988024,1.5,298.3082022224183,298.15,298.15
0.09426556886227545,1.5,298.3142661425948,298.15,298.15
0.09789116766467067,1.5,298.32029244542423,298.15,298.15
0.10151676646706588,1.5,298.3262800590624,298.15,298.15
0.1051423652694611,1.5,298.33222806293173,298.15,298.15
0.10876796407185631,1.5,298.3381356778361,298.15,298.15
0.11239356287425152,1.5,298.3440022558881,298.15,298.15
0.11601916167664673,1.5,298.34982727048396,298.15,298.15
0.11964476047904195,1.5,298.35561030650064,298.15,298.15
0.12327035928143716,1.5,298.3613510508382,298.15,298.15
0.12689595808383236,1.5,298.367049283392,298.15,298.15
0.13052155688622757,1.5,298.3727048685081,298.15,298.15
0.1341471556886228,1.5,298.3783177469529,298.15,298.15
0.137772754491018,1.5,298.38388792841005,298.15,298.15
0.14139835329341321,1.5,298.3894154845032,298.15,298.15
0.14502395209580843,1.5,298.39490054233664,298.15,298.15
0.14864955089820364,1.5,298.4003432785344,298.15,298.15
0.15227514970059886,1.5,298.405743913759,298.15,298.15
0.15590074850299407,1.5,298.4111027076824,298.15,298.15
0.15952634730538928,1.5,298.4164199543859,298.15,298.15
0.1631519461077845,1.5,298.4216959781593,298.15,298.15
0.1667775449101797,1.5,298.4269311296736,298.15,298.15
0.17040314371257492,1.5,298.43212578249984,298.15,298.15
0.17402874251497014,1.5,298.43728032994875,298.15,298.15
0.17765434131736535,1.5,298.4423951822058,298.15,298.15
0.18127994011976056,1.5,298.44747076373847,298.15,298.15
0.18490553892215578,1.5,298.452507510953,298.15,298.15
0.188531137724551,1.5,298.4575058700809,298.15,298.15
0.1921567365269462,1.5,298.46246629527377,298.15,298.15
0.19578233532934142,1.5,298.4673892468913,298.15,298.15
0.19940793413173663,1.5,298.4722751899617,298.15,298.15
0.20303353293413184,1.5,298.47712459280365,298.15,298.15
0.20665913173652706,1.5,298.4819379257917,298.15,298.15
0.21028473053892227,1.5,298.48671566025416,298.15,298.15
0.21391032934131748,1.5,298.49145826749026,298.15,298.15
0.2175359281437127,1.5,298.4961662178973,298.15,298.15
0.2211615269461079,1.5,298.50083998019556,298.15,298.15
0.22478712574850312,1.5,298.5054800207427,298.15,298.15
0.22841272455089834,1.5,298.5100868029298,298.15,298.15
0.23203832335329355,1.5,298.51466078665055,298.15,298.15
0.23566392215568877,1.5,298.5192024278373,298.15,298.15
0.23928952095808398,1.5,298.52371217805586,298.15000000000003,298.15
0.2429151197604792,1.5,298.5281904841565,298.1500000000001,298.15
0.2465407185628744,1.5,298.53263778797196,298.15000000000015,298.15
0.2501663173652696,1.5,298.53705452606107,298.15000000000026,298.15
0.25379191616766483,1.5,298.5414411294913,298.15000000000043,298.15
0.25741751497006005,1.5,298.5457980236573,298.15000000000066,298.15
0.26104311377245526,1.5,298.55012562813175,298.150000000001,298.15
0.2646687125748505,1.5,298.55442435654516,298.1500000000014,298.15
0.2682943113772457,1.5,298.5586946164912,298.15000000000197,298.15
0.2719199101796409,1.5,298.56293680945606,298.15000000000276,298.15
0.2755455089820361,1.5,298.5671513307675,298.15000000000384,298.15
0.2791711077844313,1.5,298.5713385695636,298.1500000000053,298.15
0.28279670658682654,1.5,298.57549890877704,298.1500000000072,298.15
0.28642230538922175,1.5,298.579632725135,298.1500000000097,298.15
0.29004790419161697,1.5,298.58374038917174,298.15000000001294,298.15
0.2936735029940122,1.5,298.5878222652524,298.1500000000171,298.15
0.2972991017964074,1.5,298.5918787116076,298.1500000000224,298.15
0.3009247005988026,1.5,298.59591008037694,298.15000000002914,298.15
0.3045502994011978,1.5,298.5999167176601,298.1500000000376,298.15
0.30817589820359303,1.5,298.60389896357503,298.1500000000483,298.15
0.31180149700598825,1.5,298.60785715232214,298.1500000000616,298.15
0.31542709580838346,1.5,298.6117916122537,298.1500000000781,298.15
0.3190526946107787,1.5,298.6157026659475,298.15000000009843,298.15
0.3226782934131739,1.5,298.6195906302844,298.1500000001233,298.15
0.3263038922155691,1.5,298.62345581652903,298.15000000015374,298.15
0.3299294910179643,1.5,298.6272985304131,298.15000000019074,298.15
0.33355508982035953,1.5,298.6311190722212,298.1500000002354,298.15
0.33718068862275474,1.5,298.63491773687747,298.1500000002892,298.15
0.34080628742514996,1.5,298.63869481403447,298.1500000003536,298.15
0.34443188622754517,1.5,298.64245058816266,298.15000000043045,298.15
0.3480574850299404,1.5,298.6461853386407,298.15000000052174,298.15
0.3516830838323356,1.5,298.6498993398456,298.1500000006298,298.15
0.3553086826347308,1.5,298.65359286124385,298.15000000075725,298.15
0.358934281437126,1.5,298.65726616748196,298.15000000090697,298.15
0.36255988023952124,1.5,298.6609195184767,298.1500000010823,298.15
0.36618547904191645,1.5,298.66455316950504,298.15000000128686,298.15
0.36981107784431166,1.5,298.66816737129346,298.15000000152475,298.15
0.3734366766467069,1.5,298.67176237010665,298.15000000180055,298.15
0.3770622754491021,1.5,298.67533840783494,298.15000000211927,298.15
0.3806878742514973,1.5,298.67889572208134,298.15000000248665,298.15
0.3843134730538925,1.5,298.68243454624707,298.1500000029087,298.15
0.38793907185628773,1.5,298.6859551096164,298.1500000033924,298.15
0.39156467065868295,1.5,298.68945763743955,298.1500000039451,298.15
0.39519026946107816,1.5,298.6929423510156,298.15000000457496,298.15
0.39881586826347337,1.5,298.69640946777264,298.1500000052911,298.15
0.4024414670658686,1.5,298.69985920134803,298.15000000610314,298.15
0.4060670658682638,1.5,298.70329176166587,298.1500000070219,298.15
0.409692664670659,1.5,298.70670735501454,298.1500000080589,298.15
0.4133182634730542,1.5,298.7101061841216,298.15000000922674,298.15
0.41694386227544944,1.5,298.71348844822825,298.1500000105389,298.15
0.42056946107784465,1.5,298.7168543431616,298.1500000120103,298.15
0.42419505988023987,1.5,298.72020406140604,298.1500000136568,298.15
0.4278206586826351,1.5,298.72353779217303,298.1500000154953,298.15
0.4314462574850303,1.5,298.7268557214694,298.1500000175445,298.15
0.4350718562874255,1.5,298.73015803216447,298.150000019824,298.15
0.4386974550898207,1.5,298.7334449040553,298.150000022355,298.15
0.44232305389221593,1.5,298.736716513931,298.1500000251603,298.15
0.44594865269461115,1.5,298.7399730356359,298.15000002826395,298.15
0.44957425149700636,1.5,298.7432146401302,298.1500000316919,298.15
0.4531998502994016,1.5,298.74644149555087,298.1500000354717,298.15
0.4568254491017968,1.5,298.74965376726993,298.1500000396328,298.15
0.460451047904192,1.5,298.75285161795205,298.15000004420637,298.15
0.4640766467065872,1.5,298.7560352076107,298.1500000492254,298.15
0.46770224550898243,1.5,298.759204693663,298.1500000547252,298.15
0.47132784431137764,1.5,298.7623602309836,298.15000006074285,298.15
0.47495344311377286,1.5,298.7655019719571,298.15000006731765,298.15
0.47857904191616807,1.5,298.7686300665289,298.15000007449123,298.15
0.4822046407185633,1.5,298.77174466225574,298.15000008230743,298.15
0.4858302395209585,1.5,298.77484590435444,298.15000009081245,298.15
0.4894558383233537,1.5,298.7779339357496,298.15000010005497,298.15
0.4930814371257489,1.5,298.78100889712056,298.15000011008624,298.15
0.49670703592814414,1.5,298.7840709269465,298.15000012096004,298.15
0.5003326347305393,1.5,298.7871201615517,298.15000013273294,298.15
0.5039582335329346,1.5,298.79015673514806,298.1500001454641,298.15
0.5075838323353298,1.5,298.79318077987864,298.15000015921567,298.15
0.511209431137725,1.5,298.79619242585846,298.1500001740526,298.15
0.5148350299401202,1.5,298.7991918012152,298.1500001900428,298.15
0.5184606287425154,1.5,298.80217903212883,298.1500002072575,298.15
0.5220862275449106,1.5,298.80515424287023,298.1500002257708,298.15
0.5257118263473058,1.5,298.80811755583886,298.15000024566,298.15
0.5293374251497011,1.5,298.8110690915999,298.15000026700574,298.15
0.5329630239520963,1.5,298.8140089689199,298.1500002898922,298.15
0.5365886227544915,1.5,298.816937304802,298.15000031440667,298.15
0.5402142215568867,1.5,298.8198542145206,298.15000034064013,298.15
0.5438398203592819,1.5,298.82275981165463,298.1500003686871,298.15
0.5474654191616771,1.5,298.82565420812017,298.15000039864555,298.15
0.5510910179640723,1.5,298.82853751420294,298.15000043061735,298.15
0.5547166167664676,1.5,298.83140983858914,298.1500004647083,298.15
0.5583422155688628,1.5,298.83427128839605,298.15000050102753,298.15
0.561967814371258,1.5,298.83712196920203,298.15000053968845,298.15
0.5655934131736532,1.5,298.8399619850756,298.1500005808083,298.15
0.5692190119760484,1.5,298.8427914386038,298.1500006245084,298.15
0.5728446107784436,1.5,298.84561043092003,298.150000670914,298.15
0.5764702095808388,1.5,298.84841906173153,298.1500007201546,298.15
0.580095808383234,1.5,298.8512174293456,298.15000077236385,298.15
0.5837214071856293,1.5,298.85400563069544,298.1500008276798,298.15
0.5873470059880245,1.5,298.85678376136605,298.1500008862444,298.15
0.5909726047904197,1.5,298.8595519156186,298.1500009482044,298.15
0.5945982035928149,1.5,298.86231018641485,298.1500010137107,298.15
0.5982238023952101,1.5,298.86505866544036,298.15000108291866,298.15
0.6018494011976053,1.5,298.86779744312867,298.1500011559882,298.15
0.6054750000000005,1.5,298.8705266086827,298.15000123308374,298.15
0.6091005988023958,1.5,298.8732462500978,298.1500013143743,298.15
0.612726197604791,1.5,298.875956454183,298.1500014000335,298.15
0.6163517964071862,1.5,298.878657306582,298.1500014902397,298.15
0.6199773952095814,1.5,298.8813488917944,298.15000158517574,298.15
0.6236029940119766,1.5,298.8840312931953,298.15000168502957,298.15
0.6272285928143718,1.5,298.8867045930555,298.15000178999355,298.15
0.630854191616767,1.5,298.8893688725608,298.1500019002652,298.15
0.6344797904191622,1.5,298.89202421183063,298.1500020160464,298.15
0.6381053892215575,1.5,298.8946706899369,298.15000213754433,298.15
0.6417309880239527,1.5,298.8973083849219,298.15000226497096,298.15
0.6453565868263479,1.5,298.89993737381633,298.15000239854305,298.15
0.6489821856287431,1.5,298.9025577326562,298.15000253848245,298.15
0.6526077844311383,1.5,298.9051695365,298.1500026850159,298.15
0.6562333832335335,1.5,298.9077728594455,298.15000283837503,298.15
0.6598589820359287,1.5,298.91036777464564,298.15000299879665,298.15
0.663484580838324,1.5,298.91295435432477,298.1500031665225,298.15
0.6671101796407192,1.5,298.91553266979395,298.1500033417994,298.15
0.6707357784431144,1.5,298.91810279146637,298.1500035248792,298.15
0.6743613772455096,1.5,298.92066478887205,298.1500037160187,298.15
0.6779869760479048,1.5,298.9232187306729,298.15000391547994,298.15
0.6816125748503,1.5,298.92576468467644,298.15000412353004,298.15
0.6852381736526952,1.5,298.9283027178504,298.15000434044094,298.15
0.6888637724550905,1.5,298.9308328963358,298.15000456648994,298.15
0.6924893712574857,1.5,298.933355285461,298.15000480195937,298.15
0.6961149700598809,1.5,298.9358699497546,298.15000504713646,298.15
0.6997405688622761,1.5,298.9383769529581,298.1500053023139,298.15
0.7033661676646713,1.5,298.9408763580391,298.1500055677891,298.15
0.7069917664670665,1.5,298.943368227203,298.1500058438646,298.15
0.7106173652694617,1.5,298.9458526219057,298.1500061308483,298.15
0.714242964071857,1.5,298.9483296028652,298.1500064290529,298.15
0.7178685628742522,1.5,298.9507992300733,298.1500067387961,298.15
0.7214941616766474,1.5,298.95326156280703,298.1500070604009,298.15
0.7251197604790426,1.5,298.95571665963985,298.1500073941952,298.15
0.7287453592814378,1.5,298.95816457845245,298.15000774051185,298.15
0.732370958083833,1.5,298.9606053764438,298.1500080996888,298.15
0.7359965568862282,1.5,298.9630391101416,298.15000847206903,298.15
0.7396221556886234,1.5,298.9654658354123,298.1500088580004,298.15
0.7432477544910187,1.5,298.9678856074718,298.1500092578356,298.15
0.7468733532934139,1.5,298.97029848089494,298.1500096719326,298.15
0.7504989520958091,1.5,298.97270450962515,298.15001010065396,298.15
0.7541245508982043,1.5,298.97510374698476,298.15001054436726,298.15
0.7577501497005995,1.5,298.9774962456834,298.1500110034449,298.15
0.7613757485029947,1.5,298.9798820578281,298.15001147826405,298.15
0.7650013473053899,1.5,298.9822612349314,298.1500119692068,298.15
0.7686269461077851,1.5,298.98463382792113,298.15001247666,298.15
0.7722525449101804,1.5,298.98699988714833,298.1500130010151,298.15
0.7758781437125756,1.5,298.98935946239635,298.1500135426685,298.15
0.7795037425149708,1.5,298.9917126028888,298.1500141020211,298.15
0.783129341317366,1.5,298.99405935729817,298.1500146794785,298.15
0.7867549401197612,1.5,298.9963997737534,298.1500152754508,298.15
0.7903805389221564,1.5,298.99873389984816,298.15001589035296,298.15
0.7940061377245516,1.5,299.0010617826486,298.15001652460415,298.15
0.7976317365269469,1.5,299.00338346870075,298.15001717862833,298.15
0.8012573353293421,1.5,299.0056990040381,298.1500178528537,298.15
0.8048829341317373,1.5,299.00800843418915,298.15001854771293,298.15
0.8085085329341325,1.5,299.01031180418454,298.1500192636432,298.15
0.8121341317365277,1.5,299.01260915856375,298.1500200010859,298.15
0.8157597305389229,1.5,299.0149005413827,298.15002076048677,298.15
0.8193853293413181,1.5,299.0171859962202,298.15002154229586,298.15
0.8230109281437133,1.5,299.0194655661846,298.1500223469672,298.15
0.8266365269461086,1.5,299.02173929392063,298.1500231749593,298.15
0.8302621257485038,1.5,299.0240072216159,298.1500240267346,298.15
0.833887724550899,1.5,299.0262693910069,298.1500249027597,298.15
0.8375133233532942,1.5,299.02852584338575,298.1500258035051,298.15
0.8411389221556894,1.5,299.03077661960606,298.1500267294454,298.15
0.8447645209580846,1.5,299.0330217600889,298.15002768105916,298.15
0.8483901197604798,1.5,299.03526130482896,298.1500286588287,298.15
0.8520157185628751,1.5,299.0374952934003,298.15002966324016,298.15
0.8556413173652703,1.5,299.039723764962,298.1500306947837,298.15
0.8592669161676655,1.5,299.041946758264,298.1500317539529,298.15
0.8628925149700607,1.5,299.04416431165237,298.15003284124515,298.15
0.8665181137724559,1.5,299.046376463075,298.15003395716155,298.15
0.8701437125748511,1.5,299.04858325008684,298.1500351022067,298.15
0.8737693113772463,1.5,299.05078470985524,298.15003627688867,298.15
0.8773949101796416,1.5,299.05298087916503,298.1500374817191,298.15
0.8810205089820368,1.5,299.05517179442364,298.15003871721296,298.15
0.884646107784432,1.5,299.0573574916662,298.1500399838887,298.15
0.8882717065868272,1.5,299.0595380065604,298.150041282268,298.15
0.8918973053892224,1.5,299.0617133744112,298.1500426128756,298.15
0.8955229041916176,1.5,299.063883630166,298.1500439762399,298.15
0.8991485029940128,1.5,299.06604880841877,298.150045372892,298.15
0.902774101796408,1.5,299.0682089434152,298.15004680336637,298.15
0.9063997005988033,1.5,299.0703640690568,298.15004826820035,298.15
0.9100252994011985,1.5,299.0725142189056,298.15004976793426,298.15
0.9136508982035937,1.5,299.0746594261886,298.15005130311135,298.15
0.9172764970059889,1.5,299.07679972380186,298.15005287427795,298.15
0.9209020958083841,1.5,299.0789351443149,298.1500544819828,298.15
0.9245276946107793,1.5,299.08106571997496,298.15005612677777,298.15
0.9281532934131745,1.5,299.0831914827109,298.1500578092171,298.15
0.9317788922155698,1.5,299.08531246413736,298.150059529858,298.15
0.935404491017965,1.5,299.0874286955589,298.15006128925995,298.15
0.9390300898203602,1.5,299.08954020797364,298.150063087985,298.15
0.9426556886227554,1.5,299.09164703207745,298.15006492659796,298.15
0.9462812874251506,1.5,299.0937491982673,298.1500668056656,298.15
0.9499068862275458,1.5,299.0958467366455,298.1500687257574,298.15
0.953532485029941,1.5,299.09793967702325,298.15007068744495,298.15
0.9571580838323362,1.5,299.1000280489239,298.15007269130206,298.15
0.9607836826347315,1.5,299.10211188158706,298.15007473790484,298.15
0.9644092814371267,1.5,299.10419120397177,298.15007682783147,298.15
0.9680348802395219,1.5,299.10626604476016,298.1500789616621,298.15
0.9716604790419171,1.5,299.10833643236066,298.15008113997897,298.15
0.9752860778443123,1.5,299.1104023949116,298.1500833633663,298.15
0.9789116766467075,1.5,299.11246396028434,298.15008563241014,298.15
0.9825372754491027,1.5,299.11452115608654,298.1500879476984,298.15
0.986162874251498,1.5,299.11657400966556,298.1500903098207,298.15
0.9897884730538932,1.5,299.1186225481114,298.1500927193685,298.15
0.9934140718562884,1.5,299.12066679825995,298.1500951769349,298.15
0.9970396706586836,1.5,299.12270678669597,298.1500976831145,298.15
1.0006652694610787,1.5,299.1247425397562,298.1501002385034,298.15
1.004290868263474,1.5,299.1267740835324,298.1501028436996,298.15
1.0079164670658691,1.5,299.12880144387395,298.15010549930213,298.15
1.0115420658682643,1.5,299.13082464639126,298.15010820591147,298.15
1.0151676646706596,1.5,299.1328437164582,298.15011096412957,298.15
1.0187932634730548,1.5,299.1348586792151,298.1501137745595,298.15
1.02241886227545,1.5,299.1368695595713,298.15011663780575,298.15
1.0260444610778452,1.5,299.13887638220854,298.15011955447375,298.15
1.0296700598802404,1.5,299.14087917158264,298.1501225251702,298.15
1.0332956586826356,1.5,299.1428779519269,298.1501255505028,298.15
1.0369212574850308,1.5,299.14487274725457,298.1501286310803,298.15
1.040546856287426,1.5,299.14686358136123,298.1501317675122,298.15
1.0441724550898213,1.5,299.1488504778276,298.15013496040933,298.15
1.0477980538922165,1.5,299.1508334600215,298.15013821038275,298.15
1.0514236526946117,1.5,299.1528125511012,298.1501415180449,298.15
1.055049251497007,1.5,299.1547877740171,298.1501448840087,298.15000000000003
1.0586748502994021,1.5,299.15675915151445,298.15014830888765,298.1500000000001
1.0623004491017973,1.5,299.1587267061356,298.1501517932962,298.1500000000001
1.0659260479041925,1.5,299.16069046022244,298.1501553378489,298.1500000000001
1.0695516467065878,1.5,299.1626504359185,298.1501589431615,298.1500000000001
1.073177245508983,1.5,299.16460665517167,298.1501626098496,298.1500000000001
1.0768028443113782,1.5,299.1665591397358,298.1501663385295,298.15000000000015
1.0804284431137734,1.5,299.16850791117344,298.1501701298181,298.1500000000002
1.0840540419161686,1.5,299.17045299085777,298.15017398433224,298.1500000000002
1.0876796407185638,1.5,299.17239439997456,298.1501779026893,298.15000000000026
1.091305239520959,1.5,299.17433215952485,298.1501818855068,298.1500000000003
1.0949308383233542,1.5,299.1762662903264,298.15018593340255,298.1500000000003
1.0985564371257495,1.5,299.1781968130162,298.1501900469944,298.1500000000004
1.1021820359281447,1.5,299.18012374805227,298.1501942269002,298.15000000000043
1.10580763473054,1.5,299.18204711571576,298.1501984737382,298.1500000000005
1.109433233532935,1.5,299.1839669361129,298.1502027881264,298.15000000000055
1.1130588323353303,1.5,299.1858832291768,298.1502071706827,298.1500000000006
1.1166844311377255,1.5,299.1877960146697,298.150211622025,298.15000000000066
1.1203100299401207,1.5,299.1897053121845,298.15021614277117,298.1500000000008
1.123935628742516,1.5,299.191611141147,298.1502207335386,298.15000000000083
1.1275612275449112,1.5,299.1935135208174,298.150225394945,298.1500000000009
1.1311868263473064,1.5,299.1954124702923,298.15023012760713,298.150000000001
1.1348124251497016,1.5,299.1973080085065,298.15023493214204,298.1500000000011
1.1384380239520968,1.5,299.1992001542347,298.150239809166,298.1500000000012
1.142063622754492,1.5,299.2010889260933,298.15024475929516,298.1500000000013
1.1456892215568872,1.5,299.2029743425422,298.15024978314517,298.1500000000014
1.1493148203592825,1.5,299.20485642188623,298.15025488133097,298.1500000000015
1.1529404191616777,1.5,299.20673518227727,298.1502600544673,298.1500000000017
1.1565660179640729,1.5,299.2086106417154,298.15026530316834,298.1500000000018
1.160191616766468,1.5,299.21048281805093,298.1502706280473,298.15000000000197
1.1638172155688633,1.5,299.212351728986,298.15027602971713,298.1500000000021
1.1674428143712585,1.5,299.2142173920758,298.15028150878993,298.15000000000225
1.1710684131736537,1.5,299.2160798247306,298.1502870658772,298.1500000000024
1.174694011976049,1.5,299.2179390442171,298.1502927015894,298.1500000000026
1.1783196107784442,1.5,299.2197950676598,298.15029841653654,298.1500000000028
1.1819452095808394,1.5,299.2216479120428,298.1503042113277,298.15000000000305
1.1855708083832346,1.5,299.2234975942112,298.15031008657087,298.1500000000033
1.1891964071856298,1.5,299.2253441308726,298.1503160428733,298.1500000000035
1.192822005988025,1.5,299.2271875385984,298.1503220808416,298.1500000000038
1.1964476047904202,1.5,299.22902783382534,298.15032820108075,298.15000000000407
1.2000732035928154,1.5,299.2308650328571,298.15033440419523,298.1500000000044
1.2036988023952107,1.5,299.2326991518653,298.1503406907883,298.15000000000475
1.2073244011976059,1.5,299.2345302068913,298.1503470614622,298.1500000000051
1.210950000000001,1.5,299.2363582138473,298.15035351681786,298.15000000000543
1.2145755988023963,1.5,299.2381831885179,298.1503600574553,298.15000000000583
1.2182011976047915,1.5,299.24000514656115,298.15036668397335,298.15000000000623
1.2218267964071867,1.5,299.24182410350994,298.15037339696937,298.1500000000067
1.225452395209582,1.5,299.2436400747737,298.15038019703974,298.1500000000072
1.2290779940119771,1.5,299.24545307563903,298.1503870847794,298.1500000000077
1.2327035928143724,1.5,299.2472631212716,298.1503940607821,298.1500000000082
1.2363291916167676,1.5,299.2490702267168,298.15040112564026,298.1500000000088
1.2399547904191628,1.5,299.2508744069015,298.1504082799447,298.15000000000936
1.243580389221558,1.5,299.25267567663514,298.15041552428517,298.15000000001
1.2472059880239532,1.5,299.25447405061055,298.1504228592497,298.15000000001066
1.2508315868263484,1.5,299.2562695434056,298.15043028542505,298.1500000000114
1.2544571856287436,1.5,299.25806216948416,298.1504378033964,298.15000000001214
1.2580827844311389,1.5,299.2598519431975,298.15044541374755,298.150000000013
1.261708383233534,1.5,299.26163887878494,298.1504531170605,298.15000000001385
1.2653339820359293,1.5,299.2634229903755,298.150460913916,298.15000000001476
1.2689595808383245,1.5,299.2652042919889,298.15046880489297,298.1500000000157
1.2725851796407197,1.5,299.26698279753634,298.15047679056875,298.15000000001675
1.276210778443115,1.5,299.26875852082196,298.1504848715191,298.1500000000178
1.2798363772455101,1.5,299.27053147554386,298.1504930483181,298.15000000001896
1.2834619760479054,1.5,299.272301675295,298.15050132153806,298.15000000002016
1.2870875748503006,1.5,299.27406913356435,298.1505096917496,298.1500000000214
1.2907131736526958,1.5,299.27583386373806,298.15051815952177,298.15000000002277
1.294338772455091,1.5,299.27759587910026,298.1505267254215,298.1500000000242
1.2979643712574862,1.5,299.27935519283415,298.15053539001417,298.1500000000257
1.3015899700598814,1.5,299.2811118180231,298.1505441538634,298.15000000002726
1.3052155688622766,1.5,299.2828657676516,298.15055301753074,298.15000000002897
1.3088411676646718,1.5,299.28461705460603,298.15056198157606,298.1500000000307
1.312466766467067,1.5,299.28636569167617,298.15057104655733,298.15000000003255
1.3160923652694623,1.5,299.28811169155546,298.15058021303054,298.1500000000345
1.3197179640718575,1.5,299.28985506684245,298.15058948154984,298.1500000000365
1.3233435628742527,1.5,299.2915958300415,298.15059885266743,298.1500000000387
1.326969161676648,1.5,299.2933339935639,298.1506083269335,298.15000000004096
1.3305947604790431,1.5,299.29506956972864,298.15061790489614,298.15000000004335
1.3342203592814383,1.5,299.2968025707631,298.15062758710184,298.1500000000459
1.3378459580838336,1.5,299.2985330088044,298.1506373740946,298.1500000000485
1.3414715568862288,1.5,299.30026089589995,298.1506472664166,298.1500000000513
1.345097155688624,1.5,299.30198624400856,298.1506572646082,298.15000000005426
1.3487227544910192,1.5,299.30370906500104,298.15066736920727,298.15000000005733
1.3523483532934144,1.5,299.30542937066116,298.1506775807497,298.15000000006063
1.3559739520958096,1.5,299.30714717268654,298.15068789976937,298.15000000006404
1.3595995508982048,1.5,299.30886248268956,298.1506983267981,298.1500000000676
1.3632251497006,1.5,299.3105753121979,298.1507088623654,298.1500000000714
1.3668507485029953,1.5,299.3122856726555,298.1507195069987,298.15000000007535
1.3704763473053905,1.5,299.3139935754235,298.1507302612233,298.15000000007944
1.3741019461077857,1.5,299.315699031781,298.15074112556226,298.1500000000838
1.377727544910181,1.5,299.31740205292544,298.1507521005365,298.15000000008837
1.3813531437125761,1.5,299.319102649974,298.1507631866646,298.15000000009314
1.3849787425149713,1.5,299.3208008339639,298.1507743844631,298.1500000000982
1.3886043413173665,1.5,299.3224966158534,298.15078569444614,298.1500000001035
1.3922299401197618,1.5,299.32419000652243,298.15079711712565,298.150000000109
1.395855538922157,1.5,299.32588101677334,298.15080865301127,298.1500000001148
1.3994811377245522,1.5,299.3275696573317,298.1508203026106,298.1500000001209
1.4031067365269474,1.5,299.3292559388469,298.15083206642856,298.1500000001272
1.4067323353293426,1.5,299.3309398718932,298.15084394496796,298.15000000013384
1.4103579341317378,1.5,299.3326214669698,298.1508559387294,298.1500000001408
1.413983532934133,1.5,299.3343007345023,298.1508680482109,298.15000000014805
1.4176091317365282,1.5,299.33597768484265,298.15088027390846,298.15000000015567
1.4212347305389235,1.5,299.3376523282705,298.1508926163154,298.15000000016363
1.4248603293413187,1.5,299.3393246749935,298.15090507592305,298.150000000172
1.428485928143714,1.5,299.340994735148,298.15091765322,298.1500000001807
1.432111526946109,1.5,299.34266251879967,298.1509303486927,298.1500000001898
1.4357371257485043,1.5,299.34432803594433,298.15094316282523,298.1500000001993
1.4393627245508995,1.5,299.34599129650866,298.1509560960991,298.1500000002093
1.4429883233532947,1.5,299.34765231035044,298.1509691489935,298.1500000002196
1.44661392215569,1.5,299.34931108725954,298.15098232198534,298.1500000002305
1.4502395209580852,1.5,299.35096763695844,298.1509956155489,298.1500000002418
1.4538651197604804,1.5,299.3526219691028,298.1510090301562,298.1500000002536
1.4574907185628756,1.5,299.3542740932821,298.1510225662768,298.15000000026595
1.4611163173652708,1.5,299.3559240190203,298.1510362243778,298.15000000027885
1.464741916167666,1.5,299.3575717557764,298.1510500049236,298.15000000029227
1.4683675149700612,1.5,299.359217312945,298.1510639083767,298.1500000003063
1.4719931137724565,1.5,299.36086069985697,298.1510779351966,298.1500000003209
1.4756187125748517,1.5,299.36250192577984,298.1510920858407,298.15000000033615
1.4792443113772469,1.5,299.36414099991856,298.1511063607637,298.150000000352
1.482869910179642,1.5,299.3657779314161,298.151120760418,298.15000000036855
1.4864955089820373,1.5,299.3674127293539,298.15113528525336,298.15000000038583
1.4901211077844325,1.5,299.3690454027522,298.15114993571717,298.15000000040385
1.4937467065868277,1.5,299.37067596057113,298.15116471225423,298.15000000042255
1.497372305389223,1.5,299.3723044117108,298.15117961530694,298.15000000044205
1.5009979041916182,1.5,299.37393076501206,298.15119464531523,298.15000000046234
1.5046235029940134,1.5,299.37555502925693,298.1512098027164,298.15000000048343
1.5082491017964086,1.5,299.37717721316915,298.15122508794514,298.15000000050543
1.5118747005988038,1.5,299.37879732541467,298.151240501434,298.1500000005283
1.515500299401199,1.5,299.3804153746022,298.15125604361276,298.1500000005521
1.5191258982035942,1.5,299.38203136928377,298.1512717149088,298.1500000005768
1.5227514970059894,1.5,299.3836453179551,298.15128751574673,298.1500000006026
1.5263770958083847,1.5,299.3852572290562,298.151303446549,298.15000000062935
1.5300026946107799,1.5,299.3868671109719,298.1513195077352,298.15000000065714
1.533628293413175,1.5,299.3884749720321,298.1513356997227,298.1500000006861
1.5372538922155703,1.5,299.3900808205126,298.1513520229262,298.1500000007161
1.5408794910179655,1.5,299.39168466463525,298.15136847775767,298.1500000007473
1.5445050898203607,1.5,299.39328651256875,298.15138506462694,298.1500000007797
1.548130688622756,1.5,299.39488637242874,298.151401783941,298.1500000008134
1.5517562874251511,1.5,299.3964842522785,298.1514186361046,298.15000000084837
1.5553818862275464,1.5,299.3980801601295,298.1514356215196,298.15000000088463
1.5590074850299416,1.5,299.39967410394155,298.1514527405856,298.1500000009223
1.5626330838323368,1.5,299.4012660916235,298.15146999369966,298.1500000009614
1.566258682634732,1.5,299.40285613103345,298.151487381256,298.150000001002
1.5698842814371272,1.5,299.40444422997956,298.15150490364675,298.1500000010441
1.5735098802395224,1.5,299.40603039622005,298.1515225612611,298.1500000010878
1.5771354790419176,1.5,299.40761463746395,298.1515403544861,298.15000000113304
1.5807610778443129,1.5,299.4091969613713,298.151558283706,298.15000000118005
1.584386676646708,1.5,299.41077737555383,298.1515763493025,298.1500000012287
1.5880122754491033,1.5,299.412355887575,298.1515945516549,298.15000000127924
1.5916378742514985,1.5,299.41393250495076,298.15161289113996,298.1500000013315
1.5952634730538937,1.5,299.41550723514985,298.1516313681319,298.1500000013857
1.598889071856289,1.5,299.41708008559414,298.1516499830024,298.15000000144187
1.6025146706586841,1.5,299.418651063659,298.1516687361206,298.1500000015001
1.6061402694610794,1.5,299.4202201766738,298.1516876278531,298.1500000015603
1.6097658682634746,1.5,299.4217874319224,298.151706658564,298.1500000016227
1.6133914670658698,1.5,299.4233528366431,298.15172582861504,298.1500000016874
1.617017065868265,1.5,299.42491639802967,298.15174513836513,298.15000000175434
1.6206426646706602,1.5,299.426478123231,298.151764588171,298.15000000182357
1.6242682634730554,1.5,299.42803801935224,298.15178417838655,298.1500000018953
1.6278938622754506,1.5,299.42959609345434,298.1518039093635,298.15000000196943
1.6315194610778458,1.5,299.4311523525552,298.1518237814508,298.15000000204617
1.635145059880241,1.5,299.4327068036296,298.15184379499505,298.15000000212564
1.6387706586826363,1.5,299.4342594536097,298.1518639503403,298.1500000022077
1.6423962574850315,1.5,299.43581030938503,298.15188424782815,298.1500000022927
1.6460218562874267,1.5,299.43735937780355,298.1519046877977,298.1500000023805
1.649647455089822,1.5,299.4389066656715,298.1519252705855,298.15000000247136
1.6532730538922171,1.5,299.44045217975355,298.1519459965256,298.1500000025652
1.6568986526946123,1.5,299.44199592677387,298.15196686594976,298.15000000266224
1.6605242514970076,1.5,299.4435379134158,298.151987879187,298.15000000276245
1.6641498502994028,1.5,299.4450781463225,298.1520090365642,298.150000002866
1.667775449101798,1.5,299.446616632097,298.15203033840544,298.15000000297306
1.6714010479041932,1.5,299.448153377303,298.1520517850326,298.15000000308356
1.6750266467065884,1.5,299.4496883884649,298.152073376765,298.15000000319776
1.6786522455089836,1.5,299.4512216720679,298.15209511391936,298.15000000331565
1.6822778443113788,1.5,299.4527532345587,298.15211699681026,298.1500000034374
1.685903443113774,1.5,299.4542830823459,298.1521390257496,298.15000000356315
1.6895290419161693,1.5,299.4558112217997,298.1521612010469,298.15000000369287
1.6931546407185645,1.5,299.4573376592528,298.15218352300946,298.1500000038268
1.6967802395209597,1.5,299.45886240100054,298.1522059919418,298.1500000039649
1.700405838323355,1.5,299.46038545330106,298.15222860814623,298.1500000041075
1.7040314371257501,1.5,299.46190682237585,298.1522513719226,298.15000000425454
1.7076570359281453,1.5,299.4634265144096,298.1522742835685,298.1500000044063
1.7112826347305405,1.5,299.4649445355512,298.1522973433788,298.1500000045628
1.7149082335329358,1.5,299.46646089191324,298.15232055164626,298.1500000047242
1.718533832335331,1.5,299.467975589573,298.1523439086611,298.1500000048906
1.7221594311377262,1.5,299.46948863457226,298.15236741471136,298.1500000050622
1.7257850299401214,1.5,299.4710000329177,298.1523910700824,298.1500000052391
1.7294106287425166,1.5,299.4725097905813,298.15241487505733,298.1500000054214
1.7330362275449118,1.5,299.4740179135005,298.15243882991706,298.15000000560934
1.736661826347307,1.5,299.47552440757863,298.15246293493993,298.150000005803
1.7402874251497022,1.5,299.47702927868477,298.1524871904021,298.1500000060025
1.7439130239520975,1.5,299.47853253265464,298.1525115965772,298.150000006208
1.7475386227544927,1.5,299.48003417529037,298.15253615373655,298.15000000641965
1.751164221556888,1.5,299.48153421236077,298.15256086214936,298.1500000066377
1.754789820359283,1.5,299.4830326496022,298.15258572208234,298.1500000068623
1.7584154191616783,1.5,299.4845294927178,298.1526107337998,298.1500000070935
1.7620410179640735,1.5,299.48602474737885,298.1526358975639,298.1500000073316
1.7656666167664687,1.5,299.4875184192242,298.1526612136345,298.1500000075767
1.769292215568864,1.5,299.4890105138609,298.152686682269,298.150000007829
1.7729178143712592,1.5,299.49050103686426,298.1527123037227,298.1500000080887
1.7765434131736544,1.5,299.4919899937784,298.1527380782485,298.1500000083559
1.7801690119760496,1.5,299.4934773901162,298.1527640060971,298.1500000086309
1.7837946107784448,1.5,299.4949632313596,298.15279008751685,298.15000000891376
1.78742020958084,1.5,299.49644752295984,298.152816322754,298.15000000920475
1.7910458083832352,1.5,299.49793027033786,298.1528427120523,298.1500000095041
1.7946714071856305,1.5,299.4994114788843,298.15286925565346,298.15000000981195
1.7982970059880257,1.5,299.50089115395997,298.1528959537968,298.15000001012857
1.8019226047904209,1.5,299.5023693008958,298.15292280671963,298.1500000104541
1.805548203592816,1.5,299.5038459249933,298.15294981465684,298.15000001078886
1.8091738023952113,1.5,299.50532103152466,298.1529769778413,298.150000011133
1.8127994011976065,1.5,299.50679462573305,298.15300429650335,298.15000001148667
1.8164250000000017,1.5,299.5082667128328,298.1530317708715,298.15000001185024
1.820050598802397,1.5,299.5097372980095,298.15305940117184,298.15000001222387
1.8236761976047922,1.5,299.51120638642067,298.1530871876284,298.1500000126078
1.8273017964071874,1.5,299.5126739831954,298.15311513046294,298.1500000130023
1.8309273952095826,1.5,299.5141400934348,298.15314322989514,298.1500000134076
1.8345529940119778,1.5,299.5156047222123,298.1531714861425,298.1500000138239
1.838178592814373,1.5,299.51706787457374,298.1531998994204,298.1500000142515
1.8418041916167682,1.5,299.51852955553767,298.1532284699419,298.15000001469065
1.8454297904191634,1.5,299.51998977009555,298.15325719791815,298.1500000151416
1.8490553892215587,1.5,299.5214485232118,298.1532860835581,298.1500000156047
1.8526809880239539,1.5,299.52290581982413,298.15331512706865,298.1500000160802
1.856306586826349,1.5,299.52436166484375,298.15334432865455,298.1500000165682
1.8599321856287443,1.5,299.52581606315556,298.1533736885183,298.1500000170692
1.8635577844311395,1.5,299.5272690196182,298.15340320686056,298.15000001758347
1.8671833832335347,1.5,299.52872053906464,298.1534328838797,298.1500000181112
1.87080898203593,1.5,299.5301706263018,298.1534627197723,298.1500000186528
1.8744345808383251,1.5,299.53161928611115,298.15349271473247,298.1500000192085
1.8780601796407204,1.5,299.53306652324886,298.1535228689527,298.15000001977864
1.8816857784431156,1.5,299.53451234244585,298.15355318262306,298.15000002036356
1.8853113772455108,1.5,299.535956748408,298.1535836559318,298.15000002096355
1.888936976047906,1.5,299.5373997458166,298.1536142890652,298.15000002157893
1.8925625748503012,1.5,299.5388413393278,298.1536450822073,298.15000002221
1.8961881736526964,1.5,299.540281533574,298.1536760355403,298.1500000228572
1.8998137724550916,1.5,299.5417203331627,298.1537071492443,298.1500000235208
1.9034393712574869,1.5,299.5431577426777,298.1537384234975,298.1500000242011
1.907064970059882,1.5,299.5445937666786,298.153769858476,298.15000002489865
1.9106905688622773,1.5,299.54602840970153,298.15380145435404,298.1500000256137
1.9143161676646725,1.5,299.54746167625876,298.1538332113039,298.15000002634656
1.9179417664670677,1.5,299.54889357083954,298.1538651294957,298.15000002709763
1.921567365269463,1.5,299.55032409790937,298.153897209098,298.1500000278674
1.9251929640718581,1.5,299.5517532619111,298.1539294502769,298.15000002865617
1.9288185628742534,1.5,299.55318106726446,298.153961853197,298.1500000294642
1.9324441616766486,1.5,299.55460751836654,298.15399441802094,298.1500000302922
1.9360697604790438,1.5,299.5560326195918,298.1540271449092,298.1500000311404
1.939695359281439,1.5,299.5574563752924,298.1540600340205,298.15000003200913
1.9433209580838342,1.5,299.55887878979803,298.15409308551176,298.15000003289896
1.9469465568862294,1.5,299.5602998674165,298.1541262995378,298.15000003381033
1.9505721556886246,1.5,299.56171961243354,298.15415967625177,298.1500000347435
1.9541977544910198,1.5,299.5631380291132,298.1541932158048,298.1500000356991
1.957823353293415,1.5,299.5645551216977,298.1542269183463,298.15000003667757
1.9614489520958103,1.5,299.5659708944082,298.15426078402373,298.1500000376792
1.9650745508982055,1.5,299.56738535144405,298.15429481298276,298.1500000387046
1.9687001497006007,1.5,299.56879849698373,298.1543290053672,298.15000003975416
1.972325748502996,1.5,299.5702103351846,298.15436336131893,298.15000004082844
1.9759513473053911,1.5,299.5716208701831,298.1543978809783,298.15000004192785
1.9795769461077863,1.5,299.5730301060951,298.1544325644836,298.15000004305296
1.9832025449101816,1.5,299.57443804701575,298.1544674119715,298.15000004420426
1.9868281437125768,1.5,299.57584469701976,298.15450242357673,298.15000004538217
1.990453742514972,1.5,299.5772500601616,298.15453759943233,298.1500000465873
1.9940793413173672,1.5,299.5786541404755,298.15457293966955,298.1500000478201
1.9977049401197624,1.5,299.5800569419758,298.1546084444179,298.15000004908114
2.0013305389221574,1.5,299.5814584686567,298.15464411380515,298.150000050371
2.0049561377245526,1.5,299.5828587244931,298.1546799479572,298.1500000516902
2.008581736526948,1.5,299.58425771343985,298.15471594699846,298.15000005303926
2.012207335329343,1.5,299.58565543943257,298.15475211105155,298.1500000544188
2.0158329341317383,1.5,299.58705190638756,298.1547884402371,298.1500000558293
2.0194585329341335,1.5,299.58844711820177,298.1548249346744,298.1500000572715
2.0230841317365287,1.5,299.5898410787532,298.15486159448085,298.1500000587459
2.026709730538924,1.5,299.59123379190066,298.1548984197722,298.15000006025303
2.030335329341319,1.5,299.5926252614846,298.1549354106626,298.15000006179366
2.0339609281437143,1.5,299.5940154913265,298.1549725672643,298.1500000633682
2.0375865269461095,1.5,299.5954044852292,298.15500988968824,298.15000006497746
2.0412121257485047,1.5,299.5967922469773,298.15504737804343,298.150000066622
2.0448377245509,1.5,299.59817878033704,298.15508503243734,298.15000006830246
2.048463323353295,1.5,299.5995640890564,298.15512285297586,298.15000007001953
2.0520889221556904,1.5,299.60094817686536,298.15516083976314,298.1500000717739
2.0557145209580856,1.5,299.602331047476,298.1551989929017,298.1500000735661
2.059340119760481,1.5,299.6037127045825,298.15523731249266,298.1500000753969
2.062965718562876,1.5,299.6050931518614,298.1552757986354,298.150000077267
2.0665913173652712,1.5,299.6064723929717,298.1553144514277,298.1500000791772
2.0702169161676665,1.5,299.60785043155477,298.15535327096575,298.150000081128
2.0738425149700617,1.5,299.60922727123483,298.15539225734426,298.1500000831202
2.077468113772457,1.5,299.61060291561876,298.15543141065626,298.1500000851546
2.081093712574852,1.5,299.61197736829627,298.15547073099333,298.1500000872319
2.0847193113772473,1.5,299.61335063284037,298.15551021844556,298.1500000893529
2.0883449101796425,1.5,299.6147227128068,298.1555498731013,298.1500000915182
2.0919705089820377,1.5,299.61609361173464,298.15558969504764,298.1500000937287
2.095596107784433,1.5,299.6174633331465,298.1556296843698,298.15000009598515
2.099221706586828,1.5,299.6188318805481,298.1556698411518,298.1500000982884
2.1028473053892234,1.5,299.6201992574291,298.1557101654761,298.1500001006392
2.1064729041916186,1.5,299.62156546726254,298.1557506574236,298.1500001030383
2.110098502994014,1.5,299.62293051350525,298.15579131707364,298.15000010548664
2.113724101796409,1.5,299.62429439959794,298.15583214450436,298.15000010798497
2.1173497005988042,1.5,299.62565712896554,298.1558731397922,298.15000011053417
2.1209752994011994,1.5,299.62701870501667,298.15591430301225,298.1500001131351
2.1246008982035947,1.5,299.62837913114436,298.15595563423807,298.1500001157886
2.12822649700599,1.5,299.629738410726,298.15599713354186,298.1500001184956
2.131852095808385,1.5,299.6310965471233,298.15603880099434,298.15000012125694
2.1354776946107803,1.5,299.63245354368235,298.1560806366648,298.15000012407353
2.1391032934131755,1.5,299.63380940373395,298.1561226406212,298.1500001269463
2.1427288922155707,1.5,299.63516413059347,298.15616481293,298.15000012987616
2.146354491017966,1.5,299.63651772756134,298.1562071536564,298.15000013286397
2.149980089820361,1.5,299.63787019792255,298.156249662864,298.15000013591083
2.1536056886227564,1.5,299.6392215449473,298.15629234061527,298.15000013901766
2.1572312874251516,1.5,299.6405717718908,298.156335186971,298.1500001421854
2.160856886227547,1.5,299.6419208819933,298.1563782019909,298.15000014541494
2.164482485029942,1.5,299.6432688784806,298.15642138573327,298.1500001487074
2.168108083832337,1.5,299.6446157645637,298.15646473825495,298.1500001520638
2.1717336826347324,1.5,299.64596154343894,298.15650825961154,298.15000015548503
2.1753592814371276,1.5,299.64730621828846,298.1565519498573,298.15000015897226
2.178984880239523,1.5,299.64864979227997,298.1565958090451,298.1500001625265
2.182610479041918,1.5,299.6499922685667,298.15663983722663,298.1500001661488
2.1862360778443133,1.5,299.65133365028794,298.15668403445216,298.15000016984015
2.1898616766467085,1.5,299.65267394056883,298.15672840077065,298.1500001736017
2.1934872754491037,1.5,299.65401314252045,298.15677293622997,298.1500001774346
2.197112874251499,1.5,299.65535125924004,298.1568176408764,298.1500001813399
2.200738473053894,1.5,299.6566882938109,298.15686251475523,298.15000018531873
2.2043640718562894,1.5,299.65802424930274,298.1569075579104,298.1500001893722
2.2079896706586846,1.5,299.65935912877154,298.1569527703845,298.15000019350146
2.21161526946108,1.5,299.66069293525965,298.15699815221893,298.15000019770775
2.215240868263475,1.5,299.6620256717961,298.1570437034539,298.1500002019921
2.21886646706587,1.5,299.66335734139625,298.15708942412834,298.1500002063559
2.2224920658682654,1.5,299.6646879470625,298.15713531427997,298.15000021080016
2.2261176646706606,1.5,299.66601749178363,298.1571813739453,298.15000021532626
2.229743263473056,1.5,299.66734597853554,298.1572276031597,298.1500002199353
2.233368862275451,1.5,299.668673410281,298.15727400195715,298.15000022462857
2.2369944610778463,1.5,299.66999978996967,298.1573205703707,298.1500002294073
2.2406200598802415,1.5,299.6713251205384,298.15736730843196,298.15000023427285
2.2442456586826367,1.5,299.6726494049112,298.1574142161715,298.1500002392264
2.247871257485032,1.5,299.67397264599936,298.1574612936187,298.1500002442694
2.251496856287427,1.5,299.6752948467013,298.15750854080187,298.15000024940304
2.2551224550898223,1.5,299.676616009903,298.15755595774806,298.15000025462865
2.2587480538922176,1.5,299.677936138478,298.1576035444831,298.15000025994766
2.2623736526946128,1.5,299.6792552352871,298.15765130103193,298.15000026536137
2.265999251497008,1.5,299.6805733031791,298.15769922741805,298.1500002708711
2.269624850299403,1.5,299.68189034499005,298.1577473236641,298.15000027647835
2.2732504491017984,1.5,299.6832063635442,298.1577955897916,298.15000028218446
2.2768760479041936,1.5,299.68452136165337,298.15784402582074,298.1500002879909
2.280501646706589,1.5,299.6858353421175,298.15789263177066,298.150000293899
2.284127245508984,1.5,299.6871483077244,298.15794140765973,298.15000029991035
2.2877528443113793,1.5,299.6884602612498,298.15799035350483,298.1500003060263
2.2913784431137745,1.5,299.689771205458,298.158039469322,298.15000031224844
2.2950040419161697,1.5,299.69108114310103,298.158088755126,298.1500003185781
2.298629640718565,1.5,299.6923900769194,298.15813821093093,298.150000325017
2.30225523952096,1.5,299.69369800964216,298.15818783674933,298.15000033156656
2.3058808383233553,1.5,299.6950049439864,298.1582376325931,298.1500003382284
2.3095064371257505,1.5,299.69631088265794,298.15828759847284,298.15000034500395
2.3131320359281458,1.5,299.6976158283511,298.15833773439834,298.15000035189485
2.316757634730541,1.5,299.6989197837488,298.1583880403781,298.15000035890273
2.320383233532936,1.5,299.70022275152263,298.15843851641984,298.1500003660292
2.3240088323353314,1.5,299.701524734333,298.15848916253015,298.1500003732758
2.3276344311377266,1.5,299.7028257348291,298.1585399787146,298.15000038064426
2.331260029940122,1.5,299.70412575564905,298.15859096497786,298.1500003881362
2.334885628742517,1.5,299.7054247994197,298.1586421213235,298.15000039575335
2.3385112275449123,1.5,299.7067228687572,298.15869344775416,298.1500004034973
2.3421368263473075,1.5,299.7080199662667,298.1587449442716,298.1500004113699
2.3457624251497027,1.5,299.7093160945424,298.1587966108764,298.1500004193727
2.349388023952098,1.5,299.71061125616774,298.15884844756835,298.1500004275076
2.353013622754493,1.5,299.7119054537155,298.1589004543462,298.15000043577635
2.3566392215568883,1.5,299.71319868974757,298.1589526312078,298.1500004441806
2.3602648203592835,1.5,299.71449096681556,298.15900497815005,298.1500004527223
2.3638904191616787,1.5,299.71578228746034,298.1590574951689,298.1500004614032
2.367516017964074,1.5,299.71707265421225,298.1591101822594,298.1500004702251
2.371141616766469,1.5,299.71836206959125,298.1591630394156,298.1500004791898
2.3747672155688644,1.5,299.71965053610705,298.15921606663073,298.1500004882994
2.3783928143712596,1.5,299.7209380562589,298.15926926389704,298.15000049755554
2.382018413173655,1.5,299.7222246325358,298.1593226312059,298.1500005069602
2.38564401197605,1.5,299.72351026741654,298.1593761685479,298.15000051651543
2.3892696107784452,1.5,299.72479496337,298.1594298759126,298.150000526223
2.3928952095808405,1.5,299.7260787228548,298.15948375328867,298.15000053608486
2.3965208083832357,1.5,299.7273615483195,298.15953780066394,298.1500005461031
2.400146407185631,1.5,299.7286434422027,298.1595920180255,298.1500005562797
2.403772005988026,1.5,299.72992440693326,298.15964640535935,298.1500005666166
2.4073976047904213,1.5,299.73120444493,298.1597009626509,298.1500005771158
2.4110232035928165,1.5,299.7324835586021,298.1597556898844,298.1500005877795
2.4146488023952117,1.5,299.7337617503489,298.1598105870434,298.1500005986097
2.418274401197607,1.5,299.73503902256004,298.15986565411083,298.15000060960847
2.421900000000002,1.5,299.7363153776156,298.15992089106845,298.150000620778
2.4255255988023974,1.5,299.737590817886,298.1599762978974,298.1500006321202
2.4291511976047926,1.5,299.7388653457323,298.16003187457784,298.1500006436375
2.432776796407188,1.5,299.74013896350584,298.16008762108936,298.1500006553319
2.436402395209583,1.5,299.74141167354867,298.16014353741053,298.1500006672056
2.4400279940119782,1.5,299.74268347819356,298.16019962351925,298.1500006792608
2.4436535928143734,1.5,299.74395437976386,298.1602558793925,298.1500006914998
2.4472791916167687,1.5,299.74522438057363,298.1603123050066,298.15000070392483
2.450904790419164,1.5,299.74649348292786,298.160368900337,298.15000071653805
2.454530389221559,1.5,299.74776168912217,298.1604256653584,298.15000072934185
2.4581559880239543,1.5,299.74902900144326,298.1604826000448,298.1500007423385
2.4617815868263495,1.5,299.7502954221686,298.1605397043694,298.1500007555303
2.4654071856287447,1.5,299.7515609535668,298.1605969783046,298.1500007689196
2.46903278443114,1.5,299.75282559789747,298.160654421822,298.15000078250876
2.472658383233535,1.5,299.75408935741115,298.16071203489264,298.1500007963003
2.4762839820359304,1.5,299.7553522343498,298.16076981748665,298.1500008102964
2.4799095808383256,1.5,299.75661423094624,298.1608277695735,298.15000082449967
2.483535179640721,1.5,299.75787534942486,298.1608858911219,298.1500008389125
2.487160778443116,1.5,299.75913559200103,298.1609441820999,298.15000085353734
2.490786377245511,1.5,299.76039496088157,298.1610026424748,298.15000086837665
2.4944119760479064,1.5,299.76165345826473,298.1610612722131,298.150000883433
2.4980375748503016,1.5,299.7629110863401,298.1611200712808,298.15000089870887
2.501663173652697,1.5,299.7641678472888,298.16117903964283,298.15000091420694
2.505288772455092,1.5,299.76542374328324,298.161238177264,298.1500009299296
2.5089143712574873,1.5,299.7666787764878,298.1612974841079,298.1500009458795
2.5125399700598825,1.5,299.767932949058,298.16135696013765,298.15000096205944
2.5161655688622777,1.5,299.7691862631414,298.16141660531576,298.1500009784717
2.519791167664673,1.5,299.770438720877,298.161476419604,298.15000099511934
2.523416766467068,1.5,299.77169032439554,298.16153640296335,298.1500010120048
2.5270423652694634,1.5,299.7729410758197,298.1615965553544,298.15000102913075
2.5306679640718586,1.5,299.77419097726397,298.16165687673686,298.15000104650005
2.534293562874254,1.5,299.7754400308345,298.16171736706985,298.1500010641154
2.537919161676649,1.5,299.77668823862945,298.1617780263118,298.1500010819795
2.541544760479044,1.5,299.77793560273915,298.1618388544207,298.15000110009527
2.5451703592814394,1.5,299.77918212524554,298.16189985135367,298.1500011184654
2.5487959580838346,1.5,299.7804278082228,298.16196101706726,298.1500011370929
2.55242155688623,1.5,299.78167265373725,298.1620223515175,298.1500011559804
2.556047155688625,1.5,299.7829166638473,298.1620838546598,298.15000117513097
2.5596727544910203,1.5,299.7841598406033,298.1621455264487,298.1500011945474
2.5632983532934155,1.5,299.7854021860481,298.16220736683846,298.15000121423265
2.5669239520958107,1.5,299.7866437022167,298.1622693757825,298.1500012341897
2.570549550898206,1.5,299.78788439113623,298.1623315532338,298.15000125442145
2.574175149700601,1.5,299.7891242548264,298.16239389914466,298.150001274931
2.5778007485029963,1.5,299.79036329529896,298.1624564134669,298.1500012957212
2.5814263473053916,1.5,299.79160151455847,298.1625190961515,298.15000131679534
2.5850519461077868,1.5,299.7928389146015,298.16258194714925,298.15000133815624
2.588677544910182,1.5,299.7940754974174,298.16264496640997,298.15000135980716
2.592303143712577,1.5,299.7953112649879,298.16270815388316,298.1500013817511
2.5959287425149724,1.5,299.79654621928745,298.1627715095177,298.15000140399127
2.5995543413173676,1.5,299.7977803622829,298.16283503326184,298.15000142653076
2.603179940119763,1.5,299.79901369593375,298.1628987250635,298.1500014493728
2.606805538922158,1.5,299.8002462221923,298.1629625848696,298.15000147252056
2.6104311377245533,1.5,299.8014779430034,298.1630266126271,298.1500014959773
2.6140567365269485,1.5,299.8027088603049,298.16309080828194,298.1500015197463
2.6176823353293437,1.5,299.8039389760271,298.16315517177975,298.15000154383074
2.621307934131739,1.5,299.8051682920934,298.16321970306564,298.150001568234
2.624933532934134,1.5,299.8063968104198,298.16328440208395,298.1500015929594
2.6285591317365293,1.5,299.80762453291555,298.16334926877886,298.1500016180103
2.6321847305389245,1.5,299.80885146148245,298.1634143030939,298.15000164339
2.6358103293413198,1.5,299.81007759801537,298.16347950497186,298.1500016691019
2.639435928143715,1.5,299.8113029444024,298.1635448743554,298.15000169514957
2.64306152694611,1.5,299.81252750252446,298.1636104111863,298.15000172153634
2.6466871257485054,1.5,299.8137512742554,298.16367611540625,298.15000174826565
2.6503127245509006,1.5,299.81497426146257,298.163741986956,298.1500017753411
2.653938323353296,1.5,299.8161964660061,298.1638080257762,298.15000180276616
2.657563922155691,1.5,299.8174178897395,298.1638742318067,298.15000183054434
2.6611895209580863,1.5,299.8186385345094,298.1639406049871,298.1500018586793
2.6648151197604815,1.5,299.8198584021556,298.16400714525645,298.1500018871745
2.6684407185628767,1.5,299.8210774945113,298.16407385255326,298.1500019160336
2.672066317365272,1.5,299.82229581340306,298.1641407268157,298.1500019452604
2.675691916167667,1.5,299.8235133606506,298.16420776798134,298.1500019748584
2.6793175149700623,1.5,299.82473013806714,298.1642749759873,298.1500020048313
2.6829431137724575,1.5,299.8259461474592,298.1643423507704,298.150002035183
2.6865687125748527,1.5,299.82716139062694,298.16440989226686,298.15000206591696
2.690194311377248,1.5,299.8283758693637,298.16447760041257,298.1500020970372
2.693819910179643,1.5,299.8295895854566,298.16454547514275,298.15000212854744
2.6974455089820384,1.5,299.830802540686,298.1646135163925,298.1500021604515
2.7010711077844336,1.5,299.83201473682624,298.16468172409606,298.1500021927532
2.704696706586829,1.5,299.8332261756449,298.16475009818777,298.1500022254565
2.708322305389224,1.5,299.8344368589032,298.16481863860105,298.15000225856517
2.7119479041916192,1.5,299.8356467883563,298.16488734526934,298.15000229208323
2.7155735029940145,1.5,299.83685596575276,298.1649562181252,298.1500023260146
2.7191991017964097,1.5,299.83806439283507,298.1650252571012,298.1500023603633
2.722824700598805,1.5,299.8392720713394,298.1650944621292,298.15000239513336
2.7264502994012,1.5,299.84047900299555,298.1651638331407,298.1500024303287
2.7300758982035953,1.5,299.84168518952737,298.165233370067,298.1500024659534
2.7337014970059905,1.5,299.8428906326524,298.1653030728388,298.1500025020116
2.7373270958083857,1.5,299.8440953340822,298.1653729413864,298.1500025385074
2.740952694610781,1.5,299.845299295522,298.16544297563985,298.15000257544494
2.744578293413176,1.5,299.84650251867123,298.1655131755287,298.1500026128285
2.7482038922155714,1.5,299.8477050052231,298.1655835409821,298.150002650662
2.7518294910179666,1.5,299.8489067568647,298.1656540719289,298.1500026889498
2.755455089820362,1.5,299.85010777527754,298.1657247682974,298.1500027276963
2.759080688622757,1.5,299.85130806213675,298.1657956300159,298.1500027669055
2.7627062874251522,1.5,299.85250761911175,298.1658666570119,298.1500028065819
2.7663318862275474,1.5,299.8537064478661,298.1659378492128,298.1500028467297
2.7699574850299427,1.5,299.85490455005737,298.1660092065455,298.1500028873533
2.773583083832338,1.5,299.8561019273373,298.1660807289366,298.15000292845707
2.777208682634733,1.5,299.85729858135187,298.16615241631234,298.1500029700455
2.7808342814371283,1.5,299.8584945137412,298.1662242685987,298.15000301212285
2.7844598802395235,1.5,299.85968972613995,298.1662962857211,298.1500030546938
2.7880854790419187,1.5,299.86088422017644,298.16636846760485,298.1500030977626
2.791711077844314,1.5,299.86207799747393,298.1664408141747,298.1500031413339
2.795336676646709,1.5,299.8632710596496,298.1665133253551,298.1500031854123
2.7989622754491044,1.5,299.86446340831515,298.16658600107036,298.1500032300023
2.8025878742514996,1.5,299.86565504507655,298.16665884124427,298.1500032751085
2.806213473053895,1.5,299.86684597153425,298.16673184580037,298.15000332073555
2.80983907185629,1.5,299.86803618928315,298.1668050146618,298.1500033668881
2.813464670658685,1.5,299.8692256999125,298.16687834775144,298.1500034135708
2.8170902694610804,1.5,299.87041450500607,298.16695184499184,298.1500034607883
2.8207158682634756,1.5,299.87160260614223,298.1670255063052,298.1500035085455
2.824341467065871,1.5,299.8727900048937,298.1670993316135,298.150003556847
2.827967065868266,1.5,299.87397670282803,298.1671733208383,298.1500036056978
2.8315926646706613,1.5,299.87516270150695,298.1672474739009,298.1500036551025
2.8352182634730565,1.5,299.8763480024872,298.16732179072227,298.1500037050661
2.8388438622754517,1.5,299.87753260731995,298.16739627122325,298.15000375559345
2.842469461077847,1.5,299.878716517551,298.1674709153241,298.15000380668937
2.846095059880242,1.5,299.87989973472094,298.16754572294496,298.15000385835896
2.8497206586826374,1.5,299.8810822603649,298.16762069400573,298.15000391060704
2.8533462574850326,1.5,299.88226409601293,298.16769582842574,298.1500039634387
2.856971856287428,1.5,299.8834452431898,298.1677711261245,298.1500040168588
2.860597455089823,1.5,299.8846257034148,298.1678465870208,298.1500040708726
2.864223053892218,1.5,299.88580547820254,298.16792221103333,298.15000412548505
2.8678486526946134,1.5,299.8869845690619,298.1679979980806,298.15000418070133
2.8714742514970086,1.5,299.8881629774969,298.16807394808063,298.15000423652646
2.875099850299404,1.5,299.8893407050065,298.16815006095135,298.1500042929658
2.878725449101799,1.5,299.8905177530843,298.16822633661036,298.15000435002435
2.8823510479041943,1.5,299.89169412321894,298.168302774975,298.1500044077074
2.8859766467065895,1.5,299.8928698168942,298.1683793759624,298.15000446602016
2.8896022455089847,1.5,299.8940448355884,298.1684561394892,298.15000452496804
2.89322784431138,1.5,299.89521918077514,298.1685330654722,298.15000458455626
2.896853443113775,1.5,299.8963928539231,298.16861015382756,298.15000464479016
2.9004790419161703,1.5,299.8975658564958,298.16868740447137,298.1500047056751
2.9041046407185656,1.5,299.89873818995187,298.1687648173194,298.15000476721644
2.9077302395209608,1.5,299.8999098557451,298.1688423922874,298.1500048294197
2.911355838323356,1.5,299.9010808553241,298.1689201292905,298.1500048922903
2.914981437125751,1.5,299.90225119013303,298.1689980282439,298.15000495583377
2.9186070359281464,1.5,299.90342086161087,298.1690760890624,298.1500050200555
2.9222326347305416,1.5,299.90458987119183,298.16915431166063,298.15000508496115
2.925858233532937,1.5,299.90575822030536,298.16923269595304,298.15000515055624
2.929483832335332,1.5,299.9069259103761,298.1693112418537,298.1500052168464
2.9331094311377273,1.5,299.9080929428239,298.1693899492766,298.15000528383723
2.9367350299401225,1.5,299.90925931906384,298.1694688181355,298.15000535153445
2.9403606287425177,1.5,299.91042504050637,298.1695478483438,298.1500054199437
2.943986227544913,1.5,299.911590108557,298.1696270398148,298.1500054890707
2.947611826347308,1.5,299.91275452461696,298.1697063924617,298.1500055589212
2.9512374251497033,1.5,299.9139182900823,298.16978590619715,298.150005629501
2.9548630239520985,1.5,299.9150814063448,298.16986558093384,298.1500057008159
2.9584886227544938,1.5,299.9162438747915,298.16994541658437,298.15000577287174
2.962114221556889,1.5,299.9174056968049,298.1700254130607,298.1500058456744
2.965739820359284,1.5,299.91856687376264,298.1701055702751,298.15000591922984
2.9693654191616794,1.5,299.9197274070381,298.1701858881392,298.15000599354386
2.9729910179640746,1.5,299.9208872980001,298.17026636656476,298.15000606862253
2.97661661676647,1.5,299.92204654801264,298.17034700546316,298.1500061444718
2.980242215568865,1.5,299.9232051584356,298.17042780474566,298.15000622109767
2.9838678143712603,1.5,299.9243631306241,298.1705087643232,298.1500062985062
2.9874934131736555,1.5,299.9255204659289,298.17058988410685,298.1500063767036
2.9911190119760507,1.5,299.9266771656962,298.1706711640071,298.1500064556957
2.994744610778446,1.5,299.92783323126804,298.1707526039345,298.1500065354889
2.998370209580841,1.5,299.9289886639818,298.17083420379936,298.15000661608934
3.0019958083832363,1.5,299.93014346517043,298.1709159635118,298.1500066975031
3.0056214071856315,1.5,299.9312976361627,298.17099788298174,298.1500067797365
3.0092470059880267,1.5,299.932451178283,298.1710799621191,298.1500068627958
3.012872604790422,1.5,299.9336040928511,298.1711622008333,298.1500069466873
3.016498203592817,1.5,299.9347563811829,298.17124459903386,298.15000703141726
3.0201238023952124,1.5,299.9359080445898,298.17132715663007,298.15000711699213
3.0237494011976076,1.5,299.9370590843788,298.171409873531,298.1500072034182
3.027375000000003,1.5,299.9382095018528,298.1714927496456,298.150007290702
3.031000598802398,1.5,299.9393592983103,298.17157578488263,298.15000737884986
3.0346261976047932,1.5,299.9405084750458,298.1716589791507,298.15000746786836
3.0382517964071885,1.5,299.9416570333495,298.1717423323583,298.15000755776396
3.0418773952095837,1.5,299.94280497450717,298.17182584441366,298.1500076485432
3.045502994011979,1.5,299.94395229980086,298.1719095152251,298.1500077402126
3.049128592814374,1.5,299.9450990105081,298.17199334470047,298.15000783277884
3.0527541916167693,1.5,299.9462451079024,298.1720773327476,298.1500079262485
3.0563797904191645,1.5,299.9473905932532,298.1721614792743,298.1500080206284
3.0600053892215597,1.5,299.9485354678258,298.1722457841881,298.15000811592495
3.063630988023955,1.5,299.94967973288146,298.17233024739636,298.15000821214505
3.06725658682635,1.5,299.9508233896773,298.1724148688064,298.1500083092955
3.0708821856287454,1.5,299.9519664394663,298.1724996483254,298.1500084073829
3.0745077844311406,1.5,299.9531088834977,298.1725845858603,298.15000850641434
3.078133383233536,1.5,299.9542507230165,298.1726696813179,298.15000860639645
3.081758982035931,1.5,299.95539195926375,298.17275493460505,298.15000870733616
3.0853845808383262,1.5,299.95653259347654,298.17284034562834,298.15000880924043
3.0890101796407214,1.5,299.957672626888,298.1729259142942,298.1500089121162
3.0926357784431167,1.5,299.9588120607272,298.1730116405089,298.15000901597034
3.096261377245512,1.5,299.9599508962195,298.1730975241788,298.15000912081
3.099886976047907,1.5,299.96108913458613,298.1731835652099,298.1500092266421
3.1035125748503023,1.5,299.9622267770445,298.17326976350824,298.1500093334738
3.1071381736526975,1.5,299.9633638248082,298.17335611897954,298.1500094413121
3.1107637724550927,1.5,299.96450027908685,298.17344263152967,298.15000955016427
3.114389371257488,1.5,299.9656361410863,298.17352930106426,298.1500096600373
3.118014970059883,1.5,299.9667714120084,298.1736161274887,298.1500097709385
3.1216405688622784,1.5,299.96790609305145,298.1737031107084,298.15000988287505
3.1252661676646736,1.5,299.9690401854098,298.17379025062877,298.1500099958543
3.128891766467069,1.5,299.970173690274,298.1738775471548,298.15001010988334
3.132517365269464,1.5,299.9713066088308,298.17396500019163,298.1500102249697
3.136142964071859,1.5,299.9724389422633,298.1740526096442,298.15001034112055
3.1397685628742544,1.5,299.97357069175075,298.17414037541744,298.1500104583434
3.1433941616766496,1.5,299.9747018584687,298.17422829741594,298.1500105766456
3.147019760479045,1.5,299.975832443589,298.1743163755445,298.15001069603466
3.15064535928144,1.5,299.97696244827995,298.17440460970755,298.1500108165179
3.1542709580838353,1.5,299.97809187370586,298.17449299980956,298.1500109381031
3.1578965568862305,1.5,299.9792207210277,298.17458154575496,298.1500110607975
3.1615221556886257,1.5,299.9803489914025,298.174670247448,298.15001118460884
3.165147754491021,1.5,299.98147668598386,298.17475910479277,298.15001130954465
3.168773353293416,1.5,299.9826038059217,298.1748481176934,298.15001143561267
3.1723989520958114,1.5,299.98373035236233,298.1749372860538,298.1500115628205
3.1760245508982066,1.5,299.98485632644844,298.17502660977794,298.1500116911758
3.179650149700602,1.5,299.9859817293191,298.17511608876964,298.1500118206863
3.183275748502997,1.5,299.98710656211006,298.1752057229326,298.15001195135983
3.186901347305392,1.5,299.98823082595317,298.17529551217046,298.15001208320416
3.1905269461077874,1.5,299.98935452197696,298.1753854563867,298.15001221622697
3.1941525449101826,1.5,299.9904776513065,298.175475555485,298.1500123504364
3.197778143712578,1.5,299.9916002150631,298.17556580936855,298.1500124858401
3.201403742514973,1.5,299.99272221436485,298.1756562179408,298.1500126224461
3.2050293413173683,1.5,299.9938436503262,298.175746781105,298.15001276026237
3.2086549401197635,1.5,299.9949645240582,298.1758374987642,298.15001289929677
3.2122805389221587,1.5,299.9960848366684,298.1759283708216,298.1500130395574
3.215906137724554,1.5,299.99720458926095,298.17601939718026,298.1500131810523
3.219531736526949,1.5,299.9983237829366,298.1761105777431,298.15001332378955
3.2231573353293443,1.5,299.99944241879274,298.1762019124129,298.1500134677772
3.2267829341317396,1.5,300.0005604979231,298.1762934010926,298.1500136130235
3.2304085329341348,1.5,300.0016780214183,298.176385043685,298.15001375953653
3.23403413173653,1.5,300.0027949903656,298.17647684009256,298.15001390732454
3.237659730538925,1.5,300.0039114058487,298.1765687902182,298.1500140563957
3.2412853293413204,1.5,300.00502726894814,298.17666089396425,298.15001420675844
3.2449109281437156,1.5,300.006142580741,298.17675315123336,298.1500143584209
3.248536526946111,1.5,300.0072573423012,298.1768455619279,298.1500145113915
3.252162125748506,1.5,300.0083715546992,298.1769381259503,298.1500146656786
3.2557877245509013,1.5,300.0094852190023,298.1770308432029,298.1500148212905
3.2594133233532965,1.5,300.01059833627437,298.17712371358783,298.15001497823573
3.2630389221556917,1.5,300.0117109075762,298.1772167370075,298.1500151365227
3.266664520958087,1.5,300.01282293396514,298.177309913364,298.15001529615995
3.270290119760482,1.5,300.0139344164955,298.1774032425594,298.150015457156
3.2739157185628773,1.5,300.01504535621825,298.1774967244959,298.1500156195193
3.2775413173652725,1.5,300.0161557541812,298.17759035907534,298.1500157832586
3.2811669161676678,1.5,300.01726561142885,298.1776841461998,298.1500159483824
3.284792514970063,1.5,300.0183749290026,298.17777808577114,298.1500161148994
3.288418113772458,1.5,300.0194837079407,298.1778721776913,298.1500162828183
3.2920437125748534,1.5,300.0205919492782,298.17796642186204,298.1500164521478
3.2956693113772486,1.5,300.0216996540469,298.17806081818526,298.1500166228966
3.299294910179644,1.5,300.02280682327574,298.1781553665625,298.1500167950735
3.302920508982039,1.5,300.02391345799026,298.17825006689577,298.15001696868734
3.3065461077844343,1.5,300.0250195592129,298.1783449190865,298.15001714374694
3.3101717065868295,1.5,300.02612512796327,298.1784399230363,298.1500173202612
3.3137973053892247,1.5,300.0272301652576,298.1785350786469,298.15001749823904
3.31742290419162,1.5,300.0283346721091,298.17863038581976,298.15001767768933
3.321048502994015,1.5,300.0294386495281,298.1787258444565,298.1500178586212
3.3246741017964103,1.5,300.0305420985216,298.17882145445856,298.15001804104344
3.3282997005988055,1.5,300.0316450200938,298.1789172157272,298.15001822496515
3.3319252994012007,1.5,300.0327474152457,298.1790131281642,298.15001841039555
3.335550898203596,1.5,300.03384928497536,298.17910919167065,298.15001859734355
3.339176497005991,1.5,300.0349506302778,298.17920540614807,298.15001878581836
3.3428020958083864,1.5,300.0360514521451,298.1793017714977,298.15001897582914
3.3464276946107816,1.5,300.03715175156634,298.179398287621,298.1500191673851
3.350053293413177,1.5,300.03825152952754,298.179494954419,298.1500193604954
3.353678892215572,1.5,300.03935078701187,298.17959177179307,298.15001955516937
3.3573044910179672,1.5,300.04044952499964,298.1796887396445,298.1500197514162
3.3609300898203625,1.5,300.0415477444678,298.1797858578745,298.15001994924535
3.3645556886227577,1.5,300.04264544639085,298.17988312638414,298.1500201486661
3.368181287425153,1.5,300.0437426317402,298.1799805450746,298.1500203496879
3.371806886227548,1.5,300.0448393014843,298.18007811384706,298.15002055232003
3.3754324850299433,1.5,300.04593545658867,298.1801758326027,298.1500207565721
3.3790580838323385,1.5,300.04703109801613,298.1802737012425,298.1500209624534
3.3826836826347337,1.5,300.0481262267265,298.1803717196677,298.1500211699737
3.386309281437129,1.5,300.0492208436767,298.18046988777917,298.1500213791423
3.389934880239524,1.5,300.050314949821,298.1805682054781,298.1500215899689
3.3935604790419194,1.5,300.0514085461105,298.1806666726655,298.15002180246313
3.3971860778443146,1.5,300.05250163349376,298.18076528924234,298.1500220166345
3.40081167664671,1.5,300.05359421291655,298.18086405510974,298.1500222324929
3.404437275449105,1.5,300.05468628532145,298.1809629701686,298.1500224500479
3.4080628742515002,1.5,300.05577785164866,298.1810620343199,298.15002266930924
3.4116884730538954,1.5,300.0568689128354,298.1811612474648,298.1500228902866
3.4153140718562907,1.5,300.0579594698161,298.18126060950397,298.15002311298997
3.418939670658686,1.5,300.05904952352256,298.1813601203386,298.150023337429
3.422565269461081,1.5,300.06013907488364,298.18145977986956,298.1500235636138
3.4261908682634763,1.5,300.06122812482556,298.18155958799787,298.15002379155396
3.4298164670658715,1.5,300.06231667427187,298.1816595446243,298.15002402125964
3.4334420658682667,1.5,300.0634047241433,298.18175964965,298.15002425274065
3.437067664670662,1.5,300.06449227535785,298.18185990297576,298.15002448600706
3.440693263473057,1.5,300.0655793288309,298.1819603045026,298.15002472106886
3.4443188622754524,1.5,300.066665885475,298.1820608541313,298.1500249579362
3.4479444610778476,1.5,300.06775194620013,298.18216155176293,298.15002519661897
3.451570059880243,1.5,300.0688375119136,298.18226239729836,298.15002543712745
3.455195658682638,1.5,300.06992258352005,298.18236339063856,298.15002567947175
3.458821257485033,1.5,300.0710071619214,298.1824645316843,298.1500259236621
3.4624468562874284,1.5,300.07209124801693,298.1825658203367,298.15002616970855
3.4660724550898236,1.5,300.0731748427034,298.1826672564966,298.15002641762146
3.469698053892219,1.5,300.0742579468748,298.1827688400649,298.1500266674111
3.473323652694614,1.5,300.0753405614226,298.18287057094255,298.1500269190878
3.4769492514970093,1.5,300.0764226872356,298.18297244903056,298.1500271726618
3.4805748502994045,1.5,300.07750432520015,298.18307447422984,298.15002742814363
3.4842004491017997,1.5,300.0785854761998,298.1831766464413,298.15002768554353
3.487826047904195,1.5,300.0796661411156,298.18327896556593,298.150027944872
3.49145164670659,1.5,300.08074632082617,298.18338143150476,298.15002820613955
3.4950772455089854,1.5,300.08182601620734,298.1834840441586,298.15002846935664
3.4987028443113806,1.5,300.08290522813263,298.1835868034286,298.1500287345337
3.502328443113776,1.5,300.0839839574728,298.1836897092156,298.1500290016815
3.505954041916171,1.5,300.0850622050962,298.1837927614208,298.1500292708104
3.509579640718566,1.5,300.0861399718687,298.1838959599451,298.15002954193125
3.5132052395209614,1.5,300.0872172586536,298.18399930468945,298.1500298150545
3.5168308383233566,1.5,300.08829406631156,298.184102795555,298.1500300901909
3.520456437125752,1.5,300.08937039570105,298.1842064324428,298.1500303673513
3.524082035928147,1.5,300.0904462476778,298.18431021525384,298.15003064654616
3.5277076347305423,1.5,300.0915216230951,298.18441414388934,298.15003092778653
3.5313332335329375,1.5,300.092596522804,298.1845182182503,298.1500312110831
3.5349588323353327,1.5,300.09367094765275,298.18462243823774,298.15003149644673
3.538584431137728,1.5,300.0947448984874,298.184726803753,298.15003178388827
3.542210029940123,1.5,300.0958183761515,298.184831314697,298.1500320734187
3.5458356287425183,1.5,300.0968913814861,298.18493597097114,298.15003236504884
3.5494612275449136,1.5,300.0979639153299,298.18504077247644,298.15003265878977
3.5530868263473088,1.5,300.0990359785192,298.1851457191142,298.1500329546524
3.556712425149704,1.5,300.10010757188786,298.1852508107854,298.1500332526478
3.560338023952099,1.5,300.10117869626725,298.1853560473916,298.15003355278697
3.5639636227544944,1.5,300.1022493524866,298.18546142883395,298.1500338550811
3.5675892215568896,1.5,300.10331954137257,298.18556695501366,298.15003415954124
3.571214820359285,1.5,300.10438926374934,298.18567262583207,298.15003446617857
3.57484041916168,1.5,300.105458520439,298.1857784411905,298.1500347750043
3.5784660179640753,1.5,300.1065273122613,298.1858844009903,298.1500350860295
3.5820916167664705,1.5,300.1075956400333,298.18599050513285,298.1500353992656
3.5857172155688657,1.5,300.10866350457,298.1860967535196,298.1500357147238
3.589342814371261,1.5,300.10973090668404,298.186203146052,298.1500360324154
3.592968413173656,1.5,300.11079784718567,298.1863096826313,298.1500363523517
3.5965940119760513,1.5,300.11186432688294,298.1864163631592,298.15003667454414
3.6002196107784465,1.5,300.11293034658144,298.18652318753703,298.1500369990041
3.6038452095808418,1.5,300.11399590708464,298.1866301556665,298.15003732574297
3.607470808383237,1.5,300.11506100919354,298.1867372674489,298.1500376547723
3.611096407185632,1.5,300.11612565370706,298.1868445227861,298.1500379861035
3.6147220059880274,1.5,300.1171898414216,298.1869519215795,298.15003831974803
3.6183476047904226,1.5,300.11825357313154,298.18705946373086,298.15003865571765
3.621973203592818,1.5,300.11931684962894,298.1871671491418,298.15003899402376
3.625598802395213,1.5,300.1203796717036,298.1872749777141,298.15003933467807
3.6292244011976083,1.5,300.121442040143,298.18738294934934,298.1500396776922
3.6328500000000035,1.5,300.12250395573244,298.18749106394944,298.15004002307774
3.6364755988023987,1.5,300.1235654192551,298.18759932141603,298.1500403708465
3.640101197604794,1.5,300.1246264314917,298.1877077216511,298.1500407210102
3.643726796407189,1.5,300.1256869932211,298.1878162645564,298.15004107358055
3.6473523952095843,1.5,300.1267471052197,298.18792495003385,298.15004142856947
3.6509779940119795,1.5,300.1278067682618,298.1880337779854,298.1500417859887
3.6546035928143747,1.5,300.1288659831194,298.188142748313,298.15004214585
3.65822919161677,1.5,300.12992475056257,298.18825186091857,298.1500425081655
3.661854790419165,1.5,300.13098307135897,298.1883611157043,298.15004287294687
3.6654803892215604,1.5,300.13204094627423,298.1884705125721,298.15004324020623
3.6691059880239556,1.5,300.13309837607176,298.1885800514241,298.1500436099555
3.672731586826351,1.5,300.13415536151297,298.18868973216246,298.1500439822067
3.676357185628746,1.5,300.13521190335683,298.18879955468935,298.1500443569718
3.6799827844311412,1.5,300.13626800236057,298.18890951890694,298.15004473426296
3.6836083832335365,1.5,300.137323659279,298.18901962471756,298.1500451140923
3.6872339820359317,1.5,300.1383788748648,298.18912987202344,298.1500454964718
3.690859580838327,1.5,300.1394336498689,298.1892402607269,298.15004588141386
3.694485179640722,1.5,300.1404879850397,298.18935079073026,298.15004626893045
3.6981107784431173,1.5,300.1415418811238,298.18946146193605,298.1500466590339
3.7017363772455125,1.5,300.1425953388655,298.1895722742466,298.15004705173635
3.7053619760479077,1.5,300.1436483590072,298.18968322756444,298.15004744705016
3.708987574850303,1.5,300.1447009422891,298.18979432179196,298.1500478449877
3.712613173652698,1.5,300.14575308944944,298.1899055568319,298.1500482455612
3.7162387724550934,1.5,300.1468048012243,298.19001693258673,298.1500486487831
3.7198643712574886,1.5,300.1478560783478,298.19012844895923,298.15004905466577
3.723489970059884,1.5,300.148906921552,298.1902401058519,298.15004946322165
3.727115568862279,1.5,300.14995733156684,298.19035190316765,298.15004987446315
3.7307411676646742,1.5,300.1510073091203,298.1904638408092,298.1500502884029
3.7343667664670694,1.5,300.1520568549384,298.19057591867926,298.1500507050532
3.7379923652694647,1.5,300.15310596974507,298.1906881366807,298.15005112442674
3.74161796407186,1.5,300.1541546542622,298.1908004947165,298.1500515465361
3.745243562874255,1.5,300.1552029092098,298.19091299268956,298.1500519713938
3.7488691616766503,1.5,300.1562507353056,298.19102563050296,298.1500523990126
3.7524947604790455,1.5,300.1572981332658,298.1911384080596,298.15005282940507
3.7561203592814407,1.5,300.1583451038042,298.1912513252626,298.1500532625839
3.759745958083836,1.5,300.1593916476329,298.1913643820151,298.1500536985619
3.763371556886231,1.5,300.16043776546184,298.19147757822026,298.1500541373518
3.7669971556886264,1.5,300.1614834579991,298.1915909137813,298.1500545789663
3.7706227544910216,1.5,300.1625287259509,298.19170438860135,298.1500550234183
3.774248353293417,1.5,300.1635735700213,298.19181800258394,298.1500554707206
3.777873952095812,1.5,300.1646179909126,298.19193175563225,298.150055920886
3.781499550898207,1.5,300.165661989325,298.1920456476498,298.15005637392755
3.7851251497006024,1.5,300.16670556595693,298.19215967853995,298.1500568298581
3.7887507485029976,1.5,300.16774872150484,298.19227384820624,298.1500572886906
3.792376347305393,1.5,300.16879145666326,298.19238815655217,298.150057750438
3.796001946107788,1.5,300.16983377212483,298.1925026034814,298.1500582151134
3.7996275449101833,1.5,300.17087566858027,298.1926171888975,298.1500586827298
3.8032531437125785,1.5,300.1719171467184,298.1927319127042,298.15005915330033
3.8068787425149737,1.5,300.1729582072262,298.1928467748053,298.15005962683796
3.810504341317369,1.5,300.17399885078873,298.19296177510444,298.15006010335594
3.814129940119764,1.5,300.17503907808907,298.19307691350554,298.15006058286735
3.8177555389221594,1.5,300.17607888980876,298.19319218991245,298.1500610653855
3.8213811377245546,1.5,300.1771182866271,298.1933076042292,298.1500615509235
3.82500673652695,1.5,300.1781572692217,298.1934231563597,298.1500620394946
3.828632335329345,1.5,300.17919583826836,298.19353884620796,298.15006253111216
3.83225793413174,1.5,300.1802339944409,298.19365467367817,298.15006302578934
3.8358835329341354,1.5,300.1812717384116,298.1937706386744,298.15006352353953
3.8395091317365306,1.5,300.1823090708506,298.19388674110087,298.1500640243762
3.843134730538926,1.5,300.1833459924262,298.19400298086185,298.1500645283126
3.846760329341321,1.5,300.1843825038052,298.1941193578616,298.1500650353622
3.8503859281437163,1.5,300.18541860565216,298.19423587200447,298.15006554553844
3.8540115269461115,1.5,300.1864542986303,298.1943525231949,298.15006605885475
3.8576371257485067,1.5,300.18748958340063,298.1944693113373,298.15006657532473
3.861262724550902,1.5,300.1885244606226,298.1945862363362,298.15006709496186
3.864888323353297,1.5,300.18955893095387,298.19470329809616,298.1500676177797
3.8685139221556923,1.5,300.1905929950502,298.1948204965218,298.1500681437918
3.8721395209580876,1.5,300.1916266535656,298.19493783151773,298.15006867301184
3.8757651197604828,1.5,300.19265990715246,298.19505530298875,298.1500692054534
3.879390718562878,1.5,300.1936927564611,298.19517291083963,298.15006974113015
3.883016317365273,1.5,300.1947252021405,298.1952906549752,298.1500702800558
3.8866419161676684,1.5,300.19575724483747,298.1954085353004,298.1500708222442
3.8902675149700636,1.5,300.1967888851973,298.1955265517201,298.15007136770885
3.893893113772459,1.5,300.1978201238635,298.1956447041393,298.15007191646373
3.897518712574854,1.5,300.19885096147794,298.195762992463,298.15007246852264
3.9011443113772493,1.5,300.1998813986806,298.1958814165964,298.1500730238993
3.9047699101796445,1.5,300.20091143610983,298.1959999764447,298.1500735826077
3.9083955089820397,1.5,300.20194107440216,298.19611867191287,298.1500741446617
3.912021107784435,1.5,300.20297031419256,298.19623750290646,298.15007471007516
3.91564670658683,1.5,300.20399915611415,298.1963564693307,298.15007527886206
3.9192723053892253,1.5,300.20502760079853,298.196475571091,298.1500758510364
3.9228979041916205,1.5,300.2060556488754,298.1965948080928,298.15007642661215
3.9265235029940158,1.5,300.2070833009729,298.1967141802416,298.1500770056034
3.930149101796411,1.5,300.2081105577175,298.1968336874429,298.15007758802403
3.933774700598806,1.5,300.2091374197338,298.1969533296024,298.15007817388835
3.9374002994012014,1.5,300.210163887645,298.1970731066258,298.1500787632104
3.9410258982035966,1.5,300.2111899620724,298.1971930184187,298.1500793560042
3.944651497005992,1.5,300.2122156436359,298.197313064887,298.1500799522841
3.948277095808387,1.5,300.2132409329534,298.1974332459364,298.15008055206414
3.9519026946107823,1.5,300.21426583064147,298.19755356147294,298.15008115535863
3.9555282934131775,1.5,300.2152903373148,298.1976740114026,298.15008176218186
3.9591538922155727,1.5,300.2163144535867,298.1977945956313,298.1500823725479
3.962779491017968,1.5,300.21733818006845,298.19791531406526,298.1500829864713
3.966405089820363,1.5,300.21836151737006,298.19803616661045,298.1500836039662
3.9700306886227583,1.5,300.21938446609994,298.19815715317316,298.15008422504707
3.9736562874251535,1.5,300.22040702686445,298.19827827365964,298.1500848497282
3.9772818862275487,1.5,300.22142920026886,298.19839952797616,298.1500854780241
3.980907485029944,1.5,300.2224509869165,298.1985209160291,298.1500861099491
3.984533083832339,1.5,300.2234723874092,298.198642437725,298.15008674551774
3.9881586826347344,1.5,300.2244934023472,298.19876409297024,298.1500873847445
3.9917842814371296,1.5,300.2255140323291,298.1988858816714,298.1500880276439
3.995409880239525,1.5,300.22653427795206,298.1990078037351,298.15008867423035
3.99903547904192,1.5,300.22755413981133,298.199129859068,298.1500893245186
4.002661077844315,1.5,300.228573618501,298.1992520475768,298.15008997852317
4.00628667664671,1.5,300.2295927146133,298.1993743691684,298.1500906362587
4.009912275449104,1.5,300.23061142873905,298.19949682374954,298.1500912977398
4.013537874251499,1.5,300.2316297614674,298.1996194112272,298.15009196298115
4.017163473053894,1.5,300.232647713386,298.19974213150834,298.1500926319974
4.020789071856289,1.5,300.2336652850809,298.1998649844999,298.15009330480336
4.024414670658683,1.5,300.2346824771367,298.19998797010913,298.15009398141376
4.028040269461078,1.5,300.2356992901363,298.2001110882431,298.1500946618434
4.031665868263473,1.5,300.23671572466134,298.200234338809,298.15009534610704
4.035291467065868,1.5,300.23773178129164,298.2003577217142,298.15009603421953
4.0389170658682625,1.5,300.2387474606057,298.2004812368659,298.15009672619567
4.042542664670657,1.5,300.2397627631802,298.2006048841717,298.1500974220504
4.046168263473052,1.5,300.24077768959063,298.2007286635388,298.15009812179864
4.049793862275447,1.5,300.24179224041103,298.200852574875,298.1500988254553
4.053419461077842,1.5,300.2428064162135,298.20097661808774,298.15009953303536
4.057045059880236,1.5,300.243820217569,298.2011007930846,298.15010024455376
4.060670658682631,1.5,300.244833645047,298.2012250997734,298.1501009600255
4.064296257485026,1.5,300.24584669921524,298.20134953806195,298.15010167946565
4.067921856287421,1.5,300.24685938064005,298.20147410785796,298.1501024028892
4.071547455089815,1.5,300.2478716898865,298.20159880906937,298.1501031303113
4.07517305389221,1.5,300.24888362751784,298.20172364160413,298.1501038617471
4.078798652694605,1.5,300.24989519409615,298.2018486053703,298.15010459721174
4.082424251497,1.5,300.25090639018185,298.20197370027586,298.15010533672023
4.0860498502993945,1.5,300.25191721633405,298.202098926229,298.1501060802879
4.089675449101789,1.5,300.2529276731102,298.20222428313804,298.15010682792996
4.093301047904184,1.5,300.2539377610665,298.2023497709111,298.15010757966155
4.096926646706579,1.5,300.25494748075755,298.2024753894566,298.150108335498
4.100552245508974,1.5,300.2559568327367,298.2026011386829,298.1501090954545
4.104177844311368,1.5,300.25696581755545,298.2027270184985,298.1501098595466
4.107803443113763,1.5,300.2579744357645,298.20285302881183,298.1501106277894
4.111429041916158,1.5,300.2589826879125,298.20297916953155,298.1501114001984
4.115054640718553,1.5,300.2599905745471,298.2031054405662,298.15011217678887
4.118680239520947,1.5,300.2609980962143,298.2032318418247,298.15011295757625
4.122305838323342,1.5,300.2620052534587,298.20335837321556,298.1501137425761
4.125931437125737,1.5,300.2630120468237,298.20348503464777,298.1501145318037
4.129557035928132,1.5,300.26401847685094,298.2036118260302,298.15011532527456
4.1331826347305265,1.5,300.265024544081,298.20373874727187,298.1501161230043
4.136808233532921,1.5,300.2660302490528,298.2038657982817,298.15011692500843
4.140433832335316,1.5,300.2670355923041,298.2039929789688,298.15011773130254
4.144059431137711,1.5,300.2680405743711,298.20412028924244,298.1501185419021
4.147685029940106,1.5,300.2690451957887,298.2042477290117,298.1501193568227
4.1513106287425,1.5,300.27004945709024,298.2043752981859,298.15012017608007
4.154936227544895,1.5,300.27105335880805,298.2045029966743,298.1501209996898
4.15856182634729,1.5,300.2720569014727,298.2046308243865,298.15012182766765
4.162187425149685,1.5,300.27306008561357,298.2047587812319,298.15012266002924
4.165813023952079,1.5,300.27406291175873,298.2048868671199,298.1501234967904
4.169438622754474,1.5,300.27506538043485,298.20501508196025,298.15012433796676
4.173064221556869,1.5,300.2760674921671,298.2051434256625,298.1501251835741
4.176689820359264,1.5,300.2770692474796,298.2052718981365,298.1501260336283
4.1803154191616585,1.5,300.2780706468948,298.205400499292,298.1501268881451
4.183941017964053,1.5,300.279071690934,298.2055292290388,298.15012774714046
4.187566616766448,1.5,300.2800723801172,298.20565808728685,298.15012861063013
4.191192215568843,1.5,300.2810727149628,298.2057870739461,298.15012947863005
4.194817814371238,1.5,300.2820726959883,298.2059161889267,298.1501303511561
4.198443413173632,1.5,300.2830723237095,298.2060454321387,298.1501312282244
4.202069011976027,1.5,300.284071598641,298.2061748034922,298.15013210985063
4.205694610778422,1.5,300.2850705212961,298.2063043028976,298.15013299605096
4.209320209580817,1.5,300.2860690921868,298.206433930265,298.15013388684133
4.212945808383211,1.5,300.28706731182376,298.2065636855049,298.15013478223784
4.216571407185606,1.5,300.2880651807164,298.2066935685278,298.1501356822565
4.220197005988001,1.5,300.2890626993727,298.20682357924403,298.15013658691345
4.223822604790396,1.5,300.2900598682996,298.20695371756426,298.1501374962246
4.2274482035927905,1.5,300.2910566880024,298.2070839833991,298.15013841020635
4.231073802395185,1.5,300.2920531589855,298.20721437665924,298.1501393288746
4.23469940119758,1.5,300.29304928175156,298.2073448972554,298.15014025224576
4.238324999999975,1.5,300.2940450568024,298.2074755450984,298.1501411803358
4.24195059880237,1.5,300.2950404846384,298.20760632009916,298.15014211316117
4.245576197604764,1.5,300.29603556575853,298.2077372221686,298.15014305073794
4.249201796407159,1.5,300.29703030066065,298.20786825121775,298.15014399308234
4.252827395209554,1.5,300.2980246898413,298.20799940715773,298.1501449402108
4.256452994011949,1.5,300.29901873379583,298.20813068989963,298.15014589213956
4.260078592814343,1.5,300.3000124330183,298.20826209935467,298.1501468488849
4.263704191616738,1.5,300.3010057880015,298.2083936354341,298.1501478104633
4.267329790419133,1.5,300.3019987992368,298.20852529804927,298.150148776891
4.270955389221528,1.5,300.30299146721467,298.2086570871116,298.15014974818445
4.2745809880239225,1.5,300.30398379242416,298.2087890025325,298.1501507243602
4.278206586826317,1.5,300.304975775353,298.20892104422364,298.1501517054344
4.281832185628712,1.5,300.30596741648793,298.2090532120964,298.1501526914238
4.285457784431107,1.5,300.3069587163141,298.2091855060626,298.1501536823447
4.289083383233502,1.5,300.30794967531585,298.2093179260339,298.1501546782137
4.292708982035896,1.5,300.30894029397604,298.20945047192214,298.1501556790473
4.296334580838291,1.5,300.30993057277635,298.2095831436392,298.15015668486217
4.299960179640686,1.5,300.31092051219724,298.2097159410968,298.1501576956747
4.303585778443081,1.5,300.311910112718,298.2098488642071,298.1501587115016
4.307211377245475,1.5,300.3128993748168,298.2099819128822,298.15015973235944
4.31083697604787,1.5,300.31388829897037,298.210115087034,298.15016075826486
4.314462574850265,1.5,300.3148768856544,298.2102483865749,298.1501617892346
4.31808817365266,1.5,300.3158651353435,298.21038181141694,298.15016282528524
4.3217137724550545,1.5,300.31685304851084,298.21051536147263,298.1501638664335
4.325339371257449,1.5,300.31784062562855,298.21064903665416,298.1501649126962
4.328964970059844,1.5,300.3188278671675,298.21078283687405,298.15016596409
4.332590568862239,1.5,300.3198147735975,298.21091676204486,298.15016702063167
4.336216167664634,1.5,300.32080134538705,298.21105081207907,298.1501680823381
4.339841766467028,1.5,300.3217875830036,298.2111849868893,298.150169149226
4.343467365269423,1.5,300.3227734869133,298.21131928638823,298.15017022131224
4.347092964071818,1.5,300.3237590575813,298.21145371048874,298.15017129861366
4.350718562874213,1.5,300.32474429547136,298.2115882591035,298.1501723811471
4.354344161676607,1.5,300.3257292010464,298.21172293214556,298.1501734689296
4.357969760479002,1.5,300.3267137747678,298.2118577295277,298.15017456197785
4.361595359281397,1.5,300.3276980170961,298.21199265116314,298.150175660309
4.365220958083792,1.5,300.3286819284906,298.2121276969647,298.1501767639399
4.3688465568861865,1.5,300.3296655094094,298.2122628668458,298.1501778728876
4.372472155688581,1.5,300.33064876030943,298.21239816071943,298.150178987169
4.376097754490976,1.5,300.3316316816466,298.21253357849895,298.1501801068012
4.379723353293371,1.5,300.3326142738758,298.2126691200977,298.15018123180124
4.383348952095766,1.5,300.3335965374504,298.21280478542917,298.15018236218623
4.38697455089816,1.5,300.33457847282295,298.21294057440673,298.1501834979731
4.390600149700555,1.5,300.33556008044485,298.2130764869439,298.15018463917903
4.39422574850295,1.5,300.3365413607663,298.2132125229544,298.1501857858212
4.397851347305345,1.5,300.3375223142364,298.2133486823517,298.15018693791666
4.401476946107739,1.5,300.3385029413032,298.21348496504964,298.1501880954827
4.405102544910134,1.5,300.3394832424135,298.2136213709621,298.15018925853644
4.408728143712529,1.5,300.3404632180132,298.21375790000275,298.15019042709497
4.412353742514924,1.5,300.3414428685469,298.2138945520856,298.1501916011758
4.4159793413173185,1.5,300.34242219445827,298.21403132712464,298.15019278079586
4.419604940119713,1.5,300.3434011961897,298.2141682250339,298.1501939659726
4.423230538922108,1.5,300.34437987418255,298.21430524572753,298.1501951567233
4.426856137724503,1.5,300.3453582288773,298.21444238911965,298.1501963530652
4.430481736526898,1.5,300.34633626071303,298.21457965512457,298.15019755501567
4.434107335329292,1.5,300.34731397012797,298.2147170436565,298.15019876259197
4.437732934131687,1.5,300.3482913575591,298.2148545546299,298.1501999758116
4.441358532934082,1.5,300.34926842344254,298.2149921879591,298.1502011946918
4.444984131736477,1.5,300.3502451682131,298.2151299435587,298.15020241925015
4.448609730538871,1.5,300.35122159230457,298.2152678213433,298.1502036495039
4.452235329341266,1.5,300.35219769614986,298.21540582122736,298.15020488547066
4.455860928143661,1.5,300.3531734801806,298.2155439431256,298.1502061271677
4.459486526946056,1.5,300.3541489448275,298.2156821869529,298.15020737461265
4.4631121257484505,1.5,300.3551240905201,298.21582055262405,298.1502086278229
4.466737724550845,1.5,300.356098917687,298.21595904005386,298.1502098868161
4.47036332335324,1.5,300.3570734267557,298.2160976491573,298.15021115160977
4.473988922155635,1.5,300.3580476181526,298.21623637984936,298.15021242222133
4.47761452095803,1.5,300.3590214923032,298.2163752320452,298.15021369866844
4.481240119760424,1.5,300.3599950496318,298.21651420565985,298.15021498096877
4.484865718562819,1.5,300.36096829056174,298.2166533006085,298.15021626913983
4.488491317365214,1.5,300.36194121551523,298.21679251680655,298.15021756319936
4.492116916167609,1.5,300.3629138249137,298.21693185416916,298.15021886316487
4.495742514970003,1.5,300.36388611917727,298.2170713126118,298.15022016905414
4.499368113772398,1.5,300.3648580987253,298.21721089205,298.1502214808848
4.502993712574793,1.5,300.36582976397574,298.21735059239904,298.1502227986746
4.506619311377188,1.5,300.366801115346,298.2174904135748,298.1502241224412
4.5102449101795825,1.5,300.3677721532521,298.2176303554927,298.1502254522025
4.513870508981977,1.5,300.36874287810923,298.2177704180686,298.1502267879761
4.517496107784372,1.5,300.3697132903315,298.2179106012182,298.1502281297799
4.521121706586767,1.5,300.3706833903321,298.2180509048573,298.1502294776316
4.524747305389162,1.5,300.37165317852305,298.21819132890187,298.15023083154915
4.528372904191556,1.5,300.3726226553156,298.2183318732678,298.1502321915503
4.531998502993951,1.5,300.3735918211198,298.21847253787115,298.1502335576528
4.535624101796346,1.5,300.3745606763448,298.218613322628,298.1502349298748
4.539249700598741,1.5,300.3755292213988,298.21875422745455,298.1502363082339
4.542875299401135,1.5,300.37649745668887,298.21889525226686,298.15023769274825
4.54650089820353,1.5,300.37746538262127,298.2190363969814,298.1502390834356
4.550126497005925,1.5,300.3784329996011,298.21917766151444,298.150240480314
4.55375209580832,1.5,300.3794003080326,298.21931904578224,298.1502418834013
4.5573776946107145,1.5,300.38036730831897,298.2194605497015,298.15024329271563
4.561003293413109,1.5,300.3813340008626,298.21960217318866,298.1502447082749
4.564628892215504,1.5,300.3823003860646,298.21974391616016,298.1502461300971
4.568254491017899,1.5,300.38326646432546,298.21988577853284,298.1502475582004
4.571880089820294,1.5,300.38423223604445,298.22002776022333,298.15024899260277
4.575505688622688,1.5,300.38519770162003,298.2201698611485,298.1502504333222
4.579131287425083,1.5,300.3861628614495,298.2203120812251,298.1502518803769
4.582756886227478,1.5,300.3871277159294,298.22045442037,298.15025333378486
4.586382485029873,1.5,300.3880922654554,298.2205968785003,298.15025479356433
4.590008083832267,1.5,300.3890565104219,298.22073945553285,298.1502562597334
4.593633682634662,1.5,300.39002045122254,298.2208821513849,298.15025773231014
4.597259281437057,1.5,300.3909840882501,298.2210249659735,298.1502592113128
4.600884880239452,1.5,300.39194742189625,298.22116789921597,298.1502606967596
4.6045104790418465,1.5,300.3929104525518,298.2213109510294,298.15026218866865
4.608136077844241,1.5,300.3938731806067,298.2214541213313,298.1502636870583
4.611761676646636,1.5,300.39483560644976,298.22159741003907,298.15026519194674
4.615387275449031,1.5,300.39579773046904,298.22174081707004,298.15026670335214
4.619012874251426,1.5,300.39675955305165,298.22188434234187,298.1502682212929
4.62263847305382,1.5,300.39772107458367,298.22202798577206,298.1502697457873
4.626264071856215,1.5,300.3986822954504,298.2221717472783,298.1502712768535
4.62988967065861,1.5,300.3996432160361,298.22231562677837,298.15027281450995
4.633515269461005,1.5,300.40060383672414,298.22245962418987,298.150274358775
4.637140868263399,1.5,300.4015641578971,298.2226037394307,298.15027590966696
4.640766467065794,1.5,300.40252417993645,298.2227479724189,298.1502774672042
4.644392065868189,1.5,300.4034839032228,298.2228923230722,298.1502790314052
4.648017664670584,1.5,300.40444332813604,298.22303679130874,298.1502806022882
4.6516432634729785,1.5,300.40540245505497,298.2231813770466,298.15028217987174
4.655268862275373,1.5,300.40636128435744,298.22332608020395,298.1502837641743
4.658894461077768,1.5,300.4073198164207,298.22347090069894,298.1502853552142
4.662520059880163,1.5,300.40827805162064,298.22361583844986,298.15028695301004
4.666145658682558,1.5,300.4092359903327,298.22376089337496,298.15028855758015
4.669771257484952,1.5,300.4101936329312,298.2239060653928,298.1502901689432
4.673396856287347,1.5,300.4111509797896,298.2240513544216,298.15029178711757
4.677022455089742,1.5,300.4121080312806,298.22419676038,298.1502934121219
4.680648053892137,1.5,300.41306478777574,298.22434228318656,298.1502950439747
4.684273652694531,1.5,300.41402124964605,298.22448792276,298.15029668269455
4.687899251496926,1.5,300.4149774172614,298.2246336790188,298.15029832830004
4.691524850299321,1.5,300.41593329099084,298.22477955188185,298.1502999808097
4.695150449101716,1.5,300.41688887120256,298.22492554126796,298.15030164024216
4.6987760479041105,1.5,300.417844158264,298.22507164709594,298.150303306616
4.702401646706505,1.5,300.4187991525416,298.22521786928485,298.1503049799501
4.7060272455089,1.5,300.41975385440094,298.22536420775356,298.15030666026286
4.709652844311295,1.5,300.4207082642068,298.2255106624212,298.1503083475731
4.71327844311369,1.5,300.4216623823231,298.22565723320685,298.15031004189944
4.716904041916084,1.5,300.4226162091128,298.2258039200296,298.1503117432606
4.720529640718479,1.5,300.42356974493816,298.2259507228088,298.1503134516753
4.724155239520874,1.5,300.4245229901604,298.2260976414638,298.15031516716226
4.727780838323269,1.5,300.42547594514014,298.22624467591385,298.1503168897402
4.7314064371256634,1.5,300.4264286102369,298.2263918260784,298.150318619428
4.735032035928058,1.5,300.4273809858095,298.22653909187693,298.15032035624426
4.738657634730453,1.5,300.4283330722159,298.22668647322905,298.1503221002079
4.742283233532848,1.5,300.4292848698132,298.2268339700542,298.1503238513378
4.7459088323352425,1.5,300.4302363789578,298.2269815822721,298.1503256096526
4.749534431137637,1.5,300.4311876000049,298.2271293098026,298.15032737517123
4.753160029940032,1.5,300.4321385333092,298.2272771525652,298.1503291479126
4.756785628742427,1.5,300.43308917922457,298.22742511048006,298.1503309278954
4.760411227544822,1.5,300.4340395381039,298.22757318346686,298.15033271513875
4.764036826347216,1.5,300.4349896102993,298.2277213714456,298.1503345096614
4.767662425149611,1.5,300.43593939616204,298.2278696743363,298.15033631148225
4.771288023952006,1.5,300.43688889604266,298.2280180920591,298.15033812062023
4.774913622754401,1.5,300.43783811029084,298.22816662453397,298.1503399370943
4.7785392215567954,1.5,300.4387870392554,298.22831527168125,298.15034176092354
4.78216482035919,1.5,300.4397356832843,298.22846403342123,298.15034359212666
4.785790419161585,1.5,300.44068404272497,298.2286129096741,298.1503454307228
4.78941601796398,1.5,300.44163211792363,298.2287619003603,298.1503472767309
4.7930416167663745,1.5,300.44257990922597,298.2289110054003,298.15034913017
4.796667215568769,1.5,300.4435274169768,298.22906022471443,298.1503509910591
4.800292814371164,1.5,300.4444746415202,298.2292095582234,298.1503528594173
4.803918413173559,1.5,300.4454215831993,298.22935900584764,298.1503547352636
4.807544011975954,1.5,300.44636824235647,298.229508567508,298.150356618617
4.811169610778348,1.5,300.44731461933344,298.2296582431252,298.15035850949675
4.814795209580743,1.5,300.448260714471,298.22980803261987,298.15036040792177
4.818420808383138,1.5,300.44920652810924,298.229957935913,298.1503623139113
4.822046407185533,1.5,300.45015206058736,298.2301079529254,298.1503642274843
4.8256720059879274,1.5,300.4510973122438,298.2302580835781,298.15036614866
4.829297604790322,1.5,300.45204228341635,298.230408327792,298.1503680774576
4.832923203592717,1.5,300.4529869744418,298.23055868548835,298.1503700138962
4.836548802395112,1.5,300.4539313856564,298.2307091565881,298.1503719579948
4.8401744011975065,1.5,300.4548755173954,298.23085974101264,298.15037390977284
4.843799999999901,1.5,300.4558193699935,298.2310104386831,298.1503758692495
4.847425598802296,1.5,300.4567629437844,298.23116124952077,298.1503778364438
4.851051197604691,1.5,300.45770623910107,298.23131217344707,298.1503798113751
4.854676796407086,1.5,300.4586492562761,298.23146321038337,298.15038179406264
4.85830239520948,1.5,300.45959199564066,298.23161436025117,298.1503837845256
4.861927994011875,1.5,300.46053445752574,298.2317656229721,298.15038578278336
4.86555359281427,1.5,300.4614766422612,298.2319169984676,298.1503877888551
4.869179191616665,1.5,300.4624185501762,298.2320684866595,298.15038980276006
4.8728047904190595,1.5,300.4633601815994,298.2322200874694,298.1503918245176
4.876430389221454,1.5,300.4643015368584,298.232371800819,298.1503938541471
4.880055988023849,1.5,300.46524261628025,298.2325236266303,298.1503958916678
4.883681586826244,1.5,300.4661834201911,298.2326755648252,298.15039793709906
4.8873071856286385,1.5,300.4671239489165,298.2328276153254,298.1503999904603
4.890932784431033,1.5,300.4680642027811,298.2329797780531,298.15040205177075
4.894558383233428,1.5,300.46900418210896,298.2331320529304,298.1504041210498
4.898183982035823,1.5,300.4699438872233,298.23328443987924,298.15040619831694
4.901809580838218,1.5,300.4708833184466,298.2334369388219,298.1504082835915
4.905435179640612,1.5,300.47182247610067,298.2335895496806,298.150410376893
4.909060778443007,1.5,300.4727613605066,298.23374227237764,298.15041247824064
4.912686377245402,1.5,300.47369997198456,298.2338951068353,298.15041458765404
4.916311976047797,1.5,300.47463831085423,298.23404805297605,298.15041670515257
4.9199375748501915,1.5,300.4755763774344,298.23420111072227,298.1504188307557
4.923563173652586,1.5,300.4765141720432,298.2343542799966,298.150420964483
4.927188772454981,1.5,300.47745169499814,298.23450756072145,298.15042310635386
4.930814371257376,1.5,300.4783889466158,298.2346609528195,298.15042525638773
4.9344399700597705,1.5,300.47932592721213,298.2348144562136,298.1504274146042
4.938065568862165,1.5,300.4802626371024,298.2349680708263,298.1504295810227
4.94169116766456,1.5,300.4811990766011,298.2351217965804,298.1504317556629
4.945316766466955,1.5,300.48213524602215,298.2352756333988,298.15043393854415
4.94894236526935,1.5,300.48307114567854,298.23542958120447,298.1504361296862
4.952567964071744,1.5,300.48400677588273,298.23558363992026,298.15043832910857
4.956193562874139,1.5,300.48494213694636,298.2357378094693,298.1504405368307
4.959819161676534,1.5,300.4858772291804,298.23589208977455,298.1504427528723
4.963444760478929,1.5,300.4868120528952,298.23604648075917,298.15044497725296
4.9670703592813235,1.5,300.4877466084003,298.2362009823465,298.15044720999225
4.970695958083718,1.5,300.4886808960046,298.2363555944595,298.15044945110975
4.974321556886113,1.5,300.48961491601625,298.2365103170217,298.15045170062524
4.977947155688508,1.5,300.4905486687427,298.2366651499564,298.1504539585583
4.9815727544909025,1.5,300.49148215449077,298.236820093187,298.15045622492846
4.985198353293297,1.5,300.49241537356664,298.236975146637,298.1504584997555
4.988823952095692,1.5,300.49334832627557,298.2371303102298,298.15046078305903
4.992449550898087,1.5,300.4942810129224,298.23728558388916,298.15046307485886
4.996075149700482,1.5,300.4952134338111,298.2374409675386,298.1504653751745
4.999700748502876,1.5,300.49614558924515,298.23759646110176,298.15046768402584
5.003326347305271,1.5,300.4970774795271,298.23775206450256,298.1504700014326
5.006951946107666,1.5,300.49800910495895,298.2379077776646,298.1504723274144
5.010577544910061,1.5,300.49894046584205,298.23806360051185,298.1504746619909
5.0142031437124555,1.5,300.49987156247715,298.2382195329682,298.15047700518204
5.01782874251485,1.5,300.5008023951641,298.2383755749576,298.1504793570075
5.021454341317245,1.5,300.50173296420206,298.238531726404,298.150481717487
5.02507994011964,1.5,300.5026632698899,298.2386879872317,298.15048408664046
5.0287055389220345,1.5,300.5035933125255,298.23884435736454,298.1504864644876
5.032331137724429,1.5,300.5045230924061,298.23900083672686,298.150488851048
5.035956736526824,1.5,300.5054526098284,298.23915742524287,298.1504912463419
5.039582335329219,1.5,300.5063818650884,298.23931412283684,298.1504936503888
5.043207934131614,1.5,300.5073108584813,298.2394709294332,298.15049606320866
5.046833532934008,1.5,300.50823959030174,298.23962784495626,298.1504984848212
5.050459131736403,1.5,300.50916806084376,298.23978486933055,298.1505009152464
5.054084730538798,1.5,300.51009627040077,298.23994200248046,298.15050335450417
5.057710329341193,1.5,300.5110242192653,298.2400992443307,298.15050580261425
5.0613359281435875,1.5,300.5119519077295,298.2402565948058,298.1505082595965
5.064961526945982,1.5,300.5128793360847,298.24041405383036,298.15051072547095
5.068587125748377,1.5,300.5138065046217,298.24057162132937,298.1505132002574
5.072212724550772,1.5,300.51473341363055,298.2407292972273,298.15051568397575
5.0758383233531665,1.5,300.5156600634006,298.2408870814491,298.15051817664596
5.079463922155561,1.5,300.5165864542208,298.24104497391966,298.150520678288
5.083089520957956,1.5,300.5175125863793,298.241202974564,298.1505231889217
5.086715119760351,1.5,300.51843846016357,298.24136108330697,298.1505257085671
5.090340718562746,1.5,300.5193640758605,298.2415193000738,298.15052823724415
5.09396631736514,1.5,300.5202894337564,298.24167762478936,298.15053077497276
5.097591916167535,1.5,300.52121453413685,298.241836057379,298.15053332177297
5.10121751496993,1.5,300.5221393772868,298.2419945977678,298.1505358776647
5.104843113772325,1.5,300.5230639634907,298.2421532458812,298.15053844266794
5.1084687125747195,1.5,300.52398829303223,298.2423120016442,298.1505410168027
5.112094311377114,1.5,300.5249123661945,298.24247086498247,298.1505436000891
5.115719910179509,1.5,300.52583618326,298.24262983582133,298.15054619254704
5.119345508981904,1.5,300.5267597445106,298.24278891408625,298.1505487941966
5.1229711077842985,1.5,300.5276830502276,298.2429480997027,298.1505514050578
5.126596706586693,1.5,300.5286061006915,298.24310739259636,298.15055402515065
5.130222305389088,1.5,300.5295288961824,298.24326679269274,298.15055665449523
5.133847904191483,1.5,300.5304514369796,298.24342629991764,298.15055929311166
5.137473502993878,1.5,300.53137372336204,298.24358591419673,298.15056194102
5.141099101796272,1.5,300.5322957556077,298.2437456354558,298.15056459824024
5.144724700598667,1.5,300.5332175339943,298.24390546362076,298.1505672647927
5.148350299401062,1.5,300.5341390587986,298.24406539861747,298.1505699406971
5.151975898203457,1.5,300.5350603302971,298.2442254403718,298.1505726259739
5.1556014970058515,1.5,300.5359813487654,298.24438558880985,298.150575320643
5.159227095808246,1.5,300.5369021144788,298.2445458438577,298.1505780247246
5.162852694610641,1.5,300.5378226277117,298.2447062054414,298.1505807382389
5.166478293413036,1.5,300.53874288873806,298.244866673487,298.15058346120594
5.1701038922154305,1.5,300.5396628978312,298.24502724792086,298.1505861936459
5.173729491017825,1.5,300.5405826552639,298.2451879286692,298.1505889355789
5.17735508982022,1.5,300.54150216130824,298.24534871565834,298.1505916870252
5.180980688622615,1.5,300.54242141623587,298.2455096088146,298.1505944480048
5.18460628742501,1.5,300.54334042031763,298.2456706080645,298.15059721853817
5.188231886227404,1.5,300.5442591738239,298.24583171333444,298.1505999986452
5.191857485029799,1.5,300.54517767702447,298.2459929245509,298.1506027883462
5.195483083832194,1.5,300.5460959301886,298.24615424164045,298.1506055876614
5.199108682634589,1.5,300.5470139335848,298.24631566452973,298.150608396611
5.2027342814369835,1.5,300.5479316874812,298.2464771931455,298.1506112152152
5.206359880239378,1.5,300.54884919214516,298.2466388274144,298.1506140434942
5.209985479041773,1.5,300.54976644784347,298.2468005672633,298.1506168814683
5.213611077844168,1.5,300.55068345484256,298.24696241261887,298.1506197291577
5.2172366766465625,1.5,300.55160021340805,298.2471243634081,298.15062258658276
5.220862275448957,1.5,300.55251672380507,298.2472864195579,298.15062545376355
5.224487874251352,1.5,300.5534329862982,298.24744858099524,298.1506283307204
5.228113473053747,1.5,300.5543490011514,298.2476108476472,298.1506312174737
5.231739071856142,1.5,300.5552647686281,298.24777321944083,298.1506341140435
5.235364670658536,1.5,300.55618028899113,298.24793569630333,298.1506370204503
5.238990269460931,1.5,300.55709556250275,298.24809827816176,298.1506399367143
5.242615868263326,1.5,300.5580105894248,298.2482609649434,298.15064286285576
5.246241467065721,1.5,300.55892537001813,298.24842375657556,298.1506457988951
5.2498670658681155,1.5,300.55983990454365,298.24858665298564,298.1506487448525
5.25349266467051,1.5,300.5607541932612,298.2487496541009,298.15065170074837
5.257118263472905,1.5,300.56166823643025,298.24891275984885,298.1506546666031
5.2607438622753,1.5,300.56258203430986,298.2490759701571,298.15065764243684
5.2643694610776945,1.5,300.5634955871581,298.2492392849529,298.15066062827003
5.267995059880089,1.5,300.564408895233,298.2494027041641,298.1506636241231
5.271620658682484,1.5,300.5653219587917,298.2495662277182,298.1506666300163
5.275246257484879,1.5,300.566234778091,298.249729855543,298.15066964597
5.278871856287274,1.5,300.5671473533868,298.2498935875662,298.15067267200465
5.282497455089668,1.5,300.56805968493495,298.25005742371553,298.1506757081405
5.286123053892063,1.5,300.5689717729903,298.25022136391885,298.150678754398
5.289748652694458,1.5,300.5698836178074,298.25038540810414,298.1506818107976
5.293374251496853,1.5,300.57079521964033,298.25054955619925,298.15068487735954
5.2969998502992475,1.5,300.5717065787424,298.25071380813216,298.15068795410434
5.300625449101642,1.5,300.57261769536643,298.250878163831,298.15069104105237
5.304251047904037,1.5,300.57352856976473,298.25104262322384,298.150694138224
5.307876646706432,1.5,300.5744392021892,298.25120718623873,298.1506972456398
5.3115022455088265,1.5,300.575349592891,298.25137185280397,298.15070036332
5.315127844311221,1.5,300.57625974212084,298.25153662284765,298.1507034912851
5.318753443113616,1.5,300.57716965012906,298.2517014962982,298.15070662955554
5.322379041916011,1.5,300.5780793171652,298.251866473084,298.15070977815185
5.326004640718406,1.5,300.57898874347836,298.2520315531333,298.1507129370944
5.3296302395208,1.5,300.5798979293171,298.25219673637463,298.1507161064036
5.333255838323195,1.5,300.5808068749296,298.25236202273635,298.1507192861
5.33688143712559,1.5,300.58171558056324,298.25252741214723,298.15072247620407
5.340507035927985,1.5,300.5826240464652,298.25269290453565,298.15072567673616
5.3441326347303795,1.5,300.5835322728819,298.25285849983027,298.15072888771687
5.347758233532774,1.5,300.5844402600593,298.2530241979598,298.15073210916665
5.351383832335169,1.5,300.58534800824276,298.2531899988531,298.150735341106
5.355009431137564,1.5,300.58625551767733,298.25335590243867,298.1507385835554
5.3586350299399585,1.5,300.5871627886074,298.25352190864555,298.1507418365353
5.362260628742353,1.5,300.58806982127675,298.2536880174025,298.1507451000663
5.365886227544748,1.5,300.58897661592897,298.2538542286386,298.1507483741688
5.369511826347143,1.5,300.58988317280676,298.2540205422827,298.1507516588634
5.373137425149538,1.5,300.5907894921525,298.25418695826386,298.15075495417057
5.376763023951932,1.5,300.591695574208,298.2543534765112,298.150758260111
5.380388622754327,1.5,300.5926014192147,298.2545200969538,298.150761576705
5.384014221556722,1.5,300.59350702741324,298.25468681952077,298.1507649039732
5.387639820359117,1.5,300.59441239904413,298.25485364414135,298.1507682419362
5.3912654191615115,1.5,300.5953175343471,298.2550205707449,298.1507715906145
5.394891017963906,1.5,300.59622243356137,298.2551875992606,298.15077495002856
5.398516616766301,1.5,300.5971270969259,298.25535472961786,298.1507783201991
5.402142215568696,1.5,300.59803152467885,298.2555219617462,298.1507817011465
5.4057678143710906,1.5,300.5989357170581,298.25568929557494,298.1507850928915
5.409393413173485,1.5,300.599839674301,298.2558567310336,298.15078849545455
5.41301901197588,1.5,300.60074339664425,298.25602426805176,298.1507919088564
5.416644610778275,1.5,300.6016468843242,298.2561919065591,298.1507953331174
5.42027020958067,1.5,300.60255013757677,298.2563596464851,298.1507987682582
5.423895808383064,1.5,300.6034531566371,298.2565274877596,298.1508022142995
5.427521407185459,1.5,300.60435594174015,298.2566954303123,298.1508056712618
5.431147005987854,1.5,300.6052584931202,298.25686347407293,298.15080913916586
5.434772604790249,1.5,300.60616081101114,298.25703161897144,298.15081261803203
5.4383982035926435,1.5,300.6070628956464,298.2571998649376,298.1508161078811
5.442023802395038,1.5,300.6079647472587,298.2573682119014,298.15081960873357
5.445649401197433,1.5,300.6088663660805,298.2575366597929,298.15082312061014
5.449274999999828,1.5,300.6097677523438,298.257705208542,298.15082664353145
5.4529005988022226,1.5,300.61066890627995,298.2578738580789,298.150830177518
5.456526197604617,1.5,300.6115698281199,298.2580426083336,298.1508337225905
5.460151796407012,1.5,300.6124705180942,298.2582114592363,298.15083727876964
5.463777395209407,1.5,300.6133709764327,298.2583804107173,298.15084084607594
5.467402994011802,1.5,300.614271203365,298.25854946270675,298.15084442453013
5.471028592814196,1.5,300.6151711991201,298.258718615135,298.15084801415287
5.474654191616591,1.5,300.6160709639266,298.25888786793246,298.1508516149648
5.478279790418986,1.5,300.61697049801256,298.25905722102954,298.1508552269865
5.481905389221381,1.5,300.61786980160565,298.2592266743566,298.15085885023865
5.4855309880237755,1.5,300.618768874933,298.2593962278442,298.15086248474194
5.48915658682617,1.5,300.6196677182212,298.2595658814229,298.1508661305171
5.492782185628565,1.5,300.6205663316965,298.2597356350232,298.1508697875847
5.49640778443096,1.5,300.62146471558475,298.25990548857584,298.15087345596544
5.5000333832333546,1.5,300.6223628701111,298.2600754420115,298.15087713568
5.503658982035749,1.5,300.6232607955004,298.2602454952609,298.150880826749
5.507284580838144,1.5,300.624158491977,298.26041564825476,298.15088452919326
5.510910179640539,1.5,300.62505595976484,298.2605859009239,298.1508882430334
5.514535778442934,1.5,300.62595319908723,298.26075625319925,298.1508919682901
5.518161377245328,1.5,300.62685021016716,298.2609267050117,298.150895704984
5.521786976047723,1.5,300.62774699322733,298.26109725629226,298.15089945313593
5.525412574850118,1.5,300.62864354848955,298.26126790697185,298.1509032127665
5.529038173652513,1.5,300.6295398761755,298.2614386569816,298.15090698389633
5.5326637724549075,1.5,300.6304359765064,298.26160950625257,298.15091076654636
5.536289371257302,1.5,300.63133184970286,298.26178045471596,298.15091456073714
5.539914970059697,1.5,300.63222749598515,298.2619515023029,298.15091836648935
5.543540568862092,1.5,300.633122915573,298.26212264894457,298.1509221838238
5.547166167664487,1.5,300.6340181086858,298.2622938945725,298.1509260127612
5.550791766466881,1.5,300.6349130755425,298.2624652391177,298.1509298533222
5.554417365269276,1.5,300.63580781636136,298.26263668251175,298.1509337055276
5.558042964071671,1.5,300.63670233136054,298.26280822468607,298.15093756939814
5.561668562874066,1.5,300.6375966207576,298.262979865572,298.1509414449544
5.56529416167646,1.5,300.6384906847695,298.2631516051011,298.1509453322173
5.568919760478855,1.5,300.6393845236131,298.263323443205,298.1509492312075
5.57254535928125,1.5,300.6402781375045,298.26349537981525,298.15095314194576
5.576170958083645,1.5,300.64117152665943,298.2636674148635,298.15095706445277
5.5797965568860395,1.5,300.64206469129334,298.26383954828145,298.1509609987494
5.583422155688434,1.5,300.6429576316211,298.2640117800008,298.15096494485624
5.587047754490829,1.5,300.64385034785715,298.2641841099534,298.1509689027941
5.590673353293224,1.5,300.64474284021566,298.264356538071,298.1509728725838
5.594298952095619,1.5,300.6456351089101,298.26452906428557,298.150976854246
5.597924550898013,1.5,300.6465271541537,298.26470168852893,298.1509808478015
5.601550149700408,1.5,300.6474189761592,298.2648744107331,298.15098485327104
5.605175748502803,1.5,300.6483105751389,298.2650472308301,298.15098887067535
5.608801347305198,1.5,300.64920195130463,298.26522014875195,298.15099290003525
5.612426946107592,1.5,300.6500931048679,298.26539316443075,298.1509969413715
5.616052544909987,1.5,300.6509840360397,298.26556627779865,298.15100099470493
5.619678143712382,1.5,300.6518747450307,298.26573948878786,298.1510050600562
5.623303742514777,1.5,300.6527652320509,298.2659127973306,298.1510091374461
5.6269293413171715,1.5,300.65365549731024,298.26608620335907,298.1510132268955
5.630554940119566,1.5,300.65454554101797,298.2662597068057,298.15101732842504
5.634180538921961,1.5,300.655435363383,298.2664333076028,298.1510214420556
5.637806137724356,1.5,300.6563249646138,298.26660700568283,298.1510255678079
5.641431736526751,1.5,300.6572143449185,298.2667808009782,298.15102970570274
5.645057335329145,1.5,300.6581035045046,298.2669546934214,298.15103385576094
5.64868293413154,1.5,300.6589924435795,298.26712868294493,298.1510380180033
5.652308532933935,1.5,300.6598811623499,298.2673027694815,298.1510421924505
5.65593413173633,1.5,300.6607696610222,298.26747695296365,298.1510463791235
5.659559730538724,1.5,300.66165793980247,298.2676512333241,298.1510505780429
5.663185329341119,1.5,300.6625459988963,298.2678256104955,298.1510547892296
5.666810928143514,1.5,300.66343383850875,298.26800008441074,298.15105901270437
5.670436526945909,1.5,300.6643214588446,298.26817465500244,298.151063248488
5.6740621257483035,1.5,300.6652088601083,298.2683493222037,298.15106749660134
5.677687724550698,1.5,300.66609604250357,298.26852408594715,298.15107175706515
5.681313323353093,1.5,300.66698300623415,298.2686989461659,298.15107602990014
5.684938922155488,1.5,300.667869751503,298.2688739027929,298.15108031512733
5.688564520957883,1.5,300.66875627851294,298.26904895576115,298.15108461276736
5.692190119760277,1.5,300.66964258746634,298.26922410500373,298.15108892284104
5.695815718562672,1.5,300.67052867856495,298.2693993504538,298.1510932453692
5.699441317365067,1.5,300.6714145520104,298.26957469204444,298.15109758037266
5.703066916167462,1.5,300.6723002080037,298.2697501297089,298.1511019278722
5.706692514969856,1.5,300.6731856467457,298.26992566338043,298.1511062878887
5.710318113772251,1.5,300.6740708684366,298.27010129299225,298.1511106604429
5.713943712574646,1.5,300.67495587327636,298.2702770184777,298.1511150455556
5.717569311377041,1.5,300.67584066146446,298.2704528397703,298.15111944324775
5.7211949101794355,1.5,300.67672523320005,298.27062875680326,298.15112385353996
5.72482050898183,1.5,300.6776095886819,298.27080476951016,298.1511282764531
5.728446107784225,1.5,300.67849372810815,298.27098087782446,298.15113271200806
5.73207170658662,1.5,300.679377651677,298.27115708167975,298.15113716022563
5.735697305389015,1.5,300.6802613595858,298.2713333810096,298.1511416211266
5.739322904191409,1.5,300.68114485203193,298.2715097757476,298.1511460947318
5.742948502993804,1.5,300.6820281292119,298.2716862658275,298.1511505810621
5.746574101796199,1.5,300.6829111913223,298.27186285118296,298.15115508013815
5.750199700598594,1.5,300.68379403855903,298.2720395317479,298.15115959198096
5.753825299400988,1.5,300.6846766711178,298.27221630745584,298.15116411661126
5.757450898203383,1.5,300.6855590891937,298.2723931782408,298.1511686540499
5.761076497005778,1.5,300.6864412929816,298.2725701440367,298.1511732043177
5.764702095808173,1.5,300.68732328267606,298.2727472047773,298.15117776743546
5.7683276946105675,1.5,300.68820505847106,298.27292436039676,298.15118234342395
5.771953293412962,1.5,300.6890866205603,298.2731016108291,298.15118693230414
5.775578892215357,1.5,300.6899679691372,298.27327895600826,298.1511915340967
5.779204491017752,1.5,300.6908491043946,298.2734563958683,298.1511961488225
5.782830089820147,1.5,300.691730026525,298.2736339303436,298.15120077650244
5.786455688622541,1.5,300.6926107357208,298.273811559368,298.1512054171573
5.790081287424936,1.5,300.6934912321735,298.27398928287613,298.1512100708078
5.793706886227331,1.5,300.6943715160748,298.274167100802,298.1512147374749
5.797332485029726,1.5,300.69525158761564,298.27434501308,298.15121941717933
5.80095808383212,1.5,300.6961314469868,298.27452301964445,298.15122410994195
5.804583682634515,1.5,300.69701109437847,298.27470112042977,298.1512288157836
5.80820928143691,1.5,300.6978905299806,298.2748793153704,298.1512335347251
5.811834880239305,1.5,300.69876975398284,298.2750576044009,298.1512382667873
5.8154604790416995,1.5,300.6996487665744,298.27523598745563,298.15124301199097
5.819086077844094,1.5,300.7005275679441,298.27541446446935,298.1512477703569
5.822711676646489,1.5,300.70140615828035,298.2755930353766,298.15125254190593
5.826337275448884,1.5,300.7022845377712,298.2757717001118,298.151257326659
5.829962874251279,1.5,300.70316270660464,298.27595045861,298.1512621246368
5.833588473053673,1.5,300.70404066496786,298.2761293108057,298.15126693586024
5.837214071856068,1.5,300.7049184130478,298.27630825663374,298.15127176035
5.840839670658463,1.5,300.7057959510312,298.27648729602896,298.1512765981271
5.844465269460858,1.5,300.70667327910434,298.27666642892626,298.15128144921215
5.848090868263252,1.5,300.7075503974532,298.27684565526044,298.15128631362614
5.851716467065647,1.5,300.70842730626333,298.2770249749665,298.1512911913898
5.855342065868042,1.5,300.70930400571973,298.2772043879794,298.151296082524
5.858967664670437,1.5,300.7101804960075,298.2773838942341,298.1513009870496
5.8625932634728315,1.5,300.7110567773111,298.27756349366587,298.1513059049873
5.866218862275226,1.5,300.7119328498147,298.27774318620965,298.15131083635794
5.869844461077621,1.5,300.7128087137018,298.27792297180065,298.15131578118235
5.873470059880016,1.5,300.71368436915617,298.278102850374,298.15132073948143
5.877095658682411,1.5,300.7145598163607,298.27828282186505,298.1513257112759
5.880721257484805,1.5,300.7154350554982,298.27846288620896,298.1513306965866
5.8843468562872,1.5,300.7163100867509,298.27864304334105,298.15133569543434
5.887972455089595,1.5,300.71718491030106,298.2788232931967,298.1513407078399
5.89159805389199,1.5,300.7180595263302,298.2790036357114,298.1513457338242
5.895223652694384,1.5,300.7189339350196,298.27918407082035,298.1513507734079
5.898849251496779,1.5,300.71980813655034,298.2793645984593,298.1513558266119
5.902474850299174,1.5,300.7206821311031,298.27954521856367,298.1513608934571
5.906100449101569,1.5,300.721555918858,298.2797259310689,298.1513659739641
5.9097260479039635,1.5,300.7224294999951,298.27990673591074,298.1513710681539
5.913351646706358,1.5,300.7233028746939,298.2800876330248,298.1513761760471
5.916977245508753,1.5,300.72417604313375,298.28026862234674,298.1513812976646
5.920602844311148,1.5,300.7250490054936,298.2804497038123,298.15138643302737
5.924228443113543,1.5,300.7259217619519,298.2806308773572,298.1513915821559
5.927854041915937,1.5,300.7267943126869,298.2808121429173,298.1513967450712
5.931479640718332,1.5,300.72766665787645,298.28099350042845,298.1514019217941
5.935105239520727,1.5,300.7285387976982,298.28117494982644,298.1514071123452
5.938730838323122,1.5,300.7294107323294,298.2813564910473,298.1514123167455
5.942356437125516,1.5,300.7302824619469,298.28153812402695,298.1514175350157
5.945982035927911,1.5,300.7311539867272,298.2817198487014,298.15142276717654
5.949607634730306,1.5,300.7320253068465,298.2819016650067,298.1514280132489
5.953233233532701,1.5,300.7328964224806,298.28208357287906,298.1514332732536
5.9568588323350955,1.5,300.73376733380525,298.28226557225435,298.1514385472113
5.96048443113749,1.5,300.73463804099543,298.282447663069,298.1514438351429
5.964110029939885,1.5,300.7355085442262,298.282629845259,298.15144913706905
5.96773562874228,1.5,300.73637884367207,298.2828121187607,298.1514544530107
5.971361227544675,1.5,300.7372489395071,298.28299448351044,298.15145978298847
5.974986826347069,1.5,300.7381188319053,298.2831769394445,298.1514651270233
5.978612425149464,1.5,300.7389885210403,298.28335948649925,298.1514704851358
5.982238023951859,1.5,300.7398580070852,298.28354212461113,298.15147585734695
5.985863622754254,1.5,300.740727290213,298.28372485371654,298.1514812436773
5.989489221556648,1.5,300.7415963705962,298.28390767375197,298.15148664414784
5.993114820359043,1.5,300.7424652484071,298.284090584654,298.1514920587791
5.996740419161438,1.5,300.74333392381766,298.28427358635906,298.1514974875921
6.000366017963833,1.5,300.7442023969994,298.2844566788039,298.1515029306074
6.0039916167662275,1.5,300.7450706681237,298.2846398619252,298.15150838784587
6.007617215568622,1.5,300.74593873736137,298.28482313565956,298.15151385932825
6.011242814371017,1.5,300.7468066048832,298.2850064999437,298.15151934507526
6.014868413173412,1.5,300.74767427085953,298.28518995471444,298.1515248451077
6.018494011975807,1.5,300.7485417354603,298.2853734999086,298.1515303594464
6.022119610778201,1.5,300.7494089988552,298.28555713546297,298.15153588811194
6.025745209580596,1.5,300.75027606121364,298.2857408613145,298.1515414311253
6.029370808382991,1.5,300.7511429227046,298.2859246774,298.15154698850694
6.032996407185386,1.5,300.7520095834969,298.28610858365647,298.15155256027776
6.03662200598778,1.5,300.7528760437589,298.28629258002104,298.15155814645857
6.040247604790175,1.5,300.75374230365867,298.2864766664306,298.15156374707
6.04387320359257,1.5,300.75460836336407,298.28666084282236,298.1515693621328
6.047498802394965,1.5,300.7554742230426,298.2868451091334,298.1515749916678
6.0511244011973595,1.5,300.75633988286137,298.28702946530086,298.15158063569567
6.054749999999754,1.5,300.75720534298733,298.287213911262,298.1515862942371
6.058375598802149,1.5,300.75807060358693,298.2873984469539,298.15159196731287
6.062001197604544,1.5,300.7589356648264,298.2875830723141,298.15159765494366
6.065626796406939,1.5,300.7598005268718,298.28776778727956,298.1516033571503
6.069252395209333,1.5,300.7606651898887,298.287952591788,298.1516090739534
6.072877994011728,1.5,300.7615296540424,298.28813748577664,298.1516148053737
6.076503592814123,1.5,300.7623939194979,298.2883224691829,298.1516205514319
6.080129191616518,1.5,300.76325798642,298.28850754194434,298.1516263121488
6.083754790418912,1.5,300.7641218549729,298.2886927039984,298.151632087545
6.087380389221307,1.5,300.76498552532087,298.2888779552827,298.1516378776413
6.091005988023702,1.5,300.7658489976277,298.2890632957348,298.1516436824583
6.094631586826097,1.5,300.76671227205674,298.2892487252923,298.1516495020168
6.0982571856284915,1.5,300.76757534877135,298.2894342438929,298.15165533633746
6.101882784430886,1.5,300.7684382279343,298.2896198514743,298.15166118544096
6.105508383233281,1.5,300.76930090970836,298.2898055479743,298.15166704934796
6.109133982035676,1.5,300.77016339425563,298.2899913333306,298.15167292807917
6.112759580838071,1.5,300.7710256817382,298.29017720748107,298.1516788216553
6.116385179640465,1.5,300.77188777231765,298.29036317036355,298.15168473009703
6.12001077844286,1.5,300.77274966615556,298.2905492219159,298.151690653425
6.123636377245255,1.5,300.7736113634129,298.29073536207625,298.15169659166
6.12726197604765,1.5,300.7744728642505,298.2909215907824,298.15170254482257
6.130887574850044,1.5,300.7753341688289,298.29110790797233,298.15170851293345
6.134513173652439,1.5,300.7761952773084,298.2912943135842,298.15171449601326
6.138138772454834,1.5,300.7770561898488,298.2914808075561,298.1517204940827
6.141764371257229,1.5,300.7779169066098,298.29166738982616,298.1517265071625
6.1453899700596235,1.5,300.77877742775064,298.29185406033247,298.1517325352731
6.149015568862018,1.5,300.7796377534305,298.2920408190133,298.1517385784353
6.152641167664413,1.5,300.7804978838081,298.292227665807,298.1517446366697
6.156266766466808,1.5,300.7813578190419,298.2924146006516,298.1517507099971
6.159892365269203,1.5,300.78221755929013,298.29260162348567,298.15175679843793
6.163517964071597,1.5,300.78307710471057,298.29278873424744,298.15176290201293
6.167143562873992,1.5,300.783936455461,298.2929759328754,298.1517690207427
6.170769161676387,1.5,300.7847956116986,298.29316321930787,298.15177515464785
6.174394760478782,1.5,300.78565457358053,298.29335059348335,298.1517813037491
6.178020359281176,1.5,300.7865133412634,298.2935380553405,298.15178746806697
6.181645958083571,1.5,300.7873719149038,298.2937256048177,298.1517936476221
6.185271556885966,1.5,300.7882302946578,298.2939132418536,298.1517998424352
6.188897155688361,1.5,300.78908848068147,298.29410096638685,298.1518060525268
6.1925227544907555,1.5,300.78994647313027,298.2942887783561,298.1518122779175
6.19614835329315,1.5,300.7908042721596,298.29447667769995,298.1518185186279
6.199773952095545,1.5,300.7916618779246,298.2946646643573,298.15182477467863
6.20339955089794,1.5,300.79251929057983,298.29485273826685,298.1518310460903
6.207025149700335,1.5,300.7933765102799,298.2950408993674,298.1518373328835
6.210650748502729,1.5,300.79423353717914,298.2952291475979,298.1518436350787
6.214276347305124,1.5,300.79509037143146,298.29541748289716,298.1518499526967
6.217901946107519,1.5,300.79594701319047,298.2956059052041,298.1518562857579
6.221527544909914,1.5,300.79680346260943,298.29579441445776,298.15186263428296
6.225153143712308,1.5,300.7976597198417,298.29598301059707,298.1518689982924
6.228778742514703,1.5,300.79851578503997,298.2961716935611,298.15187537780685
6.232404341317098,1.5,300.79937165835685,298.29636046328886,298.1518817728468
6.236029940119493,1.5,300.8002273399446,298.2965493197196,298.1518881834329
6.2396555389218875,1.5,300.80108282995525,298.29673826279236,298.15189460958567
6.243281137724282,1.5,300.8019381285406,298.29692729244636,298.1519010513256
6.246906736526677,1.5,300.80279323585205,298.29711640862087,298.1519075086732
6.250532335329072,1.5,300.8036481520408,298.2973056112551,298.1519139816492
6.254157934131467,1.5,300.80450287725785,298.2974949002885,298.15192047027404
6.257783532933861,1.5,300.8053574116538,298.29768427566023,298.1519269745682
6.261409131736256,1.5,300.8062117553791,298.2978737373097,298.1519334945522
6.265034730538651,1.5,300.80706590858375,298.29806328517634,298.1519400302467
6.268660329341046,1.5,300.8079198714178,298.2982529191997,298.1519465816721
6.27228592814344,1.5,300.80877364403074,298.2984426393191,298.15195314884903
6.275911526945835,1.5,300.8096272265719,298.2986324454742,298.15195973179783
6.27953712574823,1.5,300.81048061919034,298.29882233760446,298.1519663305391
6.283162724550625,1.5,300.81133382203484,298.29901231564963,298.15197294509335
6.2867883233530195,1.5,300.8121868352539,298.2992023795492,298.15197957548105
6.290413922155414,1.5,300.8130396589959,298.2993925292429,298.1519862217227
6.294039520957809,1.5,300.81389229340874,298.2995827646704,298.15199288383883
6.297665119760204,1.5,300.81474473864023,298.29977308577156,298.1519995618499
6.301290718562599,1.5,300.81559699483785,298.2999634924861,298.15200625577637
6.304916317364993,1.5,300.81644906214876,298.30015398475376,298.15201296563873
6.308541916167388,1.5,300.81730094072,298.30034456251445,298.1520196914574
6.312167514969783,1.5,300.8181526306982,298.30053522570813,298.15202643325284
6.315793113772178,1.5,300.8190041322298,298.30072597427477,298.15203319104563
6.319418712574572,1.5,300.81985544546103,298.3009168081541,298.1520399648561
6.323044311376967,1.5,300.8207065705378,298.30110772728636,298.1520467547047
6.326669910179362,1.5,300.8215575076058,298.30129873161155,298.152053560612
6.330295508981757,1.5,300.82240825681043,298.3014898210697,298.15206038259834
6.3339211077841515,1.5,300.8232588182968,298.3016809956009,298.15206722068416
6.337546706586546,1.5,300.82410919220985,298.30187225514544,298.1520740748898
6.341172305388941,1.5,300.82495937869425,298.3020635996433,298.15208094523587
6.344797904191336,1.5,300.82580937789436,298.3022550290349,298.15208783174273
6.348423502993731,1.5,300.82665918995434,298.3024465432603,298.15209473443065
6.352049101796125,1.5,300.8275088150181,298.30263814226,298.15210165332024
6.35567470059852,1.5,300.8283582532292,298.3028298259742,298.15210858843176
6.359300299400915,1.5,300.8292075047312,298.30302159434336,298.1521155397857
6.36292589820331,1.5,300.83005656966697,298.3032134473078,298.15212250740234
6.366551497005704,1.5,300.8309054481796,298.30340538480806,298.15212949130216
6.370177095808099,1.5,300.8317541404116,298.3035974067845,298.1521364915055
6.373802694610494,1.5,300.8326026465054,298.3037895131777,298.1521435080328
6.377428293412889,1.5,300.83345096660327,298.30398170392823,298.1521505409043
6.3810538922152835,1.5,300.83429910084686,298.3041739789766,298.1521575901405
6.384679491017678,1.5,300.83514704937807,298.3043663382636,298.15216465576174
6.388305089820073,1.5,300.835994812338,298.3045587817297,298.1521717377883
6.391930688622468,1.5,300.83684238986814,298.30475130931575,298.15217883624064
6.395556287424863,1.5,300.8376897821091,298.3049439209624,298.152185951139
6.399181886227257,1.5,300.8385369892017,298.30513661661035,298.15219308250374
6.402807485029652,1.5,300.83938401128637,298.3053293962005,298.1522002303552
6.406433083832047,1.5,300.8402308485032,298.3055222596737,298.15220739471374
6.410058682634442,1.5,300.84107750099224,298.3057152069708,298.15221457559966
6.413684281436836,1.5,300.84192396889307,298.3059082380327,298.1522217730332
6.417309880239231,1.5,300.84277025234525,298.3061013528004,298.1522289870348
6.420935479041626,1.5,300.8436163514878,298.3062945512148,298.1522362176247
6.424561077844021,1.5,300.84446226645986,298.3064878332169,298.15224346482324
6.4281866766464155,1.5,300.8453079974001,298.3066811987479,298.1522507286506
6.43181227544881,1.5,300.84615354444696,298.30687464774877,298.1522580091272
6.435437874251205,1.5,300.8469989077388,298.30706818016074,298.15226530627325
6.4390634730536,1.5,300.8478440874136,298.30726179592483,298.152272620109
6.442689071855995,1.5,300.84868908360914,298.3074554949824,298.15227995065476
6.446314670658389,1.5,300.8495338964628,298.30764927727455,298.15228729793085
6.449940269460784,1.5,300.85037852611214,298.3078431427426,298.1522946619574
6.453565868263179,1.5,300.851222972694,298.3080370913279,298.15230204275474
6.457191467065574,1.5,300.8520672363455,298.30823112297173,298.1523094403431
6.4608170658679684,1.5,300.85291131720294,298.3084252376154,298.15231685474276
6.464442664670363,1.5,300.85375521540277,298.30861943520046,298.1523242859739
6.468068263472758,1.5,300.85459893108117,298.3088137156683,298.15233173405676
6.471693862275153,1.5,300.8554424643741,298.30900807896046,298.1523391990116
6.4753194610775475,1.5,300.8562858154171,298.3092025250183,298.15234668085856
6.478945059879942,1.5,300.85712898434565,298.3093970537836,298.1523541796178
6.482570658682337,1.5,300.85797197129494,298.30959166519773,298.1523616953097
6.486196257484732,1.5,300.85881477640004,298.30978635920246,298.1523692279544
6.489821856287127,1.5,300.85965739979554,298.3099811357394,298.15237677757204
6.493447455089521,1.5,300.86049984161605,298.3101759947502,298.1523843441828
6.497073053891916,1.5,300.8613421019959,298.31037093617664,298.1523919278069
6.500698652694311,1.5,300.86218418106904,298.3105659599605,298.1523995284645
6.504324251496706,1.5,300.8630260789693,298.31076106604354,298.15240714617573
6.5079498502991004,1.5,300.8638677958304,298.31095625436757,298.15241478096084
6.511575449101495,1.5,300.86470933178566,298.3111515248746,298.15242243283984
6.51520104790389,1.5,300.8655506869682,298.3113468775064,298.1524301018329
6.518826646706285,1.5,300.866391861511,298.31154231220495,298.1524377879603
6.5224522455086795,1.5,300.8672328555467,298.3117378289122,298.15244549124213
6.526077844311074,1.5,300.8680736692078,298.31193342757024,298.1524532116984
6.529703443113469,1.5,300.86891430262665,298.3121291081211,298.15246094934935
6.533329041915864,1.5,300.8697547559351,298.31232487050676,298.15246870421504
6.536954640718259,1.5,300.870595029265,298.3125207146694,298.15247647631554
6.540580239520653,1.5,300.8714351227481,298.3127166405513,298.15248426567103
6.544205838323048,1.5,300.8722750365156,298.3129126480944,298.1524920723015
6.547831437125443,1.5,300.87311477069875,298.3131087372411,298.1524998962272
6.551457035927838,1.5,300.8739543254284,298.31330490793357,298.15250773746806
6.5550826347302324,1.5,300.87479370083526,298.31350116011413,298.1525155960442
6.558708233532627,1.5,300.8756328970498,298.3136974937251,298.1525234719757
6.562333832335022,1.5,300.87647191420234,298.31389390870885,298.1525313652827
6.565959431137417,1.5,300.8773107524229,298.3140904050078,298.1525392759851
6.5695850299398115,1.5,300.87814941184126,298.31428698256434,298.15254720410303
6.573210628742206,1.5,300.8789878925871,298.3144836413209,298.1525551496565
6.576836227544601,1.5,300.8798261947898,298.3146803812201,298.1525631126655
6.580461826346996,1.5,300.8806643185786,298.31487720220434,298.15257109315024
6.584087425149391,1.5,300.8815022640823,298.3150741042163,298.1525790911305
6.587713023951785,1.5,300.8823400314298,298.3152710871985,298.15258710662647
6.59133862275418,1.5,300.8831776207496,298.31546815109357,298.1525951396581
6.594964221556575,1.5,300.88401503217,298.3156652958443,298.1526031902454
6.59858982035897,1.5,300.8848522658191,298.3158625213933,298.1526112584083
6.6022154191613645,1.5,300.8856893218248,298.3160598276833,298.15261934416685
6.605841017963759,1.5,300.8865262003148,298.3162572146571,298.152627447541
6.609466616766154,1.5,300.8873629014165,298.31645468225753,298.15263556855075
6.613092215568549,1.5,300.8881994252573,298.31665223042745,298.15264370721604
6.6167178143709435,1.5,300.88903577196413,298.31684985910965,298.15265186355674
6.620343413173338,1.5,300.8898719416638,298.31704756824723,298.1526600375929
6.623969011975733,1.5,300.89070793448303,298.31724535778284,298.15266822934456
6.627594610778128,1.5,300.8915437505482,298.31744322765974,298.15267643883146
6.631220209580523,1.5,300.8923793899854,298.31764117782075,298.1526846660736
6.634845808382917,1.5,300.8932148529209,298.3178392082091,298.1526929110909
6.638471407185312,1.5,300.8940501394803,298.3180373187678,298.1527011739034
6.642097005987707,1.5,300.89488524978924,298.3182355094399,298.1527094545308
6.645722604790102,1.5,300.895720183973,298.31843378016856,298.15271775299306
6.6493482035924965,1.5,300.8965549421569,298.3186321308971,298.1527260693102
6.652973802394891,1.5,300.89738952446584,298.31883056156863,298.1527344035019
6.656599401197286,1.5,300.8982239310246,298.3190290721264,298.1527427555881
6.660224999999681,1.5,300.8990581619576,298.3192276625138,298.1527511255888
6.6638505988020755,1.5,300.8998922173894,298.31942633267397,298.15275951352373
6.66747619760447,1.5,300.900726097444,298.3196250825505,298.15276791941284
6.671101796406865,1.5,300.9015598022454,298.3198239120866,298.1527763432759
6.67472739520926,1.5,300.9023933319174,298.3200228212258,298.1527847851328
6.678352994011655,1.5,300.9032266865834,298.3202218099115,298.1527932450033
6.681978592814049,1.5,300.9040598663669,298.32042087808725,298.1528017229072
6.685604191616444,1.5,300.90489287139087,298.3206200256965,298.15281021886443
6.689229790418839,1.5,300.90572570177835,298.3208192526829,298.1528187328948
6.692855389221234,1.5,300.90655835765205,298.3210185589899,298.15282726501806
6.6964809880236285,1.5,300.90739083913445,298.3212179445614,298.1528358152539
6.700106586826023,1.5,300.9082231463479,298.32141740934077,298.1528443836224
6.703732185628418,1.5,300.9090552794146,298.32161695327187,298.15285297014304
6.707357784430813,1.5,300.90988723845646,298.3218165762984,298.1528615748357
6.7109833832332075,1.5,300.9107190235953,298.3220162783642,298.1528701977201
6.714608982035602,1.5,300.9115506349524,298.3222160594129,298.1528788388162
6.718234580837997,1.5,300.91238207264934,298.32241591938845,298.15288749814346
6.721860179640392,1.5,300.9132133368072,298.32261585823466,298.1528961757218
6.725485778442787,1.5,300.914044427547,298.32281587589546,298.1529048715709
6.729111377245181,1.5,300.9148753449894,298.32301597231475,298.1529135857105
6.732736976047576,1.5,300.91570608925497,298.32321614743654,298.1529223181603
6.736362574849971,1.5,300.9165366604641,298.32341640120484,298.15293106894
6.739988173652366,1.5,300.91736705873694,298.32361673356365,298.15293983806936
6.7436137724547605,1.5,300.91819728419347,298.3238171444571,298.152948625568
6.747239371257155,1.5,300.91902733695343,298.32401763382927,298.15295743145555
6.75086497005955,1.5,300.9198572171366,298.3242182016242,298.15296625575195
6.754490568861945,1.5,300.9206869248622,298.3244188477861,298.15297509847653
6.7581161676643395,1.5,300.9215164602494,298.3246195722593,298.1529839596492
6.761741766466734,1.5,300.9223458234173,298.3248203749879,298.1529928392894
6.765367365269129,1.5,300.92317501448474,298.32502125591617,298.15300173741707
6.768992964071524,1.5,300.9240040335703,298.32522221498834,298.15301065405157
6.772618562873919,1.5,300.9248328807925,298.32542325214894,298.1530195892127
6.776244161676313,1.5,300.9256615562696,298.32562436734224,298.15302854292
6.779869760478708,1.5,300.9264900601195,298.3258255605127,298.1530375151931
6.783495359281103,1.5,300.9273183924602,298.32602683160474,298.15304650605157
6.787120958083498,1.5,300.92814655340936,298.3262281805627,298.15305551551506
6.7907465568858925,1.5,300.9289745430845,298.32642960733125,298.15306454360314
6.794372155688287,1.5,300.929802361603,298.3266311118548,298.1530735903354
6.797997754490682,1.5,300.93063000908177,298.326832694078,298.15308265573134
6.801623353293077,1.5,300.931457485638,298.3270343539454,298.15309173981063
6.8052489520954715,1.5,300.93228479138827,298.3272360914017,298.1531008425928
6.808874550897866,1.5,300.9331119264492,298.3274379063914,298.1531099640974
6.812500149700261,1.5,300.93393889093716,298.3276397988595,298.1531191043439
6.816125748502656,1.5,300.9347656849684,298.3278417687505,298.1531282633519
6.819751347305051,1.5,300.93559230865884,298.3280438160092,298.15313744114087
6.823376946107445,1.5,300.9364187621244,298.3282459405805,298.15314663773034
6.82700254490984,1.5,300.9372450454806,298.3284481424091,298.1531558531398
6.830628143712235,1.5,300.9380711588431,298.32865042144,298.15316508738886
6.83425374251463,1.5,300.93889710232696,298.328852777618,298.15317434049683
6.8378793413170245,1.5,300.93972287604737,298.32905521088804,298.15318361248336
6.841504940119419,1.5,300.94054848011933,298.3292577211951,298.1531929033678
6.845130538921814,1.5,300.94137391465745,298.3294603084842,298.1532022131697
6.848756137724209,1.5,300.9421991797763,298.3296629727004,298.1532115419085
6.8523817365266035,1.5,300.94302427559035,298.3298657137887,298.1532208896035
6.856007335328998,1.5,300.9438492022136,298.3300685316942,298.1532302562744
6.859632934131393,1.5,300.9446739597602,298.3302714263622,298.15323964194044
6.863258532933788,1.5,300.94549854834406,298.33047439773753,298.15324904662106
6.866884131736183,1.5,300.9463229680787,298.3306774457657,298.15325847033574
6.870509730538577,1.5,300.94714721907764,298.3308805703917,298.1532679131038
6.874135329340972,1.5,300.9479713014541,298.331083771561,298.15327737494465
6.877760928143367,1.5,300.94879521532135,298.33128704921876,298.1532868558777
6.881386526945762,1.5,300.94961896079224,298.3314904033103,298.1532963559224
6.8850121257481565,1.5,300.95044253797954,298.33169383378106,298.153305875098
6.888637724550551,1.5,300.9512659469959,298.3318973405764,298.1533154134239
6.892263323352946,1.5,300.9520891879536,298.3321009236418,298.15332497091947
6.895888922155341,1.5,300.95291226096504,298.3323045829226,298.153334547604
6.8995145209577355,1.5,300.95373516614217,298.3325083183643,298.1533441434969
6.90314011976013,1.5,300.954557903597,298.3327121299126,298.15335375861747
6.906765718562525,1.5,300.9553804734411,298.33291601751284,298.153363392985
6.91039131736492,1.5,300.9562028757861,298.3331199811107,298.1533730466188
6.914016916167315,1.5,300.9570251107433,298.33332402065184,298.1533827195382
6.917642514969709,1.5,300.95784717842395,298.3335281360819,298.15339241176247
6.921268113772104,1.5,300.9586690789391,298.3337323273465,298.1534021233109
6.924893712574499,1.5,300.95949081239957,298.3339365943914,298.1534118542027
6.928519311376894,1.5,300.960312378916,298.33414093716226,298.1534216044572
6.9321449101792885,1.5,300.96113377859893,298.334345355605,298.15343137409366
6.935770508981683,1.5,300.9619550115587,298.33454984966545,298.1534411631312
6.939396107784078,1.5,300.9627760779056,298.3347544192893,298.1534509715893
6.943021706586473,1.5,300.9635969777493,298.3349590644226,298.15346079948694
6.9466473053888675,1.5,300.9644177111999,298.33516378501116,298.15347064684346
6.950272904191262,1.5,300.965238278367,298.335368581001,298.1534805136782
6.953898502993657,1.5,300.9660586793601,298.335573452338,298.15349040001
6.957524101796052,1.5,300.96687891428854,298.3357783989682,298.1535003058583
6.961149700598447,1.5,300.96769898326136,298.33598342083775,298.1535102312423
6.964775299400841,1.5,300.9685188863876,298.3361885178925,298.1535201761811
6.968400898203236,1.5,300.9693386237761,298.3363936900788,298.1535301406939
6.972026497005631,1.5,300.9701581955355,298.3365989373426,298.15354012479975
6.975652095808026,1.5,300.97097760177417,298.33680425963024,298.15355012851796
6.9792776946104205,1.5,300.9717968426006,298.33700965688786,298.15356015186757
6.982903293412815,1.5,300.9726159181229,298.3372151290616,298.1535701948676
6.98652889221521,1.5,300.97343482844906,298.3374206760978,298.1535802575374
6.990154491017605,1.5,300.9742535736868,298.3376262979428,298.15359033989586
6.9937800898199995,1.5,300.97507215394387,298.33783199454285,298.1536004419622
6.997405688622394,1.5,300.9758905693277,298.3380377658443,298.15361056375554
7.001031287424789,1.5,300.9767088199457,298.33824361179376,298.1536207052949
7.004656886227184,1.5,300.977526905905,298.3384495323374,298.1536308665993
7.008282485029579,1.5,300.9783448273125,298.3386555274218,298.1536410476879
7.011908083831973,1.5,300.97916258427523,298.3388615969934,298.15365124857976
7.015533682634368,1.5,300.9799801768997,298.3390677409988,298.1536614692938
7.019159281436763,1.5,300.9807976052925,298.3392739593845,298.1536717098492
7.022784880239158,1.5,300.9816148695599,298.3394802520971,298.15368197026487
7.0264104790415525,1.5,300.9824319698082,298.3396866190832,298.15369225055986
7.030036077843947,1.5,300.9832489061434,298.3398930602895,298.1537025507532
7.033661676646342,1.5,300.9840656786713,298.3400995756626,298.1537128708639
7.037287275448737,1.5,300.9848822874977,298.34030616514934,298.15372321091087
7.0409128742511315,1.5,300.9856987327281,298.3405128286964,298.15373357091306
7.044538473053526,1.5,300.986515014468,298.3407195662505,298.1537439508895
7.048164071855921,1.5,300.9873311328224,298.34092637775865,298.1537543508593
7.051789670658316,1.5,300.98814708789655,298.3411332631674,298.1537647708411
7.055415269460711,1.5,300.98896287979534,298.34134022242387,298.1537752108541
7.059040868263105,1.5,300.9897785086235,298.3415472554749,298.1537856709171
7.0626664670655,1.5,300.99059397448565,298.34175436226724,298.15379615104905
7.066292065867895,1.5,300.9914092774862,298.34196154274815,298.15380665126884
7.06991766467029,1.5,300.99222441772946,298.34216879686454,298.1538171715954
7.0735432634726845,1.5,300.9930393953195,298.3423761245634,298.15382771204764
7.077168862275079,1.5,300.9938542103604,298.3425835257917,298.1538382726444
7.080794461077474,1.5,300.9946688629559,298.3427910004968,298.1538488534045
7.084420059879869,1.5,300.9954833532097,298.3429985486256,298.1538594543469
7.0880456586822636,1.5,300.9962976812253,298.3432061701253,298.1538700754904
7.091671257484658,1.5,300.997111847106,298.3434138649431,298.1538807168539
7.095296856287053,1.5,300.9979258509551,298.3436216330263,298.1538913784561
7.098922455089448,1.5,300.99873969287546,298.34382947432215,298.153902060316
7.102548053891843,1.5,300.9995533729702,298.34403738877785,298.15391276245225
7.106173652694237,1.5,301.00036689134186,298.3442453763407,298.1539234848838
7.109799251496632,1.5,301.0011802480932,298.3444534369582,298.15393422762924
7.113424850299027,1.5,301.00199344332646,298.3446615705776,298.1539449907076
7.117050449101422,1.5,301.002806477144,298.3448697771464,298.15395577413744
7.1206760479038165,1.5,301.00361934964803,298.3450780566119,298.1539665779377
7.124301646706211,1.5,301.0044320609404,298.34528640892177,298.153977402127
7.127927245508606,1.5,301.0052446111231,298.3454948340233,298.15398824672417
7.131552844311001,1.5,301.0060570002976,298.34570333186423,298.1539991117479
7.1351784431133956,1.5,301.00686922856556,298.345911902392,298.15400999721686
7.13880404191579,1.5,301.00768129602824,298.3461205455543,298.1540209031499
7.142429640718185,1.5,301.008493202787,298.34632926129876,298.1540318295656
7.14605523952058,1.5,301.00930494894277,298.3465380495729,298.15404277648275
7.149680838322975,1.5,301.0101165345967,298.34674691032455,298.15405374392
7.153306437125369,1.5,301.01092795984925,298.34695584350146,298.1540647318959
7.156932035927764,1.5,301.0117392248013,298.34716484905135,298.15407574042933
7.160557634730159,1.5,301.0125503295533,298.3473739269219,298.1540867695389
7.164183233532554,1.5,301.01336127420547,298.34758307706113,298.1540978192431
7.1678088323349485,1.5,301.01417205885804,298.3477922994167,298.1541088895607
7.171434431137343,1.5,301.0149826836111,298.34800159393654,298.15411998051025
7.175060029939738,1.5,301.01579314856446,298.3482109605687,298.15413109211045
7.178685628742133,1.5,301.01660345381794,298.348420399261,298.15414222437977
7.1823112275445276,1.5,301.017413599471,298.3486299099614,298.1541533773369
7.185936826346922,1.5,301.01822358562333,298.348839492618,298.15416455100046
7.189562425149317,1.5,301.019033412374,298.34904914717873,298.15417574538895
7.193188023951712,1.5,301.0198430798223,298.3492588735918,298.154186960521
7.196813622754107,1.5,301.02065258806715,298.3494686718052,298.15419819641505
7.200439221556501,1.5,301.0214619372076,298.3496785417671,298.1542094530897
7.204064820358896,1.5,301.0222711273422,298.3498884834256,298.1542207305636
7.207690419161291,1.5,301.0230801585696,298.350098496729,298.15423202885506
7.211316017963686,1.5,301.02388903098836,298.3503085816254,298.15424334798274
7.2149416167660805,1.5,301.02469774469654,298.3505187380632,298.15425468796514
7.218567215568475,1.5,301.0255062997924,298.35072896599064,298.1542660488207
7.22219281437087,1.5,301.02631469637413,298.350939265356,298.1542774305679
7.225818413173265,1.5,301.02712293453936,298.35114963610766,298.1542888332253
7.22944401197566,1.5,301.0279310143859,298.3513600781939,298.1543002568112
7.233069610778054,1.5,301.0287389360113,298.3515705915633,298.1543117013441
7.236695209580449,1.5,301.02954669951305,298.35178117616414,298.1543231668425
7.240320808382844,1.5,301.0303543049885,298.351991831945,298.15433465332484
7.243946407185239,1.5,301.0311617525348,298.35220255885434,298.15434616080955
7.247572005987633,1.5,301.0319690422489,298.35241335684077,298.15435768931496
7.251197604790028,1.5,301.0327761742277,298.3526242258527,298.1543692388595
7.254823203592423,1.5,301.033583148568,298.3528351658389,298.15438080946154
7.258448802394818,1.5,301.0343899653665,298.35304617674785,298.1543924011395
7.2620744011972125,1.5,301.03519662471933,298.3532572585283,298.15440401391174
7.265699999999607,1.5,301.03600312672324,298.3534684111289,298.1544156477966
7.269325598802002,1.5,301.0368094714741,298.3536796344984,298.15442730281245
7.272951197604397,1.5,301.0376156590681,298.35389092858554,298.1544389789776
7.276576796406792,1.5,301.03842168960114,298.354102293339,298.1544506763104
7.280202395209186,1.5,301.03922756316905,298.3543137287078,298.1544623948291
7.283827994011581,1.5,301.04003327986743,298.35452523464056,298.1544741345521
7.287453592813976,1.5,301.0408388397917,298.35473681108635,298.15448589549766
7.291079191616371,1.5,301.0416442430373,298.35494845799394,298.15449767768405
7.294704790418765,1.5,301.0424494896995,298.3551601753123,298.15450948112954
7.29833038922116,1.5,301.04325457987335,298.3553719629904,298.15452130585237
7.301955988023555,1.5,301.0440595136538,298.35558382097724,298.1545331518709
7.30558158682595,1.5,301.0448642911356,298.35579574922184,298.1545450192033
7.3092071856283445,1.5,301.04566891241365,298.35600774767323,298.1545569078677
7.312832784430739,1.5,301.04647337758234,298.35621981628054,298.15456881788253
7.316458383233134,1.5,301.0472776867361,298.35643195499284,298.1545807492658
7.320083982035529,1.5,301.0480818399693,298.3566441637593,298.15459270203576
7.323709580837924,1.5,301.0488858373761,298.3568564425292,298.1546046762107
7.327335179640318,1.5,301.04968967905035,298.35706879125155,298.1546166718087
7.330960778442713,1.5,301.0504933650861,298.35728120987574,298.1546286888479
7.334586377245108,1.5,301.051296895577,298.357493698351,298.15464072734665
7.338211976047503,1.5,301.0521002706168,298.35770625662667,298.15465278732285
7.341837574849897,1.5,301.05290349029883,298.357918884652,298.1546648687948
7.345463173652292,1.5,301.0537065547166,298.3581315823764,298.15467697178053
7.349088772454687,1.5,301.05450946396326,298.35834434974925,298.15468909629817
7.352714371257082,1.5,301.055312218132,298.35855718671985,298.1547012423659
7.3563399700594765,1.5,301.0561148173155,298.35877009323787,298.1547134100017
7.359965568861871,1.5,301.05691726160694,298.3589830692527,298.15472559922375
7.363591167664266,1.5,301.0577195510988,298.3591961147138,298.15473781005005
7.367216766466661,1.5,301.0585216858837,298.3594092295708,298.15475004249873
7.370842365269056,1.5,301.0593236660541,298.35962241377325,298.15476229658776
7.37446796407145,1.5,301.0601254917023,298.3598356672708,298.1547745723352
7.378093562873845,1.5,301.0609271629206,298.3600489900129,298.1547868697591
7.38171916167624,1.5,301.06172867980086,298.3602623819494,298.15479918887746
7.385344760478635,1.5,301.0625300424352,298.36047584302986,298.15481152970824
7.388970359281029,1.5,301.06333125091527,298.36068937320414,298.1548238922695
7.392595958083424,1.5,301.0641323053327,298.36090297242197,298.15483627657926
7.396221556885819,1.5,301.0649332057792,298.36111664063304,298.1548486826554
7.399847155688214,1.5,301.065733952346,298.3613303777873,298.1548611105159
7.4034727544906085,1.5,301.06653454512457,298.3615441838344,298.1548735601788
7.407098353293003,1.5,301.0673349842059,298.36175805872443,298.15488603166193
7.410723952095398,1.5,301.0681352696812,298.36197200240713,298.1548985249833
7.414349550897793,1.5,301.0689354016412,298.3621860148325,298.15491104016075
7.417975149700188,1.5,301.0697353801768,298.36240009595065,298.15492357721223
7.421600748502582,1.5,301.0705352053786,298.3626142457113,298.15493613615564
7.425226347304977,1.5,301.0713348773371,298.36282846406465,298.15494871700884
7.428851946107372,1.5,301.07213439614276,298.36304275096074,298.1549613197897
7.432477544909767,1.5,301.0729337618858,298.3632571063497,298.15497394451614
7.436103143712161,1.5,301.0737329746564,298.36347153018147,298.15498659120595
7.439728742514556,1.5,301.0745320345447,298.36368602240634,298.154999259877
7.443354341316951,1.5,301.0753309416404,298.3639005829745,298.1550119505471
7.446979940119346,1.5,301.0761296960334,298.3641152118361,298.1550246632341
7.4506055389217405,1.5,301.07692829781337,298.3643299089414,298.15503739795577
7.454231137724135,1.5,301.0777267470698,298.3645446742406,298.15505015472996
7.45785673652653,1.5,301.07852504389206,298.36475950768414,298.15506293357436
7.461482335328925,1.5,301.07932318836953,298.36497440922216,298.15507573450685
7.46510793413132,1.5,301.0801211805913,298.3651893788052,298.1550885575451
7.468733532933714,1.5,301.0809190206465,298.36540441638357,298.155101402707
7.472359131736109,1.5,301.0817167086239,298.36561952190766,298.1551142700101
7.475984730538504,1.5,301.08251424461247,298.3658346953279,298.1551271594723
7.479610329340899,1.5,301.08331162870076,298.36604993659483,298.1551400711112
7.483235928143293,1.5,301.0841088609774,298.36626524565895,298.15515300494457
7.486861526945688,1.5,301.08490594153074,298.36648062247076,298.1551659609901
7.490487125748083,1.5,301.08570287044915,298.3666960669808,298.15517893926545
7.494112724550478,1.5,301.08649964782086,298.3669115791397,298.1551919397883
7.4977383233528725,1.5,301.0872962737339,298.3671271588981,298.15520496257636
7.501363922155267,1.5,301.0880927482762,298.36734280620664,298.15521800764725
7.504989520957662,1.5,301.0888890715357,298.367558521016,298.15523107501855
7.508615119760057,1.5,301.08968524359994,298.3677743032769,298.155244164708
7.512240718562452,1.5,301.0904812645566,298.36799015294,298.15525727673304
7.515866317364846,1.5,301.09127713449317,298.36820606995633,298.15527041111153
7.519491916167241,1.5,301.09207285349703,298.3684220542764,298.1552835678608
7.523117514969636,1.5,301.0928684216554,298.3686381058511,298.15529674699866
7.526743113772031,1.5,301.09366383905535,298.36885422463143,298.15530994854254
7.530368712574425,1.5,301.0944591057839,298.3690704105682,298.15532317251
7.53399431137682,1.5,301.095254221928,298.36928666361234,298.1553364189187
7.537619910179215,1.5,301.09604918757435,298.3695029837147,298.1553496877861
7.54124550898161,1.5,301.09684400280963,298.36971937082643,298.15536297912973
7.5448711077840045,1.5,301.0976386677204,298.3699358248985,298.15537629296716
7.548496706586399,1.5,301.09843318239297,298.3701523458819,298.1553896293158
7.552122305388794,1.5,301.09922754691377,298.37036893372766,298.1554029881933
7.555747904191189,1.5,301.10002176136885,298.370585588387,298.1554163696169
7.559373502993584,1.5,301.10081582584445,298.3708023098109,298.15542977360417
7.562999101795978,1.5,301.1016097404263,298.37101909795064,298.1554432001727
7.566624700598373,1.5,301.1024035052004,298.3712359527574,298.15545664933984
7.570250299400768,1.5,301.1031971202525,298.3714528741823,298.15547012112296
7.573875898203163,1.5,301.1039905856681,298.3716698621767,298.15548361553954
7.577501497005557,1.5,301.1047839015328,298.3718869166918,298.155497132607
7.581127095807952,1.5,301.1055770679319,298.37210403767887,298.15551067234276
7.584752694610347,1.5,301.1063700849507,298.3723212250894,298.1555242347642
7.588378293412742,1.5,301.1071629526743,298.3725384788746,298.15553781988865
7.5920038922151365,1.5,301.10795567118777,298.3727557989859,298.15555142773354
7.595629491017531,1.5,301.108748240576,298.3729731853748,298.15556505831626
7.599255089819926,1.5,301.1095406609239,298.37319063799265,298.15557871165396
7.602880688622321,1.5,301.1103329323161,298.373408156791,298.15559238776416
7.606506287424716,1.5,301.11112505483715,298.37362574172136,298.15560608666414
7.61013188622711,1.5,301.1119170285716,298.3738433927352,298.1556198083712
7.613757485029505,1.5,301.1127088536038,298.3740611097842,298.15563355290266
7.6173830838319,1.5,301.1135005300179,298.3742788928198,298.15564732027576
7.621008682634295,1.5,301.1142920578982,298.3744967417938,298.1556611105078
7.624634281436689,1.5,301.11508343732856,298.37471465665766,298.15567492361595
7.628259880239084,1.5,301.115874668393,298.37493263736326,298.15568875961765
7.631885479041479,1.5,301.11666575117533,298.3751506838622,298.15570261853
7.635511077843874,1.5,301.1174566857592,298.3753687961064,298.1557165003702
7.6391366766462685,1.5,301.1182474722282,298.3755869740474,298.15573040515557
7.642762275448663,1.5,301.1190381106658,298.3758052176371,298.1557443329033
7.646387874251058,1.5,301.1198286011554,298.3760235268274,298.1557582836305
7.650013473053453,1.5,301.12061894378013,298.37624190157,298.15577225735444
7.653639071855848,1.5,301.12140913862333,298.3764603418169,298.1557862540923
7.657264670658242,1.5,301.1221991857679,298.37667884752005,298.15580027386113
7.660890269460637,1.5,301.1229890852968,298.3768974186313,298.1558143166782
7.664515868263032,1.5,301.1237788372928,298.3771160551027,298.1558283825605
7.668141467065427,1.5,301.1245684418387,298.3773347568863,298.1558424715253
7.671767065867821,1.5,301.125357899017,298.37755352393395,298.1558565835897
7.675392664670216,1.5,301.12614720891025,298.37777235619797,298.15587071877064
7.679018263472611,1.5,301.1269363716009,298.3779912536302,298.1558848770854
7.682643862275006,1.5,301.1277253871711,298.378210216183,298.15589905855086
7.6862694610774005,1.5,301.1285142557031,298.37842924380834,298.15591326318435
7.689895059879795,1.5,301.12930297727894,298.3786483364585,298.1559274910026
7.69352065868219,1.5,301.13009155198057,298.3788674940857,298.155941742023
7.697146257484585,1.5,301.13087997988976,298.37908671664206,298.15595601626234
7.70077185628698,1.5,301.13166826108835,298.3793060040799,298.15597031373767
7.704397455089374,1.5,301.132456395658,298.3795253563517,298.15598463446605
7.708023053891769,1.5,301.13324438368016,298.37974477340947,298.15599897846437
7.711648652694164,1.5,301.1340322252363,298.3799642552058,298.1560133457498
7.715274251496559,1.5,301.1348199204077,298.38018380169297,298.1560277363392
7.718899850298953,1.5,301.1356074692756,298.38040341282345,298.15604215024945
7.722525449101348,1.5,301.13639487192114,298.3806230885496,298.1560565874976
7.726151047903743,1.5,301.1371821284252,298.380842828824,298.15607104810056
7.729776646706138,1.5,301.13796923886883,298.381062633599,298.1560855320752
7.7334022455085325,1.5,301.1387562033327,298.3812825028274,298.15610003943857
7.737027844310927,1.5,301.13954302189757,298.38150243646146,298.1561145702075
7.740653443113322,1.5,301.14032969464404,298.3817224344539,298.1561291243987
7.744279041915717,1.5,301.14111622165257,298.38194249675723,298.1561437020293
7.747904640718112,1.5,301.1419026030035,298.3821626233243,298.1561583031161
7.751530239520506,1.5,301.1426888387771,298.38238281410764,298.15617292767587
7.755155838322901,1.5,301.1434749290536,298.38260306905994,298.15618757572554
7.758781437125296,1.5,301.144260873913,298.38282338813394,298.1562022472819
7.762407035927691,1.5,301.1450466734354,298.3830437712825,298.15621694236177
7.766032634730085,1.5,301.14583232770053,298.3832642184582,298.1562316609819
7.76965823353248,1.5,301.1466178367881,298.38348472961405,298.1562464031591
7.773283832334875,1.5,301.14740320077794,298.38370530470286,298.15626116891025
7.77690943113727,1.5,301.1481884197495,298.3839259436774,298.1562759582521
7.7805350299396645,1.5,301.14897349378236,298.3841466464907,298.15629077120127
7.784160628742059,1.5,301.14975842295564,298.3843674130956,298.1563056077746
7.787786227544454,1.5,301.1505432073488,298.3845882434451,298.15632046798885
7.791411826346849,1.5,301.1513278470409,298.38480913749214,298.1563353518606
7.795037425149244,1.5,301.15211234211097,298.38503009518985,298.15635025940674
7.798663023951638,1.5,301.1528966926381,298.38525111649113,298.1563651906439
7.802288622754033,1.5,301.15368089870094,298.38547220134916,298.15638014558874
7.805914221556428,1.5,301.15446496037833,298.38569334971703,298.1563951242579
7.809539820358823,1.5,301.155248877749,298.3859145615478,298.1564101266681
7.813165419161217,1.5,301.1560326508914,298.38613583679467,298.15642515283605
7.816791017963612,1.5,301.15681627988397,298.3863571754108,298.15644020277824
7.820416616766007,1.5,301.15759976480507,298.3865785773495,298.15645527651134
7.824042215568402,1.5,301.15838310573304,298.3868000425639,298.15647037405205
7.8276678143707965,1.5,301.159166302746,298.3870215710074,298.15648549541686
7.831293413173191,1.5,301.1599493559219,298.38724316263307,298.15650064062237
7.834919011975586,1.5,301.1607322653388,298.3874648173945,298.15651580968523
7.838544610777981,1.5,301.1615150310746,298.3876865352449,298.15653100262193
7.842170209580376,1.5,301.1622976532069,298.3879083161377,298.156546219449
7.84579580838277,1.5,301.1630801318135,298.3881301600264,298.1565614601831
7.849421407185165,1.5,301.1638624669719,298.3883520668643,298.15657672484076
7.85304700598756,1.5,301.16464465875964,298.3885740366049,298.1565920134384
7.856672604789955,1.5,301.165426707254,298.3887960692017,298.1566073259925
7.860298203592349,1.5,301.1662086125324,298.3890181646084,298.1566226625197
7.863923802394744,1.5,301.16699037467174,298.3892403227783,298.1566380230363
7.867549401197139,1.5,301.16777199374934,298.3894625436651,298.1566534075588
7.871174999999534,1.5,301.1685534698421,298.3896848272224,298.1566688161038
7.8748005988019285,1.5,301.1693348030269,298.3899071734039,298.1566842486876
7.878426197604323,1.5,301.1701159933806,298.3901295821632,298.1566997053267
7.882051796406718,1.5,301.1708970409798,298.390352053454,298.15671518603745
7.885677395209113,1.5,301.1716779459011,298.39057458723005,298.15673069083635
7.889302994011508,1.5,301.1724587082211,298.39079718344516,298.1567462197397
7.892928592813902,1.5,301.1732393280161,298.391019842053,298.15676177276396
7.896554191616297,1.5,301.17401980536243,298.3912425630075,298.1567773499255
7.900179790418692,1.5,301.17480014033646,298.3914653462624,298.1567929512406
7.903805389221087,1.5,301.17558033301407,298.3916881917716,298.15680857672567
7.907430988023481,1.5,301.17636038347143,298.391911099489,298.156824226397
7.911056586825876,1.5,301.17714029178455,298.3921340693685,298.156839900271
7.914682185628271,1.5,301.1779200580291,298.39235710136415,298.1568555983639
7.918307784430666,1.5,301.178699682281,298.39258019542984,298.156871320692
7.9219333832330605,1.5,301.17947916461577,298.39280335151955,298.1568870672716
7.925558982035455,1.5,301.18025850510895,298.39302656958745,298.156902838119
7.92918458083785,1.5,301.1810377038361,298.39324984958745,298.15691863325037
7.932810179640245,1.5,301.18181676087266,298.39347319147373,298.156934452682
7.93643577844264,1.5,301.18259567629366,298.39369659520037,298.15695029643024
7.940061377245034,1.5,301.1833744501745,298.3939200607216,298.1569661645112
7.943686976047429,1.5,301.1841530825903,298.3941435879915,298.15698205694105
7.947312574849824,1.5,301.18493157361587,298.39436717696424,298.15699797373605
7.950938173652219,1.5,301.18570992332627,298.39459082759424,298.15701391491245
7.954563772454613,1.5,301.18648813179624,298.3948145398356,298.1570298804863
7.958189371257008,1.5,301.18726619910063,298.39503831364266,298.15704587047384
7.961814970059403,1.5,301.1880441253139,298.3952621489697,298.1570618848912
7.965440568861798,1.5,301.18882191051074,298.3954860457711,298.1570779237545
7.9690661676641925,1.5,301.1895995547656,298.39571000400133,298.1570939870799
7.972691766466587,1.5,301.19037705815276,298.39593402361464,298.15711007488346
7.976317365268982,1.5,301.19115442074656,298.39615810456553,298.15712618718135
7.979942964071377,1.5,301.1919316426211,298.3963822468084,298.1571423239896
7.983568562873772,1.5,301.19270872385056,298.39660645029784,298.1571584853243
7.987194161676166,1.5,301.1934856645089,298.3968307149882,298.1571746712016
7.990819760478561,1.5,301.19426246467,298.3970550408342,298.1571908816374
7.994445359280956,1.5,301.1950391244077,298.3972794277903,298.15720711664784
7.998070958083351,1.5,301.19581564379575,298.3975038758111,298.1572233762489
8.001696556885745,1.5,301.1965920229078,298.39772838485123,298.15723966045664
8.005322155688141,1.5,301.19736826181736,298.3979529548654,298.157255969287
8.008947754490537,1.5,301.1981443605979,298.39817758580824,298.15727230275604
8.012573353292932,1.5,301.1989203193229,298.3984022776345,298.1572886608797
8.016198952095328,1.5,301.1996961380655,298.3986270302988,298.15730504367394
8.019824550897724,1.5,301.200471816899,298.39885184375606,298.15732145115476
8.02345014970012,1.5,301.2012473558963,298.39907671796095,298.15733788333796
8.027075748502515,1.5,301.2020227551307,298.39930165286836,298.15735434023964
8.03070134730491,1.5,301.20279801467507,298.39952664843315,298.1573708218756
8.034326946107306,1.5,301.2035731346021,298.3997517046101,298.1573873282618
8.037952544909702,1.5,301.20434811498467,298.39997682135424,298.1574038594141
8.041578143712098,1.5,301.20512295589543,298.40020199862033,298.15742041534844
8.045203742514493,1.5,301.2058976574069,298.40042723636344,298.1574369960806
8.048829341316889,1.5,301.2066722195917,298.40065253453855,298.15745360162646
8.052454940119285,1.5,301.20744664252214,298.4008778931007,298.1574702320019
8.05608053892168,1.5,301.20822092627054,298.40110331200486,298.1574868872227
8.059706137724076,1.5,301.20899507090917,298.40132879120614,298.15750356730473
8.063331736526472,1.5,301.2097690765102,298.4015543306596,298.15752027226375
8.066957335328867,1.5,301.21054294314564,298.4017799303204,298.1575370021155
8.070582934131263,1.5,301.21131667088747,298.4020055901437,298.1575537568758
8.074208532933659,1.5,301.21209025980755,298.40223131008463,298.1575705365605
8.077834131736054,1.5,301.21286370997774,298.40245709009844,298.15758734118526
8.08145973053845,1.5,301.21363702146976,298.4026829301404,298.15760417076586
8.085085329340846,1.5,301.21441019435525,298.40290883016564,298.15762102531806
8.088710928143241,1.5,301.2151832287057,298.40313479012957,298.15763790485744
8.092336526945637,1.5,301.2159561245926,298.4033608099874,298.1576548093999
8.095962125748033,1.5,301.2167288820873,298.4035868896946,298.15767173896097
8.099587724550428,1.5,301.21750150126115,298.40381302920656,298.1576886935564
8.103213323352824,1.5,301.2182739821853,298.40403922847844,298.15770567320175
8.10683892215522,1.5,301.2190463249309,298.404265487466,298.1577226779129
8.110464520957615,1.5,301.21981852956895,298.4044918061244,298.1577397077053
8.11409011976001,1.5,301.2205905961705,298.40471818440926,298.1577567625946
8.117715718562406,1.5,301.2213625248063,298.40494462227605,298.15777384259644
8.121341317364802,1.5,301.2221343155473,298.40517111968035,298.15779094772654
8.124966916167198,1.5,301.22290596846403,298.40539767657765,298.1578080780003
8.128592514969593,1.5,301.2236774836272,298.4056242929237,298.1578252334334
8.132218113771989,1.5,301.22444886110736,298.40585096867386,298.1578424140414
8.135843712574385,1.5,301.2252201009749,298.406077703784,298.1578596198399
8.13946931137678,1.5,301.2259912033003,298.4063044982097,298.1578768508443
8.143094910179176,1.5,301.2267621681537,298.4065313519067,298.1578941070702
8.146720508981572,1.5,301.2275329956054,298.40675826483067,298.1579113885332
8.150346107783967,1.5,301.22830368572545,298.4069852369374,298.15792869524876
8.153971706586363,1.5,301.229074238584,298.4072122681827,298.15794602723224
8.157597305388759,1.5,301.229844654251,298.4074393585223,298.1579633844992
8.161222904191154,1.5,301.2306149327962,298.4076665079121,298.1579807670652
8.16484850299355,1.5,301.23138507428956,298.40789371630797,298.15799817494565
8.168474101795946,1.5,301.2321550788007,298.4081209836658,298.15801560815595
8.172099700598341,1.5,301.2329249463993,298.40834830994146,298.1580330667115
8.175725299400737,1.5,301.2336946771548,298.408575695091,298.15805055062776
8.179350898203133,1.5,301.23446427113686,298.40880313907024,298.1580680599201
8.182976497005528,1.5,301.23523372841464,298.4090306418353,298.1580855946039
8.186602095807924,1.5,301.2360030490576,298.4092582033421,298.1581031546947
8.19022769461032,1.5,301.23677223313496,298.4094858235468,298.1581207402076
8.193853293412715,1.5,301.23754128071585,298.40971350240545,298.15813835115813
8.197478892215111,1.5,301.2383101918693,298.4099412398742,298.1581559875616
8.201104491017507,1.5,301.2390789666643,298.41016903590906,298.15817364943337
8.204730089819902,1.5,301.2398476051698,298.41039689046625,298.15819133678866
8.208355688622298,1.5,301.2406161074547,298.41062480350206,298.1582090496429
8.211981287424694,1.5,301.2413844735876,298.41085277497257,298.1582267880112
8.21560688622709,1.5,301.2421527036372,298.41108080483417,298.1582445519089
8.219232485029485,1.5,301.2429207976722,298.41130889304293,298.1582623413515
8.22285808383188,1.5,301.24368875576096,298.4115370395553,298.1582801563539
8.226483682634276,1.5,301.24445657797196,298.4117652443277,298.1582979969315
8.230109281436672,1.5,301.2452242643737,298.41199350731625,298.1583158630996
8.233734880239068,1.5,301.2459918150342,298.4122218284774,298.15833375487324
8.237360479041463,1.5,301.2467592300218,298.4124502077676,298.15835167226777
8.240986077843859,1.5,301.2475265094046,298.4126786451434,298.1583696152983
8.244611676646254,1.5,301.24829365325064,298.412907140561,298.15838758398
8.24823727544865,1.5,301.24906066162794,298.4131356939771,298.1584055783281
8.251862874251046,1.5,301.24982753460426,298.4133643053481,298.1584235983577
8.255488473053441,1.5,301.25059427224755,298.4135929746306,298.1584416440839
8.259114071855837,1.5,301.25136087462533,298.41382170178116,298.15845971552193
8.262739670658233,1.5,301.2521273418055,298.4140504867563,298.15847781268684
8.266365269460628,1.5,301.25289367385545,298.41427932951274,298.1584959355937
8.269990868263024,1.5,301.2536598708427,298.41450823000713,298.1585140842577
8.27361646706542,1.5,301.2544259328347,298.4147371881961,298.1585322586938
8.277242065867815,1.5,301.2551918598988,298.4149662040364,298.1585504589171
8.280867664670211,1.5,301.25595765210227,298.4151952774846,298.1585686849427
8.284493263472607,1.5,301.2567233095122,298.4154244084977,298.1585869367855
8.288118862275002,1.5,301.25748883219586,298.41565359703236,298.15860521446064
8.291744461077398,1.5,301.25825422022024,298.4158828430454,298.1586235179832
8.295370059879794,1.5,301.2590194736522,298.4161121464937,298.15864184736796
8.29899565868219,1.5,301.2597845925587,298.416341507334,298.1586602026301
8.302621257484585,1.5,301.26054957700654,298.41657092552333,298.1586785837845
8.30624685628698,1.5,301.2613144270625,298.4168004010185,298.15869699084607
8.309872455089376,1.5,301.26207914279314,298.4170299337766,298.1587154238299
8.313498053891772,1.5,301.2628437242651,298.4172595237544,298.1587338827509
8.317123652694168,1.5,301.2636081715449,298.4174891709091,298.15875236762383
8.320749251496563,1.5,301.2643724846989,298.4177188751976,298.1587708784638
8.324374850298959,1.5,301.2651366637935,298.41794863657697,298.1587894152856
8.328000449101355,1.5,301.265900708895,298.4181784550044,298.1588079781041
8.33162604790375,1.5,301.2666646200696,298.4184083304368,298.15882656693424
8.335251646706146,1.5,301.2674283973834,298.4186382628315,298.15884518179087
8.338877245508542,1.5,301.2681920409025,298.41886825214544,298.1588638226887
8.342502844310937,1.5,301.26895555069285,298.419098298336,298.15888248964274
8.346128443113333,1.5,301.26971892682036,298.4193284013603,298.1589011826677
8.349754041915729,1.5,301.27048216935094,298.41955856117556,298.15891990177846
8.353379640718124,1.5,301.2712452783502,298.4197887777391,298.1589386469898
8.35700523952052,1.5,301.27200825388394,298.4200190510082,298.15895741831645
8.360630838322916,1.5,301.27277109601783,298.42024938094016,298.15897621577324
8.364256437125311,1.5,301.27353380481725,298.4204797674924,298.1589950393748
8.367882035927707,1.5,301.2742963803477,298.4207102106222,298.1590138891361
8.371507634730103,1.5,301.2750588226748,298.4209407102869,298.1590327650717
8.375133233532498,1.5,301.27582113186355,298.42117126644416,298.1590516671963
8.378758832334894,1.5,301.2765833079795,298.42140187905125,298.1590705955247
8.38238443113729,1.5,301.27734535108755,298.42163254806565,298.1590895500716
8.386010029939685,1.5,301.27810726125296,298.4218632734449,298.15910853085154
8.38963562874208,1.5,301.2788690385407,298.4220940551465,298.15912753787933
8.393261227544476,1.5,301.2796306830158,298.4223248931281,298.1591465711696
8.396886826346872,1.5,301.2803921947431,298.42255578734716,298.15916563073694
8.400512425149268,1.5,301.28115357378744,298.42278673776144,298.15918471659603
8.404138023951663,1.5,301.28191482021356,298.4230177443284,298.15920382876146
8.407763622754059,1.5,301.28267593408606,298.42324880700585,298.1592229672478
8.411389221556455,1.5,301.2834369154697,298.4234799257514,298.15924213206966
8.41501482035885,1.5,301.2841977644288,298.4237111005228,298.15926132324165
8.418640419161246,1.5,301.28495848102807,298.4239423312777,298.15928054077835
8.422266017963642,1.5,301.28571906533165,298.4241736179741,298.1592997846942
8.425891616766037,1.5,301.28647951740396,298.4244049605695,298.1593190550039
8.429517215568433,1.5,301.28723983730924,298.4246363590219,298.1593383517219
8.433142814370829,1.5,301.2880000251118,298.4248678132892,298.1593576748627
8.436768413173224,1.5,301.2887600808754,298.4250993233291,298.15937702444074
8.44039401197562,1.5,301.2895200046645,298.4253308890996,298.15939640047065
8.444019610778016,1.5,301.2902797965428,298.4255625105587,298.15941580296675
8.447645209580411,1.5,301.2910394565742,298.42579418766417,298.15943523194363
8.451270808382807,1.5,301.29179898482266,298.4260259203741,298.1594546874157
8.454896407185203,1.5,301.29255838135174,298.4262577086465,298.1594741693974
8.458522005987598,1.5,301.29331764622526,298.4264895524394,298.1594936779031
8.462147604789994,1.5,301.2940767795068,298.42672145171093,298.1595132129473
8.46577320359239,1.5,301.2948357812599,298.426953406419,298.15953277454423
8.469398802394785,1.5,301.29559465154813,298.4271854165218,298.15955236270855
8.473024401197181,1.5,301.2963533904347,298.4274174819775,298.1595719774544
8.476649999999577,1.5,301.2971119979831,298.42764960274434,298.15959161879624
8.480275598801972,1.5,301.29787047425657,298.4278817787803,298.1596112867484
8.483901197604368,1.5,301.2986288193183,298.42811401004377,298.15963098132517
8.487526796406764,1.5,301.29938703323137,298.42834629649286,298.15965070254094
8.49115239520916,1.5,301.3001451160589,298.42857863808604,298.15967045041
8.494777994011555,1.5,301.30090306786394,298.42881103478146,298.1596902249466
8.49840359281395,1.5,301.3016608887092,298.42904348653747,298.15971002616504
8.502029191616346,1.5,301.30241857865775,298.42927599331233,298.15972985407967
8.505654790418742,1.5,301.3031761377723,298.4295085550645,298.1597497087047
8.509280389221137,1.5,301.30393356611563,298.42974117175237,298.1597695900543
8.512905988023533,1.5,301.3046908637503,298.4299738433343,298.1597894981428
8.516531586825929,1.5,301.30544803073894,298.43020656976887,298.15980943298433
8.520157185628324,1.5,301.3062050671441,298.4304393510145,298.15982939459315
8.52378278443072,1.5,301.30696197302814,298.4306721870297,298.15984938298345
8.527408383233116,1.5,301.3077187484535,298.430905077773,298.15986939816935
8.531033982035511,1.5,301.3084753934825,298.4311380232029,298.15988944016516
8.534659580837907,1.5,301.3092319081775,298.4313710232781,298.159909508985
8.538285179640303,1.5,301.30998829260045,298.43160407795705,298.1599296046428
8.541910778442698,1.5,301.3107445468136,298.4318371871985,298.15994972715293
8.545536377245094,1.5,301.311500670879,298.43207035096106,298.15996987652943
8.54916197604749,1.5,301.31225666485864,298.43230356920344,298.1599900527864
8.552787574849885,1.5,301.3130125288144,298.43253684188426,298.16001025593783
8.556413173652281,1.5,301.3137682628081,298.43277016896246,298.160030485998
8.560038772454677,1.5,301.3145238669016,298.43300355039656,298.16005074298084
8.563664371257072,1.5,301.31527934115655,298.43323698614563,298.1600710269004
8.567289970059468,1.5,301.3160346856347,298.43347047616817,298.16009133777084
8.570915568861864,1.5,301.3167899003975,298.43370402042325,298.160111675606
8.57454116766426,1.5,301.3175449855066,298.43393761886966,298.16013204042
8.578166766466655,1.5,301.3182999410233,298.43417127146625,298.1601524322269
8.58179236526905,1.5,301.3190547670092,298.43440497817204,298.16017285104056
8.585417964071446,1.5,301.3198094635254,298.434638738946,298.160193296875
8.589043562873842,1.5,301.32056403063336,298.43487255374686,298.1602137697442
8.592669161676238,1.5,301.3213184683941,298.43510642253386,298.16023426966206
8.596294760478633,1.5,301.3220727768688,298.43534034526596,298.1602547966426
8.599920359281029,1.5,301.3228269561186,298.4355743219021,298.16027535069975
8.603545958083425,1.5,301.3235810062045,298.4358083524015,298.16029593184726
8.60717155688582,1.5,301.3243349271873,298.43604243672326,298.16031654009913
8.610797155688216,1.5,301.325088719128,298.4362765748264,298.16033717546935
8.614422754490612,1.5,301.32584238208744,298.43651076667015,298.1603578379716
8.618048353293007,1.5,301.3265959161262,298.43674501221363,298.16037852761986
8.621673952095403,1.5,301.3273493213051,298.43697931141605,298.16039924442794
8.625299550897799,1.5,301.3281025976847,298.4372136642367,298.16041998840967
8.628925149700194,1.5,301.3288557453255,298.43744807063473,298.1604407595789
8.63255074850259,1.5,301.329608764288,298.43768253056953,298.16046155794936
8.636176347304986,1.5,301.3303616546327,298.4379170440003,298.160482383535
8.639801946107381,1.5,301.33111441641995,298.4381516108865,298.1605032363494
8.643427544909777,1.5,301.33186704971,298.4383862311874,298.16052411640646
8.647053143712172,1.5,301.332619554563,298.4386209048624,298.1605450237199
8.650678742514568,1.5,301.3333719310393,298.43885563187087,298.1605659583035
8.654304341316964,1.5,301.3341241791989,298.43909041217233,298.16058692017094
8.65792994011936,1.5,301.3348762991019,298.43932524572614,298.16060790933597
8.661555538921755,1.5,301.3356282908082,298.4395601324918,298.16062892581226
8.66518113772415,1.5,301.33638015437776,298.439795072429,298.1606499696135
8.668806736526546,1.5,301.3371318898705,298.440030065497,298.1606710407534
8.672432335328942,1.5,301.33788349734607,298.44026511165555,298.1606921392456
8.676057934131338,1.5,301.33863497686434,298.4405002108642,298.16071326510377
8.679683532933733,1.5,301.33938632848486,298.4407353630825,298.1607344183415
8.683309131736129,1.5,301.3401375522673,298.4409705682702,298.16075559897257
8.686934730538525,1.5,301.3408886482713,298.4412058263868,298.16077680701034
8.69056032934092,1.5,301.34163961655617,298.4414411373922,298.1607980424686
8.694185928143316,1.5,301.3423904571814,298.4416765012459,298.16081930536103
8.697811526945712,1.5,301.34314117020637,298.44191191790776,298.16084059570096
8.701437125748107,1.5,301.3438917556904,298.44214738733757,298.16086191350206
8.705062724550503,1.5,301.3446422136926,298.44238290949505,298.16088325877786
8.708688323352899,1.5,301.34539254427233,298.4426184843401,298.16090463154194
8.712313922155294,1.5,301.34614274748856,298.44285411183245,298.16092603180783
8.71593952095769,1.5,301.3468928234004,298.4430897919321,298.160947459589
8.719565119760086,1.5,301.3476427720669,298.4433255245988,298.16096891489894
8.723190718562481,1.5,301.3483925935468,298.44356130979247,298.16099039775116
8.726816317364877,1.5,301.34914228789916,298.4437971474732,298.1610119081591
8.730441916167273,1.5,301.3498918551827,298.4440330376009,298.1610334461363
8.734067514969668,1.5,301.3506412954562,298.4442689801356,298.16105501169613
8.737693113772064,1.5,301.3513906087784,298.4445049750372,298.16107660485204
8.74131871257446,1.5,301.35213979520785,298.4447410222659,298.1610982256174
8.744944311376855,1.5,301.3528888548031,298.4449771217815,298.16111987400575
8.748569910179251,1.5,301.35363778762274,298.44521327354437,298.1611415500304
8.752195508981647,1.5,301.35438659372517,298.44544947751456,298.1611632537048
8.755821107784042,1.5,301.35513527316874,298.4456857336522,298.16118498504215
8.759446706586438,1.5,301.35588382601185,298.44592204191747,298.161206744056
8.763072305388834,1.5,301.3566322523128,298.44615840227056,298.16122853075956
8.76669790419123,1.5,301.3573805521297,298.4463948146717,298.16125034516625
8.770323502993625,1.5,301.3581287255207,298.44663127908103,298.1612721872893
8.77394910179602,1.5,301.358876772544,298.446867795459,298.16129405714213
8.777574700598416,1.5,301.35962469325756,298.44710436376585,298.1613159547379
8.781200299400812,1.5,301.3603724877193,298.4473409839619,298.16133788008995
8.784825898203207,1.5,301.3611201559872,298.4475776560074,298.1613598332115
8.788451497005603,1.5,301.3618676981191,298.4478143798629,298.16138181411594
8.792077095807999,1.5,301.36261511417285,298.4480511554887,298.1614038228164
8.795702694610394,1.5,301.3633624042061,298.44828798284516,298.16142585932613
8.79932829341279,1.5,301.3641095682766,298.4485248618928,298.16144792365833
8.802953892215186,1.5,301.3648566064419,298.4487617925921,298.16147001582624
8.806579491017581,1.5,301.3656035187596,298.4489987749036,298.16149213584305
8.810205089819977,1.5,301.36635030528726,298.44923580878776,298.16151428372183
8.813830688622373,1.5,301.3670969660822,298.4494728942052,298.1615364594759
8.817456287424768,1.5,301.36784350120195,298.4497100311164,298.1615586631183
8.821081886227164,1.5,301.3685899107037,298.449947219482,298.16158089466217
8.82470748502956,1.5,301.36933619464486,298.4501844592626,298.1616031541207
8.828333083831955,1.5,301.37008235308247,298.45042175041897,298.161625441507
8.831958682634351,1.5,301.37082838607387,298.4506590929116,298.1616477568341
8.835584281436747,1.5,301.3715742936761,298.45089648670125,298.16167010011515
8.839209880239142,1.5,301.3723200759461,298.45113393174876,298.1616924713631
8.842835479041538,1.5,301.373065732941,298.4513714280148,298.1617148705912
8.846461077843934,1.5,301.3738112647176,298.4516089754602,298.16173729781235
8.85008667664633,1.5,301.3745566713328,298.4518465740456,298.16175975303963
8.853712275448725,1.5,301.37530195284353,298.452084223732,298.16178223628606
8.85733787425112,1.5,301.3760471093064,298.4523219244802,298.16180474756464
8.860963473053516,1.5,301.3767921407782,298.45255967625104,298.16182728688847
8.864589071855912,1.5,301.3775370473155,298.4527974790055,298.1618498542704
8.868214670658308,1.5,301.378281828975,298.45303533270436,298.1618724497234
8.871840269460703,1.5,301.3790264858131,298.45327323730874,298.16189507326044
8.875465868263099,1.5,301.37977101788636,298.45351119277944,298.1619177248946
8.879091467065495,1.5,301.38051542525113,298.4537491990776,298.1619404046386
8.88271706586789,1.5,301.3812597079638,298.45398725616417,298.1619631125055
8.886342664670286,1.5,301.38200386608065,298.4542253640002,298.1619858485082
8.889968263472682,1.5,301.382747899658,298.45446352254686,298.16200861265946
8.893593862275077,1.5,301.383491808752,298.45470173176517,298.1620314049724
8.897219461077473,1.5,301.3842355934188,298.45493999161624,298.16205422545966
8.900845059879869,1.5,301.38497925371445,298.4551783020612,298.16207707413423
8.904470658682264,1.5,301.38572278969497,298.4554166630613,298.1620999510089
8.90809625748466,1.5,301.3864662014164,298.45565507457775,298.1621228560964
8.911721856287055,1.5,301.38720948893456,298.45589353657175,298.16214578940975
8.915347455089451,1.5,301.38795265230533,298.4561320490045,298.1621687509616
8.918973053891847,1.5,301.3886956915846,298.4563706118373,298.1621917407648
8.922598652694242,1.5,301.38943860682804,298.4566092250314,298.1622147588321
8.926224251496638,1.5,301.39018139809133,298.4568478885483,298.16223780517623
8.929849850299034,1.5,301.3909240654302,298.4570866023491,298.16226087981005
8.93347544910143,1.5,301.39166660890015,298.4573253663953,298.1622839827462
8.937101047903825,1.5,301.3924090285567,298.4575641806483,298.1623071139975
8.94072664670622,1.5,301.3931513244554,298.45780304506957,298.1623302735765
8.944352245508616,1.5,301.39389349665163,298.45804195962046,298.16235346149614
8.947977844311012,1.5,301.39463554520074,298.4582809242625,298.16237667776886
8.951603443113408,1.5,301.395377470158,298.4585199389572,298.16239992240753
8.955229041915803,1.5,301.39611927157875,298.45875900366593,298.16242319542465
8.958854640718199,1.5,301.3968609495182,298.45899811835045,298.1624464968329
8.962480239520595,1.5,301.39760250403145,298.4592372829722,298.16246982664507
8.96610583832299,1.5,301.39834393517367,298.45947649749286,298.1624931848736
8.969731437125386,1.5,301.3990852429998,298.4597157618739,298.16251657153117
8.973357035927782,1.5,301.3998264275648,298.4599550760771,298.1625399866304
8.976982634730177,1.5,301.40056748892374,298.460194440064,298.1625634301838
8.980608233532573,1.5,301.4013084271314,298.46043385379653,298.162586902204
8.984233832334969,1.5,301.4020492422427,298.4606733172361,298.1626104027036
8.987859431137364,1.5,301.40278993431224,298.4609128303447,298.1626339316951
8.99148502993976,1.5,301.4035305033949,298.4611523930839,298.162657489191
8.995110628742156,1.5,301.4042709495453,298.46139200541575,298.1626810752038
8.998736227544551,1.5,301.4050112728181,298.46163166730184,298.16270468974614
9.002361826346947,1.5,301.4057514732678,298.4618713787041,298.16272833283034
9.005987425149343,1.5,301.40649155094894,298.4621111395843,298.162752004469
9.009613023951738,1.5,301.4072315059159,298.4623509499045,298.1627757046745
9.013238622754134,1.5,301.40797133822315,298.4625908096264,298.16279943345944
9.01686422155653,1.5,301.40871104792507,298.46283071871215,298.16282319083615
9.020489820358925,1.5,301.40945063507587,298.4630706771236,298.16284697681704
9.02411541916132,1.5,301.41019009972985,298.46331068482266,298.1628707914146
9.027741017963717,1.5,301.4109294419412,298.4635507417715,298.1628946346412
9.031366616766112,1.5,301.41166866176405,298.4637908479321,298.16291850650924
9.034992215568508,1.5,301.41240775925246,298.4640310032665,298.16294240703115
9.038617814370904,1.5,301.4131467344605,298.4642712077368,298.16296633621914
9.0422434131733,1.5,301.41388558744217,298.46451146130505,298.1629902940857
9.045869011975695,1.5,301.41462431825136,298.46475176393346,298.16301428064315
9.04949461077809,1.5,301.415362926942,298.46499211558415,298.16303829590373
9.053120209580486,1.5,301.4161014135679,298.46523251621926,298.16306233987984
9.056745808382882,1.5,301.41683977818275,298.46547296580115,298.1630864125839
9.060371407185277,1.5,301.41757802084044,298.4657134642918,298.1631105140279
9.063997005987673,1.5,301.41831614159446,298.4659540116537,298.16313464422433
9.067622604790069,1.5,301.4190541404986,298.46619460784905,298.1631588031854
9.071248203592464,1.5,301.4197920176063,298.4664352528402,298.16318299092336
9.07487380239486,1.5,301.4205297729712,298.4666759465893,298.16320720745045
9.078499401197256,1.5,301.4212674066466,298.4669166890589,298.1632314527789
9.082124999999651,1.5,301.4220049186861,298.46715748021126,298.1632557269209
9.085750598802047,1.5,301.42274230914296,298.46739832000884,298.1632800298887
9.089376197604443,1.5,301.42347957807056,298.4676392084141,298.1633043616945
9.093001796406838,1.5,301.4242167255221,298.4678801453893,298.1633287223503
9.096627395209234,1.5,301.42495375155085,298.4681211308971,298.16335311186845
9.10025299401163,1.5,301.4256906562099,298.46836216489993,298.16337753026096
9.103878592814025,1.5,301.42642743955236,298.46860324736036,298.1634019775401
9.107504191616421,1.5,301.42716410163143,298.4688443782408,298.16342645371793
9.111129790418817,1.5,301.42790064249994,298.46908555750406,298.16345095880655
9.114755389221212,1.5,301.428637062211,298.46932678511246,298.16347549281807
9.118380988023608,1.5,301.4293733608175,298.46956806102884,298.16350005576453
9.122006586826004,1.5,301.4301095383722,298.46980938521574,298.1635246476581
9.1256321856284,1.5,301.43084559492803,298.4700507576358,298.1635492685108
9.129257784430795,1.5,301.4315815305377,298.4702921782518,298.1635739183345
9.13288338323319,1.5,301.43231734525386,298.4705336470263,298.1635985971415
9.136508982035586,1.5,301.4330530391293,298.47077516392216,298.1636233049437
9.140134580837982,1.5,301.4337886122165,298.4710167289021,298.1636480417531
9.143760179640378,1.5,301.4345240645681,298.471258341929,298.16367280758175
9.147385778442773,1.5,301.4352593962367,298.4715000029655,298.1636976024415
9.151011377245169,1.5,301.4359946072746,298.47174171197463,298.1637224263445
9.154636976047565,1.5,301.4367296977342,298.47198346891906,298.1637472793026
9.15826257484996,1.5,301.4374646676681,298.47222527376175,298.16377216132764
9.161888173652356,1.5,301.4381995171284,298.4724671264657,298.1637970724318
9.165513772454752,1.5,301.43893424616743,298.4727090269937,298.1638220126268
9.169139371257147,1.5,301.4396688548374,298.4729509753088,298.16384698192456
9.172764970059543,1.5,301.44040334319055,298.47319297137386,298.1638719803371
9.176390568861938,1.5,301.4411377112789,298.473435015152,298.16389700787613
9.180016167664334,1.5,301.4418719591545,298.47367710660626,298.16392206455373
9.18364176646673,1.5,301.44260608686955,298.4739192456995,298.16394715038155
9.187267365269125,1.5,301.44334009447584,298.4741614323951,298.16397226537157
9.190892964071521,1.5,301.4440739820254,298.47440366665586,298.16399740953545
9.194518562873917,1.5,301.44480774957003,298.4746459484451,298.1640225828852
9.198144161676312,1.5,301.4455413971616,298.4748882777258,298.1640477854325
9.201769760478708,1.5,301.44627492485193,298.47513065446134,298.1640730171892
9.205395359281104,1.5,301.44700833269275,298.47537307861467,298.16409827816705
9.2090209580835,1.5,301.44774162073566,298.47561555014926,298.1641235683779
9.212646556885895,1.5,301.4484747890324,298.47585806902816,298.16414888783333
9.21627215568829,1.5,301.44920783763445,298.4761006352147,298.16417423654514
9.219897754490686,1.5,301.4499407665935,298.4763432486722,298.16419961452516
9.223523353293082,1.5,301.4506735759609,298.4765859093639,298.164225021785
9.227148952095478,1.5,301.45140626578814,298.4768286172532,298.1642504583364
9.230774550897873,1.5,301.4521388361266,298.47707137230344,298.16427592419103
9.234400149700269,1.5,301.45287128702773,298.477314174478,298.1643014193606
9.238025748502665,1.5,301.45360361854273,298.47755702374025,298.1643269438567
9.24165134730506,1.5,301.4543358307229,298.47779992005366,298.1643524976911
9.245276946107456,1.5,301.4550679236195,298.4780428633817,298.1643780808752
9.248902544909852,1.5,301.4557998972835,298.4782858536878,298.164403693421
9.252528143712247,1.5,301.45653175176625,298.47852889093554,298.16442933533983
9.256153742514643,1.5,301.45726348711867,298.47877197508836,298.1644550066433
9.259779341317039,1.5,301.4579951033918,298.47901510610984,298.1644807073431
9.263404940119434,1.5,301.4587266006366,298.4792582839636,298.16450643745077
9.26703053892183,1.5,301.45945797890414,298.47950150861317,298.16453219697786
9.270656137724226,1.5,301.46018923824516,298.47974478002214,298.1645579859359
9.274281736526621,1.5,301.46092037871045,298.47998809815425,298.1645838043365
9.277907335329017,1.5,301.46165140035095,298.48023146297317,298.1646096521911
9.281532934131413,1.5,301.4623823032173,298.4804748744425,298.16463552951126
9.285158532933808,1.5,301.4631130873602,298.48071833252607,298.1646614363084
9.288784131736204,1.5,301.4638437528303,298.4809618371875,298.16468737259413
9.2924097305386,1.5,301.46457429967825,298.48120538839066,298.1647133383798
9.296035329340995,1.5,301.4653047279546,298.4814489860992,298.1647393336769
9.29966092814339,1.5,301.4660350377098,298.48169263027705,298.1647653584969
9.303286526945787,1.5,301.4667652289943,298.481936320888,298.1647914128513
9.306912125748182,1.5,301.4674953018586,298.48218005789596,298.1648174967514
9.310537724550578,1.5,301.468225256353,298.4824238412647,298.1648436102087
9.314163323352973,1.5,301.46895509252784,298.4826676709581,298.16486975323454
9.31778892215537,1.5,301.46968481043353,298.48291154694033,298.16489592584037
9.321414520957765,1.5,301.4704144101201,298.4831554691751,298.1649221280374
9.32504011976016,1.5,301.47114389163784,298.4833994376264,298.16494835983724
9.328665718562556,1.5,301.4718732550368,298.48364345225843,298.164974621251
9.332291317364952,1.5,301.4726025003673,298.48388751303503,298.16500091229017
9.335916916167347,1.5,301.47333162767916,298.4841316199202,298.16502723296594
9.339542514969743,1.5,301.4740606370225,298.48437577287814,298.16505358328976
9.343168113772139,1.5,301.4747895284472,298.4846199718729,298.16507996327283
9.346793712574534,1.5,301.4755183020033,298.4848642168686,298.1651063729265
9.35041931137693,1.5,301.47624695774056,298.4851085078293,298.16513281226196
9.354044910179326,1.5,301.47697549570887,298.4853528447192,298.16515928129047
9.357670508981721,1.5,301.477703915958,298.4855972275026,298.1651857800233
9.361296107784117,1.5,301.47843221853765,298.4858416561436,298.1652123084717
9.364921706586513,1.5,301.4791604034976,298.48608613060645,298.1652388666469
9.368547305388908,1.5,301.47988847088743,298.4863306508554,298.16526545456014
9.372172904191304,1.5,301.48061642075675,298.48657521685465,298.1652920722225
9.3757985029937,1.5,301.4813442531551,298.4868198285686,298.16531871964514
9.379424101796095,1.5,301.482071968132,298.4870644859616,298.1653453968394
9.383049700598491,1.5,301.48279956573685,298.4873091889979,298.1653721038163
9.386675299400887,1.5,301.4835270460193,298.4875539376419,298.1653988405871
9.390300898203282,1.5,301.4842544090285,298.48779873185805,298.16542560716283
9.393926497005678,1.5,301.4849816548139,298.4880435716108,298.1654524035546
9.397552095808074,1.5,301.4857087834247,298.48828845686444,298.16547922977355
9.40117769461047,1.5,301.48643579491034,298.48853338758346,298.16550608583077
9.404803293412865,1.5,301.48716268931975,298.4887783637325,298.1655329717374
9.40842889221526,1.5,301.48788946670237,298.4890233852759,298.1655598875044
9.412054491017656,1.5,301.4886161271071,298.4892684521783,298.1655868331428
9.415680089820052,1.5,301.48934267058314,298.48951356440426,298.16561380866386
9.419305688622448,1.5,301.4900690971794,298.4897587219183,298.16564081407836
9.422931287424843,1.5,301.49079540694504,298.490003924685,298.1656678493975
9.426556886227239,1.5,301.4915215999288,298.49024917266905,298.1656949146322
9.430182485029635,1.5,301.4922476761797,298.49049446583507,298.16572200979334
9.43380808383203,1.5,301.4929736357466,298.4907398041477,298.1657491348921
9.437433682634426,1.5,301.4936994786783,298.49098518757177,298.1657762899394
9.441059281436821,1.5,301.49442520502356,298.49123061607185,298.1658034749462
9.444684880239217,1.5,301.49515081483105,298.4914760896128,298.1658306899234
9.448310479041613,1.5,301.49587630814955,298.49172160815925,298.1658579348818
9.451936077844008,1.5,301.49660168502766,298.4919671716761,298.16588520983254
9.455561676646404,1.5,301.4973269455139,298.49221278012806,298.16591251478644
9.4591872754488,1.5,301.498052089657,298.49245843348,298.16593984975435
9.462812874251195,1.5,301.49877711750526,298.4927041316968,298.1659672147473
9.466438473053591,1.5,301.4995020291073,298.49294987474343,298.1659946097759
9.470064071855987,1.5,301.50022682451146,298.4931956625846,298.16602203485127
9.473689670658382,1.5,301.5009515037662,298.4934414951854,298.166049489984
9.477315269460778,1.5,301.50167606691974,298.4936873725107,298.1660769751851
9.480940868263174,1.5,301.5024005140205,298.4939332945254,298.16610449046533
9.48456646706557,1.5,301.5031248451167,298.49417926119463,298.1661320358355
9.488192065867965,1.5,301.5038490602565,298.49442527248334,298.16615961130645
9.49181766467036,1.5,301.50457315948813,298.4946713283566,298.16618721688883
9.495443263472756,1.5,301.5052971428597,298.49491742877944,298.1662148525935
9.499068862275152,1.5,301.50602101041926,298.495163573717,298.1662425184312
9.502694461077548,1.5,301.5067447622149,298.4954097631343,298.16627021441263
9.506320059879943,1.5,301.50746839829463,298.49565599699656,298.1662979405486
9.509945658682339,1.5,301.5081919187064,298.4959022752689,298.16632569684975
9.513571257484735,1.5,301.5089153234981,298.4961485979165,298.1663534833268
9.51719685628713,1.5,301.50963861271765,298.49639496490454,298.1663812999905
9.520822455089526,1.5,301.51036178641283,298.4966413761983,298.16640914685155
9.524448053891922,1.5,301.5110848446314,298.496887831763,298.1664370239205
9.528073652694317,1.5,301.5118077874212,298.49713433156376,298.166464931208
9.531699251496713,1.5,301.5125306148299,298.4973808755661,298.16649286872473
9.535324850299109,1.5,301.5132533269052,298.4976274637353,298.1665208364814
9.538950449101504,1.5,301.51397592369466,298.4978740960365,298.16654883448854
9.5425760479039,1.5,301.51469840524595,298.4981207724353,298.1665768627567
9.546201646706296,1.5,301.51542077160656,298.49836749289693,298.1666049212966
9.549827245508691,1.5,301.516143022824,298.49861425738686,298.1666330101188
9.553452844311087,1.5,301.5168651589457,298.4988610658705,298.1666611292338
9.557078443113483,1.5,301.5175871800191,298.4991079183133,298.16668927865226
9.560704041915878,1.5,301.5183090860917,298.49935481468077,298.16671745838454
9.564329640718274,1.5,301.5190308772106,298.4996017549384,298.1667456684413
9.56795523952067,1.5,301.5197525534233,298.49984873905163,298.1667739088331
9.571580838323065,1.5,301.5204741147769,298.500095766986,298.16680217957025
9.57520643712546,1.5,301.5211955613188,298.5003428387073,298.16683048066346
9.578832035927856,1.5,301.521916893096,298.5005899541808,298.1668588121231
9.582457634730252,1.5,301.5226381101557,298.5008371133723,298.16688717395965
9.586083233532648,1.5,301.5233592125451,298.5010843162474,298.1669155661836
9.589708832335043,1.5,301.524080200311,298.5013315627717,298.16694398880526
9.593334431137439,1.5,301.52480107350067,298.501578852911,298.16697244183524
9.596960029939835,1.5,301.5255218321609,298.50182618663086,298.1670009252839
9.60058562874223,1.5,301.52624247633884,298.50207356389706,298.1670294391615
9.604211227544626,1.5,301.52696300608113,298.50232098467535,298.1670579834787
9.607836826347022,1.5,301.52768342143474,298.50256844893147,298.1670865582456
9.611462425149417,1.5,301.52840372244646,298.5028159566313,298.1671151634727
9.615088023951813,1.5,301.5291239091631,298.5030635077406,298.1671437991704
9.618713622754209,1.5,301.5298439816314,298.50331110222515,298.16717246534904
9.622339221556604,1.5,301.530563939898,298.5035587400509,298.16720116201884
9.625964820359,1.5,301.53128378400953,298.5038064211836,298.16722988919014
9.629590419161396,1.5,301.5320035140127,298.5040541455893,298.16725864687334
9.633216017963791,1.5,301.532723129954,298.5043019132338,298.16728743507866
9.636841616766187,1.5,301.53344263187995,298.5045497240832,298.16731625381647
9.640467215568583,1.5,301.534162019837,298.5047975781033,298.16734510309686
9.644092814370978,1.5,301.53488129387176,298.5050454752602,298.1673739829303
9.647718413173374,1.5,301.5356004540306,298.5052934155199,298.1674028933269
9.65134401197577,1.5,301.5363195003598,298.5055413988484,298.1674318342969
9.654969610778165,1.5,301.5370384329058,298.5057894252118,298.16746080585045
9.658595209580561,1.5,301.53775725171477,298.50603749457616,298.167489807998
9.662220808382957,1.5,301.5384759568331,298.50628560690757,298.1675188407495
9.665846407185352,1.5,301.5391945483069,298.5065337621722,298.16754790411517
9.669472005987748,1.5,301.5399130261824,298.5067819603362,298.1675769981053
9.673097604790144,1.5,301.5406313905057,298.5070302013657,298.16760612273
9.67672320359254,1.5,301.541349641323,298.5072784852269,298.16763527799935
9.680348802394935,1.5,301.5420677786803,298.507526811886,298.1676644639235
9.68397440119733,1.5,301.5427858026236,298.50777518130934,298.16769368051257
9.687599999999726,1.5,301.54350371319885,298.50802359346307,298.16772292777677
9.691225598802122,1.5,301.5442215104521,298.50827204831353,298.16775220572606
9.694851197604518,1.5,301.5449391944291,298.50852054582697,298.1677815143706
9.698476796406913,1.5,301.54565676517586,298.5087690859698,298.1678108537204
9.702102395209309,1.5,301.54637422273817,298.5090176687083,298.1678402237856
9.705727994011704,1.5,301.5470915671618,298.50926629400885,298.16786962457616
9.7093535928141,1.5,301.5478087984925,298.50951496183785,298.1678990561022
9.712979191616496,1.5,301.548525916776,298.5097636721618,298.1679285183736
9.716604790418891,1.5,301.54924292205794,298.51001242494704,298.1679580114006
9.720230389221287,1.5,301.549959814384,298.5102612201601,298.16798753519294
9.723855988023683,1.5,301.5506765937998,298.51051005776736,298.16801708976084
9.727481586826078,1.5,301.5513932603507,298.51075893773543,298.168046675114
9.731107185628474,1.5,301.55210981408254,298.51100786003076,298.1680762912626
9.73473278443087,1.5,301.55282625504054,298.51125682462,298.16810593821657
9.738358383233265,1.5,301.5535425832703,298.5115058314696,298.16813561598576
9.741983982035661,1.5,301.5542587988171,298.51175488054616,298.1681653245802
9.745609580838057,1.5,301.5549749017264,298.51200397181645,298.16819506400964
9.749235179640452,1.5,301.5556908920435,298.512253105247,298.16822483428416
9.752860778442848,1.5,301.55640676981375,298.5125022808044,298.16825463541346
9.756486377245244,1.5,301.55712253508227,298.51275149845554,298.1682844674076
9.76011197604764,1.5,301.55783818789445,298.5130007581669,298.1683143302763
9.763737574850035,1.5,301.5585537282954,298.5132500599053,298.16834422402945
9.76736317365243,1.5,301.5592691563302,298.5134994036375,298.16837414867695
9.770988772454826,1.5,301.559984472044,298.5137487893303,298.1684041042285
9.774614371257222,1.5,301.5606996754818,298.5139982169504,298.168434090694
9.778239970059618,1.5,301.5614147666888,298.5142476864647,298.16846410808324
9.781865568862013,1.5,301.56212974570985,298.51449719784006,298.16849415640604
9.785491167664409,1.5,301.56284461258997,298.5147467510433,298.16852423567207
9.789116766466805,1.5,301.56355936737407,298.5149963460412,298.1685543458912
9.7927423652692,1.5,301.564274010107,298.5152459828007,298.1685844870732
9.796367964071596,1.5,301.5649885408336,298.51549566128887,298.1686146592277
9.799993562873992,1.5,301.56570295959875,298.5157453814725,298.1686448623645
9.803619161676387,1.5,301.5664172664471,298.51599514331866,298.1686750964933
9.807244760478783,1.5,301.5671314614235,298.51624494679425,298.1687053616238
9.810870359281179,1.5,301.5678455445726,298.51649479186636,298.16873565776564
9.814495958083574,1.5,301.56855951593906,298.51674467850205,298.1687659849286
9.81812155688597,1.5,301.5692733755675,298.5169946066682,298.16879634312227
9.821747155688366,1.5,301.56998712350236,298.51724457633213,298.1688267323563
9.825372754490761,1.5,301.5707007597885,298.51749458746076,298.1688571526404
9.828998353293157,1.5,301.5714142844702,298.5177446400213,298.16888760398416
9.832623952095553,1.5,301.57212769759207,298.51799473398086,298.1689180863972
9.836249550897948,1.5,301.5728409991984,298.5182448693066,298.16894859988906
9.839875149700344,1.5,301.5735541893337,298.5184950459657,298.16897914446946
9.84350074850274,1.5,301.57426726804226,298.51874526392544,298.16900972014787
9.847126347305135,1.5,301.57498023536857,298.51899552315297,298.1690403269339
9.85075194610753,1.5,301.57569309135675,298.51924582361556,298.1690709648371
9.854377544909926,1.5,301.57640583605115,298.5194961652805,298.16910163386706
9.858003143712322,1.5,301.57711846949593,298.5197465481151,298.1691323340333
9.861628742514718,1.5,301.5778309917353,298.51999697208663,298.16916306534523
9.865254341317113,1.5,301.57854340281347,298.5202474371625,298.1691938278125
9.868879940119509,1.5,301.57925570277445,298.5204979433099,298.1692246214445
9.872505538921905,1.5,301.5799678916624,298.5207484904965,298.1692554462508
9.8761311377243,1.5,301.5806799695214,298.52099907868944,298.1692863022409
9.879756736526696,1.5,301.5813919363953,298.5212497078563,298.1693171894241
9.883382335329092,1.5,301.58210379232816,298.5215003779645,298.16934810781
9.887007934131487,1.5,301.58281553736396,298.5217510889815,298.1693790574079
9.890633532933883,1.5,301.5835271715465,298.52200184087474,298.1694100382274
9.894259131736279,1.5,301.58423869491975,298.52225263361186,298.1694410502777
9.897884730538674,1.5,301.5849501075274,298.5225034671602,298.1694720935684
9.90151032934107,1.5,301.5856614094133,298.5227543414875,298.16950316810875
9.905135928143466,1.5,301.5863726006213,298.5230052565612,298.16953427390814
9.908761526945861,1.5,301.58708368119505,298.523256212349,298.1695654109761
9.912387125748257,1.5,301.5877946511782,298.52350720881844,298.16959657932176
9.916012724550653,1.5,301.5885055106145,298.5237582459373,298.1696277789545
9.919638323353048,1.5,301.5892162595474,298.5240093236731,298.16965900988373
9.923263922155444,1.5,301.5899268980207,298.5242604419936,298.1696902721187
9.92688952095784,1.5,301.59063742607765,298.5245116008665,298.16972156566874
9.930515119760235,1.5,301.59134784376204,298.5247628002595,298.1697528905431
9.934140718562631,1.5,301.5920581511172,298.5250140401403,298.16978424675125
9.937766317365027,1.5,301.59276834818667,298.5252653204768,298.16981563430215
9.941391916167422,1.5,301.5934784350137,298.5255166412368,298.1698470532053
9.945017514969818,1.5,301.5941884116418,298.52576800238796,298.16987850346976
9.948643113772214,1.5,301.5948982781143,298.52601940389826,298.1699099851049
9.95226871257461,1.5,301.5956080344743,298.5262708457355,298.1699414981199
9.955894311377005,1.5,301.59631768076537,298.52652232786744,298.1699730425239
9.9595199101794,1.5,301.5970272170305,298.5267738502622,298.1700046183262
9.963145508981796,1.5,301.597736643313,298.52702541288755,298.1700362255359
9.966771107784192,1.5,301.598445959656,298.52727701571155,298.17006786416215
9.970396706586587,1.5,301.5991551661026,298.52752865870207,298.1700995342142
9.974022305388983,1.5,301.599864262696,298.5277803418271,298.1701312357011
9.977647904191379,1.5,301.6005732494791,298.5280320650548,298.1701629686321
9.981273502993774,1.5,301.601282126495,298.528283828353,298.1701947330162
9.98489910179617,1.5,301.60199089378665,298.52853563168975,298.1702265288626
9.988524700598566,1.5,301.6026995513971,298.52878747503325,298.1702583561804
9.992150299400961,1.5,301.60340809936923,298.52903935835155,298.17029021497865
9.995775898203357,1.5,301.6041165377459,298.5292912816128,298.1703221052664
9.999401497005753,1.5,301.6048248665699,298.529543244785,298.1703540270527
10.003027095808148,1.5,301.60553308588425,298.52979524783643,298.1703859803467
10.006652694610544,1.5,301.6062411957315,298.5300472907353,298.1704179651573
10.01027829341294,1.5,301.6069491961546,298.5302993734496,298.1704499814936
10.013903892215335,1.5,301.60765708719606,298.53055149594786,298.1704820293647
10.017529491017731,1.5,301.6083648688987,298.5308036581981,298.1705141087794
10.021155089820127,1.5,301.6090725413051,298.53105586016864,298.17054621974694
10.024780688622522,1.5,301.60978010445797,298.53130810182773,298.1705783622761
10.028406287424918,1.5,301.6104875583998,298.53156038314376,298.17061053637593
10.032031886227314,1.5,301.61119490317316,298.531812704085,298.17064274205535
10.03565748502971,1.5,301.61190213882065,298.5320650646198,298.17067497932334
10.039283083832105,1.5,301.61260926535704,298.5323174647166,298.17070724818876
10.0429086826345,1.5,301.61331628266294,298.5325699043436,298.17073954866066
10.046534281436896,1.5,301.61402319024137,298.5328223834694,298.17077188074785
10.050159880239292,1.5,301.6147299868003,298.53307490206237,298.1708042444592
10.053785479041688,1.5,301.61543666964496,298.533327460091,298.17083663980367
10.057411077844083,1.5,301.6161432339516,298.53358005752375,298.1708690667901
10.061036676646479,1.5,301.6168496719371,298.533832694329,298.1709015254273
10.064662275448875,1.5,301.61755597202165,298.53408537047545,298.1709340157242
10.06828787425127,1.5,301.6182621180231,298.53433808593155,298.17096653768954
10.071913473053666,1.5,301.6189680884479,298.5345908406658,298.1709990913323
10.075539071856062,1.5,301.6196738559092,298.5348436346469,298.1710316766611
10.079164670658457,1.5,301.6203793867021,298.5350964678434,298.17106429368494
10.082790269460853,1.5,301.62108464054336,298.53534934022395,298.17109694241236
10.086415868263249,1.5,301.6217895704772,298.5356022517571,298.17112962285233
10.090041467065644,1.5,301.6224941229368,298.5358552024116,298.1711623350136
10.09366706586804,1.5,301.6231982379471,298.5361081921561,298.17119507890493
10.097292664670436,1.5,301.62390184944803,298.53636122095935,298.17122785453495
10.100918263472831,1.5,301.62460488571764,298.53661428879,298.1712606619125
10.104543862275227,1.5,301.62530726987353,298.5368673956169,298.1712935010462
10.108169461077622,1.5,301.6260089204299,298.5371205414088,298.1713263719449
10.111795059880018,1.5,301.62670975189366,298.53737372613443,298.1713592746171
10.115420658682414,1.5,301.62740967537906,298.53762694976257,298.1713922090716
10.11904625748481,1.5,301.6281085992286,298.5378802122622,298.17142517531704
10.122671856287205,1.5,301.6288064296259,298.5381335136021,298.1714581733621
10.1262974550896,1.5,301.62950307119155,298.538386853751,298.17149120321545
10.129923053891996,1.5,301.6301984275527,298.538640232678,298.17152426488565
10.133548652694392,1.5,301.63089240188214,298.53889365035195,298.1715573583814
10.137174251496788,1.5,301.63158489740056,298.5391471067418,298.17159048371127
10.140799850299183,1.5,301.63227581784076,298.53940060181645,298.17162364088387
10.144425449101579,1.5,301.6329650678718,298.5396541355449,298.17165682990776
10.148051047903975,1.5,301.6336525534823,298.5399077078962,298.1716900507916
10.15167664670637,1.5,301.63433818232335,298.5401613188393,298.1717233035438
10.155302245508766,1.5,301.6350218640127,298.5404149683433,298.17175658817297
10.158927844311162,1.5,301.63570351040056,298.54066865637725,298.1717899046877
10.162553443113557,1.5,301.6363830357996,298.54092238291025,298.1718232530966
10.166179041915953,1.5,301.63706035718127,298.54117614791136,298.171856633408
10.169804640718349,1.5,301.63773539434,298.5414299513497,298.17189004563056
10.173430239520744,1.5,301.6384080700283,298.5416837931944,298.1719234897726
10.17705583832314,1.5,301.639078310065,298.54193767341474,298.1719569658428
10.180681437125536,1.5,301.6397460434186,298.5421915919798,298.1719904738495
10.184307035927931,1.5,301.6404112022678,298.54244554885884,298.17202401380115
10.187932634730327,1.5,301.6410737220424,298.54269954402105,298.1720575857062
10.191558233532723,1.5,301.6417335414455,298.5429535774357,298.1720911895733
10.195183832335118,1.5,301.64239060245956,298.54320764907203,298.17212482541055
10.198809431137514,1.5,301.6430448503379,298.5434617588994,298.1721584932266
10.20243502993991,1.5,301.6436962335837,298.54371590688703,298.17219219302973
10.206060628742305,1.5,301.64434470391706,298.5439700930043,298.17222592482835
10.209686227544701,1.5,301.6449902162335,298.5442243172206,298.1722596886308
10.213311826347097,1.5,301.6456327285529,298.5444785795052,298.1722934844455
10.216937425149492,1.5,301.64627220196166,298.54473287982756,298.1723273122808
10.220563023951888,1.5,301.64690860054884,298.54498721815713,298.17236117214503
10.224188622754284,1.5,301.6475418913369,298.54524159446333,298.17239506404655
10.22781422155668,1.5,301.64817204420865,298.54549600871553,298.1724289879936
10.231439820359075,1.5,301.64879903182987,298.54575046088326,298.1724629439946
10.23506541916147,1.5,301.6494228295704,298.5460049509361,298.1724969320577
10.238691017963866,1.5,301.65004341542203,298.5462594788434,298.17253095219127
10.242316616766262,1.5,301.6506607699159,298.5465140445748,298.17256500440357
10.245942215568657,1.5,301.6512748760378,298.5467686480999,298.1725990887029
10.249567814371053,1.5,301.6518857191445,298.54702328938816,298.17263320509744
10.253193413173449,1.5,301.6524932868782,298.54727796840933,298.17266735359544
10.256819011975844,1.5,301.65309756908243,298.54753268513286,298.1727015342052
10.26044461077824,1.5,301.65369855771786,298.5477874395285,298.17273574693485
10.264070209580636,1.5,301.6542962467794,298.5480422315659,298.17276999179256
10.267695808383031,1.5,301.65489063221355,298.54829706121467,298.1728042687866
10.271321407185427,1.5,301.6554817118379,298.5485519284446,298.1728385779252
10.274947005987823,1.5,301.65606948526124,298.5488068332254,298.17287291921633
10.278572604790218,1.5,301.65665395380546,298.54906177552675,298.1729072926683
10.282198203592614,1.5,301.65723512042916,298.5493167553185,298.17294169828926
10.28582380239501,1.5,301.6578129896528,298.54957177257035,298.17297613608724
10.289449401197405,1.5,301.65838756748616,298.54982682725216,298.1730106060704
10.293074999999801,1.5,301.65895886135644,298.5500819193337,298.1730451082469
10.296700598802197,1.5,301.6595268800399,298.55033704878485,298.1730796426248
10.300326197604592,1.5,301.6600916335942,298.5505922155755,298.17311420921226
10.303951796406988,1.5,301.66065313329324,298.5508474196755,298.1731488080172
10.307577395209384,1.5,301.66121139156394,298.55110266105476,298.1731834390478
10.31120299401178,1.5,301.66176642192477,298.55135793968316,298.1732181023121
10.314828592814175,1.5,301.66231823892645,298.5516132555308,298.173252797818
10.31845419161657,1.5,301.66286685809473,298.5518686085675,298.17328752557376
10.322079790418966,1.5,301.66341229587465,298.55212399876325,298.17332228558723
10.325705389221362,1.5,301.6639545695774,298.5523794260881,298.17335707786646
10.329330988023758,1.5,301.66449369732834,298.5526348905121,298.1733919024195
10.332956586826153,1.5,301.66502969801746,298.55289039200517,298.1734267592542
10.336582185628549,1.5,301.6655625912515,298.5531459305375,298.1734616483786
10.340207784430945,1.5,301.6660923973074,298.5534015060791,298.17349656980076
10.34383338323334,1.5,301.66661913708845,298.55365711860014,298.1735315235285
10.347458982035736,1.5,301.66714283208137,298.5539127680707,298.1735665095698
10.351084580838132,1.5,301.66766350431527,298.55416845446086,298.17360152793253
10.354710179640527,1.5,301.66818117632243,298.55442417774094,298.17363657862467
10.358335778442923,1.5,301.6686958711005,298.5546799378809,298.17367166165405
10.361961377245319,1.5,301.66920761207626,298.5549357348511,298.1737067770287
10.365586976047714,1.5,301.6697164230707,298.55519156862164,298.17374192475637
10.36921257485011,1.5,301.6702223282662,298.55544743916283,298.173777104845
10.372838173652505,1.5,301.6707253521743,298.55570334644483,298.1738123173023
10.376463772454901,1.5,301.67122551960534,298.55595929043795,298.1738475621363
10.380089371257297,1.5,301.6717228556394,298.5562152711124,298.17388283935475
10.383714970059692,1.5,301.67221738559823,298.5564712884385,298.17391814896547
10.387340568862088,1.5,301.67270913501903,298.5567273423865,298.17395349097626
10.390966167664484,1.5,301.67319812962853,298.55698343292676,298.17398886539496
10.39459176646688,1.5,301.67368439531907,298.55723956002953,298.17402427222936
10.398217365269275,1.5,301.6741679581253,298.55749572366517,298.17405971148713
10.40184296407167,1.5,301.67464884420224,298.55775192380395,298.1740951831761
10.405468562874066,1.5,301.67512707980416,298.5580081604162,298.17413068730417
10.409094161676462,1.5,301.67560269126477,298.55826443347223,298.1741662238789
10.412719760478858,1.5,301.67607570497796,298.55852074294245,298.174201792908
10.416345359281253,1.5,301.6765461473797,298.55877708879706,298.1742373943992
10.419970958083649,1.5,301.677014044931,298.5590334710065,298.1742730283604
10.423596556886045,1.5,301.6774794241015,298.559289889541,298.17430869479904
10.42722215568844,1.5,301.67794231135383,298.5595463443709,298.17434439372295
10.430847754490836,1.5,301.6784027331291,298.5598028354665,298.1743801251398
10.434473353293232,1.5,301.67886071583285,298.5600593627979,298.17441588905723
10.438098952095627,1.5,301.67931628582187,298.56031592633553,298.1744516854828
10.441724550898023,1.5,301.6797694693917,298.56057252604955,298.1744875144243
10.445350149700419,1.5,301.68022029276494,298.56082916191014,298.17452337588924
10.448975748502814,1.5,301.6806687820797,298.5610858338876,298.1745592698854
10.45260134730521,1.5,301.6811149633796,298.5613425419519,298.17459519642017
10.456226946107606,1.5,301.6815588626036,298.5615992860731,298.1746311555013
10.459852544910001,1.5,301.68200050557647,298.5618560662213,298.17466714713623
10.463478143712397,1.5,301.68243991800045,298.56211288236653,298.1747031713327
10.467103742514793,1.5,301.68287712544645,298.56236973447864,298.17473922809813
10.470729341317188,1.5,301.68331215334666,298.5626266225275,298.1747753174401
10.474354940119584,1.5,301.68374502698714,298.56288354648285,298.17481143936624
10.47798053892198,1.5,301.6841757715012,298.5631405063145,298.17484759388395
10.481606137724375,1.5,301.6846044118627,298.56339750199203,298.1748837810008
10.48523173652677,1.5,301.68503097288055,298.56365453348496,298.17492000072434
10.488857335329167,1.5,301.6854554791928,298.5639116007628,298.17495625306196
10.492482934131562,1.5,301.6858779552616,298.56416870379485,298.17499253802123
10.496108532933958,1.5,301.6862984253687,298.5644258425503,298.1750288556095
10.499734131736354,1.5,301.68671691361084,298.5646830169982,298.17506520583447
10.50335973053875,1.5,301.6871334438956,298.56494022710757,298.17510158870334
10.506985329341145,1.5,301.6875480399379,298.5651974728473,298.17513800422364
10.51061092814354,1.5,301.68796072525635,298.5654547541859,298.17517445240276
10.514236526945936,1.5,301.6883715231703,298.565712071092,298.17521093324814
10.517862125748332,1.5,301.68878045679696,298.56596942353394,298.17524744676723
10.521487724550727,1.5,301.6891875490487,298.56622681147985,298.1752839929673
10.525113323353123,1.5,301.6895928226309,298.56648423489776,298.1753205718559
10.528738922155519,1.5,301.6899963000398,298.5667416937553,298.17535718344016
10.532364520957914,1.5,301.69039800356063,298.56699918802025,298.17539382772765
10.53599011976031,1.5,301.6907979552661,298.56725671765975,298.1754305047257
10.539615718562706,1.5,301.69119617701466,298.56751428264096,298.1754672144415
10.543241317365101,1.5,301.6915926904499,298.56777188293074,298.1755039568825
10.546866916167497,1.5,301.69198751699906,298.56802951849573,298.1755407320559
10.550492514969893,1.5,301.69238067787217,298.56828718930217,298.1755775399691
10.554118113772288,1.5,301.69277219406183,298.56854489531617,298.1756143806293
10.557743712574684,1.5,301.69316208634217,298.56880263650334,298.175651254044
10.56136931137708,1.5,301.6935503752689,298.5690604128293,298.1756881602202
10.564994910179475,1.5,301.693937081179,298.56931822425895,298.1757250991653
10.568620508981871,1.5,301.69432222419056,298.5695760707572,298.1757620708865
10.572246107784267,1.5,301.69470582420297,298.5698339522883,298.175799075391
10.575871706586662,1.5,301.6950879008972,298.5700918688165,298.17583611268606
10.579497305389058,1.5,301.69546847373584,298.57034982030535,298.1758731827789
10.583122904191454,1.5,301.69584756196383,298.5706078067181,298.1759102856767
10.58674850299385,1.5,301.69622518460886,298.5708658280176,298.1759474213867
10.590374101796245,1.5,301.696601360482,298.57112388416624,298.175984589916
10.59399970059864,1.5,301.6969761081786,298.5713819751261,298.1760217912718
10.597625299401036,1.5,301.6973494460787,298.5716401008587,298.17605902546126
10.601250898203432,1.5,301.69772139234834,298.5718982613249,298.17609629249154
10.604876497005828,1.5,301.69809196494055,298.5721564564855,298.1761335923698
10.608502095808223,1.5,301.698461181596,298.5724146863005,298.17617092510307
10.612127694610619,1.5,301.6988290598445,298.57267295072944,298.17620829069847
10.615753293413015,1.5,301.6991956170061,298.57293124973125,298.1762456891632
10.61937889221541,1.5,301.69956087019233,298.5731895832645,298.1762831205043
10.623004491017806,1.5,301.6999248363073,298.573447951287,298.17632058472884
10.626630089820202,1.5,301.7002875320495,298.57370635375617,298.17635808184383
10.630255688622597,1.5,301.70064897391273,298.5739647906287,298.1763956118564
10.633881287424993,1.5,301.701009178188,298.5742232618606,298.17643317477354
10.637506886227388,1.5,301.7013681609645,298.5744817674074,298.17647077060235
10.641132485029784,1.5,301.7017259381317,298.5747403072239,298.1765083993499
10.64475808383218,1.5,301.70208252538043,298.5749988812643,298.1765460610231
10.648383682634575,1.5,301.70243793820487,298.57525748948217,298.1765837556289
10.652009281436971,1.5,301.702792191904,298.5755161318301,298.1766214831744
10.655634880239367,1.5,301.7031453015831,298.5757748082603,298.17665924366656
10.659260479041762,1.5,301.7034972821559,298.5760335187241,298.1766970371123
10.662886077844158,1.5,301.7038481483456,298.57629226317215,298.1767348635187
10.666511676646554,1.5,301.7041979146875,298.5765510415542,298.17677272289245
10.67013727544895,1.5,301.70454659552973,298.5768098538194,298.17681061524075
10.673762874251345,1.5,301.7048942050358,298.5770686999161,298.17684854057035
10.67738847305374,1.5,301.7052407571862,298.57732757979164,298.1768864988883
10.681014071856136,1.5,301.70558626577986,298.5775864933928,298.1769244902014
10.684639670658532,1.5,301.7059307444363,298.5778454406654,298.1769625145165
10.688265269460928,1.5,301.70627420659736,298.5781044215544,298.17700057184067
10.691890868263323,1.5,301.706616665529,298.5783634360039,298.1770386621806
10.695516467065719,1.5,301.706958134323,298.57862248395713,298.17707678554325
10.699142065868115,1.5,301.7072986258989,298.57888156535654,298.17711494193543
10.70276766467051,1.5,301.70763815300603,298.5791406801435,298.1771531313639
10.706393263472906,1.5,301.707976728225,298.5793998282585,298.1771913538356
10.710018862275302,1.5,301.70831436396963,298.5796590096411,298.17722960935737
10.713644461077697,1.5,301.70865107248903,298.57991822422997,298.1772678979358
10.717270059880093,1.5,301.7089868658691,298.5801774719628,298.1773062195779
10.720895658682489,1.5,301.7093217560345,298.5804367527762,298.1773445742904
10.724521257484884,1.5,301.7096557547505,298.580696066606,298.17738296207995
10.72814685628728,1.5,301.70998887362487,298.58095541338673,298.1774213829535
10.731772455089676,1.5,301.71032112410944,298.58121479305225,298.17745983691765
10.735398053892071,1.5,301.71065251750235,298.5814742055351,298.1774983239792
10.739023652694467,1.5,301.71098306494935,298.5817336507668,298.17753684414487
10.742649251496863,1.5,301.71131277744587,298.58199312867805,298.1775753974213
10.746274850299258,1.5,301.71164166583895,298.5822526391984,298.1776139838154
10.749900449101654,1.5,301.7119697408287,298.5825121822561,298.1776526033336
10.75352604790405,1.5,301.71229701297017,298.58277175777863,298.1776912559828
10.757151646706445,1.5,301.7126234926753,298.5830313656922,298.1777299417695
10.76077724550884,1.5,301.7129491902144,298.58329100592186,298.17776866070045
10.764402844311237,1.5,301.7132741157182,298.58355067839176,298.17780741278233
10.768028443113632,1.5,301.7135982791792,298.58381038302474,298.17784619802177
10.771654041916028,1.5,301.71392169045373,298.5840701197425,298.17788501642525
10.775279640718423,1.5,301.7142443592635,298.58432988846573,298.17792386799965
10.77890523952082,1.5,301.7145662951972,298.5845896891139,298.1779627527514
10.782530838323215,1.5,301.71488750771226,298.58484952160524,298.1780016706871
10.78615643712561,1.5,301.7152080061368,298.5851093858569,298.1780406218134
10.789782035928006,1.5,301.71552779967067,298.5853692817849,298.1780796061368
10.793407634730402,1.5,301.7158468973877,298.58562920930393,298.1781186236639
10.797033233532797,1.5,301.71616530823695,298.58588916832764,298.1781576744013
10.800658832335193,1.5,301.71648304104434,298.5861491587683,298.17819675835545
10.804284431137589,1.5,301.71680010451456,298.5864091805371,298.17823587553295
10.807910029939984,1.5,301.71711650723216,298.5866692335441,298.17827502594025
10.81153562874238,1.5,301.7174322576636,298.5869293176979,298.178314209584
10.815161227544776,1.5,301.7177473641584,298.58718943290614,298.17835342647055
10.818786826347171,1.5,301.71806183495096,298.58744957907504,298.1783926766065
10.822412425149567,1.5,301.71837567816203,298.58770975610975,298.1784319599982
10.826038023951963,1.5,301.7186889018001,298.58796996391396,298.1784712766522
10.829663622754358,1.5,301.71900151376275,298.5882302023902,298.178510626575
10.833289221556754,1.5,301.71931352183867,298.58849047143997,298.17855000977295
10.83691482035915,1.5,301.71962493370853,298.5887507709632,298.1785894262526
10.840540419161545,1.5,301.71993575694677,298.58901110085884,298.17862887602024
10.844166017963941,1.5,301.7202459990229,298.5892714610244,298.1786683590823
10.847791616766337,1.5,301.7205556673029,298.5895318513561,298.17870787544524
10.851417215568732,1.5,301.72086476905076,298.58979227174916,298.17874742511543
10.855042814371128,1.5,301.72117331142965,298.59005272209725,298.1787870080993
10.858668413173524,1.5,301.72148130150333,298.590313202293,298.17882662440314
10.86229401197592,1.5,301.7217887462377,298.5905737122275,298.17886627403334
10.865919610778315,1.5,301.72209565250193,298.5908342517909,298.17890595699623
10.86954520958071,1.5,301.7224020270698,298.59109482087194,298.1789456732982
10.873170808383106,1.5,301.72270787662114,298.5913554193579,298.1789854229455
10.876796407185502,1.5,301.72301320774295,298.5916160471352,298.1790252059445
10.880422005987898,1.5,301.72331802693077,298.5918767040886,298.1790650223016
10.884047604790293,1.5,301.72362234058994,298.59213739010187,298.17910487202295
10.887673203592689,1.5,301.7239261550367,298.5923981050574,298.17914475511486
10.891298802395085,1.5,301.7242294764997,298.59265884883627,298.1791846715836
10.89492440119748,1.5,301.72453231112087,298.5929196213184,298.1792246214354
10.898549999999876,1.5,301.724834664957,298.5931804223824,298.1792646046767
10.902175598802271,1.5,301.7251365439804,298.59344125190563,298.1793046213135
10.905801197604667,1.5,301.7254379540809,298.5937021097642,298.1793446713522
10.909426796407063,1.5,301.7257389010658,298.5939629958329,298.1793847547989
10.913052395209458,1.5,301.72603939066244,298.5942239099855,298.17942487165993
10.916677994011854,1.5,301.7263394285179,298.5944848520941,298.1794650219414
10.92030359281425,1.5,301.7266390202013,298.59474582203006,298.1795052056495
10.923929191616645,1.5,301.72693817120404,298.5950068196632,298.1795454227905
10.927554790419041,1.5,301.7272368869414,298.59526784486206,298.17958567337047
10.931180389221437,1.5,301.72753517275345,298.59552889749415,298.1796259573956
10.934805988023832,1.5,301.72783303390594,298.5957899774257,298.179666274872
10.938431586826228,1.5,301.7281304755917,298.59605108452155,298.17970662580586
10.942057185628624,1.5,301.7284275029313,298.5963122186456,298.1797470102033
10.94568278443102,1.5,301.7287241209742,298.59657337966036,298.1797874280704
10.949308383233415,1.5,301.72902033469995,298.5968345674271,298.1798278794133
10.95293398203581,1.5,301.72931614901887,298.5970957818061,298.17986836423813
10.956559580838206,1.5,301.72961156877295,298.5973570226562,298.1799088825509
10.960185179640602,1.5,301.72990659873744,298.5976182898352,298.17994943435764
10.963810778442998,1.5,301.730201243621,298.59787958319976,298.1799900196645
10.967436377245393,1.5,301.73049550806724,298.5981409026053,298.18003063847755
10.971061976047789,1.5,301.73078939665515,298.598402247906,298.1800712908027
10.974687574850185,1.5,301.73108291390054,298.59866361895496,298.1801119766462
10.97831317365258,1.5,301.73137606425644,298.59892501560427,298.18015269601375
10.981938772454976,1.5,301.7316688521144,298.59918643770465,298.18019344891167
10.985564371257372,1.5,301.73196128180496,298.5994478851058,298.18023423534584
10.989189970059767,1.5,301.7322533575988,298.59970935765625,298.1802750553222
10.992815568862163,1.5,301.7325450837076,298.5999708552035,298.1803159088468
10.996441167664559,1.5,301.7328364642847,298.6002323775937,298.18035679592555
11.000066766466954,1.5,301.733127503426,298.6004939246723,298.1803977165644
11.00369236526935,1.5,301.73341820517084,298.6007554962834,298.18043867076943
11.007317964071746,1.5,301.73370857350267,298.60101709227,298.1804796585464
11.010943562874141,1.5,301.7339986123501,298.6012787124741,298.18052067990135
11.014569161676537,1.5,301.73428832558733,298.6015403567365,298.1805617348401
11.018194760478933,1.5,301.7345777170351,298.60180202489727,298.18060282336864
11.021820359281328,1.5,301.7348667904615,298.6020637167951,298.1806439454929
11.025445958083724,1.5,301.7351555495828,298.60232543226783,298.1806851012186
11.02907155688612,1.5,301.7354439980638,298.60258717115215,298.1807262905517
11.032697155688515,1.5,301.735732139519,298.60284893328384,298.1807675134982
11.03632275449091,1.5,301.7360199775129,298.6031107184977,298.1808087700637
11.039948353293306,1.5,301.73630751556135,298.60337252662737,298.1808500602542
11.043573952095702,1.5,301.73659475713146,298.60363435750565,298.1808913840755
11.047199550898098,1.5,301.73688170564276,298.6038962109644,298.18093274153347
11.050825149700493,1.5,301.73716836446795,298.6041580868344,298.1809741326338
11.05445074850289,1.5,301.7374547369332,298.6044199849454,298.1810155573824
11.058076347305285,1.5,301.7377408263191,298.6046819051265,298.18105701578503
11.06170194610768,1.5,301.7380266358612,298.60494384720556,298.1810985078474
11.065327544910076,1.5,301.73831216875084,298.6052058110098,298.1811400335754
11.068953143712472,1.5,301.7385974281353,298.60546779636525,298.18118159297467
11.072578742514867,1.5,301.73888241711904,298.60572980309723,298.18122318605106
11.076204341317263,1.5,301.73916713876383,298.6059918310302,298.18126481281024
11.079829940119659,1.5,301.7394515960896,298.60625387998766,298.18130647325796
11.083455538922054,1.5,301.73973579207507,298.60651594979214,298.1813481673999
11.08708113772445,1.5,301.7400197296581,298.6067780402655,298.18138989524186
11.090706736526846,1.5,301.7403034117365,298.6070401512289,298.1814316567895
11.094332335329241,1.5,301.74058684116847,298.60730228250213,298.18147345204846
11.097957934131637,1.5,301.74087002077323,298.60756443390477,298.1815152810245
11.101583532934033,1.5,301.74115295333166,298.6078266052552,298.1815571437231
11.105209131736428,1.5,301.7414356415866,298.6080887963712,298.18159904015016
11.108834730538824,1.5,301.7417180882436,298.6083510070697,298.18164097031115
11.11246032934122,1.5,301.74200029597137,298.6086132371668,298.1816829342117
11.116085928143615,1.5,301.7422822674024,298.6088754864781,298.18172493185756
11.119711526946011,1.5,301.7425640051333,298.6091377548181,298.1817669632543
11.123337125748407,1.5,301.7428455117255,298.6094000420008,298.18180902840754
11.126962724550802,1.5,301.7431267897055,298.60966234783945,298.1818511273227
11.130588323353198,1.5,301.74340784156567,298.6099246721465,298.1818932600056
11.134213922155594,1.5,301.74368866976454,298.61018701473387,298.18193542646173
11.13783952095799,1.5,301.74396927672746,298.6104493754126,298.18197762669655
11.141465119760385,1.5,301.7442496648467,298.61071175399314,298.18201986071585
11.14509071856278,1.5,301.7445298364824,298.61097415028536,298.18206212852493
11.148716317365176,1.5,301.7448097939627,298.6112365640984,298.18210443012936
11.152341916167572,1.5,301.7450895395843,298.6114989952409,298.1821467655348
11.155967514969968,1.5,301.7453690756128,298.6117614435205,298.1821891347467
11.159593113772363,1.5,301.74564840428343,298.6120239087447,298.1822315377705
11.163218712574759,1.5,301.7459275278012,298.61228639072016,298.18227397461175
11.166844311377154,1.5,301.7462064483413,298.61254888925293,298.1823164452759
11.17046991017955,1.5,301.7464851680499,298.6128114041486,298.1823589497684
11.174095508981946,1.5,301.7467636890441,298.6130739352121,298.1824014880947
11.177721107784341,1.5,301.74704201341257,298.613336482248,298.18244406026037
11.181346706586737,1.5,301.74732014321614,298.61359904505997,298.18248666627073
11.184972305389133,1.5,301.7475980804876,298.6138616234515,298.1825293061313
11.188597904191528,1.5,301.7478758272329,298.6141242172255,298.18257197984735
11.192223502993924,1.5,301.7481533854308,298.6143868261843,298.18261468742446
11.19584910179632,1.5,301.7484307570338,298.6146494501298,298.182657428868
11.199474700598715,1.5,301.7487079439682,298.6149120888632,298.1827002041833
11.203100299401111,1.5,301.74898494813453,298.6151747421857,298.1827430133758
11.206725898203507,1.5,301.74926177140793,298.61543740989765,298.1827858564507
11.210351497005902,1.5,301.74953841563854,298.61570009179917,298.18282873341366
11.213977095808298,1.5,301.74981488265195,298.61596278768985,298.1828716442697
11.217602694610694,1.5,301.75009117424923,298.6162254973688,298.1829145890244
11.22122829341309,1.5,301.75036729220767,298.61648822063506,298.182957567683
11.224853892215485,1.5,301.75064323828076,298.61675095728685,298.18300058025073
11.22847949101788,1.5,301.75091901419887,298.6170137071223,298.1830436267331
11.232105089820276,1.5,301.75119462166936,298.617276469939,298.18308670713526
11.235730688622672,1.5,301.7514700623767,298.61753924553426,298.1831298214625
11.239356287425068,1.5,301.75174533798344,298.6178020337051,298.18317296972015
11.242981886227463,1.5,301.75202045012986,298.6180648342483,298.1832161519135
11.246607485029859,1.5,301.75229540043455,298.6183276469599,298.18325936804774
11.250233083832255,1.5,301.75257019049485,298.61859047163625,298.1833026181281
11.25385868263465,1.5,301.752844821887,298.6188533080728,298.1833459021599
11.257484281437046,1.5,301.75311929616623,298.61911615606505,298.18338922014834
11.261109880239442,1.5,301.75339361486755,298.61937901540824,298.1834325720986
11.264735479041837,1.5,301.75366777950563,298.6196418858973,298.1834759580159
11.268361077844233,1.5,301.75394179157524,298.6199047673267,298.1835193779055
11.271986676646629,1.5,301.75421565255147,298.6201676594911,298.1835628317725
11.275612275449024,1.5,301.7544893638902,298.6204305621845,298.1836063196222
11.27923787425142,1.5,301.7547629270279,298.6206934752008,298.1836498414596
11.282863473053816,1.5,301.75503634338264,298.620956398334,298.18369339729
11.286489071856211,1.5,301.7553096143535,298.6212193313775,298.1837369871184
11.290114670658607,1.5,301.7555827413217,298.6214822741248,298.18378061095007
11.293740269461003,1.5,301.75585572565006,298.621745226369,298.18382426879015
11.297365868263398,1.5,301.75612856868383,298.6220081879033,298.1838679606436
11.300991467065794,1.5,301.75640127175063,298.6222711585204,298.1839116865157
11.30461706586819,1.5,301.75667383616087,298.6225341380132,298.18395544641146
11.308242664670585,1.5,301.7569462632078,298.6227971261743,298.183999240336
11.31186826347298,1.5,301.757218554168,298.6230601227962,298.18404306829433
11.315493862275376,1.5,301.7574907103014,298.62332312767137,298.1840869302916
11.319119461077772,1.5,301.7577627328515,298.62358614059207,298.18413082633276
11.322745059880168,1.5,301.75803462304594,298.6238491613505,298.184174756423
11.326370658682563,1.5,301.7583063820963,298.6241121897388,298.18421872056723
11.329996257484959,1.5,301.75857801119855,298.6243752255491,298.1842627187706
11.333621856287355,1.5,301.7588495115332,298.62463826857345,298.184306751038
11.33724745508975,1.5,301.75912088426554,298.62490131860363,298.1843508173745
11.340873053892146,1.5,301.7593921305459,298.62516437543184,298.18439491778514
11.344498652694542,1.5,301.75966325150983,298.6254274388498,298.18443905227485
11.348124251496937,1.5,301.75993424827806,298.62569050864954,298.1844832208486
11.351749850299333,1.5,301.76020512195726,298.6259535846228,298.1845274235114
11.355375449101729,1.5,301.7604758736398,298.6262166665616,298.1845716602682
11.359001047904124,1.5,301.7607465044039,298.6264797542578,298.1846159311239
11.36262664670652,1.5,301.7610170153142,298.6267428475032,298.18466023608346
11.366252245508916,1.5,301.76128740742166,298.6270059460899,298.1847045751518
11.369877844311311,1.5,301.7615576817638,298.6272690498099,298.18474894833383
11.373503443113707,1.5,301.76182783936497,298.6275321584552,298.18479335563455
11.377129041916103,1.5,301.76209788123646,298.6277952718179,298.18483779705883
11.380754640718498,1.5,301.7623678083766,298.62805838969007,298.18488227261145
11.384380239520894,1.5,301.7626376217713,298.6283215118641,298.18492678229734
11.38800583832329,1.5,301.76290732239386,298.62858463813234,298.1849713261214
11.391631437125685,1.5,301.76317691120505,298.6288477682871,298.1850159040885
11.395257035928081,1.5,301.7634463891538,298.6291109021209,298.1850605162034
11.398882634730477,1.5,301.76371575717684,298.62937403942647,298.1851051624711
11.402508233532872,1.5,301.7639850161992,298.62963717999656,298.18514984289624
11.406133832335268,1.5,301.76425416713414,298.629900323624,298.1851945574838
11.409759431137664,1.5,301.7645232108836,298.6301634701018,298.18523930623854
11.41338502994006,1.5,301.76479214833813,298.6304266192234,298.1852840891652
11.417010628742455,1.5,301.765060980377,298.63068977078177,298.1853289062686
11.42063622754485,1.5,301.7653297078685,298.6309529245706,298.1853737575535
11.424261826347246,1.5,301.7655983316702,298.6312160803834,298.1854186430247
11.427887425149642,1.5,301.76586685262885,298.6314792380142,298.185463562687
11.431513023952037,1.5,301.76613527158065,298.6317423972569,298.1855085165451
11.435138622754433,1.5,301.7664035893512,298.6320055579058,298.1855535046038
11.438764221556829,1.5,301.7666718067563,298.6322687197553,298.1855985268677
11.442389820359224,1.5,301.7669399246011,298.63253188259995,298.18564358334163
11.44601541916162,1.5,301.76720794368106,298.63279504623466,298.18568867403025
11.449641017964016,1.5,301.7674758647818,298.6330582104545,298.18573379893826
11.453266616766411,1.5,301.76774368867893,298.6333213750549,298.1857789580704
11.456892215568807,1.5,301.76801141613896,298.6335845398311,298.1858241514313
11.460517814371203,1.5,301.76827904791844,298.6338477045791,298.1858693790257
11.464143413173598,1.5,301.7685465847651,298.63411086909497,298.1859146408582
11.467769011975994,1.5,301.76881402741697,298.63437403317494,298.18595993693344
11.47139461077839,1.5,301.7690813766035,298.6346371966156,298.1860052672561
11.475020209580785,1.5,301.7693486330449,298.63490035921376,298.1860506318308
11.478645808383181,1.5,301.7696157974527,298.6351635207666,298.18609603066216
11.482271407185577,1.5,301.76988287052967,298.63542668107146,298.18614146375484
11.485897005987972,1.5,301.77014985297006,298.63568983992616,298.18618693111335
11.489522604790368,1.5,301.77041674545967,298.6359529971285,298.1862324327423
11.493148203592764,1.5,301.7706835486759,298.6362161524772,298.1862779686464
11.49677380239516,1.5,301.770950263288,298.6364793057705,298.18632353883004
11.500399401197555,1.5,301.77121688995715,298.6367424568075,298.1863691432979
11.50402499999995,1.5,301.77148342933646,298.6370056053875,298.1864147820545
11.507650598802346,1.5,301.77174988207116,298.6372687513101,298.1864604551044
11.511276197604742,1.5,301.77201624879876,298.63753189437523,298.1865061624521
11.514901796407138,1.5,301.7722825301491,298.6377950343832,298.18655190410215
11.518527395209533,1.5,301.77254872674433,298.6380581711347,298.1865976800591
11.522152994011929,1.5,301.7728148391993,298.6383213044307,298.1866434903274
11.525778592814325,1.5,301.7730808681215,298.6385844340725,298.1866893349116
11.52940419161672,1.5,301.7733468141111,298.6388475598619,298.1867352138162
11.533029790419116,1.5,301.77361267776104,298.63911068160104,298.1867811270455
11.536655389221512,1.5,301.77387845965734,298.63937379909237,298.18682707460414
11.540280988023907,1.5,301.7741441603791,298.63963691213877,298.18687305649655
11.543906586826303,1.5,301.7744097804984,298.6399000205435,298.18691907272716
11.547532185628699,1.5,301.7746753205806,298.6401631241102,298.18696512330035
11.551157784431094,1.5,301.77494078118445,298.64042622264293,298.1870112082206
11.55478338323349,1.5,301.7752061628622,298.64068931594625,298.18705732749237
11.558408982035886,1.5,301.7754714661594,298.6409524038249,298.18710348112
11.562034580838281,1.5,301.7757366916152,298.64121548608415,298.1871496691079
11.565660179640677,1.5,301.77600183976256,298.6414785625299,298.1871958914605
11.569285778443072,1.5,301.7762669111283,298.6417416329681,298.1872421481821
11.572911377245468,1.5,301.77653190623283,298.64200469720544,298.1872884392771
11.576536976047864,1.5,301.7767968255906,298.6422677550488,298.1873347647499
11.58016257485026,1.5,301.7770616697103,298.6425308063057,298.1873811246048
11.583788173652655,1.5,301.7773264390944,298.642793850784,298.1874275188462
11.58741377245505,1.5,301.77759113423974,298.6430568882921,298.1874739474784
11.591039371257446,1.5,301.77785575563735,298.6433199186386,298.18752041050567
11.594664970059842,1.5,301.7781203037727,298.6435829416329,298.1875669079324
11.598290568862238,1.5,301.77838477912564,298.6438459570847,298.1876134397628
11.601916167664633,1.5,301.7786491821704,298.64410896480416,298.18766000600124
11.605541766467029,1.5,301.77891351337604,298.6443719646019,298.187706606652
11.609167365269425,1.5,301.77917777320596,298.64463495628894,298.1877532417193
11.61279296407182,1.5,301.7794419621185,298.644897939677,298.1877999112074
11.616418562874216,1.5,301.7797060805667,298.64516091457807,298.1878466151205
11.620044161676612,1.5,301.77997012899857,298.64542388080474,298.187893353463
11.623669760479007,1.5,301.7802341078568,298.64568683817004,298.187940126239
11.627295359281403,1.5,301.78049801757936,298.64594978648756,298.18798693345286
11.630920958083799,1.5,301.78076185859925,298.6462127255712,298.1880337751087
11.634546556886194,1.5,301.78102563134445,298.6464756552356,298.1880806512106
11.63817215568859,1.5,301.7812893362382,298.64673857529584,298.188127561763
11.641797754490986,1.5,301.78155297369915,298.64700148556733,298.1881745067699
11.645423353293381,1.5,301.7818165441411,298.6472643858662,298.18822148623553
11.649048952095777,1.5,301.78208004797335,298.64752727600893,298.18826850016404
11.652674550898173,1.5,301.7823434856007,298.64779015581274,298.1883155485596
11.656300149700568,1.5,301.7826068574233,298.6480530250952,298.1883626314264
11.659925748502964,1.5,301.78287016383706,298.64831588367434,298.18840974876844
11.66355134730536,1.5,301.7831334052334,298.64857873136884,298.18845690059
11.667176946107755,1.5,301.78339658199957,298.6488415679979,298.1885040868951
11.670802544910151,1.5,301.78365969451846,298.64910439338126,298.1885513076879
11.674428143712547,1.5,301.78392274316894,298.6493672073392,298.1885985629724
11.678053742514942,1.5,301.78418572832555,298.6496300096923,298.18864585275276
11.681679341317338,1.5,301.78444865035885,298.64989280026214,298.1886931770331
11.685304940119734,1.5,301.7847115096355,298.6501555788704,298.1887405358174
11.68893053892213,1.5,301.784974306518,298.6504183453396,298.18878792910976
11.692556137724525,1.5,301.785237041365,298.65068109949254,298.1888353569142
11.69618173652692,1.5,301.7854997145315,298.6509438411529,298.1888828192347
11.699807335329316,1.5,301.7857623263684,298.6512065701447,298.18893031607547
11.703432934131712,1.5,301.7860248772231,298.6514692862925,298.1889778474403
11.707058532934107,1.5,301.78628736743906,298.65173198942153,298.18902541333335
11.710684131736503,1.5,301.78654979735626,298.65199467935753,298.18907301375856
11.714309730538899,1.5,301.78681216731104,298.6522573559267,298.18912064872
11.717935329341294,1.5,301.7870744776363,298.652520018956,298.18916831822145
11.72156092814369,1.5,301.78733672866116,298.6527826682728,298.1892160222671
11.725186526946086,1.5,301.7875989207115,298.6530453037051,298.18926376086074
11.728812125748481,1.5,301.7878610541098,298.6533079250815,298.1893115340064
11.732437724550877,1.5,301.7881231291751,298.65357053223113,298.189359341708
11.736063323353273,1.5,301.7883851462231,298.65383312498363,298.1894071839695
11.739688922155668,1.5,301.7886471055663,298.65409570316933,298.1894550607948
11.743314520958064,1.5,301.78890900751395,298.6543582666191,298.18950297218777
11.74694011976046,1.5,301.7891708523721,298.65462081516444,298.1895509181523
11.750565718562855,1.5,301.7894326404436,298.6548833486373,298.1895988986924
11.754191317365251,1.5,301.7896943720284,298.65514586687027,298.1896469138118
11.757816916167647,1.5,301.7899560474231,298.6554083696966,298.18969496351446
11.761442514970042,1.5,301.79021766692154,298.6556708569501,298.1897430478042
11.765068113772438,1.5,301.79047923081447,298.655933328465,298.18979116668487
11.768693712574834,1.5,301.7907407393897,298.6561957840763,298.1898393201603
11.77231931137723,1.5,301.7910021929321,298.6564582236196,298.18988750823434
11.775944910179625,1.5,301.79126359172386,298.65672064693103,298.1899357309108
11.77957050898202,1.5,301.7915249360441,298.6569830538473,298.1899839881935
11.783196107784416,1.5,301.7917862261694,298.6572454442058,298.19003228008614
11.786821706586812,1.5,301.79204746237343,298.65750781784425,298.19008060659263
11.790447305389208,1.5,301.79230864492723,298.65777017460135,298.1901289677167
11.794072904191603,1.5,301.7925697740991,298.65803251431606,298.1901773634622
11.797698502993999,1.5,301.79283085015476,298.6582948368283,298.19022579383284
11.801324101796395,1.5,301.7930918733574,298.65855714197824,298.1902742588323
11.80494970059879,1.5,301.79335284396745,298.6588194296068,298.19032275846445
11.808575299401186,1.5,301.793613762243,298.65908169955554,298.19037129273283
11.812200898203582,1.5,301.79387462843954,298.6593439516666,298.1904198616413
11.815826497005977,1.5,301.79413544281005,298.65960618578254,298.19046846519353
11.819452095808373,1.5,301.79439620560527,298.6598684017468,298.19051710339323
11.823077694610769,1.5,301.7946569170734,298.6601305994033,298.19056577624406
11.826703293413164,1.5,301.7949175774602,298.66039277859664,298.1906144837497
11.83032889221556,1.5,301.7951781870092,298.6606549391718,298.1906632259139
11.833954491017955,1.5,301.79543874596163,298.6609170809747,298.1907120027402
11.837580089820351,1.5,301.79569925455644,298.6611792038516,298.19076081423236
11.841205688622747,1.5,301.79595971303036,298.66144130764945,298.19080966039394
11.844831287425142,1.5,301.7962201216178,298.6617033922158,298.1908585412285
11.848456886227538,1.5,301.79648048055117,298.661965457399,298.19090745673986
11.852082485029934,1.5,301.7967407900604,298.6622275030477,298.19095640693155
11.85570808383233,1.5,301.7970010503737,298.66248952901134,298.19100539180704
11.859333682634725,1.5,301.7972612617169,298.66275153513993,298.19105441137003
11.86295928143712,1.5,301.79752142431386,298.66301352128403,298.19110346562405
11.866584880239516,1.5,301.79778153838646,298.66327548729504,298.1911525545727
11.870210479041912,1.5,301.7980416041543,298.6635374330247,298.1912016782195
11.873836077844308,1.5,301.7983016218354,298.66379935832543,298.19125083656803
11.877461676646703,1.5,301.7985615916454,298.6640612630504,298.1913000296219
11.881087275449099,1.5,301.79882151379826,298.6643231470533,298.1913492573845
11.884712874251495,1.5,301.799081388506,298.6645850101884,298.19139851985943
11.88833847305389,1.5,301.79934121597876,298.6648468523106,298.1914478170501
11.891964071856286,1.5,301.79960099642466,298.66510867327537,298.19149714896014
11.895589670658682,1.5,301.79986073005017,298.66537047293895,298.19154651559285
11.899215269461077,1.5,301.8001204170598,298.665632251158,298.19159591695194
11.902840868263473,1.5,301.8003800576565,298.66589400779003,298.1916453530407
11.906466467065869,1.5,301.8006396520412,298.66615574269287,298.1916948238627
11.910092065868264,1.5,301.80089920041314,298.66641745572514,298.1917443294213
11.91371766467066,1.5,301.80115870297,298.66667914674605,298.19179386971985
11.917343263473056,1.5,301.80141815990766,298.66694081561553,298.19184344476196
11.920968862275451,1.5,301.80167757142016,298.6672024621938,298.1918930545509
11.924594461077847,1.5,301.8019369377002,298.66746408634214,298.1919426990902
11.928220059880243,1.5,301.80219625893864,298.667725687922,298.19199237838313
11.931845658682638,1.5,301.8024555353248,298.6679872667957,298.1920420924331
11.935471257485034,1.5,301.8027147670464,298.6682488228262,298.19209184124355
11.93909685628743,1.5,301.8029739542896,298.66851035587695,298.19214162481774
11.942722455089825,1.5,301.803233097239,298.66877186581195,298.1921914431591
11.94634805389222,1.5,301.80349219607757,298.6690333524961,298.19224129627094
11.949973652694617,1.5,301.80375125098703,298.66929481579456,298.19229118415655
11.953599251497012,1.5,301.8040102621474,298.6695562555734,298.19234110681936
11.957224850299408,1.5,301.8042692297373,298.66981767169904,298.19239106426255
11.960850449101804,1.5,301.80452815393386,298.6700790640387,298.19244105648943
11.9644760479042,1.5,301.80478703491286,298.67034043246014,298.19249108350334
11.968101646706595,1.5,301.80504587284855,298.67060177683163,298.1925411453076
11.97172724550899,1.5,301.8053046679139,298.67086309702233,298.19259124190535
11.975352844311386,1.5,301.8055634202805,298.6711243929017,298.1926413732999
11.978978443113782,1.5,301.80582213011854,298.67138566434,298.19269153949455
11.982604041916177,1.5,301.80608079759685,298.6716469112079,298.1927417404924
11.986229640718573,1.5,301.8063394228829,298.671908133377,298.1927919762968
11.989855239520969,1.5,301.806598006143,298.67216933071916,298.1928422469109
11.993480838323364,1.5,301.806856547542,298.672430503107,298.192892552338
11.99710643712576,1.5,301.8071150472437,298.6726916504138,298.19294289258113
12.000732035928156,1.5,301.80737350541034,298.67295277251344,298.19299326764354
12.004357634730551,1.5,301.8076319222032,298.6732138692801,298.1930436775284
12.007983233532947,1.5,301.8078902977822,298.67347494058913,298.1930941222389
12.011608832335343,1.5,301.8081486323061,298.6737359863159,298.19314460177816
12.015234431137738,1.5,301.80840692593233,298.6739970063367,298.1931951161493
12.018860029940134,1.5,301.80866517881736,298.67425800052837,298.19324566535545
12.02248562874253,1.5,301.80892339111637,298.6745189687684,298.1932962493997
12.026111227544925,1.5,301.80918156298344,298.67477991093466,298.1933468682852
12.029736826347321,1.5,301.80943969457144,298.67504082690596,298.193397522015
12.033362425149717,1.5,301.8096977860322,298.6753017165614,298.19344821059224
12.036988023952112,1.5,301.80995583751627,298.6755625797808,298.19349893401994
12.040613622754508,1.5,301.81021384917346,298.67582341644453,298.19354969230125
12.044239221556904,1.5,301.8104718211523,298.67608422643366,298.19360048543905
12.0478648203593,1.5,301.81072975360007,298.67634500962976,298.19365131343653
12.051490419161695,1.5,301.8109876466633,298.6766057659149,298.19370217629654
12.05511601796409,1.5,301.8112455004874,298.676866495172,298.19375307402237
12.058741616766486,1.5,301.81150331521667,298.67712719728434,298.1938040066168
12.062367215568882,1.5,301.81176109099454,298.67738787213585,298.19385497408285
12.065992814371278,1.5,301.81201882796324,298.6776485196111,298.1939059764235
12.069618413173673,1.5,301.81227652626427,298.67790913959533,298.19395701364186
12.073244011976069,1.5,301.81253418603785,298.67816973197404,298.19400808574073
12.076869610778465,1.5,301.8127918074235,298.67843029663356,298.1940591927231
12.08049520958086,1.5,301.8130493905597,298.6786908334609,298.194110334592
12.084120808383256,1.5,301.813306935584,298.67895134234345,298.19416151135016
12.087746407185652,1.5,301.81356444263304,298.6792118231692,298.19421272300065
12.091372005988047,1.5,301.8138219118424,298.67947227582675,298.1942639695464
12.094997604790443,1.5,301.81407934334703,298.6797327002055,298.1943152509902
12.098623203592838,1.5,301.8143367372808,298.6799930961949,298.1943665673349
12.102248802395234,1.5,301.8145940937767,298.6802534636855,298.1944179185835
12.10587440119763,1.5,301.8148514129669,298.6805138025682,298.19446930473873
12.109500000000025,1.5,301.81510869498265,298.6807741127345,298.1945207258035
12.113125598802421,1.5,301.8153659399546,298.6810343940765,298.19457218178064
12.116751197604817,1.5,301.81562314801215,298.68129464648683,298.194623672673
12.120376796407212,1.5,301.8158803192842,298.6815548698586,298.19467519848337
12.124002395209608,1.5,301.8161374538987,298.6818150640857,298.1947267592146
12.127627994012004,1.5,301.8163945519828,298.68207522906243,298.19477835486936
12.1312535928144,1.5,301.8166516136628,298.68233536468375,298.1948299854505
12.134879191616795,1.5,301.8169086390645,298.6825954708451,298.1948816509607
12.13850479041919,1.5,301.81716562831247,298.68285554744267,298.1949333514029
12.142130389221586,1.5,301.81742258153093,298.68311559437285,298.1949850867797
12.145755988023982,1.5,301.817679498843,298.68337561153294,298.19503685709384
12.149381586826378,1.5,301.81793638037124,298.68363559882073,298.1950886623481
12.153007185628773,1.5,301.81819322623744,298.6838955561343,298.19514050254503
12.156632784431169,1.5,301.81845003656275,298.68415548337265,298.1951923776876
12.160258383233565,1.5,301.8187068114674,298.6844153804352,298.1952442877782
12.16388398203596,1.5,301.81896355107096,298.6846752472219,298.19529623281977
12.167509580838356,1.5,301.81922025549244,298.68493508363315,298.19534821281474
12.171135179640752,1.5,301.81947692485,298.68519488957014,298.19540022776584
12.174760778443147,1.5,301.8197335592611,298.6854546649344,298.19545227767577
12.178386377245543,1.5,301.81999015884276,298.6857144096282,298.19550436254707
12.182011976047939,1.5,301.8202467237111,298.6859741235541,298.19555648238236
12.185637574850334,1.5,301.8205032539814,298.6862338066155,298.1956086371843
12.18926317365273,1.5,301.82075974976874,298.68649345871614,298.1956608269555
12.192888772455126,1.5,301.8210162111872,298.68675307976036,298.19571305169836
12.196514371257521,1.5,301.82127263835037,298.6870126696531,298.19576531141564
12.200139970059917,1.5,301.82152903137114,298.6872722282997,298.19581760610976
12.203765568862313,1.5,301.82178539036187,298.6875317556062,298.1958699357834
12.207391167664708,1.5,301.8220417154342,298.6877912514791,298.1959223004389
12.211016766467104,1.5,301.8222980066991,298.6880507158254,298.195974700079
12.2146423652695,1.5,301.8225542642672,298.68831014855266,298.196027134706
12.218267964071895,1.5,301.8228104882482,298.6885695495692,298.1960796043225
12.22189356287429,1.5,301.8230666787514,298.6888289187834,298.1961321089309
12.225519161676687,1.5,301.82332283588545,298.6890882561045,298.19618464853374
12.229144760479082,1.5,301.8235789597586,298.68934756144233,298.19623722313344
12.232770359281478,1.5,301.8238350504783,298.689606834707,298.19628983273253
12.236395958083873,1.5,301.8240911081514,298.6898660758093,298.1963424773333
12.24002155688627,1.5,301.82434713288444,298.6901252846605,298.1963951569383
12.243647155688665,1.5,301.82460312478327,298.69038446117247,298.1964478715498
12.24727275449106,1.5,301.8248590839532,298.6906436052574,298.19650062117034
12.250898353293456,1.5,301.82511501049885,298.6909027168282,298.19655340580215
12.254523952095852,1.5,301.8253709045247,298.6911617957983,298.1966062254477
12.258149550898247,1.5,301.8256267661343,298.69142084208147,298.1966590801093
12.261775149700643,1.5,301.82588259543087,298.6916798555922,298.19671196978936
12.265400748503039,1.5,301.82613839251707,298.6919388362454,298.19676489449006
12.269026347305434,1.5,301.82639415749514,298.6921977839564,298.1968178542139
12.27265194610783,1.5,301.8266498904666,298.6924566986412,298.19687084896304
12.276277544910226,1.5,301.8269055915328,298.6927155802162,298.1969238787399
12.279903143712621,1.5,301.8271612607942,298.6929744285984,298.1969769435466
12.283528742515017,1.5,301.8274168983511,298.6932332437052,298.19703004338555
12.287154341317413,1.5,301.82767250430317,298.6934920254546,298.19708317825894
12.290779940119808,1.5,301.82792807874966,298.69375077376503,298.19713634816907
12.294405538922204,1.5,301.82818362178926,298.6940094885555,298.19718955311805
12.2980311377246,1.5,301.8284391335203,298.6942681697454,298.1972427931083
12.301656736526995,1.5,301.8286946140405,298.6945268172547,298.1972960681417
12.305282335329391,1.5,301.8289500634474,298.6947854310039,298.1973493782208
12.308907934131787,1.5,301.8292054818377,298.69504401091393,298.1974027233475
12.312533532934182,1.5,301.82946086930804,298.6953025569063,298.19745610352413
12.316159131736578,1.5,301.82971622595426,298.6955610689028,298.1975095187527
12.319784730538974,1.5,301.8299715518721,298.69581954682593,298.1975629690355
12.32341032934137,1.5,301.8302268471567,298.69607799059867,298.19761645437455
12.327035928143765,1.5,301.83048211190265,298.69633640014433,298.19766997477205
12.33066152694616,1.5,301.8307373462043,298.69659477538676,298.19772353023006
12.334287125748556,1.5,301.8309925501556,298.69685311625045,298.1977771207506
12.337912724550952,1.5,301.83124772384997,298.69711142266016,298.1978307463358
12.341538323353348,1.5,301.83150286738044,298.69736969454124,298.19788440698767
12.345163922155743,1.5,301.8317579808396,298.69762793181957,298.1979381027084
12.348789520958139,1.5,301.83201306431977,298.69788613442137,298.1979918334999
12.352415119760535,1.5,301.83226811791275,298.6981443022734,298.19804559936415
12.35604071856293,1.5,301.83252314171006,298.6984024353029,298.19809940030325
12.359666317365326,1.5,301.83277813580264,298.6986605334376,298.1981532363192
12.363291916167721,1.5,301.8330331002812,298.6989185966056,298.19820710741385
12.366917514970117,1.5,301.83328803523614,298.6991766247356,298.1982610135893
12.370543113772513,1.5,301.8335429407572,298.6994346177568,298.19831495484743
12.374168712574908,1.5,301.83379781693395,298.69969257559865,298.1983689311902
12.377794311377304,1.5,301.83405266385563,298.69995049819124,298.19842294261963
12.3814199101797,1.5,301.83430748161095,298.7002083854651,298.19847698913753
12.385045508982095,1.5,301.83456227028836,298.7004662373512,298.1985310707458
12.388671107784491,1.5,301.83481702997597,298.70072405378085,298.1985851874463
12.392296706586887,1.5,301.8350717607615,298.70098183468605,298.198639339241
12.395922305389282,1.5,301.83532646273227,298.70123957999914,298.1986935261317
12.399547904191678,1.5,301.8355811359752,298.70149728965293,298.1987477481201
12.403173502994074,1.5,301.83583578057716,298.7017549635806,298.19880200520834
12.40679910179647,1.5,301.83609039662423,298.7020126017158,298.19885629739804
12.410424700598865,1.5,301.8363449842026,298.7022702039928,298.19891062469094
12.41405029940126,1.5,301.8365995433977,298.7025277703461,298.198964987089
12.417675898203656,1.5,301.83685407429505,298.7027853007108,298.1990193845939
12.421301497006052,1.5,301.8371085769796,298.7030427950223,298.1990738172074
12.424927095808448,1.5,301.8373630515358,298.7033002532167,298.19912828493125
12.428552694610843,1.5,301.8376174980482,298.7035576752302,298.19918278776726
12.432178293413239,1.5,301.83787191660065,298.7038150609996,298.199237325717
12.435803892215635,1.5,301.83812630727687,298.7040724104623,298.19929189878235
12.43942949101803,1.5,301.83838067016023,298.7043297235558,298.19934650696484
12.443055089820426,1.5,301.8386350053338,298.7045870002184,298.1994011502662
12.446680688622822,1.5,301.8388893128804,298.7048442403885,298.1994558286882
12.450306287425217,1.5,301.8391435928823,298.7051014440051,298.1995105422323
12.453931886227613,1.5,301.83939784542173,298.7053586110076,298.1995652909003
12.457557485030009,1.5,301.8396520705805,298.7056157413359,298.19962007469377
12.461183083832404,1.5,301.83990626844013,298.7058728349303,298.19967489361426
12.4648086826348,1.5,301.84016043908196,298.7061298917314,298.1997297476634
12.468434281437196,1.5,301.84041458258673,298.70638691168034,298.1997846368428
12.472059880239591,1.5,301.84066869903535,298.70664389471864,298.199839561154
12.475685479041987,1.5,301.84092278850795,298.70690084078825,298.19989452059855
12.479311077844383,1.5,301.84117685108475,298.70715774983154,298.19994951517793
12.482936676646778,1.5,301.84143088684533,298.70741462179126,298.2000045448938
12.486562275449174,1.5,301.84168489586943,298.7076714566107,298.20005960974754
12.49018787425157,1.5,301.8419388782362,298.7079282542334,298.20011470974066
12.493813473053965,1.5,301.84219283402444,298.7081850146035,298.2001698448746
12.49743907185636,1.5,301.84244676331315,298.70844173766534,298.2002250151509
12.501064670658756,1.5,301.84270066618046,298.7086984233638,298.200280220571
12.504690269461152,1.5,301.8429545427046,298.708955071644,298.2003354611364
12.508315868263548,1.5,301.8432083929634,298.70921168245184,298.20039073684836
12.511941467065943,1.5,301.8434622170345,298.7094682557332,298.20044604770834
12.51556706586834,1.5,301.84371601499527,298.7097247914346,298.20050139371773
12.519192664670735,1.5,301.8439697869226,298.70998128950293,298.200556774878
12.52281826347313,1.5,301.8442235328936,298.71023774988544,298.2006121911904
12.526443862275526,1.5,301.8444772529845,298.7104941725297,298.2006676426563
12.530069461077922,1.5,301.8447309472719,298.7107505573839,298.20072312927704
12.533695059880317,1.5,301.84498461583166,298.7110069043964,298.20077865105395
12.537320658682713,1.5,301.8452382587395,298.71126321351613,298.20083420798824
12.540946257485109,1.5,301.8454918760712,298.7115194846922,298.2008898000813
12.544571856287504,1.5,301.84574546790196,298.7117757178743,298.2009454273344
12.5481974550899,1.5,301.8459990343068,298.7120319130124,298.20100108974873
12.551823053892296,1.5,301.84625257536055,298.712288070057,298.2010567873255
12.555448652694691,1.5,301.84650609113766,298.7125441889589,298.20111252006615
12.559074251497087,1.5,301.84675958171266,298.71280026966906,298.2011682879716
12.562699850299483,1.5,301.84701304715946,298.71305631213914,298.20122409104323
12.566325449101878,1.5,301.8472664875521,298.7133123163211,298.2012799292822
12.569951047904274,1.5,301.84751990296394,298.7135682821672,298.20133580268964
12.57357664670667,1.5,301.84777329346855,298.7138242096301,298.2013917112667
12.577202245509065,1.5,301.848026659139,298.71408009866286,298.2014476550145
12.580827844311461,1.5,301.8482800000483,298.71433594921893,298.2015036339342
12.584453443113857,1.5,301.84853331626897,298.7145917612522,298.2015596480269
12.588079041916252,1.5,301.8487866078736,298.7148475347167,298.2016156972936
12.591704640718648,1.5,301.8490398749343,298.715103269567,298.20167178173557
12.595330239521044,1.5,301.8492931175233,298.715358965758,298.2017279013537
12.59895583832344,1.5,301.8495463357121,298.7156146232451,298.20178405614905
12.602581437125835,1.5,301.8497995295725,298.71587024198374,298.2018402461227
12.60620703592823,1.5,301.85005269917576,298.71612582192995,298.2018964712756
12.609832634730626,1.5,301.85030584459304,298.7163813630402,298.20195273160886
12.613458233533022,1.5,301.85055896589523,298.7166368652712,298.20200902712327
12.617083832335418,1.5,301.850812063153,298.7168923285799,298.20206535781995
12.620709431137813,1.5,301.85106513643683,298.71714775292384,298.2021217236998
12.624335029940209,1.5,301.851318185817,298.7174031382608,298.2021781247638
12.627960628742604,1.5,301.8515712113636,298.7176584845489,298.2022345610128
12.631586227545,1.5,301.8518242131464,298.71791379174664,298.2022910324477
12.635211826347396,1.5,301.8520771912352,298.7181690598128,298.2023475390695
12.638837425149791,1.5,301.8523301456993,298.71842428870673,298.202404080879
12.642463023952187,1.5,301.8525830766079,298.7186794783878,298.20246065787694
12.646088622754583,1.5,301.8528359840301,298.718934628816,298.20251727006433
12.649714221556978,1.5,301.85308886803466,298.7191897399515,298.2025739174419
12.653339820359374,1.5,301.8533417286903,298.7194448117549,298.2026306000105
12.65696541916177,1.5,301.8535945660653,298.7196998441871,298.20268731777094
12.660591017964165,1.5,301.8538473802279,298.71995483720934,298.2027440707239
12.664216616766561,1.5,301.85410017124616,298.7202097907834,298.20280085887026
12.667842215568957,1.5,301.85435293918783,298.72046470487084,298.20285768221066
12.671467814371352,1.5,301.85460568412066,298.7207195794342,298.20291454074584
12.675093413173748,1.5,301.854858406112,298.72097441443606,298.2029714344766
12.678719011976144,1.5,301.855111105229,298.7212292098392,298.2030283634036
12.68234461077854,1.5,301.8553637815388,298.7214839656071,298.20308532752745
12.685970209580935,1.5,301.8556164351083,298.72173868170313,298.2031423268489
12.68959580838333,1.5,301.85586906600395,298.7219933580913,298.20319936136855
12.693221407185726,1.5,301.85612167429235,298.7222479947359,298.2032564310871
12.696847005988122,1.5,301.85637426003973,298.7225025916015,298.203313536005
12.700472604790518,1.5,301.85662682331224,298.7227571486528,298.20337067612303
12.704098203592913,1.5,301.8568793641757,298.7230116658553,298.2034278514417
12.707723802395309,1.5,301.85713188269585,298.7232661431744,298.2034850619616
12.711349401197705,1.5,301.8573843789382,298.72352058057595,298.20354230768316
12.7149750000001,1.5,301.8576368529681,298.7237749780262,298.20359958860706
12.718600598802496,1.5,301.85788930485074,298.7240293354915,298.20365690473375
12.722226197604892,1.5,301.85814173465104,298.7242836529387,298.20371425606385
12.725851796407287,1.5,301.85839414243384,298.72453793033503,298.20377164259764
12.729477395209683,1.5,301.85864652826376,298.72479216764776,298.2038290643357
12.733102994012079,1.5,301.85889889220516,298.72504636484473,298.20388652127855
12.736728592814474,1.5,301.8591512343224,298.725300521894,298.2039440134265
12.74035419161687,1.5,301.85940355467943,298.72555463876387,298.20400154078
12.743979790419266,1.5,301.85965585334026,298.72580871542306,298.2040591033395
12.747605389221661,1.5,301.8599081303686,298.7260627518405,298.2041167011053
12.751230988024057,1.5,301.8601603858279,298.72631674798544,298.20417433407783
12.754856586826453,1.5,301.8604126197816,298.72657070382746,298.2042320022575
12.758482185628848,1.5,301.8606648322929,298.7268246193366,298.2042897056446
12.762107784431244,1.5,301.86091702342486,298.7270784944828,298.2043474442393
12.76573338323364,1.5,301.8611691932402,298.7273323292366,298.2044052180422
12.769358982036035,1.5,301.8614213418017,298.7275861235688,298.20446302705335
12.77298458083843,1.5,301.8616734691719,298.7278398774505,298.2045208712731
12.776610179640826,1.5,301.86192557541307,298.728093590853,298.2045787507016
12.780235778443222,1.5,301.86217766058735,298.72834726374805,298.2046366653393
12.783861377245618,1.5,301.8624297247569,298.7286008961074,298.2046946151862
12.787486976048013,1.5,301.8626817679833,298.72885448790356,298.2047526002426
12.791112574850409,1.5,301.86293379032844,298.7291080391088,298.2048106205087
12.794738173652805,1.5,301.8631857918537,298.72936154969597,298.20486867598464
12.7983637724552,1.5,301.8634377726205,298.72961501963823,298.2049267666706
12.801989371257596,1.5,301.8636897326899,298.729868448909,298.2049848925667
12.805614970059992,1.5,301.86394167212296,298.7301218374818,298.205043053673
12.809240568862387,1.5,301.86419359098045,298.73037518533073,298.20510124998964
12.812866167664783,1.5,301.86444548932315,298.7306284924299,298.2051594815167
12.816491766467179,1.5,301.8646973672115,298.73088175875387,298.20521774825426
12.820117365269574,1.5,301.8649492247058,298.7311349842774,298.2052760502025
12.82374296407197,1.5,301.86520106186634,298.7313881689755,298.2053343873611
12.827368562874366,1.5,301.8654528787531,298.7316413128236,298.20539275973044
12.830994161676761,1.5,301.86570467542595,298.7318944157973,298.2054511673103
12.834619760479157,1.5,301.8659564519446,298.7321474778724,298.20550961010076
12.838245359281553,1.5,301.86620820836856,298.73240049902506,298.2055680881017
12.841870958083948,1.5,301.8664599447573,298.7326534792317,298.20562660131316
12.845496556886344,1.5,301.86671166117,298.73290641846904,298.20568514973496
12.84912215568874,1.5,301.8669633576656,298.7331593167141,298.2057437333671
12.852747754491135,1.5,301.86721503430323,298.7334121739439,298.20580235220945
12.856373353293531,1.5,301.86746669114154,298.73366499013616,298.20586100626196
12.859998952095927,1.5,301.86771832823916,298.7339177652684,298.20591969552424
12.863624550898322,1.5,301.8679699456545,298.73417049931885,298.20597841999637
12.867250149700718,1.5,301.8682215434459,298.73442319226564,298.20603717967816
12.870875748503114,1.5,301.86847312167146,298.7346758440874,298.20609597456934
12.87450134730551,1.5,301.86872468038905,298.7349284547628,298.2061548046697
12.878126946107905,1.5,301.86897621965676,298.735181024271,298.2062136699791
12.8817525449103,1.5,301.8692277395321,298.73543355259125,298.20627257049716
12.885378143712696,1.5,301.8694792400726,298.7356860397031,298.20633150622365
12.889003742515092,1.5,301.86973072133566,298.73593848558636,298.2063904771584
12.892629341317488,1.5,301.86998218337845,298.7361908902212,298.20644948330096
12.896254940119883,1.5,301.87023362625814,298.7364432535877,298.20650852465116
12.899880538922279,1.5,301.87048505003156,298.73669557566666,298.2065676012085
12.903506137724674,1.5,301.8707364547555,298.7369478564388,298.2066267129729
12.90713173652707,1.5,301.8709878404866,298.7372000958852,298.2066858599437
12.910757335329466,1.5,301.8712392072813,298.73745229398713,298.20674504212064
12.914382934131861,1.5,301.8714905551959,298.73770445072614,298.20680425950326
12.918008532934257,1.5,301.8717418842866,298.73795656608405,298.2068635120913
12.921634131736653,1.5,301.87199319460956,298.73820864004296,298.20692279988407
12.925259730539048,1.5,301.8722444862204,298.738460672585,298.2069821228813
12.928885329341444,1.5,301.872495759175,298.7387126636928,298.2070414810825
12.93251092814384,1.5,301.87274701352896,298.73896461334914,298.2071008744871
12.936136526946235,1.5,301.8729982493377,298.7392165215369,298.2071603030946
12.939762125748631,1.5,301.87324946665643,298.73946838823935,298.20721976690453
12.943387724551027,1.5,301.87350066554035,298.73972021344,298.2072792659163
12.947013323353422,1.5,301.8737518460445,298.7399719971226,298.20733880012943
12.950638922155818,1.5,301.87400300822367,298.7402237392709,298.2073983695432
12.954264520958214,1.5,301.8742541521326,298.7404754398692,298.20745797415714
12.95789011976061,1.5,301.87450527782585,298.74072709890197,298.2075176139705
12.961515718563005,1.5,301.87475638535784,298.7409787163537,298.2075772889828
12.9651413173654,1.5,301.8750074747828,298.7412302922093,298.2076369991932
12.968766916167796,1.5,301.875258546155,298.7414818264538,298.2076967446012
12.972392514970192,1.5,301.87550959952836,298.74173331907264,298.20775652520604
12.976018113772588,1.5,301.87576063495675,298.74198477005115,298.207816341007
12.979643712574983,1.5,301.8760116524938,298.74223617937525,298.20787619200337
12.983269311377379,1.5,301.8762626521932,298.7424875470308,298.2079360781944
12.986894910179775,1.5,301.8765136341083,298.7427388730041,298.20799599957934
12.99052050898217,1.5,301.87676459829237,298.74299015728155,298.20805595615735
12.994146107784566,1.5,301.8770155447986,298.7432413998498,298.20811594792775
12.997771706586962,1.5,301.87726647368004,298.74349260069556,298.2081759748897
13.001397305389357,1.5,301.8775173849895,298.74374375980614,298.20823603704224
13.005022904191753,1.5,301.8777682787797,298.7439948771687,298.2082961343847
13.008648502994149,1.5,301.87801915510323,298.7442459527707,298.20835626691604
13.012274101796544,1.5,301.8782700140125,298.7444969866,298.20841643463547
13.01589970059894,1.5,301.87852085555994,298.7447479786444,298.2084766375421
13.019525299401336,1.5,301.87877167979764,298.74499892889213,298.20853687563493
13.023150898203731,1.5,301.87902248677767,298.74524983733147,298.20859714891304
13.026776497006127,1.5,301.8792732765518,298.74550070395105,298.20865745737547
13.030402095808522,1.5,301.879524049172,298.7457515287397,298.2087178010213
13.034027694610918,1.5,301.8797748046897,298.7460023116862,298.20877817984945
13.037653293413314,1.5,301.8800255431566,298.74625305277993,298.20883859385896
13.04127889221571,1.5,301.8802762646238,298.7465037520101,298.2088990430488
13.044904491018105,1.5,301.88052696914264,298.7467544093664,298.20895952741785
13.0485300898205,1.5,301.8807776567643,298.74700502483876,298.20902004696507
13.052155688622896,1.5,301.8810283275395,298.747255598417,298.20908060168944
13.055781287425292,1.5,301.8812789815192,298.7475061300913,298.20914119158977
13.059406886227688,1.5,301.88152961875403,298.7477566198522,298.209201816665
13.063032485030083,1.5,301.88178023929447,298.7480070676902,298.20926247691386
13.066658083832479,1.5,301.88203084319105,298.7482574735962,298.2093231723353
13.070283682634875,1.5,301.88228143049395,298.7485078375611,298.20938390292815
13.07390928143727,1.5,301.8825320012533,298.748758159576,298.20944466869116
13.077534880239666,1.5,301.8827825555191,298.74900843963246,298.20950546962314
13.081160479042062,1.5,301.8830330933413,298.749258677722,298.20956630572283
13.084786077844457,1.5,301.8832836147695,298.7495088738365,298.209627176989
13.088411676646853,1.5,301.8835341198534,298.7497590279677,298.2096880834203
13.092037275449249,1.5,301.8837846086424,298.7500091401078,298.2097490250155
13.095662874251644,1.5,301.8840350811858,298.7502592102492,298.20981000177335
13.09928847305404,1.5,301.88428553753295,298.75050923838455,298.2098710136924
13.102914071856436,1.5,301.8845359777328,298.7507592245064,298.2099320607715
13.106539670658831,1.5,301.8847864018344,298.7510091686077,298.20999314300906
13.110165269461227,1.5,301.88503680988646,298.7512590706815,298.2100542604038
13.113790868263623,1.5,301.88528720193773,298.7515089307212,298.2101154129543
13.117416467066018,1.5,301.88553757803663,298.7517587487201,298.2101766006591
13.121042065868414,1.5,301.88578793823166,298.7520085246719,298.2102378235169
13.12466766467081,1.5,301.8860382825711,298.7522582585705,298.21029908152605
13.128293263473205,1.5,301.8862886111031,298.75250795040984,298.2103603746852
13.131918862275601,1.5,301.88653892387566,298.7527576001841,298.2104217029928
13.135544461077997,1.5,301.88678922093675,298.75300720788766,298.2104830664474
13.139170059880392,1.5,301.887039502334,298.7532567735151,298.2105444650474
13.142795658682788,1.5,301.8872897681152,298.7535062970611,298.21060589879124
13.146421257485184,1.5,301.88754001832774,298.75375577852054,298.21066736767744
13.15004685628758,1.5,301.88779025301903,298.75400521788845,298.2107288717043
13.153672455089975,1.5,301.88804047223636,298.75425461516016,298.21079041087035
13.15729805389237,1.5,301.88829067602677,298.75450397033114,298.21085198517386
13.160923652694766,1.5,301.88854086443735,298.7547532833967,298.21091359461315
13.164549251497162,1.5,301.88879103751486,298.7550025543529,298.2109752391866
13.168174850299557,1.5,301.8890411953061,298.75525178319555,298.2110369188926
13.171800449101953,1.5,301.88929133785757,298.75550096992083,298.2110986337294
13.175426047904349,1.5,301.88954146521587,298.75575011452486,298.2111603836953
13.179051646706744,1.5,301.8897915774274,298.7559992170042,298.2112221687884
13.18267724550914,1.5,301.8900416745383,298.7562482773554,298.21128398900714
13.186302844311536,1.5,301.89029175659465,298.75649729557523,298.21134584434975
13.189928443113931,1.5,301.8905418236425,298.75674627166063,298.21140773481443
13.193554041916327,1.5,301.89079187572753,298.75699520560875,298.2114696603992
13.197179640718723,1.5,301.8910419128956,298.7572440974168,298.2115316211023
13.200805239521118,1.5,301.8912919351923,298.7574929470822,298.21159361692196
13.204430838323514,1.5,301.8915419426631,298.75774175460253,298.2116556478562
13.20805643712591,1.5,301.8917919353533,298.7579905199756,298.21171771390334
13.211682035928305,1.5,301.8920419133081,298.7582392431993,298.2117798150612
13.215307634730701,1.5,301.89229187657264,298.75848792427155,298.21184195132804
13.218933233533097,1.5,301.8925418251919,298.7587365631908,298.2119041227018
13.222558832335492,1.5,301.8927917592107,298.7589851599552,298.21196632918065
13.226184431137888,1.5,301.8930416786737,298.7592337145635,298.21202857076247
13.229810029940284,1.5,301.89329158362557,298.7594822270143,298.2120908474453
13.23343562874268,1.5,301.89354147411075,298.75973069730645,298.2121531592272
13.237061227545075,1.5,301.8937913501736,298.7599791254389,298.2122155061061
13.24068682634747,1.5,301.8940412118583,298.7602275114109,298.2122778880799
13.244312425149866,1.5,301.89429105920897,298.76047585522167,298.2123403051465
13.247938023952262,1.5,301.8945408922696,298.7607241568707,298.2124027573039
13.251563622754658,1.5,301.894790711084,298.7609724163577,298.2124652445499
13.255189221557053,1.5,301.895040515696,298.76122063368217,298.2125277668824
13.258814820359449,1.5,301.89529030614904,298.76146880884426,298.2125903242992
13.262440419161845,1.5,301.8955400824868,298.7617169418439,298.2126529167982
13.26606601796424,1.5,301.8957898447524,298.76196503268125,298.2127155443772
13.269691616766636,1.5,301.8960395929893,298.7622130813567,298.212778207034
13.273317215569032,1.5,301.8962893272405,298.76246108787086,298.2128409047664
13.276942814371427,1.5,301.89653904754897,298.76270905222424,298.212903637572
13.280568413173823,1.5,301.89678875395765,298.7629569744177,298.21296640544875
13.284194011976219,1.5,301.89703844650927,298.763204854452,298.2130292083942
13.287819610778614,1.5,301.89728812524646,298.76345269232837,298.2130920464061
13.29144520958101,1.5,301.89753779021174,298.76370048804796,298.2131549194822
13.295070808383405,1.5,301.89778744144746,298.7639482416121,298.21321782762004
13.298696407185801,1.5,301.89803707899586,298.76419595302224,298.21328077081733
13.302322005988197,1.5,301.89828670289916,298.7644436222801,298.21334374907167
13.305947604790592,1.5,301.8985363131994,298.7646912493874,298.21340676238066
13.309573203592988,1.5,301.89878590993834,298.764938834346,298.2134698107419
13.313198802395384,1.5,301.89903549315784,298.76518637715805,298.213532894153
13.31682440119778,1.5,301.89928506289965,298.7654338778256,298.2135960126114
13.320450000000175,1.5,301.8995346192052,298.76568133635107,298.2136591661147
13.32407559880257,1.5,301.89978416211596,298.7659287527368,298.21372235466043
13.327701197604966,1.5,301.9000336916733,298.7661761269854,298.213785578246
13.331326796407362,1.5,301.9002832079182,298.76642345909954,298.2138488368689
13.334952395209758,1.5,301.9005327108919,298.7666707490821,298.2139121305267
13.338577994012153,1.5,301.9007822006354,298.7669179969361,298.2139754592167
13.342203592814549,1.5,301.90103167718934,298.76716520266467,298.21403882293635
13.345829191616945,1.5,301.9012811405945,298.7674123662709,298.21410222168305
13.34945479041934,1.5,301.9015305908916,298.76765948775824,298.21416565545417
13.353080389221736,1.5,301.9017800281209,298.7679065671301,298.2142291242471
13.356705988024132,1.5,301.9020294523229,298.7681536043902,298.2142926280591
13.360331586826527,1.5,301.90227886353773,298.76840059954225,298.21435616688757
13.363957185628923,1.5,301.9025282618057,298.76864755259015,298.2144197407298
13.367582784431319,1.5,301.9027776471666,298.76889446353783,298.2144833495831
13.371208383233714,1.5,301.90302701966044,298.7691413323895,298.2145469934446
13.37483398203611,1.5,301.903276379327,298.7693881591493,298.21461067231166
13.378459580838506,1.5,301.90352572620577,298.76963494382164,298.21467438618146
13.382085179640901,1.5,301.90377506033644,298.76988168641105,298.2147381350513
13.385710778443297,1.5,301.9040243817584,298.7701283869221,298.2148019189182
13.389336377245693,1.5,301.90427369051093,298.7703750453596,298.21486573777946
13.392961976048088,1.5,301.9045229866332,298.7706216617282,298.2149295916322
13.396587574850484,1.5,301.9047722701643,298.77086823603315,298.2149934804736
13.40021317365288,1.5,301.9050215411431,298.77111476827935,298.21505740430064
13.403838772455275,1.5,301.9052707996087,298.77136125847204,298.21512136311054
13.40746437125767,1.5,301.9055200455995,298.7716077066167,298.21518535690024
13.411089970060067,1.5,301.9057692791542,298.7718541127186,298.2152493856669
13.414715568862462,1.5,301.90601850031135,298.7721004767833,298.2153134494075
13.418341167664858,1.5,301.90626770910933,298.7723467988166,298.2153775481192
13.421966766467254,1.5,301.9065169055864,298.77259307882423,298.21544168179884
13.42559236526965,1.5,301.90676608978055,298.77283931681205,298.21550585044344
13.429217964072045,1.5,301.90701526173,298.7730855127862,298.2155700540499
13.43284356287444,1.5,301.90726442147263,298.77333166675277,298.21563429261533
13.436469161676836,1.5,301.90751356904616,298.773577778718,298.21569856613655
13.440094760479232,1.5,301.90776270448833,298.77382384868815,298.2157628746104
13.443720359281627,1.5,301.9080118278367,298.77406987666984,298.21582721803384
13.447345958084023,1.5,301.90826093912875,298.7743158626695,298.2158915964038
13.450971556886419,1.5,301.90851003840186,298.774561806694,298.21595600971705
13.454597155688814,1.5,301.9087591256931,298.77480770874996,298.2160204579704
13.45822275449121,1.5,301.9090082010398,298.77505356884444,298.2160849411607
13.461848353293606,1.5,301.90925726447887,298.77529938698433,298.2161494592848
13.465473952096001,1.5,301.90950631604716,298.77554516317684,298.2162140123393
13.469099550898397,1.5,301.9097553557815,298.77579089742915,298.21627860032106
13.472725149700793,1.5,301.9100043837185,298.7760365897486,298.2163432232269
13.476350748503188,1.5,301.9102533998948,298.7762822401426,298.2164078810534
13.479976347305584,1.5,301.9105024043468,298.77652784861885,298.2164725737973
13.48360194610798,1.5,301.9107513971109,298.77677341518483,298.2165373014552
13.487227544910375,1.5,301.91100037822315,298.77701893984835,298.21660206402396
13.490853143712771,1.5,301.91124934771983,298.77726442261724,298.2166668615001
13.494478742515167,1.5,301.9114983056369,298.7775098634995,298.2167316938802
13.498104341317562,1.5,301.9117472520101,298.77775526250315,298.21679656116095
13.501729940119958,1.5,301.91199618687534,298.7780006196363,298.21686146333894
13.505355538922354,1.5,301.9122451102683,298.7782459349073,298.21692640041067
13.50898113772475,1.5,301.9124940222245,298.77849120832457,298.21699137237266
13.512606736527145,1.5,301.9127429227794,298.77873643989636,298.21705637922145
13.51623233532954,1.5,301.9129918119682,298.7789816296314,298.2171214209537
13.519857934131936,1.5,301.91324068982624,298.7792267775383,298.2171864975657
13.523483532934332,1.5,301.9134895563886,298.7794718836258,298.21725160905413
13.527109131736728,1.5,301.91373841169025,298.7797169479027,298.21731675541525
13.530734730539123,1.5,301.91398725576613,298.77996197037805,298.2173819366456
13.534360329341519,1.5,301.914236088651,298.7802069510608,298.21744715274156
13.537985928143915,1.5,301.91448491037954,298.7804518899601,298.2175124036995
13.54161152694631,1.5,301.9147337209863,298.78069678708516,298.2175776895159
13.545237125748706,1.5,301.9149825205057,298.78094164244544,298.21764301018703
13.548862724551102,1.5,301.9152313089721,298.78118645605025,298.2177083657093
13.552488323353497,1.5,301.91548008641973,298.781431227909,298.2177737560789
13.556113922155893,1.5,301.9157288528827,298.78167595803154,298.2178391812923
13.559739520958288,1.5,301.9159776083951,298.78192064642735,298.2179046413456
13.563365119760684,1.5,301.9162263529908,298.78216529310623,298.2179701362353
13.56699071856308,1.5,301.91647508670354,298.78240989807813,298.21803566595753
13.570616317365475,1.5,301.9167238095671,298.78265446135305,298.21810123050847
13.574241916167871,1.5,301.9169725216149,298.78289898294094,298.2181668298844
13.577867514970267,1.5,301.91722122288064,298.783143462852,298.2182324640815
13.581493113772662,1.5,301.91746991339755,298.7833879010965,298.2182981330959
13.585118712575058,1.5,301.9177185931989,298.7836322976847,298.21836383692386
13.588744311377454,1.5,301.91796726231786,298.78387665262693,298.2184295755614
13.59236991017985,1.5,301.9182159207875,298.78412096593377,298.2184953490047
13.595995508982245,1.5,301.9184645686407,298.7843652376159,298.21856115724984
13.59962110778464,1.5,301.91871320591036,298.7846094676838,298.2186270002929
13.603246706587036,1.5,301.9189618326291,298.7848536561483,298.21869287813
13.606872305389432,1.5,301.9192104488297,298.7850978030203,298.21875879075714
13.610497904191828,1.5,301.9194590545446,298.7853419083105,298.2188247381703
13.614123502994223,1.5,301.9197076498061,298.78558597203016,298.2188907203656
13.617749101796619,1.5,301.91995623464663,298.7858299941902,298.2189567373389
13.621374700599015,1.5,301.9202048090984,298.7860739748018,298.21902278908624
13.62500029940141,1.5,301.92045337319337,298.7863179138763,298.2190888756036
13.628625898203806,1.5,301.92070192696366,298.786561811425,298.21915499688686
13.632251497006202,1.5,301.920950470441,298.78680566745925,298.21922115293194
13.635877095808597,1.5,301.9211990036573,298.7870494819905,298.2192873437348
13.639502694610993,1.5,301.9214475266442,298.7872932550305,298.21935356929123
13.643128293413389,1.5,301.92169603943324,298.78753698659074,298.2194198295972
13.646753892215784,1.5,301.92194454205594,298.78778067668304,298.2194861246484
13.65037949101818,1.5,301.92219303454357,298.7880243253191,298.2195524544408
13.654005089820576,1.5,301.92244151692745,298.7882679325109,298.2196188189701
13.657630688622971,1.5,301.9226899892387,298.78851149827034,298.2196852182322
13.661256287425367,1.5,301.9229384515083,298.7887550226095,298.2197516522227
13.664881886227763,1.5,301.92318690376726,298.78899850554046,298.21981812093753
13.668507485030158,1.5,301.92343534604646,298.7892419470755,298.2198846243723
13.672133083832554,1.5,301.9236837783766,298.78948534722673,298.2199511625228
13.67575868263495,1.5,301.9239322007882,298.78972870600666,298.22001773538466
13.679384281437345,1.5,301.924180613312,298.7899720234276,298.2200843429536
13.68300988023974,1.5,301.92442901597826,298.79021529950205,298.22015098522525
13.686635479042137,1.5,301.92467740881733,298.79045853424253,298.22021766219535
13.690261077844532,1.5,301.9249257918595,298.7907017276617,298.22028437385933
13.693886676646928,1.5,301.92517416513476,298.7909448797724,298.22035112021297
13.697512275449323,1.5,301.92542252867327,298.7911879905873,298.2204179012518
13.70113787425172,1.5,301.9256708825049,298.7914310601192,298.2204847169714
13.704763473054115,1.5,301.9259192266594,298.79167408838117,298.22055156736724
13.70838907185651,1.5,301.92616756116655,298.79191707538604,298.22061845243496
13.712014670658906,1.5,301.9264158860559,298.79216002114697,298.22068537217
13.715640269461302,1.5,301.926664201357,298.79240292567704,298.22075232656795
13.719265868263697,1.5,301.9269125070993,298.7926457889895,298.22081931562417
13.722891467066093,1.5,301.927160803312,298.7928886110977,298.2208863393342
13.726517065868489,1.5,301.9274090900244,298.7931313920148,298.2209533976934
13.730142664670884,1.5,301.92765736726557,298.7933741317543,298.2210204906973
13.73376826347328,1.5,301.92790563506446,298.79361683032965,298.2210876183412
13.737393862275676,1.5,301.9281538934501,298.7938594877544,298.2211547806205
13.741019461078071,1.5,301.92840214245115,298.7941021040422,298.2212219775307
13.744645059880467,1.5,301.9286503820964,298.7943446792067,298.2212892090671
13.748270658682863,1.5,301.92889861241446,298.79458721326154,298.22135647522487
13.751896257485258,1.5,301.92914683343383,298.7948297062207,298.2214237759995
13.755521856287654,1.5,301.92939504518284,298.795072158098,298.2214911113863
13.75914745509005,1.5,301.9296432476899,298.7953145689073,298.2215584813804
13.762773053892445,1.5,301.9298914409833,298.7955569386627,298.2216258859772
13.766398652694841,1.5,301.93013962509093,298.79579926737813,298.2216933251718
13.770024251497237,1.5,301.93038780004093,298.7960415550678,298.2217607989596
13.773649850299632,1.5,301.9306359658611,298.7962838017459,298.2218283073357
13.777275449102028,1.5,301.93088412257947,298.7965260074267,298.22189585029537
13.780901047904424,1.5,301.93113227022354,298.7967681721245,298.22196342783366
13.78452664670682,1.5,301.93138040882104,298.79701029585357,298.2220310399458
13.788152245509215,1.5,301.93162853839954,298.7972523786285,298.222098686627
13.79177784431161,1.5,301.93187665898625,298.7974944204637,298.2221663678723
13.795403443114006,1.5,301.93212477060877,298.79773642137377,298.2222340836767
13.799029041916402,1.5,301.9323728732941,298.79797838137324,298.2223018340355
13.802654640718798,1.5,301.93262096706957,298.7982203004769,298.22236961894356
13.806280239521193,1.5,301.93286905196203,298.7984621786994,298.22243743839607
13.809905838323589,1.5,301.9331171279985,298.79870401605564,298.22250529238795
13.813531437125985,1.5,301.9333651952059,298.79894581256036,298.2225731809143
13.81715703592838,1.5,301.9336132536109,298.7991875682285,298.2226411039701
13.820782634730776,1.5,301.93386130324006,298.799429283075,298.2227090615503
13.824408233533171,1.5,301.93410934412015,298.799670957115,298.22277705364985
13.828033832335567,1.5,301.9343573762775,298.7999125903634,298.22284508026377
13.831659431137963,1.5,301.9346053997384,298.8001541828355,298.2229131413869
13.835285029940358,1.5,301.9348534145292,298.8003957345464,298.2229812370142
13.838910628742754,1.5,301.9351014206761,298.8006372455113,298.2230493671406
13.84253622754515,1.5,301.9353494182052,298.80087871574574,298.22311753176086
13.846161826347545,1.5,301.9355974071423,298.8011201452648,298.2231857308699
13.849787425149941,1.5,301.93584538751355,298.80136153408404,298.2232539644625
13.853413023952337,1.5,301.93609335934457,298.80160288221896,298.22332223253363
13.857038622754732,1.5,301.9363413226611,298.8018441896849,298.2233905350779
13.860664221557128,1.5,301.9365892774888,298.80208545649765,298.22345887209013
13.864289820359524,1.5,301.93683722385305,298.80232668267263,298.22352724356523
13.86791541916192,1.5,301.93708516177935,298.80256786822565,298.22359564949784
13.871541017964315,1.5,301.93733309129306,298.80280901317246,298.22366408988273
13.87516661676671,1.5,301.93758101241934,298.80305011752876,298.2237325647146
13.878792215569106,1.5,301.93782892518334,298.8032911813104,298.2238010739881
13.882417814371502,1.5,301.9380768296101,298.8035322045333,298.2238696176981
13.886043413173898,1.5,301.93832472572467,298.80377318721344,298.22393819583897
13.889669011976293,1.5,301.93857261355174,298.8040141293667,298.22400680840553
13.893294610778689,1.5,301.9388204931162,298.8042550310091,298.22407545539244
13.896920209581085,1.5,301.9390683644427,298.80449589215687,298.2241441367943
13.90054580838348,1.5,301.9393162275558,298.804736712826,298.22421285260555
13.904171407185876,1.5,301.93956408248005,298.80497749303277,298.2242816028209
13.907797005988272,1.5,301.93981192923974,298.8052182327933,298.2243503874349
13.911422604790667,1.5,301.9400597678593,298.80545893212405,298.2244192064421
13.915048203593063,1.5,301.9403075983628,298.80569959104116,298.22448805983703
13.918673802395459,1.5,301.94055542077444,298.8059402095612,298.2245569476142
13.922299401197854,1.5,301.9408032351183,298.8061807877004,298.22462586976803
13.92592500000025,1.5,301.94105104141823,298.8064213254753,298.2246948262931
13.929550598802646,1.5,301.94129883969816,298.8066618229024,298.22476381718377
13.933176197605041,1.5,301.9415466299818,298.8069022799983,298.2248328424346
13.936801796407437,1.5,301.94179441229284,298.8071426967797,298.2249019020398
13.940427395209833,1.5,301.9420421866549,298.80738307326305,298.224970995994
13.944052994012228,1.5,301.9422899530913,298.8076234094652,298.2250401242915
13.947678592814624,1.5,301.9425377116257,298.80786370540284,298.2251092869267
13.95130419161702,1.5,301.9427854622811,298.8081039610927,298.2251784838939
13.954929790419415,1.5,301.94303320508106,298.8083441765517,298.2252477151875
13.95855538922181,1.5,301.94328094004845,298.8085843517967,298.2253169808018
13.962180988024206,1.5,301.94352866720646,298.8088244868446,298.2253862807311
13.965806586826602,1.5,301.94377638657795,298.8090645817124,298.22545561496963
13.969432185628998,1.5,301.9440240981858,298.8093046364171,298.22552498351183
13.973057784431393,1.5,301.9442718020528,298.8095446509757,298.22559438635176
13.97668338323379,1.5,301.94451949820177,298.80978462540526,298.2256638234838
13.980308982036185,1.5,301.94476718665504,298.810024559723,298.22573329490206
13.98393458083858,1.5,301.94501486743536,298.8102644539461,298.22580280060083
13.987560179640976,1.5,301.945262540565,298.81050430809177,298.2258723405743
13.991185778443372,1.5,301.9455102060664,298.81074412217714,298.2259419148166
13.994811377245767,1.5,301.9457578639617,298.8109838962197,298.22601152332186
13.998436976048163,1.5,301.94600551427317,298.8112236302366,298.22608116608427
14.002062574850559,1.5,301.94625315702285,298.8114633242454,298.2261508430979
14.005688173652954,1.5,301.94650079223277,298.8117029782633,298.226220554357
14.00931377245535,1.5,301.9467484199247,298.81194259230796,298.2262902998554
14.012939371257746,1.5,301.9469960401205,298.81218216639684,298.22636007958744
14.016564970060141,1.5,301.94724365284196,298.81242170054736,298.226429893547
14.020190568862537,1.5,301.9474912581107,298.81266119477726,298.2264997417282
14.023816167664933,1.5,301.9477388559482,298.81290064910394,298.22656962412503
14.027441766467328,1.5,301.94798644637604,298.81314006354523,298.2266395407315
14.031067365269724,1.5,301.9482340294156,298.81337943811866,298.2267094915416
14.03469296407212,1.5,301.94848160508803,298.8136187728422,298.2267794765493
14.038318562874515,1.5,301.9487291734147,298.8138580677334,298.22684949574864
14.041944161676911,1.5,301.94897673441665,298.8140973228101,298.2269195491334
14.045569760479307,1.5,301.949224288115,298.8143365380902,298.2269896366976
14.049195359281702,1.5,301.94947183453064,298.8145757135915,298.2270597584352
14.052820958084098,1.5,301.94971937368445,298.814814849332,298.22712991433997
14.056446556886494,1.5,301.94996690559725,298.8150539453295,298.22720010440577
14.06007215568889,1.5,301.9502144302897,298.81529300160213,298.2272703286266
14.063697754491285,1.5,301.95046194778246,298.81553201816774,298.22734058699626
14.06732335329368,1.5,301.95070945809607,298.8157709950445,298.22741087950845
14.070948952096076,1.5,301.95095696125094,298.81600993225055,298.2274812061572
14.074574550898472,1.5,301.9512044572675,298.8162488298038,298.2275515669361
14.078200149700868,1.5,301.951451946166,298.8164876877226,298.227621961839
14.081825748503263,1.5,301.9516994279667,298.816726506025,298.2276923908598
14.085451347305659,1.5,301.95194690268954,298.81696528472935,298.227762853992
14.089076946108054,1.5,301.95219437035473,298.8172040238538,298.22783335122944
14.09270254491045,1.5,301.9524418309822,298.81744272341666,298.2279038825659
14.096328143712846,1.5,301.95268928459177,298.8176813834363,298.227974447995
14.099953742515241,1.5,301.9529367312033,298.817920003931,298.2280450475104
14.103579341317637,1.5,301.9531841708364,298.81815858491916,298.2281156811059
14.107204940120033,1.5,301.95343160351075,298.8183971264192,298.228186348775
14.110830538922428,1.5,301.9536790292459,298.8186356284496,298.22825705051144
14.114456137724824,1.5,301.9539264480613,298.8188740910288,298.22832778630874
14.11808173652722,1.5,301.9541738599763,298.8191125141753,298.2283985561606
14.121707335329615,1.5,301.9544212650103,298.81935089790767,298.2284693600605
14.125332934132011,1.5,301.9546686631825,298.8195892422445,298.2285401980021
14.128958532934407,1.5,301.9549160545119,298.8198275472043,298.2286110699789
14.132584131736802,1.5,301.9551634390177,298.8200658128058,298.22868197598456
14.136209730539198,1.5,301.9554108167188,298.8203040390676,298.22875291601247
14.139835329341594,1.5,301.9556581876341,298.8205422260084,298.22882389005616
14.14346092814399,1.5,301.9559055517825,298.8207803736469,298.2288948981091
14.147086526946385,1.5,301.95615290918266,298.82101848200193,298.2289659401648
14.15071212574878,1.5,301.95640025985324,298.82125655109223,298.22903701621675
14.154337724551176,1.5,301.9566476038129,298.82149458093653,298.2291081262584
14.157963323353572,1.5,301.95689494107995,298.82173257155375,298.2291792702831
14.161588922155968,1.5,301.957142271673,298.8219705229627,298.2292504482844
14.165214520958363,1.5,301.9573895956103,298.82220843518235,298.2293216602555
14.168840119760759,1.5,301.9576369129102,298.8224463082316,298.2293929061899
14.172465718563155,1.5,301.9578842235907,298.8226841421293,298.229464186081
14.17609131736555,1.5,301.95813152767005,298.82292193689455,298.2295354999221
14.179716916167946,1.5,301.9583788251663,298.8231596925462,298.22960684770663
14.183342514970342,1.5,301.95862611609726,298.82339740910345,298.22967822942775
14.186968113772737,1.5,301.95887340048097,298.82363508658517,298.2297496450789
14.190593712575133,1.5,301.959120678335,298.8238727250107,298.2298210946533
14.194219311377529,1.5,301.95936794967736,298.8241103243988,298.22989257814424
14.197844910179924,1.5,301.9596152145254,298.8243478847689,298.229964095545
14.20147050898232,1.5,301.9598624728968,298.82458540614,298.23003564684876
14.205096107784716,1.5,301.9601097248091,298.82482288853134,298.23010723204885
14.208721706587111,1.5,301.9603569702796,298.8250603319621,298.2301788511384
14.212347305389507,1.5,301.9606042093257,298.82529773645143,298.23025050411064
14.215972904191903,1.5,301.96085144196456,298.8255351020188,298.2303221909588
14.219598502994298,1.5,301.96109866821354,298.82577242868336,298.230393911676
14.223224101796694,1.5,301.9613458880895,298.8260097164644,298.2304656662554
14.22684970059909,1.5,301.96159310160965,298.8262469653813,298.2305374546901
14.230475299401485,1.5,301.9618403087909,298.82648417545334,298.2306092769732
14.23410089820388,1.5,301.96208750965,298.82672134669997,298.230681133098
14.237726497006276,1.5,301.962334704204,298.82695847914056,298.2307530230574
14.241352095808672,1.5,301.96258189246936,298.82719557279455,298.23082494684456
14.244977694611068,1.5,301.96282907446283,298.8274326276814,298.2308969044525
14.248603293413463,1.5,301.963076250201,298.8276696438205,298.23096889587435
14.252228892215859,1.5,301.9633234197004,298.8279066212315,298.231040921103
14.255854491018255,1.5,301.96357058297735,298.8281435599338,298.2311129801315
14.25948008982065,1.5,301.9638177400483,298.82838045994686,298.23118507295305
14.263105688623046,1.5,301.9640648909294,298.8286173212904,298.2312571995604
14.266731287425442,1.5,301.964312035637,298.82885414398385,298.23132935994664
14.270356886227837,1.5,301.9645591741872,298.8290909280469,298.2314015541047
14.273982485030233,1.5,301.96480630659585,298.8293276734992,298.23147378202765
14.277608083832629,1.5,301.96505343287913,298.8295643803604,298.2315460437082
14.281233682635024,1.5,301.9653005530529,298.8298010486501,298.2316183391394
14.28485928143742,1.5,301.965547667133,298.8300376783879,298.2316906683141
14.288484880239816,1.5,301.9657947751352,298.83027426959376,298.2317630312252
14.292110479042211,1.5,301.96604187707504,298.8305108222872,298.23183542786563
14.295736077844607,1.5,301.9662889729684,298.830747336488,298.23190785822817
14.299361676647003,1.5,301.9665360628306,298.8309838122159,298.2319803223057
14.302987275449398,1.5,301.96678314667724,298.83122024949085,298.2320528200909
14.306612874251794,1.5,301.9670302245236,298.83145664833245,298.2321253515769
14.31023847305419,1.5,301.9672772963851,298.8316930087607,298.2321979167562
14.313864071856585,1.5,301.96752436227695,298.83192933079533,298.23227051562174
14.317489670658981,1.5,301.96777142221435,298.83216561445624,298.2323431481663
14.321115269461377,1.5,301.96801847621236,298.83240185976325,298.23241581438253
14.324740868263772,1.5,301.96826552428615,298.8326380667363,298.23248851426325
14.328366467066168,1.5,301.9685125664505,298.8328742353954,298.2325612478012
14.331992065868564,1.5,301.96875960272047,298.8331103657603,298.23263401498895
14.33561766467096,1.5,301.9690066331108,298.8333464578512,298.23270681581937
14.339243263473355,1.5,301.9692536576363,298.83358251168784,298.23277965028507
14.34286886227575,1.5,301.96950067631155,298.83381852729036,298.23285251837865
14.346494461078146,1.5,301.9697476891513,298.8340545046787,298.23292542009295
14.350120059880542,1.5,301.96999469617003,298.8342904438728,298.2329983554205
14.353745658682938,1.5,301.9702416973822,298.8345263448929,298.23307132435383
14.357371257485333,1.5,301.97048869280223,298.83476220775884,298.23314432688574
14.360996856287729,1.5,301.97073568244446,298.8349980324909,298.2332173630087
14.364622455090124,1.5,301.97098266632315,298.8352338191091,298.23329043271536
14.36824805389252,1.5,301.97122964445254,298.8354695676335,298.23336353599825
14.371873652694916,1.5,301.97147661684664,298.83570527808416,298.23343667284996
14.375499251497311,1.5,301.97172358351963,298.8359409504814,298.23350984326305
14.379124850299707,1.5,301.9719705444855,298.8361765848453,298.23358304722996
14.382750449102103,1.5,301.9722174997581,298.83641218119595,298.23365628474323
14.386376047904498,1.5,301.9724644493513,298.83664773955365,298.23372955579543
14.390001646706894,1.5,301.972711393279,298.83688325993853,298.233802860379
14.39362724550929,1.5,301.97295833155465,298.8371187423709,298.2338761984864
14.397252844311685,1.5,301.9732052641922,298.8373541868708,298.23394957011016
14.400878443114081,1.5,301.97345219120507,298.83758959345874,298.2340229752427
14.404504041916477,1.5,301.9736991126069,298.83782496215474,298.23409641387633
14.408129640718872,1.5,301.9739460284109,298.8380602929792,298.23416988600366
14.411755239521268,1.5,301.97419293863067,298.8382955859524,298.2342433916169
14.415380838323664,1.5,301.97443984327947,298.8385308410946,298.2343169307086
14.41900643712606,1.5,301.9746867423705,298.83876605842624,298.2343905032711
14.422632035928455,1.5,301.974933635917,298.8390012379675,298.23446410929665
14.42625763473085,1.5,301.97518052393207,298.83923637973885,298.2345377487777
14.429883233533246,1.5,301.9754274064287,298.8394714837605,298.23461142170663
14.433508832335642,1.5,301.97567428341995,298.83970655005305,298.23468512807574
14.437134431138038,1.5,301.97592115491875,298.8399415786367,298.23475886787725
14.440760029940433,1.5,301.97616802093785,298.8401765695318,298.2348326411035
14.444385628742829,1.5,301.97641488149014,298.840411522759,298.23490644774677
14.448011227545225,1.5,301.97666173658826,298.8406464383385,298.2349802877994
14.45163682634762,1.5,301.97690858624486,298.8408813162909,298.2350541612536
14.455262425150016,1.5,301.9771554304726,298.8411161566365,298.2351280681015
14.458888023952412,1.5,301.9774022692839,298.8413509593958,298.2352020083355
14.462513622754807,1.5,301.9776491026914,298.8415857245894,298.23527598194767
14.466139221557203,1.5,301.9778959307073,298.8418204522376,298.2353499889303
14.469764820359599,1.5,301.978142753344,298.842055142361,298.23542402927563
14.473390419161994,1.5,301.97838957061384,298.84228979498016,298.2354981029757
14.47701601796439,1.5,301.978636382529,298.84252441011546,298.2355722100228
14.480641616766786,1.5,301.97888318910145,298.84275898778765,298.23564635040896
14.484267215569181,1.5,301.9791299903435,298.84299352801696,298.2357205241264
14.487892814371577,1.5,301.97937678626704,298.8432280308242,298.2357947311672
14.491518413173972,1.5,301.97962357688397,298.8434624962298,298.2358689715234
14.495144011976368,1.5,301.9798703622063,298.84369692425446,298.23594324518734
14.498769610778764,1.5,301.9801171422458,298.8439313149187,298.2360175521509
14.50239520958116,1.5,301.9803639170142,298.844165668243,298.2360918924062
14.506020808383555,1.5,301.9806106865232,298.8443999842482,298.23616626594526
14.50964640718595,1.5,301.98085745078447,298.84463426295474,298.2362406727602
14.513272005988346,1.5,301.98110420980953,298.8448685043833,298.23631511284293
14.516897604790742,1.5,301.98135096361,298.8451027085545,298.2363895861856
14.520523203593138,1.5,301.98159771219713,298.84533687548907,298.2364640927802
14.524148802395533,1.5,301.9818444555825,298.84557100520755,298.23653863261865
14.527774401197929,1.5,301.9820911937773,298.84580509773065,298.23661320569295
14.531400000000325,1.5,301.98233792679287,298.84603915307906,298.23668781199507
14.53502559880272,1.5,301.9825846546404,298.8462731712734,298.236762451517
14.538651197605116,1.5,301.98283137733097,298.8465071523344,298.23683712425066
14.542276796407512,1.5,301.98307809487574,298.84674109628287,298.236911830188
14.545902395209907,1.5,301.98332480728567,298.8469750031394,298.23698656932083
14.549527994012303,1.5,301.9835715145717,298.84720887292474,298.2370613416412
14.553153592814699,1.5,301.98381821674485,298.8474427056596,298.2371361471409
14.556779191617094,1.5,301.9840649138158,298.8476765013648,298.2372109858119
14.56040479041949,1.5,301.9843116057954,298.8479102600609,298.237285857646
14.564030389221886,1.5,301.98455829269443,298.8481439817688,298.2373607626351
14.567655988024281,1.5,301.9848049745234,298.8483776665093,298.23743570077096
14.571281586826677,1.5,301.98505165129296,298.848611314303,298.23751067204546
14.574907185629073,1.5,301.98529832301375,298.84884492517085,298.2375856764504
14.578532784431468,1.5,301.98554498969605,298.8490784991335,298.23766071397756
14.582158383233864,1.5,301.98579165135044,298.84931203621187,298.23773578461885
14.58578398203626,1.5,301.9860383079872,298.84954553642666,298.23781088836586
14.589409580838655,1.5,301.9862849596167,298.84977899979873,298.23788602521057
14.593035179641051,1.5,301.986531606249,298.8500124263488,298.2379611951446
14.596660778443447,1.5,301.9867782478945,298.8502458160978,298.23803639815964
14.600286377245842,1.5,301.98702488456325,298.8504791690665,298.2381116342475
14.603911976048238,1.5,301.9872715162653,298.8507124852757,298.2381869034
14.607537574850634,1.5,301.9875181430107,298.8509457647463,298.23826220560863
14.61116317365303,1.5,301.98776476480924,298.8511790074992,298.23833754086525
14.614788772455425,1.5,301.988011381671,298.8514122135551,298.2384129091614
14.61841437125782,1.5,301.9882579936057,298.85164538293503,298.2384883104889
14.622039970060216,1.5,301.9885046006232,298.8518785156597,298.23856374483927
14.625665568862612,1.5,301.9887512027331,298.85211161175005,298.23863921220425
14.629291167665007,1.5,301.9889977999452,298.85234467122694,298.2387147125755
14.632916766467403,1.5,301.989244392269,298.8525776941113,298.23879024594453
14.636542365269799,1.5,301.98949097971405,298.852810680424,298.238865812303
14.640167964072194,1.5,301.9897375622899,298.8530436301859,298.23894141164254
14.64379356287459,1.5,301.98998414000596,298.8532765434179,298.2390170439546
14.647419161676986,1.5,301.99023071287166,298.85350942014094,298.239092709231
14.651044760479381,1.5,301.99047728089613,298.85374226037595,298.239168407463
14.654670359281777,1.5,301.99072384408885,298.85397506414375,298.23924413864245
14.658295958084173,1.5,301.9909704024589,298.8542078314653,298.23931990276066
14.661921556886568,1.5,301.99121695601553,298.85444056236156,298.2393956998093
14.665547155688964,1.5,301.9914635047678,298.85467325685346,298.2394715297797
14.66917275449136,1.5,301.9917100487247,298.85490591496193,298.23954739266355
14.672798353293755,1.5,301.99195658789523,298.85513853670784,298.2396232884523
14.676423952096151,1.5,301.99220312228834,298.8553711221123,298.2396992171374
14.680049550898547,1.5,301.992449651913,298.85560367119604,298.2397751787102
14.683675149700942,1.5,301.9926961767778,298.85583618398016,298.2398511731624
14.687300748503338,1.5,301.99294269689176,298.85606866048556,298.2399272004852
14.690926347305734,1.5,301.9931892122634,298.85630110073316,298.2400032606703
14.69455194610813,1.5,301.99343572290155,298.856533504744,298.24007935370884
14.698177544910525,1.5,301.9936822288147,298.85676587253903,298.2401554795924
14.70180314371292,1.5,301.99392873001136,298.8569982041392,298.24023163831237
14.705428742515316,1.5,301.99417522650015,298.8572304995655,298.24030782986006
14.709054341317712,1.5,301.9944217182894,298.85746275883884,298.2403840542269
14.712679940120108,1.5,301.99466820538754,298.85769498198033,298.24046031140426
14.716305538922503,1.5,301.994914687803,298.85792716901085,298.2405366013834
14.719931137724899,1.5,301.9951611655439,298.8581593199514,298.24061292415576
14.723556736527295,1.5,301.99540763861853,298.85839143482303,298.2406892797126
14.72718233532969,1.5,301.99565410703514,298.8586235136467,298.24076566804536
14.730807934132086,1.5,301.9959005708018,298.8588555564434,298.24084208914525
14.734433532934482,1.5,301.9961470299265,298.8590875632341,298.2409185430036
14.738059131736877,1.5,301.9963934844173,298.85931953403986,298.24099502961155
14.741684730539273,1.5,301.9966399342822,298.85955146888165,298.24107154896063
14.745310329341669,1.5,301.99688637952914,298.8597833677805,298.241148101042
14.748935928144064,1.5,301.9971328201659,298.86001523075737,298.24122468584676
14.75256152694646,1.5,301.99737925620036,298.8602470578333,298.24130130336636
14.756187125748855,1.5,301.99762568764027,298.8604788490293,298.2413779535919
14.759812724551251,1.5,301.99787211449325,298.86071060436643,298.2414546365146
14.763438323353647,1.5,301.99811853676704,298.8609423238656,298.2415313521258
14.767063922156042,1.5,301.99836495446914,298.8611740075479,298.24160810041656
14.770689520958438,1.5,301.9986113676073,298.86140565543434,298.2416848813781
14.774315119760834,1.5,301.99885777618886,298.861637267546,298.24176169500157
14.77794071856323,1.5,301.99910418022125,298.8618688439038,298.2418385412782
14.781566317365625,1.5,301.9993505797119,298.8621003845288,298.2419154201991
14.78519191616802,1.5,301.9995969746683,298.86233188944203,298.2419923317554
14.788817514970416,1.5,301.9998433650975,298.8625633586646,298.2420692759383
14.792443113772812,1.5,302.00008975100695,298.8627947922174,298.24214625273885
14.796068712575208,1.5,302.00033613240373,298.8630261901216,298.2422232621482
14.799694311377603,1.5,302.000582509295,298.8632575523981,298.24230030415737
14.803319910179999,1.5,302.00082888168794,298.86348887906803,298.24237737875757
14.806945508982395,1.5,302.0010752495894,298.8637201701523,298.24245448593973
14.81057110778479,1.5,302.0013216130066,298.86395142567216,298.24253162569505
14.814196706587186,1.5,302.0015679719465,298.8641826456483,298.24260879801454
14.817822305389582,1.5,302.00181432641574,298.8644138301022,298.2426860028892
14.821447904191977,1.5,302.0020606764215,298.86464497905456,298.2427632403101
14.825073502994373,1.5,302.00230702197024,298.8648760925265,298.2428405102683
14.828699101796769,1.5,302.00255336306896,298.8651071705391,298.2429178127548
14.832324700599164,1.5,302.0027996997242,298.8653382131134,298.24299514776055
14.83595029940156,1.5,302.0030460319428,298.86556922027034,298.24307251527665
14.839575898203956,1.5,302.0032923597312,298.8658001920311,298.24314991529394
14.843201497006351,1.5,302.003538683096,298.8660311284165,298.24322734780344
14.846827095808747,1.5,302.0037850020438,298.86626202944785,298.2433048127962
14.850452694611143,1.5,302.0040313165809,298.86649289514605,298.24338231026314
14.854078293413538,1.5,302.0042776267139,298.86672372553204,298.2434598401951
14.857703892215934,1.5,302.00452393244893,298.866954520627,298.2435374025831
14.86132949101833,1.5,302.00477023379256,298.86718528045196,298.2436149974181
14.864955089820725,1.5,302.0050165307509,298.86741600502785,298.2436926246909
14.86858068862312,1.5,302.00526282333016,298.8676466943758,298.24377028439244
14.872206287425517,1.5,302.00550911153664,298.8678773485168,298.2438479765136
14.875831886227912,1.5,302.00575539537635,298.868107967472,298.2439257010453
14.879457485030308,1.5,302.00600167485544,298.86833855126224,298.24400345797847
14.883083083832704,1.5,302.0062479499799,298.86856909990865,298.2440812473038
14.8867086826351,1.5,302.00649422075577,298.8687996134322,298.2441590690123
14.890334281437495,1.5,302.006740487189,298.86903009185403,298.2442369230947
14.89395988023989,1.5,302.00698674928543,298.86926053519505,298.2443148095419
14.897585479042286,1.5,302.00723300705096,298.86949094347636,298.2443927283447
14.901211077844682,1.5,302.0074792604914,298.869721316719,298.2444706794938
14.904836676647077,1.5,302.0077255096124,298.86995165494386,298.2445486629802
14.908462275449473,1.5,302.0079717544197,298.8701819581721,298.2446266787946
14.912087874251869,1.5,302.00821799491905,298.8704122264248,298.2447047269277
14.915713473054264,1.5,302.0084642311162,298.8706424597228,298.2447828073705
14.91933907185666,1.5,302.00871046301637,298.8708726580872,298.24486092011347
14.922964670659056,1.5,302.0089566906253,298.87110282153907,298.2449390651475
14.926590269461451,1.5,302.0092029139485,298.8713329500993,298.2450172424634
14.930215868263847,1.5,302.0094491329914,298.87156304378897,298.24509545205177
14.933841467066243,1.5,302.00969534775925,298.87179310262917,298.24517369390344
14.937467065868638,1.5,302.00994155825765,298.8720231266407,298.24525196800903
14.941092664671034,1.5,302.01018776449166,298.87225311584484,298.2453302743593
14.94471826347343,1.5,302.01043396646674,298.8724830702624,298.24540861294486
14.948343862275825,1.5,302.010680164188,298.8727129899144,298.2454869837565
14.951969461078221,1.5,302.0109263576606,298.8729428748219,298.2455653867849
14.955595059880617,1.5,302.0111725468897,298.8731727250059,298.24564382202067
14.959220658683012,1.5,302.01141873188044,298.8734025404873,298.2457222894545
14.962846257485408,1.5,302.01166491263774,298.8736323212872,298.245800789077
14.966471856287804,1.5,302.01191108916674,298.87386206742656,298.2458793208788
14.9700974550902,1.5,302.0121572614723,298.87409177892636,298.24595788485055
14.973723053892595,1.5,302.01240342955936,298.87432145580755,298.2460364809829
14.97734865269499,1.5,302.0126495934328,298.8745510980911,298.2461151092663
14.980974251497386,1.5,302.0128957530974,298.87478070579806,298.2461937696916
14.984599850299782,1.5,302.01314190855794,298.87501027894945,298.2462724622492
14.988225449102178,1.5,302.0133880598193,298.87523981756607,298.2463511869297
14.991851047904573,1.5,302.0136342068861,298.87546932166896,298.24642994372374
14.995476646706969,1.5,302.0138803497628,298.8756987912792,298.24650873262186
14.999102245509365,1.5,302.01412648845434,298.8759282264176,298.2465875536146
15.00272784431176,1.5,302.0143726229651,298.8761576271052,298.2466664066925
15.006353443114156,1.5,302.0146187532996,298.876386993363,298.24674529184614
15.009979041916552,1.5,302.0148648794624,298.87661632521184,298.24682420906595
15.013604640718947,1.5,302.0151110014579,298.8768456226727,298.24690315834255
15.017230239521343,1.5,302.0153571192905,298.8770748857666,298.2469821396663
15.020855838323738,1.5,302.0156032329646,298.87730411451435,298.24706115302786
15.024481437126134,1.5,302.01584934248456,298.877533308937,298.24714019841764
15.02810703592853,1.5,302.0160954478546,298.87776246905554,298.2472192758261
15.031732634730925,1.5,302.01634154907885,298.8779915948908,298.24729838524377
15.035358233533321,1.5,302.01658764616167,298.87822068646375,298.2473775266611
15.038983832335717,1.5,302.01683373910714,298.8784497437952,298.24745670006854
15.042609431138112,1.5,302.01707982791936,298.8786787669062,298.2475359054565
15.046235029940508,1.5,302.01732591260253,298.8789077558177,298.24761514281545
15.049860628742904,1.5,302.0175719931605,298.8791367105505,298.2476944121358
15.0534862275453,1.5,302.01781806959747,298.8793656311255,298.2477737134079
15.057111826347695,1.5,302.0180641419172,298.8795945175637,298.2478530466223
15.06073742515009,1.5,302.0183102101236,298.8798233698859,298.24793241176934
15.064363023952486,1.5,302.01855627422077,298.8800521881131,298.24801180883935
15.067988622754882,1.5,302.0188023342123,298.8802809722661,298.24809123782273
15.071614221557278,1.5,302.0190483901021,298.8805097223659,298.24817069871
15.075239820359673,1.5,302.0192944418939,298.88073843843324,298.24825019149137
15.078865419162069,1.5,302.01954048959146,298.8809671204891,298.24832971615723
15.082491017964465,1.5,302.01978653319844,298.8811957685543,298.2484092726979
15.08611661676686,1.5,302.0200325727184,298.88142438264975,298.2484888611038
15.089742215569256,1.5,302.02027860815497,298.8816529627963,298.2485684813652
15.093367814371652,1.5,302.02052463951173,298.88188150901476,298.2486481334725
15.096993413174047,1.5,302.02077066679215,298.88211002132607,298.24872781741595
15.100619011976443,1.5,302.0210166899998,298.88233849975103,298.24880753318587
15.104244610778839,1.5,302.02126270913806,298.8825669443105,298.24888728077246
15.107870209581234,1.5,302.0215087242103,298.8827953550252,298.24896706016614
15.11149580838363,1.5,302.02175473522,298.88302373191624,298.24904687135717
15.115121407186026,1.5,302.0220007421704,298.8832520750042,298.2491267143358
15.118747005988421,1.5,302.02224674506476,298.88348038430996,298.24920658909224
15.122372604790817,1.5,302.02249274390635,298.8837086598544,298.24928649561684
15.125998203593213,1.5,302.0227387386985,298.8839369016583,298.2493664338998
15.129623802395608,1.5,302.0229847294442,298.88416510974247,298.24944640393136
15.133249401198004,1.5,302.0232307161467,298.88439328412767,298.2495264057018
15.1368750000004,1.5,302.02347669880913,298.8846214248349,298.2496064392013
15.140500598802795,1.5,302.02372267743436,298.8848495318846,298.2496865044201
15.14412619760519,1.5,302.0239686520257,298.8850776052979,298.24976660134826
15.147751796407587,1.5,302.0242146225859,298.8853056450954,298.2498467299762
15.151377395209982,1.5,302.024460589118,298.88553365129786,298.24992689029403
15.155002994012378,1.5,302.0247065516249,298.88576162392616,298.25000708229186
15.158628592814773,1.5,302.0249525101095,298.885989563001,298.25008730595994
15.16225419161717,1.5,302.0251984645746,298.8862174685431,298.2501675612884
15.165879790419565,1.5,302.02544441502306,298.8864453405733,298.2502478482674
15.16950538922196,1.5,302.02569036145763,298.88667317911234,298.2503281668871
15.173130988024356,1.5,302.02593630388105,298.88690098418084,298.2504085171376
15.176756586826752,1.5,302.02618224229593,298.8871287557997,298.25048889900916
15.180382185629147,1.5,302.0264281767051,298.88735649398956,298.2505693124918
15.184007784431543,1.5,302.0266741071109,298.8875841987712,298.2506497575757
15.187633383233939,1.5,302.0269200335162,298.88781187016525,298.25073023425085
15.191258982036334,1.5,302.02716595592346,298.8880395081925,298.2508107425075
15.19488458083873,1.5,302.0274118743351,298.8882671128737,298.25089128233566
15.198510179641126,1.5,302.02765778875374,298.8884946842294,298.25097185372545
15.202135778443521,1.5,302.02790369918176,298.8887222222803,298.251052456667
15.205761377245917,1.5,302.02814960562154,298.8889497270473,298.25113309115034
15.209386976048313,1.5,302.0283955080755,298.88917719855084,298.25121375716543
15.213012574850708,1.5,302.0286414065459,298.8894046368117,298.2512944547024
15.216638173653104,1.5,302.0288873010351,298.8896320418506,298.2513751837514
15.2202637724555,1.5,302.02913319154544,298.8898594136881,298.25145594430234
15.223889371257895,1.5,302.0293790780791,298.8900867523449,298.2515367363453
15.227514970060291,1.5,302.0296249606383,298.8903140578417,298.25161755987034
15.231140568862687,1.5,302.02987083922505,298.890541330199,298.2516984148674
15.234766167665082,1.5,302.03011671384166,298.8907685694376,298.25177930132656
15.238391766467478,1.5,302.0303625844902,298.8909957755781,298.2518602192378
15.242017365269874,1.5,302.03060845117267,298.89122294864103,298.25194116859115
15.24564296407227,1.5,302.0308543138912,298.89145008864705,298.2520221493765
15.249268562874665,1.5,302.0311001726476,298.89167719561675,298.252103161584
15.25289416167706,1.5,302.03134602744404,298.8919042695708,298.2521842052035
15.256519760479456,1.5,302.03159187828237,298.8921313105297,298.25226528022495
15.260145359281852,1.5,302.03183772516445,298.8923583185141,298.2523463866383
15.263770958084248,1.5,302.0320835680922,298.8925852935446,298.25242752443364
15.267396556886643,1.5,302.03232940706744,298.8928122356417,298.2525086936008
15.271022155689039,1.5,302.03257524209187,298.89303914482605,298.25258989412976
15.274647754491435,1.5,302.0328210731674,298.89326602111817,298.2526711260104
15.27827335329383,1.5,302.0330669002956,298.8934928645386,298.2527523892327
15.281898952096226,1.5,302.0333127234783,298.89371967510795,298.2528336837866
15.285524550898621,1.5,302.033558542717,298.89394645284665,298.25291500966193
15.289150149701017,1.5,302.0338043580135,298.8941731977753,298.2529963668487
15.292775748503413,1.5,302.03405016936944,298.89439990991445,298.25307775533673
15.296401347305808,1.5,302.03429597678615,298.89462658928454,298.25315917511585
15.300026946108204,1.5,302.0345417802654,298.89485323590617,298.253240626176
15.3036525449106,1.5,302.03478757980855,298.89507984979974,298.2533221085071
15.307278143712995,1.5,302.03503337541713,298.89530643098584,298.253403622099
15.310903742515391,1.5,302.0352791670925,298.89553297948487,298.25348516694146
15.314529341317787,1.5,302.03552495483615,298.8957594953174,298.25356674302446
15.318154940120182,1.5,302.03577073864943,298.8959859785038,298.2536483503378
15.321780538922578,1.5,302.03601651853364,298.8962124290647,298.2537299888713
15.325406137724974,1.5,302.03626229449014,298.8964388470204,298.25381165861484
15.32903173652737,1.5,302.03650806652024,298.8966652323914,298.25389335955816
15.332657335329765,1.5,302.03675383462513,298.89689158519815,298.25397509169125
15.33628293413216,1.5,302.03699959880606,298.8971179054611,298.25405685500374
15.339908532934556,1.5,302.0372453590641,298.8973441932006,298.25413864948547
15.343534131736952,1.5,302.0374911154006,298.89757044843714,298.2542204751263
15.347159730539348,1.5,302.03773686781653,298.89779667119114,298.254302331916
15.350785329341743,1.5,302.03798261631306,298.8980228614829,298.2543842198444
15.354410928144139,1.5,302.03822836089125,298.898249019333,298.25446613890114
15.358036526946535,1.5,302.0384741015521,298.8984751447616,298.2545480890761
15.36166212574893,1.5,302.0387198382966,298.8987012377893,298.254630070359
15.365287724551326,1.5,302.03896557112574,298.8989272984363,298.2547120827396
15.368913323353722,1.5,302.03921130004045,298.89915332672314,298.2547941262078
15.372538922156117,1.5,302.03945702504166,298.89937932267003,298.25487620075313
15.376164520958513,1.5,302.0397027461303,298.8996052862973,298.25495830636544
15.379790119760909,1.5,302.0399484633071,298.8998312176254,298.25504044303443
15.383415718563304,1.5,302.040194176573,298.9000571166746,298.2551226107498
15.3870413173657,1.5,302.0404398859287,298.9002829834652,298.2552048095014
15.390666916168096,1.5,302.040685591375,298.9005088180175,298.25528703927876
15.394292514970491,1.5,302.04093129291266,298.90073462035195,298.2553693000717
15.397918113772887,1.5,302.04117699054234,298.9009603904887,298.2554515918699
15.401543712575283,1.5,302.0414226842648,298.90118612844816,298.25553391466315
15.405169311377678,1.5,302.04166837408053,298.90141183425044,298.255616268441
15.408794910180074,1.5,302.04191405999023,298.90163750791595,298.2556986531932
15.41242050898247,1.5,302.04215974199445,298.90186314946493,298.2557810689093
15.416046107784865,1.5,302.04240542009387,298.90208875891767,298.2558635155791
15.41967170658726,1.5,302.0426510942889,298.9023143362943,298.25594599319226
15.423297305389656,1.5,302.04289676458,298.90253988161527,298.25602850173834
15.426922904192052,1.5,302.04314243096786,298.90276539490054,298.2561110412071
15.430548502994448,1.5,302.04338809345273,298.9029908761706,298.2561936115881
15.434174101796843,1.5,302.043633752035,298.90321632544544,298.2562762128711
15.43779970059924,1.5,302.0438794067151,298.9034417427454,298.25635884504567
15.441425299401635,1.5,302.0441250574935,298.90366712809055,298.2564415081014
15.44505089820403,1.5,302.04437070437035,298.9038924815012,298.25652420202783
15.448676497006426,1.5,302.0446163473461,298.9041178029975,298.25660692681475
15.452302095808822,1.5,302.044861986421,298.9043430925996,298.2566896824517
15.455927694611217,1.5,302.04510762159526,298.90456835032774,298.25677246892815
15.459553293413613,1.5,302.0453532528691,298.904793576202,298.25685528623393
15.463178892216009,1.5,302.0455988802427,298.9050187702425,298.2569381343585
15.466804491018404,1.5,302.0458445037163,298.9052439324695,298.2570210132915
15.4704300898208,1.5,302.0460901232899,298.9054690629029,298.2571039230223
15.474055688623196,1.5,302.0463357389637,298.9056941615631,298.25718686354077
15.477681287425591,1.5,302.0465813507378,298.90591922846994,298.2572698348364
15.481306886227987,1.5,302.04682695861226,298.9061442636437,298.2573528368986
15.484932485030383,1.5,302.04707256258706,298.90636926710437,298.25743586971697
15.488558083832778,1.5,302.0473181626621,298.9065942388722,298.2575189332811
15.492183682635174,1.5,302.0475637588376,298.906819178967,298.2576020275807
15.49580928143757,1.5,302.0478093511133,298.907044087409,298.257685152605
15.499434880239965,1.5,302.0480549394892,298.9072689642183,298.2577683083438
15.503060479042361,1.5,302.0483005239652,298.9074938094148,298.2578514947865
15.506686077844757,1.5,302.04854610454123,298.90771862301864,298.25793471192253
15.510311676647152,1.5,302.048791681217,298.9079434050499,298.2580179597416
15.513937275449548,1.5,302.04903725399237,298.90816815552836,298.2581012382331
15.517562874251944,1.5,302.0492828228672,298.9083928744744,298.2581845473865
15.52118847305434,1.5,302.0495283878412,298.90861756190765,298.25826788719144
15.524814071856735,1.5,302.04977394891404,298.9088422178483,298.2583512576373
15.52843967065913,1.5,302.05001950608556,298.90906684231624,298.2584346587135
15.532065269461526,1.5,302.05026505935535,298.90929143533157,298.25851809040967
15.535690868263922,1.5,302.0505106087232,298.9095159969142,298.25860155271516
15.539316467066318,1.5,302.05075615418855,298.909740527084,298.2586850456196
15.542942065868713,1.5,302.05100169575115,298.909965025861,298.2587685691123
15.546567664671109,1.5,302.05124723341055,298.91018949326514,298.25885212318286
15.550193263473505,1.5,302.0514927671663,298.9104139293163,298.2589357078206
15.5538188622759,1.5,302.05173829701795,298.9106383340344,298.259019323015
15.557444461078296,1.5,302.0519838229649,298.9108627074393,298.25910296875554
15.561070059880691,1.5,302.0522293450069,298.9110870495511,298.25918664503166
15.564695658683087,1.5,302.05247486314306,298.91131136038945,298.25927035183287
15.568321257485483,1.5,302.0527203773731,298.91153563997443,298.25935408914836
15.571946856287878,1.5,302.0529658876963,298.9117598883257,298.2594378569678
15.575572455090274,1.5,302.05321139411205,298.91198410546326,298.2595216552804
15.57919805389267,1.5,302.05345689661976,298.9122082914069,298.2596054840758
15.582823652695065,1.5,302.0537023952188,298.9124324461765,298.2596893433432
15.586449251497461,1.5,302.0539478899084,298.9126565697919,298.25977323307205
15.590074850299857,1.5,302.05419338068776,298.91288066227287,298.2598571532518
15.593700449102252,1.5,302.0544388675563,298.91310472363926,298.25994110387177
15.597326047904648,1.5,302.05468435051324,298.9133287539109,298.2600250849215
15.600951646707044,1.5,302.0549298295578,298.9135527531075,298.26010909639024
15.60457724550944,1.5,302.05517530468904,298.9137767212489,298.26019313826737
15.608202844311835,1.5,302.05542077590627,298.91400065835484,298.2602772105423
15.61182844311423,1.5,302.0556662432085,298.9142245644451,298.2603613132044
15.615454041916626,1.5,302.05591170659505,298.91444843953946,298.2604454462429
15.619079640719022,1.5,302.0561571660649,298.9146722836576,298.2605296096474
15.622705239521418,1.5,302.05640262161705,298.91489609681923,298.260613803407
15.626330838323813,1.5,302.05664807325064,298.91511987904425,298.2606980275112
15.629956437126209,1.5,302.0568935209647,298.9153436303522,298.2607822819493
15.633582035928605,1.5,302.0571389647582,298.91556735076284,298.2608665667106
15.637207634731,1.5,302.05738440463017,298.9157910402959,298.2609508817845
15.640833233533396,1.5,302.0576298405796,298.916014698971,298.2610352271603
15.644458832335792,1.5,302.0578752726052,298.9162383268079,298.2611196028273
15.648084431138187,1.5,302.0581207007062,298.91646192382615,298.2612040087748
15.651710029940583,1.5,302.0583661248813,298.9166854900455,298.2612884449922
15.655335628742979,1.5,302.0586115451293,298.9169090254855,298.26137291146875
15.658961227545374,1.5,302.05885696144924,298.91713253016593,298.2614574081937
15.66258682634777,1.5,302.0591023738398,298.9173560041063,298.2615419351564
15.666212425150166,1.5,302.05934778229977,298.9175794473262,298.2616264923462
15.669838023952561,1.5,302.05959318682807,298.9178028598453,298.2617110797523
15.673463622754957,1.5,302.0598385874233,298.91802624168315,298.261795697364
15.677089221557353,1.5,302.06008398408426,298.9182495928594,298.2618803451706
15.680714820359748,1.5,302.0603293768097,298.91847291339354,298.26196502316134
15.684340419162144,1.5,302.06057476559823,298.9186962033052,298.26204973132553
15.68796601796454,1.5,302.0608201504486,298.9189194626139,298.26213446965244
15.691591616766935,1.5,302.0610655313593,298.9191426913393,298.2622192381313
15.69521721556933,1.5,302.0613109083292,298.91936588950074,298.26230403675135
15.698842814371726,1.5,302.0615562813566,298.91958905711783,298.26238886550186
15.702468413174122,1.5,302.0618016504403,298.9198121942101,298.2624737243721
15.706094011976518,1.5,302.06204701557886,298.92003530079705,298.2625586133513
15.709719610778913,1.5,302.0622923767707,298.9202583768981,298.26264353242874
15.713345209581309,1.5,302.06253773401437,298.9204814225329,298.2627284815935
15.716970808383705,1.5,302.06278308730845,298.9207044377207,298.26281346083505
15.7205964071861,1.5,302.0630284366513,298.92092742248116,298.2628984701424
15.724222005988496,1.5,302.0632737820414,298.92115037683357,298.2629835095049
15.727847604790892,1.5,302.06351912347725,298.9213733007975,298.2630685789117
15.731473203593287,1.5,302.06376446095726,298.9215961943923,298.26315367835207
15.735098802395683,1.5,302.0640097944797,298.92181905763744,298.2632388078151
15.738724401198079,1.5,302.0642551240431,298.9220418905523,298.26332396729015
15.742350000000474,1.5,302.0645004496456,298.92226469315625,298.2634091567663
15.74597559880287,1.5,302.06474577128563,298.92248746546875,298.26349437623276
15.749601197605266,1.5,302.0649910889616,298.9227102075091,298.26357962567874
15.753226796407661,1.5,302.0652364026717,298.9229329192967,298.2636649050935
15.756852395210057,1.5,302.0654817124142,298.92315560085103,298.26375021446614
15.760477994012453,1.5,302.06572701818743,298.92337825219124,298.2638355537858
15.764103592814848,1.5,302.0659723199895,298.9236008733368,298.2639209230417
15.767729191617244,1.5,302.0662176178186,298.9238234643069,298.2640063222231
15.77135479041964,1.5,302.06646291167306,298.9240460251211,298.26409175131903
15.774980389222035,1.5,302.0667082015509,298.92426855579845,298.2641772103187
15.778605988024431,1.5,302.0669534874504,298.92449105635836,298.26426269921126
15.782231586826827,1.5,302.06719876936955,298.9247135268201,298.26434821798586
15.785857185629222,1.5,302.0674440473066,298.92493596720294,298.2644337666317
15.789482784431618,1.5,302.0676893212595,298.9251583775262,298.26451934513796
15.793108383234014,1.5,302.0679345912264,298.925380757809,298.26460495349363
15.79673398203641,1.5,302.06817985720534,298.92560310807073,298.264690591688
15.800359580838805,1.5,302.0684251191944,298.92582542833054,298.26477625971
15.8039851796412,1.5,302.06867037719144,298.9260477186076,298.26486195754904
15.807610778443596,1.5,302.06891563119456,298.9262699789212,298.26494768519404
15.811236377245992,1.5,302.0691608812017,298.9264922092906,298.2650334426341
15.814861976048388,1.5,302.06940612721087,298.9267144097348,298.26511922985856
15.818487574850783,1.5,302.0696513692199,298.9269365802732,298.26520504685635
15.822113173653179,1.5,302.0698966072268,298.92715872092487,298.26529089361657
15.825738772455574,1.5,302.07014184122943,298.92738083170883,298.2653767701284
15.82936437125797,1.5,302.07038707122564,298.9276029126444,298.265462676381
15.832989970060366,1.5,302.07063229721336,298.92782496375065,298.2655486123633
15.836615568862761,1.5,302.07087751919033,298.92804698504676,298.2656345780645
15.840241167665157,1.5,302.07112273715455,298.92826897655186,298.26572057347374
15.843866766467553,1.5,302.0713679511036,298.92849093828494,298.26580659857996
15.847492365269948,1.5,302.07161316103543,298.9287128702651,298.26589265337236
15.851117964072344,1.5,302.07185836694777,298.9289347725115,298.26597873784004
15.85474356287474,1.5,302.0721035688382,298.92915664504324,298.266064851972
15.858369161677135,1.5,302.0723487667047,298.92937848787926,298.26615099575736
15.861994760479531,1.5,302.07259396054485,298.9296003010387,298.26623716918516
15.865620359281927,1.5,302.0728391503564,298.92982208454055,298.26632337224447
15.869245958084322,1.5,302.07308433613696,298.93004383840383,298.26640960492443
15.872871556886718,1.5,302.0733295178842,298.9302655626476,298.26649586721396
15.876497155689114,1.5,302.0735746955959,298.9304872572909,298.2665821591022
15.88012275449151,1.5,302.0738198692694,298.93070892235266,298.26666848057823
15.883748353293905,1.5,302.07406503890263,298.93093055785187,298.26675483163103
15.8873739520963,1.5,302.0743102044929,298.9311521638075,298.2668412122497
15.890999550898696,1.5,302.074555366038,298.9313737402385,298.2669276224232
15.894625149701092,1.5,302.0748005235353,298.9315952871639,298.2670140621407
15.898250748503488,1.5,302.07504567698254,298.93181680460253,298.26710053139107
15.901876347305883,1.5,302.075290826377,298.93203829257334,298.2671870301635
15.905501946108279,1.5,302.0755359717164,298.9322597510954,298.26727355844696
15.909127544910675,1.5,302.0757811129981,298.9324811801875,298.26736011623046
15.91275314371307,1.5,302.07602625021957,298.9327025798685,298.267446703503
15.916378742515466,1.5,302.0762713833783,298.93292395015726,298.26753332025373
15.920004341317862,1.5,302.07651651247164,298.9331452910728,298.26761996647144
15.923629940120257,1.5,302.07676163749716,298.9333666026339,298.2677066421453
15.927255538922653,1.5,302.07700675845217,298.9335878848593,298.2677933472643
15.930881137725049,1.5,302.077251875334,298.9338091377681,298.2678800818174
15.934506736527444,1.5,302.0774969881401,298.9340303613789,298.26796684579364
15.93813233532984,1.5,302.0777420968678,298.93425155571066,298.2680536391821
15.941757934132236,1.5,302.0779872015144,298.93447272078214,298.26814046197154
15.945383532934631,1.5,302.0782323020773,298.9346938566121,298.2682273141512
15.949009131737027,1.5,302.07847739855373,298.9349149632194,298.2683141957099
15.952634730539422,1.5,302.078722490941,298.9351360406228,298.2684011066367
15.956260329341818,1.5,302.0789675792364,298.93535708884093,298.2684880469206
15.959885928144214,1.5,302.0792126634371,298.93557810789275,298.2685750165505
15.96351152694661,1.5,302.0794577435404,298.9357990977969,298.26866201551553
15.967137125749005,1.5,302.07970281954346,298.9360200585721,298.26874904380446
15.9707627245514,1.5,302.0799478914436,298.9362409902371,298.26883610140646
15.974388323353796,1.5,302.0801929592379,298.93646189281054,298.2689231883104
15.978013922156192,1.5,302.08043802292354,298.93668276631126,298.26901030450523
15.981639520958588,1.5,302.0806830824977,298.93690361075784,298.26909744997994
15.985265119760983,1.5,302.08092813795764,298.937124426169,298.26918462472344
15.988890718563379,1.5,302.08117318930033,298.93734521256334,298.26927182872475
15.992516317365775,1.5,302.08141823652295,298.93756596995956,298.26935906197286
15.99614191616817,1.5,302.0816632796225,298.9377866983763,298.2694463244567
15.999767514970566,1.5,302.08190831859616,298.9380073978322,298.2695336161651
16.00339311377296,1.5,302.082153353441,298.93822806834595,298.2696209370871
16.007018712575356,1.5,302.082398384154,298.938448709936,298.26970828721164
16.01064431137775,1.5,302.08264341073226,298.938669322621,298.26979566652767
16.014269910180143,1.5,302.0828884331727,298.93888990641966,298.26988307502404
16.017895508982537,1.5,302.0831334514724,298.9391104613504,298.2699705126898
16.02152110778493,1.5,302.0833784656284,298.93933098743184,298.27005797951375
16.025146706587325,1.5,302.0836234756376,298.9395514846826,298.270145475485
16.02877230538972,1.5,302.0838684814969,298.9397719531212,298.27023300059227
16.032397904192113,1.5,302.08411348320334,298.93999239276604,298.27032055482465
16.036023502994507,1.5,302.08435848075385,298.94021280363575,298.270408138171
16.0396491017969,1.5,302.08460347414535,298.9404331857488,298.2704957506203
16.043274700599294,1.5,302.08484846337467,298.94065353912373,298.27058339216126
16.04690029940169,1.5,302.0850934484387,298.94087386377896,298.270671062783
16.050525898204082,1.5,302.0853384293344,298.94109415973304,298.2707587624743
16.054151497006476,1.5,302.08558340605856,298.94131442700444,298.27084649122423
16.05777709580887,1.5,302.08582837860797,298.9415346656115,298.27093424902154
16.061402694611264,1.5,302.0860733469796,298.9417548755728,298.2710220358551
16.065028293413658,1.5,302.0863183111702,298.9419750569067,298.271109851714
16.06865389221605,1.5,302.08656327117654,298.94219520963156,298.27119769658697
16.072279491018445,1.5,302.0868082269954,298.9424153337659,298.271285570463
16.07590508982084,1.5,302.0870531786236,298.94263542932805,298.27137347333087
16.079530688623233,1.5,302.0872981260579,298.94285549633645,298.2714614051796
16.083156287425627,1.5,302.08754306929495,298.9430755348094,298.271549365998
16.08678188622802,1.5,302.08778800833153,298.9432955447653,298.27163735577494
16.090407485030415,1.5,302.0880329431645,298.9435155262225,298.2717253744994
16.09403308383281,1.5,302.0882778737903,298.9437354791993,298.2718134221601
16.097658682635203,1.5,302.0885228002058,298.9439554037141,298.27190149874605
16.101284281437596,1.5,302.0887677224076,298.9441752997852,298.27198960424613
16.10490988023999,1.5,302.08901264039247,298.94439516743074,298.2720777386491
16.108535479042384,1.5,302.0892575541569,298.94461500666927,298.27216590194394
16.112161077844778,1.5,302.0895024636977,298.94483481751894,298.27225409411943
16.115786676647172,1.5,302.0897473690113,298.94505459999806,298.27234231516445
16.119412275449566,1.5,302.08999227009446,298.9452743541248,298.27243056506796
16.12303787425196,1.5,302.0902371669437,298.9454940799176,298.2725188438187
16.126663473054354,1.5,302.09048205955565,298.9457137773945,298.27260715140557
16.130289071856748,1.5,302.09072694792684,298.94593344657375,298.2726954878175
16.13391467065914,1.5,302.0909718320538,298.9461530874737,298.2727838530432
16.137540269461535,1.5,302.0912167119331,298.9463727001124,298.27287224707163
16.14116586826393,1.5,302.09146158756135,298.9465922845082,298.27296066989163
16.144791467066323,1.5,302.091706458935,298.9468118406792,298.2730491214921
16.148417065868717,1.5,302.0919513260505,298.94703136864354,298.27313760186166
16.15204266467111,1.5,302.09219618890444,298.94725086841936,298.27322611098936
16.155668263473505,1.5,302.09244104749325,298.94747034002484,298.27331464886396
16.1592938622759,1.5,302.09268590181335,298.94768978347815,298.2734032154744
16.162919461078292,1.5,302.0929307518612,298.9479091987974,298.2734918108094
16.166545059880686,1.5,302.0931755976334,298.9481285860007,298.2735804348578
16.17017065868308,1.5,302.09342043912625,298.9483479451061,298.27366908760854
16.173796257485474,1.5,302.09366527633614,298.9485672761317,298.2737577690503
16.177421856287868,1.5,302.0939101092595,298.94878657909567,298.27384647917205
16.181047455090262,1.5,302.0941549378928,298.9490058540159,298.27393521796245
16.184673053892656,1.5,302.09439976223234,298.94922510091067,298.2740239854105
16.18829865269505,1.5,302.09464458227444,298.9494443197978,298.27411278150487
16.191924251497444,1.5,302.0948893980156,298.94966351069553,298.2742016062346
16.195549850299837,1.5,302.09513420945206,298.9498826736218,298.2742904595883
16.19917544910223,1.5,302.0953790165801,298.9501018085945,298.27437934155483
16.202801047904625,1.5,302.09562381939617,298.95032091563183,298.2744682521231
16.20642664670702,1.5,302.0958686178966,298.95053999475164,298.27455719128176
16.210052245509413,1.5,302.09611341207756,298.95075904597195,298.27464615901977
16.213677844311807,1.5,302.0963582019354,298.9509780693107,298.27473515532586
16.2173034431142,1.5,302.09660298746644,298.95119706478584,298.2748241801889
16.220929041916595,1.5,302.0968477686668,298.9514160324153,298.2749132335976
16.22455464071899,1.5,302.09709254553275,298.9516349722171,298.2750023155408
16.228180239521382,1.5,302.0973373180607,298.9518538842091,298.27509142600735
16.231805838323776,1.5,302.0975820862467,298.9520727684092,298.27518056498604
16.23543143712617,1.5,302.097826850087,298.95229162483525,298.27526973246563
16.239057035928564,1.5,302.09807160957786,298.9525104535052,298.27535892843497
16.242682634730958,1.5,302.0983163647154,298.9527292544369,298.27544815288275
16.24630823353335,1.5,302.0985611154959,298.95294802764823,298.2755374057978
16.249933832335746,1.5,302.0988058619154,298.9531667731571,298.275626687169
16.25355943113814,1.5,302.0990506039702,298.9533854909812,298.2757159969851
16.257185029940533,1.5,302.0992953416564,298.95360418113836,298.27580533523485
16.260810628742927,1.5,302.0995400749701,298.95382284364655,298.275894701907
16.26443622754532,1.5,302.0997848039074,298.95404147852344,298.2759840969905
16.268061826347715,1.5,302.1000295284645,298.95426008578687,298.276073520474
16.27168742515011,1.5,302.1002742486374,298.9544786654547,298.27616297234624
16.275313023952503,1.5,302.10051896442235,298.95469721754455,298.2762524525961
16.278938622754897,1.5,302.10076367581524,298.95491574207426,298.2763419612124
16.28256422155729,1.5,302.1010083828123,298.9551342390615,298.27643149818374
16.286189820359684,1.5,302.1012530854095,298.9553527085241,298.276521063499
16.28981541916208,1.5,302.10149778360295,298.9555711504798,298.27661065714693
16.293441017964472,1.5,302.10174247738865,298.95578956494626,298.27670027911637
16.297066616766866,1.5,302.1019871667626,298.9560079519411,298.27678992939605
16.30069221556926,1.5,302.10223185172094,298.9562263114822,298.27687960797476
16.304317814371654,1.5,302.1024765322596,298.95644464358713,298.27696931484115
16.307943413174048,1.5,302.1027212083745,298.95666294827345,298.27705904998413
16.31156901197644,1.5,302.1029658800618,298.9568812255589,298.2771488133924
16.315194610778835,1.5,302.1032105473173,298.9570994754612,298.2772386050547
16.31882020958123,1.5,302.10345521013704,298.9573176979979,298.2773284249599
16.322445808383623,1.5,302.103699868517,298.9575358931867,298.2774182730966
16.326071407186017,1.5,302.1039445224531,298.957754061045,298.27750814945375
16.32969700598841,1.5,302.10418917194136,298.95797220159074,298.2775980540199
16.333322604790805,1.5,302.10443381697763,298.95819031484115,298.2776879867839
16.3369482035932,1.5,302.10467845755784,298.95840840081405,298.27777794773465
16.340573802395593,1.5,302.1049230936778,298.95862645952684,298.2778679368607
16.344199401197987,1.5,302.1051677253336,298.95884449099714,298.27795795415085
16.34782500000038,1.5,302.10541235252094,298.9590624952426,298.27804799959387
16.351450598802774,1.5,302.10565697523583,298.95928047228057,298.2781380731785
16.355076197605168,1.5,302.10590159347413,298.95949842212866,298.27822817489357
16.358701796407562,1.5,302.10614620723163,298.95971634480435,298.27831830472775
16.362327395209956,1.5,302.1063908165042,298.95993424032514,298.2784084626697
16.36595299401235,1.5,302.1066354212877,298.9601521087084,298.2784986487083
16.369578592814744,1.5,302.106880021578,298.9603699499719,298.2785888628323
16.373204191617138,1.5,302.10712461737086,298.96058776413287,298.27867910503033
16.37682979041953,1.5,302.107369208662,298.96080555120875,298.2787693752913
16.380455389221925,1.5,302.10761379544743,298.961023311217,298.27885967360373
16.38408098802432,1.5,302.10785837772283,298.9612410441751,298.2789499999566
16.387706586826713,1.5,302.108102955484,298.9614587501004,298.27904035433846
16.391332185629107,1.5,302.1083475287267,298.9616764290103,298.27913073673807
16.3949577844315,1.5,302.1085920974467,298.9618940809223,298.27922114714426
16.398583383233895,1.5,302.10883666163977,298.9621117058536,298.2793115855457
16.40220898203629,1.5,302.1090812213017,298.9623293038217,298.2794020519312
16.405834580838683,1.5,302.1093257764281,298.96254687484395,298.27949254628936
16.409460179641076,1.5,302.1095703270148,298.9627644189377,298.279583068609
16.41308577844347,1.5,302.10981487305753,298.9629819361201,298.2796736188789
16.416711377245864,1.5,302.1100594145519,298.9631994264088,298.2797641970876
16.420336976048258,1.5,302.1103039514938,298.96341688982085,298.27985480322405
16.423962574850652,1.5,302.11054848387874,298.9636343263736,298.27994543727687
16.427588173653046,1.5,302.1107930117025,298.9638517360844,298.2800360992347
16.43121377245544,1.5,302.1110375349607,298.9640691189704,298.2801267890864
16.434839371257834,1.5,302.11128205364906,298.964286475049,298.2802175068207
16.438464970060227,1.5,302.1115265677632,298.96450380433737,298.2803082524263
16.44209056886262,1.5,302.1117710772988,298.96472110685283,298.2803990258919
16.445716167665015,1.5,302.11201558225144,298.9649383826125,298.2804898272062
16.44934176646741,1.5,302.11226008261684,298.9651556316337,298.28058065635787
16.452967365269803,1.5,302.1125045783906,298.96537285393356,298.2806715133358
16.456592964072197,1.5,302.11274906956834,298.96559004952934,298.2807623981286
16.46021856287459,1.5,302.1129935561456,298.96580721843816,298.28085331072504
16.463844161676985,1.5,302.11323803811814,298.96602436067724,298.28094425111374
16.46746976047938,1.5,302.11348251548134,298.9662414762637,298.2810352192835
16.471095359281772,1.5,302.11372698823095,298.9664585652147,298.2811262152231
16.474720958084166,1.5,302.11397145636255,298.9666756275474,298.2812172389211
16.47834655688656,1.5,302.1142159198716,298.9668926632789,298.28130829036627
16.481972155688954,1.5,302.11446037875373,298.9671096724263,298.2813993695474
16.485597754491348,1.5,302.1147048330045,298.96732665500673,298.28149047645314
16.489223353293742,1.5,302.11494928261936,298.96754361103734,298.28158161107217
16.492848952096136,1.5,302.1151937275939,298.9677605405351,298.28167277339327
16.49647455089853,1.5,302.11543816792374,298.9679774435171,298.2817639634051
16.500100149700923,1.5,302.1156826036044,298.96819432000046,298.28185518109643
16.503725748503317,1.5,302.11592703463117,298.9684111700022,298.2819464264559
16.50735134730571,1.5,302.1161714609998,298.9686279935393,298.28203769947226
16.510976946108105,1.5,302.1164158827056,298.96884479062885,298.2821290001342
16.5146025449105,1.5,302.1166602997443,298.9690615612878,298.28222032843047
16.518228143712893,1.5,302.11690471211114,298.96927830553324,298.28231168434974
16.521853742515287,1.5,302.1171491198017,298.969495023382,298.2824030678807
16.52547934131768,1.5,302.1173935228115,298.9697117148512,298.2824944790121
16.529104940120074,1.5,302.1176379211359,298.9699283799577,298.28258591773255
16.53273053892247,1.5,302.1178823147704,298.9701450187186,298.28267738403093
16.536356137724862,1.5,302.1181267037104,298.97036163115075,298.2827688778958
16.539981736527256,1.5,302.1183710879514,298.970578217271,298.28286039931595
16.54360733532965,1.5,302.11861546748884,298.97079477709644,298.28295194828
16.547232934132044,1.5,302.11885984231816,298.97101131064386,298.28304352477664
16.550858532934438,1.5,302.1191042124346,298.9712278179302,298.2831351287947
16.55448413173683,1.5,302.1193485778338,298.97144429897224,298.28322676032275
16.558109730539226,1.5,302.11959293851106,298.97166075378703,298.28331841934965
16.56173532934162,1.5,302.1198372944617,298.9718771823913,298.28341010586394
16.565360928144013,1.5,302.1200816456813,298.972093584802,298.2835018198544
16.568986526946407,1.5,302.1203259921651,298.9723099610358,298.2835935613097
16.5726121257488,1.5,302.12057033390846,298.9725263111098,298.2836853302186
16.576237724551195,1.5,302.1208146709069,298.97274263504056,298.28377712656965
16.57986332335359,1.5,302.12105900315555,298.97295893284496,298.2838689503517
16.583488922155983,1.5,302.12130333065,298.9731752045398,298.2839608015534
16.587114520958377,1.5,302.1215476533854,298.97339145014195,298.2840526801634
16.59074011976077,1.5,302.1217919713572,298.973607669668,298.28414458617056
16.594365718563164,1.5,302.12203628456075,298.9738238631349,298.2842365195634
16.597991317365558,1.5,302.12228059299133,298.97404003055925,298.28432848033066
16.601616916167952,1.5,302.1225248966442,298.97425617195785,298.28442046846106
16.605242514970346,1.5,302.1227691955149,298.97447228734745,298.28451248394333
16.60886811377274,1.5,302.1230134895984,298.9746883767447,298.28460452676615
16.612493712575134,1.5,302.12325777889026,298.97490444016637,298.2846965969182
16.616119311377528,1.5,302.12350206338573,298.97512047762905,298.2847886943881
16.61974491017992,1.5,302.12374634308,298.9753364891495,298.2848808191647
16.623370508982315,1.5,302.12399061796845,298.9755524747444,298.2849729712365
16.62699610778471,1.5,302.1242348880464,298.97576843443034,298.28506515059235
16.630621706587103,1.5,302.1244791533089,298.975984368224,298.28515735722095
16.634247305389497,1.5,302.12472341375144,298.976200276142,298.2852495911109
16.63787290419189,1.5,302.1249676693692,298.97641615820095,298.28534185225095
16.641498502994285,1.5,302.12521192015737,298.97663201441753,298.2854341406298
16.64512410179668,1.5,302.1254561661113,298.9768478448083,298.28552645623614
16.648749700599073,1.5,302.12570040722613,298.9770636493897,298.2856187990586
16.652375299401466,1.5,302.1259446434972,298.9772794281786,298.285711169086
16.65600089820386,1.5,302.1261888749196,298.97749518119133,298.2858035663069
16.659626497006254,1.5,302.1264331014887,298.9777109084445,298.2858959907102
16.663252095808648,1.5,302.1266773231996,298.97792660995475,298.2859884422843
16.666877694611042,1.5,302.1269215400476,298.97814228573844,298.2860809210181
16.670503293413436,1.5,302.12716575202785,298.9783579358122,298.28617342690023
16.67412889221583,1.5,302.1274099591355,298.97857356019256,298.2862659599194
16.677754491018224,1.5,302.1276541613658,298.97878915889595,298.28635852006425
16.681380089820617,1.5,302.127898358714,298.97900473193886,298.2864511073235
16.68500568862301,1.5,302.12814255117513,298.9792202793378,298.2865437216859
16.688631287425405,1.5,302.1283867387445,298.9794358011092,298.28663636314013
16.6922568862278,1.5,302.1286309214172,298.9796512972696,298.28672903167484
16.695882485030193,1.5,302.1288750991884,298.9798667678352,298.2868217272787
16.699508083832587,1.5,302.12911927205334,298.9800822128227,298.28691444994047
16.70313368263498,1.5,302.12936344000707,298.9802976322483,298.2870071996489
16.706759281437375,1.5,302.12960760304475,298.9805130261286,298.2870999763925
16.71038488023977,1.5,302.12985176116155,298.98072839447997,298.28719278016007
16.714010479042162,1.5,302.13009591435264,298.9809437373186,298.28728561094033
16.717636077844556,1.5,302.1303400626131,298.981159054661,298.28737846872195
16.72126167664695,1.5,302.130584205938,298.9813743465236,298.28747135349363
16.724887275449344,1.5,302.1308283443226,298.98158961292256,298.28756426524404
16.728512874251738,1.5,302.1310724777619,298.9818048538744,298.2876572039618
16.732138473054132,1.5,302.1313166062511,298.98202006939533,298.2877501696358
16.735764071856526,1.5,302.13156072978524,298.98223525950164,298.2878431622546
16.73938967065892,1.5,302.1318048483594,298.9824504242098,298.2879361818069
16.743015269461313,1.5,302.13204896196874,298.98266556353593,298.28802922828135
16.746640868263707,1.5,302.1322930706082,298.98288067749644,298.2881223016667
16.7502664670661,1.5,302.1325371742731,298.98309576610745,298.2882154019518
16.753892065868495,1.5,302.13278127295837,298.98331082938535,298.2883085291251
16.75751766467089,1.5,302.1330253666592,298.9835258673464,298.28840168317544
16.761143263473283,1.5,302.1332694553705,298.9837408800066,298.2884948640914
16.764768862275677,1.5,302.13351353908746,298.9839558673825,298.2885880718618
16.76839446107807,1.5,302.133757617805,298.9841708294901,298.28868130647527
16.772020059880465,1.5,302.13400169151834,298.9843857663457,298.2887745679205
16.77564565868286,1.5,302.1342457602223,298.9846006779655,298.2888678561862
16.779271257485252,1.5,302.1344898239122,298.98481556436553,298.28896117126106
16.782896856287646,1.5,302.1347338825829,298.98503042556206,298.2890545131338
16.78652245509004,1.5,302.1349779362296,298.9852452615713,298.28914788179316
16.790148053892434,1.5,302.13522198484713,298.9854600724093,298.2892412772277
16.793773652694828,1.5,302.1354660284306,298.9856748580923,298.28933469942626
16.79739925149722,1.5,302.1357100669751,298.98588961863624,298.28942814837745
16.801024850299616,1.5,302.1359541004755,298.9861043540574,298.28952162407
16.80465044910201,1.5,302.136198128927,298.9863190643718,298.2896151264926
16.808276047904403,1.5,302.1364421523244,298.9865337495956,298.28970865563394
16.811901646706797,1.5,302.13668617066287,298.9867484097448,298.28980221148277
16.81552724550919,1.5,302.13693018393735,298.9869630448355,298.28989579402776
16.819152844311585,1.5,302.1371741921429,298.9871776548837,298.2899894032576
16.82277844311398,1.5,302.1374181952743,298.9873922399055,298.290083039161
16.826404041916373,1.5,302.1376621933267,298.98760679991693,298.29017670172664
16.830029640718767,1.5,302.13790618629514,298.9878213349341,298.29027039094325
16.83365523952116,1.5,302.13815017417454,298.98803584497284,298.2903641067996
16.837280838323554,1.5,302.1383941569598,298.9882503300492,298.2904578492843
16.84090643712595,1.5,302.13863813464604,298.9884647901793,298.290551618386
16.844532035928342,1.5,302.138882107228,298.988679225379,298.2906454140935
16.848157634730736,1.5,302.1391260747008,298.9888936356642,298.2907392363955
16.85178323353313,1.5,302.13937003705945,298.98910802105104,298.29083308528067
16.855408832335524,1.5,302.13961399429877,298.98932238155527,298.29092696073775
16.859034431137918,1.5,302.1398579464137,298.98953671719295,298.29102086275543
16.86266002994031,1.5,302.14010189339933,298.98975102797993,298.29111479132246
16.866285628742705,1.5,302.1403458352505,298.9899653139322,298.29120874642746
16.8699112275451,1.5,302.14058977196214,298.9901795750656,298.2913027280592
16.873536826347493,1.5,302.1408337035292,298.990393811396,298.29139673620637
16.877162425149887,1.5,302.1410776299466,298.9906080229393,298.29149077085765
16.88078802395228,1.5,302.1413215512094,298.9908222097114,298.29158483200183
16.884413622754675,1.5,302.14156546731226,298.9910363717281,298.29167891962754
16.88803922155707,1.5,302.1418093782503,298.99125050900517,298.29177303372353
16.891664820359463,1.5,302.1420532840184,298.99146462155863,298.2918671742785
16.895290419161856,1.5,302.1422971846114,298.99167870940414,298.29196134128114
16.89891601796425,1.5,302.1425410800242,298.9918927725576,298.2920555347202
16.902541616766644,1.5,302.14278497025185,298.9921068110347,298.29214975458433
16.906167215569038,1.5,302.1430288552892,298.9923208248514,298.29224400086235
16.909792814371432,1.5,302.14327273513095,298.99253481402326,298.29233827354295
16.913418413173826,1.5,302.14351660977223,298.99274877856624,298.29243257261476
16.91704401197622,1.5,302.1437604792078,298.99296271849596,298.2925268980665
16.920669610778614,1.5,302.14400434343264,298.99317663382817,298.292621249887
16.924295209581008,1.5,302.1442482024416,298.99339052457873,298.2927156280649
16.9279208083834,1.5,302.14449205622947,298.9936043907632,298.29281003258905
16.931546407185795,1.5,302.14473590479116,298.99381823239736,298.292904463448
16.93517200598819,1.5,302.1449797481216,298.994032049497,298.2929989206305
16.938797604790583,1.5,302.14522358621565,298.9942458420776,298.2930934041252
16.942423203592977,1.5,302.1454674190682,298.994459610155,298.29318791392103
16.94604880239537,1.5,302.145711246674,298.99467335374476,298.29328245000653
16.949674401197765,1.5,302.14595506902805,298.99488707286264,298.2933770123705
16.95330000000016,1.5,302.1461988861251,298.99510076752415,298.2934716010017
16.956925598802552,1.5,302.1464426979601,298.99531443774504,298.2935662158888
16.960551197604946,1.5,302.14668650452774,298.9955280835408,298.2936608570205
16.96417679640734,1.5,302.14693030582305,298.9957417049272,298.29375552438563
16.967802395209734,1.5,302.1471741018407,298.9959553019197,298.29385021797276
16.971427994012128,1.5,302.1474178925756,298.996168874534,298.2939449377708
16.975053592814522,1.5,302.1476616780227,298.9963824227856,298.2940396837683
16.978679191616916,1.5,302.1479054581767,298.9965959466901,298.2941344559541
16.98230479041931,1.5,302.14814923303237,298.99680944626294,298.29422925431686
16.985930389221704,1.5,302.1483930025847,298.99702292151983,298.2943240788454
16.989555988024097,1.5,302.1486367668285,298.9972363724762,298.29441892952843
16.99318158682649,1.5,302.1488805257585,298.9974497991476,298.2945138063547
16.996807185628885,1.5,302.1491242793696,298.9976632015495,298.2946087093128
17.00043278443128,1.5,302.1493680276565,298.9978765796975,298.29470363839164
17.004058383233673,1.5,302.1496117706141,298.99808993360693,298.29479859357986
17.007683982036067,1.5,302.14985550823724,298.99830326329345,298.29489357486625
17.01130958083846,1.5,302.1500992405207,298.99851656877235,298.29498858223957
17.014935179640855,1.5,302.15034296745927,298.99872985005914,298.2950836156884
17.01856077844325,1.5,302.15058668904766,298.99894310716934,298.29517867520167
17.022186377245642,1.5,302.15083040528083,298.9991563401183,298.295273760768
17.025811976048036,1.5,302.1510741161536,298.99936954892144,298.29536887237623
17.02943757485043,1.5,302.15131782166054,298.99958273359425,298.295464010015
17.033063173652824,1.5,302.1515615217966,298.99979589415204,298.29555917367315
17.036688772455218,1.5,302.1518052165566,299.0000090306103,298.29565436333934
17.04031437125761,1.5,302.1520489059353,299.0002221429843,298.29574957900235
17.043939970060006,1.5,302.1522925899274,299.0004352312894,298.295844820651
17.0475655688624,1.5,302.1525362685278,299.00064829554094,298.2959400882739
17.051191167664793,1.5,302.1527799417312,299.0008613357544,298.2960353818599
17.054816766467187,1.5,302.1530236095324,299.001074351945,298.2961307013977
17.05844236526958,1.5,302.15326727192615,299.0012873441281,298.2962260468761
17.062067964071975,1.5,302.1535109289072,299.001500312319,298.29632141828375
17.06569356287437,1.5,302.15375458047043,299.00171325653315,298.2964168156096
17.069319161676763,1.5,302.1539982266105,299.0019261767855,298.2965122388422
17.072944760479157,1.5,302.1542418673223,299.00213907309166,298.2966076879704
17.07657035928155,1.5,302.1544855026005,299.00235194546667,298.2967031629829
17.080195958083944,1.5,302.1547291324398,299.0025647939259,298.29679866386857
17.08382155688634,1.5,302.1549727568351,299.0027776184846,298.2968941906161
17.087447155688732,1.5,302.15521637578104,299.00299041915787,298.2969897432143
17.091072754491126,1.5,302.15545998927246,299.00320319596113,298.2970853216519
17.09469835329352,1.5,302.155703597304,299.0034159489095,298.29718092591753
17.098323952095914,1.5,302.1559471998705,299.0036286780181,298.2972765560001
17.101949550898308,1.5,302.1561907969668,299.0038413833023,298.29737221188844
17.1055751497007,1.5,302.15643438858746,299.00405406477716,298.2974678935711
17.109200748503095,1.5,302.15667797472736,299.0042667224579,298.2975636010371
17.11282634730549,1.5,302.1569215553811,299.0044793563595,298.29765933427507
17.116451946107883,1.5,302.1571651305435,299.00469196649743,298.29775509327374
17.120077544910277,1.5,302.1574087002093,299.00490455288656,298.29785087802196
17.12370314371267,1.5,302.1576522643733,299.0051171155422,298.2979466885085
17.127328742515065,1.5,302.1578958230301,299.0053296544792,298.2980425247221
17.13095434131746,1.5,302.1581393761746,299.00554216971295,298.29813838665154
17.134579940119853,1.5,302.1583829238013,299.0057546612585,298.2982342742857
17.138205538922247,1.5,302.1586264659051,299.00596712913074,298.2983301876131
17.14183113772464,1.5,302.1588700024808,299.0061795733449,298.2984261266228
17.145456736527034,1.5,302.15911353352294,299.00639199391605,298.2985220913034
17.149082335329428,1.5,302.1593570590263,299.00660439085914,298.29861808164384
17.152707934131822,1.5,302.15960057898565,299.0068167641893,298.29871409763274
17.156333532934216,1.5,302.15984409339563,299.0070291139215,298.29881013925893
17.15995913173661,1.5,302.16008760225105,299.00724144007074,298.2989062065113
17.163584730539004,1.5,302.16033110554656,299.0074537426521,298.2990022993784
17.167210329341398,1.5,302.1605746032769,299.00766602168056,298.29909841784934
17.17083592814379,1.5,302.1608180954368,299.0078782771711,298.29919456191266
17.174461526946185,1.5,302.1610615820209,299.00809050913864,298.2992907315573
17.17808712574858,1.5,302.16130506302403,299.0083027175981,298.29938692677194
17.181712724550973,1.5,302.16154853844085,299.0085149025646,298.29948314754546
17.185338323353367,1.5,302.16179200826593,299.008727064053,298.2995793938666
17.18896392215576,1.5,302.16203547249415,299.00893920207824,298.29967566572424
17.192589520958155,1.5,302.1622789311202,299.00915131665516,298.2997719631071
17.19621511976055,1.5,302.1625223841387,299.0093634077988,298.29986828600397
17.199840718562942,1.5,302.1627658315444,299.009575475524,298.29996463440364
17.203466317365336,1.5,302.163009273332,299.00978751984564,298.300061008295
17.20709191616773,1.5,302.16325270949613,299.00999954077855,298.3001574076668
17.210717514970124,1.5,302.1634961400316,299.01021153833767,298.3002538325079
17.214343113772518,1.5,302.16373956493305,299.01042351253784,298.300350282807
17.217968712574912,1.5,302.1639829841952,299.0106354633939,298.30044675855305
17.221594311377306,1.5,302.1642263978127,299.01084739092073,298.3005432597347
17.2252199101797,1.5,302.1644698057802,299.011059295133,298.3006397863408
17.228845508982094,1.5,302.16471320809245,299.01127117604574,298.30073633836025
17.232471107784487,1.5,302.16495660474425,299.0114830336735,298.3008329157818
17.23609670658688,1.5,302.16519999573006,299.01169486803127,298.3009295185944
17.239722305389275,1.5,302.1654433810447,299.0119066791338,298.3010261467867
17.24334790419167,1.5,302.1656867606829,299.01211846699584,298.30112280034746
17.246973502994063,1.5,302.16593013463927,299.0123302316321,298.30121947926574
17.250599101796457,1.5,302.16617350290846,299.0125419730574,298.3013161835302
17.25422470059885,1.5,302.16641686548525,299.01275369128643,298.3014129131297
17.257850299401245,1.5,302.1666602223642,299.012965386334,298.3015096680531
17.26147589820364,1.5,302.16690357354014,299.0131770582147,298.30160644828914
17.265101497006032,1.5,302.1671469190076,299.0133887069433,298.3017032538268
17.268727095808426,1.5,302.16739025876143,299.0136003325345,298.30180008465476
17.27235269461082,1.5,302.16763359279616,299.013811935003,298.3018969407619
17.275978293413214,1.5,302.1678769211065,299.01402351436343,298.30199382213704
17.279603892215608,1.5,302.16812024368716,299.0142350706305,298.30209072876903
17.283229491018,1.5,302.1683635605328,299.0144466038188,298.3021876606468
17.286855089820396,1.5,302.1686068716381,299.014658113943,298.302284617759
17.29048068862279,1.5,302.1688501769977,299.01486960101784,298.30238160009463
17.294106287425183,1.5,302.16909347660624,299.0150810650578,298.3024786076425
17.297731886227577,1.5,302.16933677045853,299.01529250607746,298.3025756403914
17.30135748502997,1.5,302.16958005854906,299.0155039240916,298.3026726983302
17.304983083832365,1.5,302.1698233408727,299.0157153191147,298.3027697814477
17.30860868263476,1.5,302.17006661742397,299.0159266911613,298.30286688973285
17.312234281437153,1.5,302.1703098881976,299.01613804024606,298.30296402317447
17.315859880239547,1.5,302.1705531531882,299.01634936638345,298.3030611817614
17.31948547904194,1.5,302.1707964123905,299.0165606695881,298.3031583654825
17.323111077844334,1.5,302.1710396657991,299.0167719498745,298.30325557432656
17.32673667664673,1.5,302.1712829134088,299.01698320725717,298.3033528082825
17.330362275449122,1.5,302.1715261552141,299.01719444175063,298.3034500673392
17.333987874251516,1.5,302.17176939120975,299.0174056533694,298.3035473514855
17.33761347305391,1.5,302.17201262139037,299.01761684212795,298.30364466071023
17.341239071856304,1.5,302.17225584575067,299.0178280080408,298.3037419950023
17.344864670658698,1.5,302.1724990642854,299.01803915112237,298.3038393543506
17.34849026946109,1.5,302.17274227698897,299.0182502713872,298.3039367387439
17.352115868263486,1.5,302.1729854838563,299.0184613688497,298.3040341481712
17.35574146706588,1.5,302.17322868488185,299.01867244352434,298.30413158262115
17.359367065868273,1.5,302.1734718800604,299.0188834954255,298.30422904208285
17.362992664670667,1.5,302.17371506938656,299.0190945245676,298.3043265265451
17.36661826347306,1.5,302.1739582528551,299.019305530965,298.30442403599676
17.370243862275455,1.5,302.17420143046047,299.01951651463224,298.30452157042674
17.37386946107785,1.5,302.17444460219747,299.01972747558364,298.30461912982383
17.377495059880243,1.5,302.1746877680608,299.01993841383364,298.30471671417706
17.381120658682637,1.5,302.174930928045,299.02014932939653,298.30481432347517
17.38474625748503,1.5,302.17517408214485,299.0203602222867,298.3049119577072
17.388371856287424,1.5,302.1754172303549,299.0205710925184,298.3050096168619
17.391997455089818,1.5,302.1756603726698,299.02078194010613,298.3051073009282
17.395623053892212,1.5,302.1759035090843,299.0209927650642,298.3052050098951
17.399248652694606,1.5,302.17614663959307,299.02120356740676,298.3053027437513
17.402874251497,1.5,302.17638976419056,299.02141434714827,298.30540050248584
17.406499850299394,1.5,302.1766328828717,299.021625104303,298.3054982860875
17.410125449101788,1.5,302.1768759956309,299.0218358388852,298.3055960945453
17.41375104790418,1.5,302.177119102463,299.0220465509092,298.30569392784815
17.417376646706575,1.5,302.17736220336263,299.02225724038914,298.3057917859848
17.42100224550897,1.5,302.17760529832435,299.0224679073394,298.30588966894436
17.424627844311363,1.5,302.17784838734286,299.02267855177416,298.30598757671555
17.428253443113757,1.5,302.17809147041294,299.02288917370765,298.3060855092874
17.43187904191615,1.5,302.178334547529,299.0230997731541,298.3061834666488
17.435504640718545,1.5,302.1785776186859,299.0233103501279,298.3062814487886
17.43913023952094,1.5,302.1788206838782,299.02352090464296,298.3063794556958
17.442755838323333,1.5,302.1790637431005,299.0237314367136,298.30647748735925
17.446381437125726,1.5,302.17930679634765,299.02394194635406,298.30657554376785
17.45000703592812,1.5,302.1795498436141,299.0241524335784,298.30667362491056
17.453632634730514,1.5,302.17979288489465,299.02436289840097,298.30677173077635
17.457258233532908,1.5,302.1800359201839,299.0245733408357,298.3068698613541
17.460883832335302,1.5,302.1802789494765,299.02478376089675,298.3069680166327
17.464509431137696,1.5,302.180521972767,299.02499415859836,298.30706619660117
17.46813502994009,1.5,302.18076499005025,299.0252045339547,298.30716440124843
17.471760628742484,1.5,302.1810080013208,299.02541488697966,298.3072626305634
17.475386227544877,1.5,302.18125100657335,299.02562521768755,298.3073608845349
17.47901182634727,1.5,302.1814940058025,299.02583552609235,298.307459163152
17.482637425149665,1.5,302.18173699900296,299.02604581220817,298.3075574664035
17.48626302395206,1.5,302.1819799861693,299.02625607604904,298.30765579427856
17.489888622754453,1.5,302.18222296729635,299.02646631762906,298.30775414676594
17.493514221556847,1.5,302.18246594237854,299.02667653696227,298.30785252385465
17.49713982035924,1.5,302.1827089114107,299.0268867340627,298.3079509255337
17.500765419161635,1.5,302.1829518743874,299.02709690894443,298.3080493517919
17.50439101796403,1.5,302.1831948313033,299.02730706162134,298.30814780261835
17.508016616766422,1.5,302.18343778215313,299.02751719210755,298.3082462780019
17.511642215568816,1.5,302.18368072693147,299.02772730041704,298.3083447779315
17.51526781437121,1.5,302.183923665633,299.0279373865638,298.30844330239614
17.518893413173604,1.5,302.18416659825243,299.02814745056173,298.3085418513848
17.522519011975998,1.5,302.18440952478437,299.0283574924249,298.3086404248865
17.526144610778392,1.5,302.18465244522343,299.0285675121672,298.30873902289005
17.529770209580786,1.5,302.1848953595644,299.0287775098026,298.3088376453846
17.53339580838318,1.5,302.18513826780185,299.02898748534506,298.3089362923589
17.537021407185573,1.5,302.1853811699304,299.0291974388084,298.3090349638021
17.540647005987967,1.5,302.18562406594475,299.0294073702067,298.3091336597031
17.54427260479036,1.5,302.1858669558397,299.02961727955375,298.30923238005084
17.547898203592755,1.5,302.1861098396096,299.0298271668634,298.3093311248344
17.55152380239515,1.5,302.18635271724946,299.03003703214966,298.30942989404264
17.555149401197543,1.5,302.18659558875373,299.0302468754263,298.3095286876647
17.558774999999937,1.5,302.1868384541171,299.03045669670723,298.3096275056894
17.56240059880233,1.5,302.18708131333426,299.03066649600635,298.3097263481058
17.566026197604725,1.5,302.18732416639995,299.0308762733374,298.3098252149029
17.56965179640712,1.5,302.18756701330875,299.0310860287143,298.3099241060697
17.573277395209512,1.5,302.1878098540553,299.0312957621508,298.31002302159516
17.576902994011906,1.5,302.1880526886343,299.03150547366084,298.31012196146827
17.5805285928143,1.5,302.18829551704033,299.03171516325807,298.31022092567804
17.584154191616694,1.5,302.1885383392683,299.03192483095637,298.31031991421344
17.587779790419088,1.5,302.1887811553126,299.0321344767695,298.31041892706355
17.59140538922148,1.5,302.189023965168,299.0323441007112,298.31051796421735
17.595030988023876,1.5,302.1892667688293,299.0325537027953,298.31061702566376
17.59865658682627,1.5,302.18950956629106,299.03276328303554,298.3107161113919
17.602282185628663,1.5,302.1897523575479,299.0329728414456,298.3108152213907
17.605907784431057,1.5,302.18999514259457,299.03318237803927,298.3109143556493
17.60953338323345,1.5,302.19023792142565,299.03339189283025,298.3110135141565
17.613158982035845,1.5,302.19048069403595,299.0336013858323,298.31111269690155
17.61678458083824,1.5,302.1907234604201,299.033810857059,298.3112119038733
17.620410179640633,1.5,302.19096622057265,299.03402030652416,298.31131113506086
17.624035778443027,1.5,302.1912089744884,299.03422973424136,298.3114103904532
17.62766137724542,1.5,302.191451722162,299.0344391402244,298.31150967003936
17.631286976047814,1.5,302.1916944635882,299.03464852448684,298.31160897380846
17.63491257485021,1.5,302.19193719876154,299.0348578870424,298.3117083017494
17.638538173652602,1.5,302.1921799276768,299.0350672279046,298.3118076538512
17.642163772454996,1.5,302.19242265032864,299.0352765470872,298.3119070301031
17.64578937125739,1.5,302.1926653667117,299.0354858446038,298.3120064304939
17.649414970059784,1.5,302.1929080768207,299.035695120468,298.3121058550128
17.653040568862178,1.5,302.1931507806502,299.0359043746934,298.3122053036488
17.65666616766457,1.5,302.1933934781951,299.03611360729354,298.31230477639093
17.660291766466965,1.5,302.1936361694499,299.03632281828203,298.31240427322825
17.66391736526936,1.5,302.19387885440943,299.0365320076725,298.3125037941498
17.667542964071753,1.5,302.19412153306826,299.03674117547854,298.31260333914463
17.671168562874147,1.5,302.19436420542115,299.03695032171356,298.3127029082018
17.67479416167654,1.5,302.1946068714628,299.0371594463911,298.3128025013104
17.678419760478935,1.5,302.19484953118774,299.03736854952484,298.3129021184594
17.68204535928133,1.5,302.1950921845909,299.0375776311283,298.313001759638
17.685670958083723,1.5,302.1953348316668,299.0377866912148,298.31310142483517
17.689296556886116,1.5,302.1955774724102,299.03799572979796,298.31320111403994
17.69292215568851,1.5,302.1958201068158,299.0382047468913,298.3133008272415
17.696547754490904,1.5,302.19606273487824,299.0384137425083,298.31340056442883
17.700173353293298,1.5,302.19630535659223,299.03862271666236,298.31350032559106
17.703798952095692,1.5,302.19654797195255,299.038831669367,298.31360011071723
17.707424550898086,1.5,302.1967905809538,299.0390406006357,298.3136999197964
17.71105014970048,1.5,302.1970331835907,299.0392495104818,298.3137997528177
17.714675748502874,1.5,302.197275779858,299.03945839891884,298.3138996097702
17.718301347305268,1.5,302.1975183697503,299.03966726596013,298.313999490643
17.72192694610766,1.5,302.1977609532624,299.0398761116192,298.3140993954252
17.725552544910055,1.5,302.198003530389,299.04008493590936,298.3141993241058
17.72917814371245,1.5,302.19824610112465,299.04029373884407,298.31429927667403
17.732803742514843,1.5,302.19848866546437,299.0405025204367,298.3143992531189
17.736429341317237,1.5,302.19873122340255,299.0407112807006,298.3144992534295
17.74005494011963,1.5,302.1989737749341,299.04092001964915,298.31459927759494
17.743680538922025,1.5,302.19921632005367,299.0411287372957,298.31469932560435
17.74730613772442,1.5,302.199458858756,299.04133743365355,298.31479939744696
17.750931736526812,1.5,302.1997013910356,299.04154610873616,298.31489949311157
17.754557335329206,1.5,302.19994391688743,299.0417547625567,298.31499961258754
17.7581829341316,1.5,302.2001864363061,299.0419633951286,298.31509975586397
17.761808532933994,1.5,302.2004289492864,299.0421720064651,298.3151999229299
17.765434131736388,1.5,302.200671455823,299.04238059657945,298.31530011377447
17.769059730538782,1.5,302.20091395591055,299.0425891654851,298.3154003283868
17.772685329341176,1.5,302.2011564495439,299.04279771319506,298.315500566756
17.77631092814357,1.5,302.2013989367177,299.04300623972296,298.31560082887125
17.779936526945963,1.5,302.2016414174267,299.0432147450817,298.31570111472166
17.783562125748357,1.5,302.20188389166555,299.04342322928477,298.3158014242963
17.78718772455075,1.5,302.2021263594291,299.0436316923453,298.3159017575844
17.790813323353145,1.5,302.202368820712,299.0438401342764,298.31600211457504
17.79443892215554,1.5,302.20261127550896,299.04404855509154,298.3161024952573
17.798064520957933,1.5,302.20285372381477,299.04425695480387,298.3162028996206
17.801690119760327,1.5,302.20309616562406,299.0444653334264,298.3163033276537
17.80531571856272,1.5,302.2033386009317,299.04467369097245,298.31640377934605
17.808941317365115,1.5,302.2035810297324,299.0448820274551,298.3165042546866
17.81256691616751,1.5,302.2038234520208,299.04509034288776,298.3166047536646
17.816192514969902,1.5,302.20406586779177,299.0452986372834,298.3167052762692
17.819818113772296,1.5,302.2043082770399,299.04550691065515,298.3168058224896
17.82344371257469,1.5,302.20455067976,299.04571516301627,298.3169063923148
17.827069311377084,1.5,302.2047930759469,299.0459233943797,298.3170069857341
17.830694910179478,1.5,302.2050354655952,299.04613160475884,298.31710760273677
17.83432050898187,1.5,302.2052778486998,299.0463397941665,298.3172082433117
17.837946107784266,1.5,302.20552022525527,299.046547962616,298.3173089074483
17.84157170658666,1.5,302.2057625952565,299.04675611012027,298.31740959513564
17.845197305389053,1.5,302.2060049586982,299.0469642366925,298.3175103063629
17.848822904191447,1.5,302.20624731557507,299.04717234234573,298.31761104111933
17.85244850299384,1.5,302.2064896658819,299.047380427093,298.317711799394
17.856074101796235,1.5,302.2067320096136,299.04758849094736,298.3178125811761
17.85969970059863,1.5,302.2069743467646,299.0477965339219,298.31791338645496
17.863325299401023,1.5,302.20721667732994,299.0480045560296,298.3180142152196
17.866950898203417,1.5,302.20745900130424,299.04821255728353,298.31811506745936
17.87057649700581,1.5,302.20770131868227,299.04842053769664,298.3182159431634
17.874202095808204,1.5,302.20794362945895,299.048628497282,298.3183168423209
17.8778276946106,1.5,302.20818593362884,299.0488364360525,298.3184177649209
17.881453293412992,1.5,302.2084282311868,299.04904435402125,298.31851871095284
17.885078892215386,1.5,302.2086705221276,299.04925225120127,298.31861968040585
17.88870449101778,1.5,302.208912806446,299.0494601276053,298.31872067326907
17.892330089820174,1.5,302.2091550841368,299.0496679832464,298.31882168953183
17.895955688622568,1.5,302.2093973551947,299.04987581813765,298.3189227291833
17.89958128742496,1.5,302.2096396196146,299.05008363229183,298.31902379221265
17.903206886227355,1.5,302.2098818773912,299.0502914257219,298.31912487860916
17.90683248502975,1.5,302.2101241285192,299.05049919844083,298.319225988362
17.910458083832143,1.5,302.2103663729936,299.05070695046146,298.3193271214604
17.914083682634537,1.5,302.21060861080895,299.0509146817967,298.3194282778937
17.91770928143693,1.5,302.2108508419602,299.0511223924595,298.31952945765096
17.921334880239325,1.5,302.21109306644206,299.05133008246264,298.31963066072154
17.92496047904172,1.5,302.2113352842493,299.05153775181907,298.3197318870946
17.928586077844113,1.5,302.2115774953768,299.0517454005416,298.3198331367594
17.932211676646507,1.5,302.2118196998193,299.05195302864314,298.31993440970524
17.9358372754489,1.5,302.2120618975716,299.0521606361365,298.3200357059213
17.939462874251294,1.5,302.2123040886284,299.0523682230344,298.3201370253969
17.943088473053688,1.5,302.2125462729847,299.0525757893499,298.32023836812124
17.946714071856082,1.5,302.2127884506352,299.05278333509557,298.3203397340835
17.950339670658476,1.5,302.21303062157466,299.05299086028435,298.32044112327304
17.95396526946087,1.5,302.213272785798,299.0531983649291,298.32054253567907
17.957590868263264,1.5,302.21351494329986,299.05340584904235,298.32064397129096
17.961216467065658,1.5,302.21375709407516,299.0536133126371,298.3207454300978
17.96484206586805,1.5,302.21399923811873,299.05382075572606,298.32084691208905
17.968467664670445,1.5,302.2142413754253,299.0540281783219,298.32094841725376
17.97209326347284,1.5,302.21448350598973,299.05423558043753,298.32104994558136
17.975718862275233,1.5,302.2147256298069,299.0544429620856,298.3211514970611
17.979344461077627,1.5,302.2149677468715,299.0546503232788,298.32125307168224
17.98297005988002,1.5,302.21520985717837,299.0548576640299,298.321354669434
17.986595658682415,1.5,302.2154519607224,299.05506498435153,298.32145629030583
17.99022125748481,1.5,302.2156940574984,299.0552722842565,298.3215579342869
17.993846856287202,1.5,302.2159361475013,299.0554795637575,298.32165960136655
17.997472455089596,1.5,302.21617823072575,299.055686822867,298.32176129153396
18.00109805389199,1.5,302.21642030716663,299.055894061598,298.32186300477855
18.004723652694384,1.5,302.2166623768188,299.05610127996283,298.3219647410896
18.008349251496778,1.5,302.2169044396771,299.0563084779744,298.32206650045634
18.011974850299172,1.5,302.2171464957363,299.0565156556453,298.3221682828681
18.015600449101566,1.5,302.21738854499137,299.05672281298797,298.3222700883143
18.01922604790396,1.5,302.2176305874371,299.05692995001533,298.32237191678416
18.022851646706354,1.5,302.2178726230683,299.0571370667397,298.322473768267
18.026477245508747,1.5,302.2181146518798,299.0573441631739,298.3225756427521
18.03010284431114,1.5,302.2183566738665,299.0575512393305,298.3226775402288
18.033728443113535,1.5,302.2185986890232,299.0577582952221,298.3227794606865
18.03735404191593,1.5,302.2188406973448,299.05796533086107,298.3228814041144
18.040979640718323,1.5,302.2190826988262,299.05817234626016,298.3229833705019
18.044605239520717,1.5,302.21932469346217,299.05837934143193,298.32308535983833
18.04823083832311,1.5,302.21956668124756,299.0585863163889,298.323187372113
18.051856437125505,1.5,302.2198086621773,299.05879327114366,298.3232894073154
18.0554820359279,1.5,302.2200506362461,299.0590002057086,298.3233914654346
18.059107634730292,1.5,302.2202926034491,299.0592071200964,298.32349354646004
18.062733233532686,1.5,302.220534563781,299.0594140143195,298.3235956503812
18.06635883233508,1.5,302.22077651723663,299.0596208883903,298.32369777718725
18.069984431137474,1.5,302.22101846381094,299.0598277423215,298.3237999268677
18.073610029939868,1.5,302.2212604034988,299.0600345761255,298.32390209941184
18.07723562874226,1.5,302.22150233629503,299.0602413898146,298.32400429480896
18.080861227544656,1.5,302.2217442621946,299.0604481834016,298.3241065130485
18.08448682634705,1.5,302.2219861811923,299.06065495689865,298.32420875411975
18.088112425149443,1.5,302.2222280932831,299.06086171031836,298.32431101801217
18.091738023951837,1.5,302.2224699984618,299.06106844367315,298.3244133047151
18.09536362275423,1.5,302.2227118967234,299.06127515697546,298.3245156142179
18.098989221556625,1.5,302.2229537880627,299.0614818502376,298.32461794650993
18.10261482035902,1.5,302.2231956724746,299.0616885234721,298.3247203015805
18.106240419161413,1.5,302.22343754995404,299.0618951766914,298.3248226794192
18.109866017963807,1.5,302.2236794204959,299.0621018099077,298.3249250800152
18.1134916167662,1.5,302.22392128409507,299.0623084231335,298.325027503358
18.117117215568594,1.5,302.22416314074644,299.06251501638127,298.325129949437
18.12074281437099,1.5,302.22440499044495,299.06272158966317,298.32523241824157
18.124368413173382,1.5,302.2246468331855,299.0629281429917,298.325334909761
18.127994011975776,1.5,302.224888668963,299.06313467637915,298.32543742398485
18.13161961077817,1.5,302.2251304977724,299.06334118983796,298.32553996090246
18.135245209580564,1.5,302.2253723196085,299.0635476833803,298.32564252050327
18.138870808382958,1.5,302.2256141344663,299.06375415701854,298.32574510277664
18.14249640718535,1.5,302.2258559423408,299.06396061076504,298.32584770771194
18.146122005987745,1.5,302.22609774322666,299.06416704463203,298.32595033529867
18.14974760479014,1.5,302.2263395371191,299.06437345863185,298.32605298552625
18.153373203592533,1.5,302.2265813240129,299.06457985277683,298.326155658384
18.156998802394927,1.5,302.22682310390303,299.0647862270791,298.3262583538615
18.16062440119732,1.5,302.2270648767844,299.06499258155105,298.32636107194804
18.164249999999715,1.5,302.22730664265197,299.0651989162049,298.3264638126331
18.16787559880211,1.5,302.22754840150066,299.0654052310529,298.3265665759061
18.171501197604503,1.5,302.22779015332543,299.0656115261072,298.3266693617565
18.175126796406897,1.5,302.2280318981212,299.0658178013802,298.3267721701738
18.17875239520929,1.5,302.22827363588283,299.066024056884,298.3268750011473
18.182377994011684,1.5,302.2285153666055,299.0662302926308,298.32697785466655
18.186003592814078,1.5,302.2287570902839,299.0664365086328,298.3270807307209
18.189629191616472,1.5,302.2289988069132,299.06664270490234,298.32718362929995
18.193254790418866,1.5,302.2292405164882,299.0668488814514,298.327286550393
18.19688038922126,1.5,302.2294822190039,299.06705503829215,298.32738949398964
18.200505988023654,1.5,302.2297239144553,299.06726117543695,298.3274924600792
18.204131586826048,1.5,302.22996560283735,299.06746729289785,298.3275954486513
18.20775718562844,1.5,302.23020728414497,299.06767339068693,298.32769845969534
18.211382784430835,1.5,302.2304489583732,299.06787946881644,298.32780149320075
18.21500838323323,1.5,302.23069062551696,299.06808552729836,298.3279045491569
18.218633982035623,1.5,302.2309322855712,299.068291566145,298.3280076275536
18.222259580838017,1.5,302.2311739385311,299.06849758536833,298.32811072837995
18.22588517964041,1.5,302.2314155843913,299.0687035849805,298.32821385162566
18.229510778442805,1.5,302.231657223147,299.0689095649936,298.3283169972802
18.2331363772452,1.5,302.23189885479314,299.06911552541965,298.328420165333
18.236761976047593,1.5,302.2321404793247,299.0693214662708,298.32852335577354
18.240387574849986,1.5,302.23238209673667,299.06952738755916,298.3286265685914
18.24401317365238,1.5,302.232623707024,299.06973328929666,298.328729803776
18.247638772454774,1.5,302.2328653101818,299.0699391714954,298.32883306131686
18.251264371257168,1.5,302.233106906205,299.07014503416747,298.3289363412035
18.254889970059562,1.5,302.23334849508853,299.07035087732487,298.32903964342546
18.258515568861956,1.5,302.2335900768275,299.0705567009796,298.3291429679722
18.26214116766435,1.5,302.2338316514169,299.0707625051436,298.32924631483314
18.265766766466744,1.5,302.2340732188517,299.07096828982895,298.329349683998
18.269392365269137,1.5,302.2343147791269,299.0711740550477,298.32945307545623
18.27301796407153,1.5,302.2345563322376,299.07137980081177,298.3295564891972
18.276643562873925,1.5,302.2347978781787,299.07158552713315,298.3296599252107
18.28026916167632,1.5,302.23503941694537,299.07179123402375,298.32976338348607
18.283894760478713,1.5,302.2352809485324,299.0719969214956,298.3298668640129
18.287520359281107,1.5,302.23552247293503,299.0722025895606,298.32997036678074
18.2911459580835,1.5,302.2357639901482,299.07240823823076,298.33007389177914
18.294771556885895,1.5,302.236005500167,299.072613867518,298.3301774389975
18.29839715568829,1.5,302.2362470029864,299.07281947743405,298.3302810084256
18.302022754490682,1.5,302.2364884986014,299.0730250679911,298.3303846000528
18.305648353293076,1.5,302.2367299870071,299.0732306392009,298.33048821386876
18.30927395209547,1.5,302.2369714681985,299.07343619107536,298.33059184986297
18.312899550897864,1.5,302.23721294217063,299.0736417236264,298.3306955080251
18.316525149700258,1.5,302.2374544089187,299.07384723686584,298.33079918834454
18.320150748502652,1.5,302.2376958684376,299.0740527308056,298.330902890811
18.323776347305046,1.5,302.2379373207224,299.07425820545757,298.33100661541397
18.32740194610744,1.5,302.2381787657681,299.07446366083354,298.3311103621431
18.331027544909833,1.5,302.2384202035699,299.0746690969454,298.3312141309879
18.334653143712227,1.5,302.2386616341228,299.0748745138049,298.3313179219379
18.33827874251462,1.5,302.2389030574219,299.075079911424,298.3314217349828
18.341904341317015,1.5,302.2391444734622,299.07528528981436,298.33152557011215
18.34552994011941,1.5,302.2393858822388,299.07549064898785,298.33162942731553
18.349155538921803,1.5,302.23962728374676,299.07569598895634,298.3317333065824
18.352781137724197,1.5,302.2398686779811,299.07590130973153,298.33183720790254
18.35640673652659,1.5,302.240110064937,299.0761066113253,298.33194113126547
18.360032335328984,1.5,302.2403514446096,299.0763118937493,298.3320450766608
18.36365793413138,1.5,302.2405928169938,299.0765171570153,298.33214904407816
18.367283532933772,1.5,302.24083418208477,299.07672240113516,298.33225303350713
18.370909131736166,1.5,302.24107553987756,299.07692762612055,298.3323570449373
18.37453473053856,1.5,302.2413168903674,299.0771328319832,298.33246107835834
18.378160329340954,1.5,302.2415582335492,299.0773380187349,298.3325651337598
18.381785928143348,1.5,302.24179956941816,299.07754318638735,298.33266921113136
18.38541152694574,1.5,302.24204089796945,299.0777483349522,298.3327733104626
18.389037125748136,1.5,302.24228221919805,299.0779534644412,298.33287743174316
18.39266272455053,1.5,302.2425235330991,299.07815857486605,298.33298157496273
18.396288323352923,1.5,302.2427648396677,299.07836366623843,298.33308574011085
18.399913922155317,1.5,302.243006138899,299.07856873856997,298.3331899271772
18.40353952095771,1.5,302.24324743078813,299.07877379187244,298.33329413615144
18.407165119760105,1.5,302.2434887153301,299.07897882615737,298.33339836702316
18.4107907185625,1.5,302.2437299925202,299.0791838414365,298.333502619782
18.414416317364893,1.5,302.2439712623534,299.0793888377214,298.33360689441776
18.418041916167287,1.5,302.2442125248249,299.0795938150238,298.3337111909199
18.42166751496968,1.5,302.2444537799298,299.0797987733552,298.33381550927817
18.425293113772074,1.5,302.24469502766334,299.0800037127274,298.33391984948224
18.42891871257447,1.5,302.2449362680206,299.08020863315176,298.3340242115218
18.432544311376862,1.5,302.2451775009966,299.0804135346401,298.33412859538646
18.436169910179256,1.5,302.24541872658665,299.0806184172039,298.33423300106585
18.43979550898165,1.5,302.2456599447858,299.0808232808547,298.3343374285497
18.443421107784044,1.5,302.2459011555892,299.0810281256042,298.33444187782766
18.447046706586438,1.5,302.246142358992,299.08123295146385,298.3345463488895
18.45067230538883,1.5,302.2463835549895,299.0814377584453,298.3346508417248
18.454297904191225,1.5,302.2466247435766,299.08164254656,298.3347553563233
18.45792350299362,1.5,302.24686592474865,299.0818473158195,298.3348598926746
18.461549101796013,1.5,302.24710709850075,299.0820520662354,298.33496445076855
18.465174700598407,1.5,302.2473482648282,299.0822567978192,298.33506903059475
18.4688002994008,1.5,302.2475894237259,299.0824615105824,298.33517363214287
18.472425898203195,1.5,302.24783057518925,299.08266620453645,298.33527825540267
18.47605149700559,1.5,302.24807171921327,299.0828708796929,298.3353829003638
18.479677095807983,1.5,302.2483128557933,299.08307553606323,298.33548756701606
18.483302694610376,1.5,302.2485539849244,299.0832801736589,298.33559225534907
18.48692829341277,1.5,302.2487951066018,299.0834847924914,298.33569696535267
18.490553892215164,1.5,302.2490362208207,299.0836893925722,298.3358016970165
18.494179491017558,1.5,302.24927732757624,299.08389397391267,298.33590645033024
18.497805089819952,1.5,302.24951842686374,299.0840985365243,298.3360112252837
18.501430688622346,1.5,302.2497595186782,299.08430308041864,298.33611602186653
18.50505628742474,1.5,302.25000060301505,299.084507605607,298.3362208400685
18.508681886227134,1.5,302.2502416798693,299.08471211210076,298.33632567987945
18.512307485029527,1.5,302.25048274923626,299.0849165999115,298.33643054128896
18.51593308383192,1.5,302.250723811111,299.0851210690504,298.33653542428686
18.519558682634315,1.5,302.250964865489,299.0853255195289,298.33664032886287
18.52318428143671,1.5,302.2512059123652,299.08552995135864,298.3367452550068
18.526809880239103,1.5,302.25144695173503,299.0857343645506,298.33685020270826
18.530435479041497,1.5,302.25168798359357,299.0859387591164,298.33695517195713
18.53406107784389,1.5,302.25192900793616,299.0861431350673,298.3370601627432
18.537686676646285,1.5,302.2521700247579,299.0863474924148,298.33716517505616
18.54131227544868,1.5,302.25241103405415,299.08655183117,298.33727020888574
18.544937874251072,1.5,302.25265203582006,299.08675615134445,298.3373752642218
18.548563473053466,1.5,302.2528930300509,299.0869604529493,298.3374803410541
18.55218907185586,1.5,302.2531340167419,299.08716473599605,298.3375854393724
18.555814670658254,1.5,302.25337499588835,299.08736900049587,298.33769055916645
18.559440269460648,1.5,302.2536159674855,299.08757324646007,298.337795700426
18.563065868263042,1.5,302.25385693152845,299.08777747389996,298.33790086314093
18.566691467065436,1.5,302.25409788801267,299.08798168282686,298.33800604730106
18.57031706586783,1.5,302.25433883693324,299.08818587325203,298.3381112528961
18.573942664670223,1.5,302.2545797782855,299.0883900451867,298.3382164799159
18.577568263472617,1.5,302.25482071206477,299.0885941986421,298.33832172835025
18.58119386227501,1.5,302.25506163826617,299.08879833362954,298.33842699818894
18.584819461077405,1.5,302.2553025568851,299.08900245016025,298.3385322894218
18.5884450598798,1.5,302.2555434679168,299.0892065482455,298.33863760203855
18.592070658682193,1.5,302.2557843713566,299.0894106278964,298.3387429360291
18.595696257484587,1.5,302.2560252671996,299.0896146891243,298.3388482913833
18.59932185628698,1.5,302.2562661554413,299.0898187319403,298.3389536680909
18.602947455089375,1.5,302.25650703607687,299.0900227563556,298.3390590661418
18.60657305389177,1.5,302.2567479091016,299.09022676238146,298.33916448552566
18.610198652694162,1.5,302.2569887745108,299.090430750029,298.33926992623253
18.613824251496556,1.5,302.2572296322997,299.0906347193095,298.33937538825205
18.61744985029895,1.5,302.25747048246376,299.09083867023395,298.33948087157427
18.621075449101344,1.5,302.2577113249982,299.0910426028137,298.3395863761889
18.624701047903738,1.5,302.2579521598983,299.09124651705974,298.33969190208586
18.62832664670613,1.5,302.25819298715936,299.0914504129833,298.33979744925483
18.631952245508526,1.5,302.2584338067768,299.09165429059544,298.33990301768586
18.63557784431092,1.5,302.2586746187457,299.0918581499073,298.3400086073687
18.639203443113313,1.5,302.25891542306164,299.09206199093006,298.3401142182932
18.642829041915707,1.5,302.2591562197198,299.09226581367477,298.34021985044933
18.6464546407181,1.5,302.25939700871555,299.09246961815256,298.3403255038268
18.650080239520495,1.5,302.2596377900442,299.0926734043745,298.34043117841566
18.65370583832289,1.5,302.2598785637012,299.0928771723517,298.3405368742057
18.657331437125283,1.5,302.26011932968163,299.09308092209517,298.34064259118674
18.660957035927677,1.5,302.26036008798104,299.093284653616,298.34074832934874
18.66458263473007,1.5,302.2606008385947,299.09348836692527,298.3408540886816
18.668208233532464,1.5,302.26084158151804,299.09369206203405,298.34095986917515
18.67183383233486,1.5,302.2610823167463,299.0938957389533,298.3410656708193
18.675459431137252,1.5,302.26132304427483,299.09409939769415,298.34117149360395
18.679085029939646,1.5,302.26156376409904,299.0943030382675,298.341277337519
18.68271062874204,1.5,302.26180447621425,299.0945066606845,298.3413832025543
18.686336227544434,1.5,302.2620451806158,299.09471026495606,298.34148908869986
18.689961826346828,1.5,302.26228587729923,299.0949138510933,298.3415949959455
18.69358742514922,1.5,302.2625265662597,299.09511741910705,298.34170092428127
18.697213023951615,1.5,302.26276724749266,299.09532096900836,298.34180687369695
18.70083862275401,1.5,302.26300792099346,299.0955245008082,298.34191284418245
18.704464221556403,1.5,302.2632485867575,299.09572801451765,298.3420188357277
18.708089820358797,1.5,302.26348924478026,299.0959315101474,298.34212484832267
18.71171541916119,1.5,302.26372989505694,299.09613498770875,298.34223088195733
18.715341017963585,1.5,302.263970537583,299.09633844721236,298.34233693662156
18.71896661676598,1.5,302.26421117235395,299.0965418886693,298.34244301230535
18.722592215568373,1.5,302.264451799365,299.09674531209043,298.3425491089986
18.726217814370766,1.5,302.26469241861173,299.0969487174867,298.3426552266912
18.72984341317316,1.5,302.26493303008937,299.09715210486905,298.3427613653732
18.733469011975554,1.5,302.26517363379344,299.0973554742482,298.3428675250345
18.737094610777948,1.5,302.2654142297193,299.09755882563536,298.34297370566503
18.740720209580342,1.5,302.2656548178624,299.09776215904117,298.3430799072547
18.744345808382736,1.5,302.2658953982181,299.0979654744766,298.34318612979365
18.74797140718513,1.5,302.2661359707819,299.0981687719525,298.34329237327177
18.751597005987524,1.5,302.2663765355491,299.09837205147966,298.34339863767894
18.755222604789918,1.5,302.2666170925153,299.09857531306903,298.3435049230053
18.75884820359231,1.5,302.26685764167576,299.0987785567315,298.34361122924065
18.762473802394705,1.5,302.26709818302595,299.0989817824777,298.343717556375
18.7660994011971,1.5,302.2673387165614,299.09918499031863,298.3438239043984
18.769724999999493,1.5,302.2675792422775,299.0993881802651,298.3439302733009
18.773350598801887,1.5,302.26781976016963,299.09959135232793,298.34403666307236
18.77697619760428,1.5,302.26806027023326,299.0997945065178,298.3441430737028
18.780601796406675,1.5,302.268300772464,299.09999764284566,298.34424950518223
18.78422739520907,1.5,302.268541266857,299.1002007613221,298.34435595750074
18.787852994011462,1.5,302.26878175340795,299.10040386195817,298.3444624306482
18.791478592813856,1.5,302.2690222321123,299.1006069447644,298.3445689246147
18.79510419161625,1.5,302.2692627029655,299.1008100097517,298.3446754393902
18.798729790418644,1.5,302.2695031659629,299.10101305693075,298.3447819749647
18.802355389221038,1.5,302.2697436211001,299.1012160863123,298.34488853132837
18.805980988023432,1.5,302.2699840683725,299.1014190979072,298.34499510847104
18.809606586825826,1.5,302.27022450777554,299.101622091726,298.3451017063828
18.81323218562822,1.5,302.27046493930476,299.10182506777954,298.3452083250538
18.816857784430614,1.5,302.2707053629557,299.1020280260785,298.34531496447397
18.820483383233007,1.5,302.2709457787238,299.1022309666336,298.3454216246333
18.8241089820354,1.5,302.2711861866045,299.10243388945554,298.34552830552195
18.827734580837795,1.5,302.27142658659335,299.102636794555,298.3456350071298
18.83136017964019,1.5,302.27166697868586,299.10283968194267,298.345741729447
18.834985778442583,1.5,302.27190736287747,299.10304255162924,298.3458484724637
18.838611377244977,1.5,302.2721477391637,299.1032454036253,298.3459552361698
18.84223697604737,1.5,302.27238810754017,299.1034482379416,298.34606202055534
18.845862574849765,1.5,302.2726284680022,299.1036510545888,298.3461688256105
18.84948817365216,1.5,302.27286882054545,299.10385385357745,298.3462756513253
18.853113772454552,1.5,302.27310916516547,299.10405663491827,298.3463824976898
18.856739371256946,1.5,302.2733495018576,299.1042593986218,298.3464893646941
18.86036497005934,1.5,302.27358983061754,299.1044621446988,298.34659625232825
18.863990568861734,1.5,302.2738301514407,299.1046648731597,298.34670316058236
18.867616167664128,1.5,302.2740704643227,299.10486758401527,298.3468100894464
18.87124176646652,1.5,302.274310769259,299.105070277276,298.3469170389107
18.874867365268916,1.5,302.2745510662452,299.10527295295253,298.3470240089651
18.87849296407131,1.5,302.2747913552768,299.10547561105545,298.3471309995998
18.882118562873703,1.5,302.27503163634947,299.1056782515953,298.3472380108049
18.885744161676097,1.5,302.2752719094586,299.1058808745827,298.3473450425705
18.88936976047849,1.5,302.27551217459984,299.106083480028,298.3474520948867
18.892995359280885,1.5,302.27575243176864,299.106286067942,298.3475591677436
18.89662095808328,1.5,302.27599268096066,299.1064886383351,298.34766626113134
18.900246556885673,1.5,302.27623292217146,299.106691191218,298.34777337504005
18.903872155688067,1.5,302.2764731553966,299.10689372660096,298.34788050945974
18.90749775449046,1.5,302.27671338063163,299.10709624449464,298.34798766438064
18.911123353292854,1.5,302.27695359787214,299.1072987449096,298.34809483979285
18.91474895209525,1.5,302.2771938071136,299.10750122785623,298.3482020356865
18.918374550897642,1.5,302.2774340083518,299.1077036933451,298.3483092520517
18.922000149700036,1.5,302.27767420158216,299.1079061413867,298.3484164888787
18.92562574850243,1.5,302.2779143868003,299.1081085719915,298.3485237461575
18.929251347304824,1.5,302.2781545640019,299.10831098516985,298.3486310238783
18.932876946107218,1.5,302.2783947331825,299.10851338093244,298.34873832203124
18.93650254490961,1.5,302.2786348943377,299.1087157592895,298.34884564060656
18.940128143712005,1.5,302.278875047463,299.1089181202516,298.34895297959423
18.9437537425144,1.5,302.2791151925542,299.10912046382913,298.3490603389846
18.947379341316793,1.5,302.27935532960674,299.1093227900326,298.3491677187677
18.951004940119187,1.5,302.2795954586163,299.10952509887227,298.3492751189338
18.95463053892158,1.5,302.27983557957856,299.1097273903588,298.349382539473
18.958256137723975,1.5,302.28007569248905,299.1099296645023,298.3494899803755
18.96188173652637,1.5,302.28031579734346,299.1101319213134,298.3495974416315
18.965507335328763,1.5,302.2805558941373,299.11033416080244,298.34970492323106
18.969132934131157,1.5,302.2807959828664,299.1105363829797,298.34981242516454
18.97275853293355,1.5,302.28103606352624,299.1107385878557,298.34991994742205
18.976384131735944,1.5,302.28127613611247,299.1109407754407,298.35002748999375
18.980009730538338,1.5,302.28151620062073,299.1111429457451,298.3501350528699
18.983635329340732,1.5,302.28175625704677,299.1113450987792,298.3502426360406
18.987260928143126,1.5,302.28199630538614,299.1115472345535,298.35035023949615
18.99088652694552,1.5,302.2822363456345,299.11174935307815,298.3504578632268
18.994512125747914,1.5,302.2824763777876,299.1119514543637,298.3505655072226
18.998137724550308,1.5,302.2827164018409,299.1121535384202,298.3506731714739
19.0017633233527,1.5,302.2829564177902,299.1123556052582,298.3507808559708
19.005388922155095,1.5,302.2831964256313,299.1125576548878,298.35088856070365
19.00901452095749,1.5,302.2834364253596,299.1127596873194,298.3509962856627
19.012640119759883,1.5,302.28367641697093,299.1129617025633,298.351104030838
19.016265718562277,1.5,302.283916400461,299.11316370062985,298.35121179621996
19.01989131736467,1.5,302.2841563758253,299.1133656815293,298.35131958179863
19.023516916167065,1.5,302.28439634305977,299.1135676452717,298.35142738756446
19.02714251496946,1.5,302.2846363021599,299.1137695918676,298.35153521350765
19.030768113771853,1.5,302.2848762531214,299.1139715213271,298.35164305961825
19.034393712574246,1.5,302.28511619594013,299.1141734336605,298.35175092588673
19.03801931137664,1.5,302.28535613061166,299.11437532887794,298.3518588123033
19.041644910179034,1.5,302.28559605713167,299.1145772069898,298.35196671885814
19.045270508981428,1.5,302.2858359754959,299.1147790680062,298.35207464554156
19.048896107783822,1.5,302.2860758857001,299.1149809119374,298.3521825923438
19.052521706586216,1.5,302.2863157877399,299.1151827387936,298.3522905592552
19.05614730538861,1.5,302.2865556816112,299.11538454858487,298.35239854626604
19.059772904191004,1.5,302.2867955673095,299.1155863413216,298.35250655336654
19.063398502993397,1.5,302.2870354448306,299.1157881170139,298.3526145805469
19.06702410179579,1.5,302.2872753141703,299.1159898756719,298.3527226277976
19.070649700598185,1.5,302.28751517532424,299.11619161730584,298.35283069510876
19.07427529940058,1.5,302.2877550282882,299.11639334192586,298.3529387824707
19.077900898202973,1.5,302.28799487305787,299.116595049542,298.3530468898738
19.081526497005367,1.5,302.288234709629,299.1167967401646,298.3531550173083
19.08515209580776,1.5,302.28847453799744,299.1169984138036,298.3532631647645
19.088777694610155,1.5,302.28871435815887,299.1172000704693,298.3533713322327
19.09240329341255,1.5,302.2889541701089,299.1174017101718,298.3534795197033
19.096028892214942,1.5,302.28919397384357,299.11760333292114,298.3535877271665
19.099654491017336,1.5,302.2894337693585,299.11780493872743,298.35369595461265
19.10328008981973,1.5,302.28967355664935,299.1180065276007,298.3538042020321
19.106905688622124,1.5,302.289913335712,299.1182080995512,298.35391246941515
19.110531287424518,1.5,302.29015310654233,299.11840965458896,298.35402075675216
19.114156886226912,1.5,302.29039286913587,299.1186111927241,298.35412906403343
19.117782485029306,1.5,302.2906326234886,299.1188127139666,298.35423739124934
19.1214080838317,1.5,302.2908723695962,299.1190142183265,298.3543457383901
19.125033682634093,1.5,302.29111210745447,299.119215705814,298.3544541054462
19.128659281436487,1.5,302.29135183705915,299.119417176439,298.35456249240804
19.13228488023888,1.5,302.2915915584062,299.1196186302116,298.3546708992657
19.135910479041275,1.5,302.2918312714913,299.11982006714186,298.3547793260098
19.13953607784367,1.5,302.2920709763102,299.12002148723974,298.35488777263055
19.143161676646063,1.5,302.2923106728588,299.1202228905154,298.35499623911846
19.146787275448457,1.5,302.29255036113284,299.1204242769786,298.3551047254638
19.15041287425085,1.5,302.29279004112817,299.1206256466396,298.3552132316569
19.154038473053244,1.5,302.2930297128407,299.1208269995082,298.3553217576881
19.15766407185564,1.5,302.293269376266,299.1210283355945,298.35543030354796
19.161289670658032,1.5,302.2935090314001,299.1212296549084,298.35553886922673
19.164915269460426,1.5,302.2937486782387,299.12143095745995,298.35564745471476
19.16854086826282,1.5,302.2939883167778,299.1216322432591,298.3557560600026
19.172166467065214,1.5,302.2942279470131,299.1218335123158,298.35586468508046
19.175792065867608,1.5,302.2944675689405,299.12203476464003,298.3559733299388
19.17941766467,1.5,302.2947071825557,299.12223600024157,298.3560819945681
19.183043263472396,1.5,302.2949467878547,299.1224372191306,298.3561906789587
19.18666886227479,1.5,302.29518638483336,299.1226384213168,298.3562993831009
19.190294461077183,1.5,302.29542597348745,299.12283960681026,298.3564081069853
19.193920059879577,1.5,302.29566555381285,299.12304077562084,298.35651685060225
19.19754565868197,1.5,302.29590512580535,299.1232419277585,298.35662561394213
19.201171257484365,1.5,302.2961446894609,299.123443063233,298.3567343969954
19.20479685628676,1.5,302.2963842447753,299.1236441820545,298.3568431997525
19.208422455089153,1.5,302.29662379174454,299.1238452842325,298.35695202220376
19.212048053891547,1.5,302.2968633303644,299.1240463697772,298.3570608643397
19.21567365269394,1.5,302.29710286063073,299.1242474386983,298.3571697261507
19.219299251496334,1.5,302.29734238253945,299.1244484910057,298.3572786076272
19.222924850298728,1.5,302.29758189608646,299.1246495267093,298.3573875087598
19.226550449101122,1.5,302.29782140126764,299.1248505458188,298.3574964295388
19.230176047903516,1.5,302.2980608980789,299.12505154834423,298.3576053699547
19.23380164670591,1.5,302.2983003865161,299.1252525342953,298.35771432999786
19.237427245508304,1.5,302.2985398665751,299.1254535036819,298.35782330965884
19.241052844310698,1.5,302.2987793382519,299.12565445651376,298.35793230892807
19.24467844311309,1.5,302.2990188015424,299.1258553928008,298.3580413277961
19.248304041915485,1.5,302.29925825644244,299.1260563125528,298.35815036625326
19.25192964071788,1.5,302.2994977029479,299.1262572157794,298.35825942429017
19.255555239520273,1.5,302.29973714105483,299.12645810249063,298.3583685018972
19.259180838322667,1.5,302.29997657075904,299.1266589726961,298.35847759906477
19.26280643712506,1.5,302.3002159920565,299.1268598264056,298.35858671578353
19.266432035927455,1.5,302.30045540494314,299.1270606636289,298.35869585204387
19.27005763472985,1.5,302.3006948094149,299.1272614843758,298.3588050078364
19.273683233532243,1.5,302.3009342054677,299.12746228865603,298.35891418315146
19.277308832334636,1.5,302.3011735930975,299.12766307647934,298.35902337797967
19.28093443113703,1.5,302.30141297230017,299.1278638478555,298.3591325923114
19.284560029939424,1.5,302.3016523430718,299.12806460279415,298.3592418261373
19.288185628741818,1.5,302.3018917054082,299.1282653413051,298.35935107944783
19.291811227544212,1.5,302.30213105930534,299.128466063398,298.3594603522335
19.295436826346606,1.5,302.3023704047593,299.1286667690826,298.3595696444848
19.299062425149,1.5,302.3026097417659,299.1288674583685,298.35967895619234
19.302688023951394,1.5,302.30284907032114,299.1290681312655,298.3597882873465
19.306313622753787,1.5,302.30308839042107,299.1292687877833,298.35989763793793
19.30993922155618,1.5,302.30332770206155,299.12946942793155,298.3600070079571
19.313564820358575,1.5,302.3035670052386,299.12967005171987,298.3601163973946
19.31719041916097,1.5,302.30380629994823,299.1298706591579,298.3602258062411
19.320816017963363,1.5,302.3040455861865,299.1300712502554,298.3603352344868
19.324441616765757,1.5,302.3042848639492,299.130271825022,298.3604446821226
19.32806721556815,1.5,302.3045241332324,299.13047238346735,298.3605541491388
19.331692814370545,1.5,302.30476339403214,299.130672925601,298.36066363552607
19.33531841317294,1.5,302.3050026463444,299.13087345143265,298.36077314127505
19.338944011975332,1.5,302.3052418901652,299.13107396097183,298.3608826663761
19.342569610777726,1.5,302.30548112549053,299.1312744542283,298.36099221082
19.34619520958012,1.5,302.30572035231637,299.13147493121147,298.3611017745971
19.349820808382514,1.5,302.3059595706387,299.1316753919311,298.36121135769827
19.353446407184908,1.5,302.3061987804537,299.1318758363967,298.36132096011386
19.357072005987302,1.5,302.30643798175726,299.1320762646179,298.3614305818345
19.360697604789696,1.5,302.30667717454537,299.13227667660425,298.36154022285075
19.36432320359209,1.5,302.30691635881414,299.13247707236536,298.3616498831533
19.367948802394483,1.5,302.3071555345595,299.1326774519108,298.3617595627327
19.371574401196877,1.5,302.30739470177764,299.13287781525,298.36186926157944
19.37519999999927,1.5,302.3076338604645,299.1330781623926,298.3619789796843
19.378825598801665,1.5,302.30787301061616,299.13327849334826,298.36208871703786
19.38245119760406,1.5,302.30811215222866,299.13347880812626,298.3621984736306
19.386076796406453,1.5,302.30835128529804,299.13367910673634,298.36230824945324
19.389702395208847,1.5,302.30859040982034,299.13387938918794,298.3624180444964
19.39332799401124,1.5,302.3088295257916,299.1340796554905,298.36252785875064
19.396953592813635,1.5,302.30906863320797,299.1342799056536,298.3626376922066
19.40057919161603,1.5,302.3093077320654,299.1344801396868,298.3627475448549
19.404204790418422,1.5,302.30954682236006,299.13468035759945,298.36285741668627
19.407830389220816,1.5,302.3097859040879,299.13488055940115,298.36296730769124
19.41145598802321,1.5,302.3100249772452,299.1350807451013,298.3630772178605
19.415081586825604,1.5,302.31026404182785,299.1352809147093,298.36318714718465
19.418707185627998,1.5,302.310503097832,299.13548106823487,298.3632970956544
19.42233278443039,1.5,302.3107421452537,299.1356812056872,298.36340706326035
19.425958383232786,1.5,302.3109811840891,299.13588132707594,298.3635170499931
19.42958398203518,1.5,302.3112202143343,299.1360814324104,298.36362705584344
19.433209580837573,1.5,302.3114592359853,299.1362815217,298.36373708080197
19.436835179639967,1.5,302.31169824903833,299.13648159495426,298.3638471248594
19.44046077844236,1.5,302.3119372534894,299.13668165218263,298.3639571880063
19.444086377244755,1.5,302.3121762493347,299.13688169339434,298.3640672702334
19.44771197604715,1.5,302.31241523657025,299.1370817185989,298.3641773715314
19.451337574849543,1.5,302.3126542151922,299.1372817278057,298.364287491891
19.454963173651937,1.5,302.3128931851967,299.13748172102424,298.3643976313029
19.45858877245433,1.5,302.3131321465798,299.13768169826375,298.3645077897577
19.462214371256724,1.5,302.31337109933776,299.1378816595337,298.36461796724603
19.46583997005912,1.5,302.31361004346667,299.1380816048434,298.3647281637588
19.469465568861512,1.5,302.3138489789626,299.13828153420224,298.3648383792866
19.473091167663906,1.5,302.3140879058217,299.13848144761954,298.3649486138201
19.4767167664663,1.5,302.31432682404017,299.1386813451048,298.3650588673501
19.480342365268694,1.5,302.3145657336141,299.1388812266672,298.36516913986725
19.483967964071088,1.5,302.3148046345396,299.13908109231613,298.3652794313622
19.48759356287348,1.5,302.31504352681293,299.1392809420609,298.3653897418258
19.491219161675875,1.5,302.3152824104302,299.13948077591084,298.3655000712487
19.49484476047827,1.5,302.31552128538755,299.1396805938753,298.36561041962165
19.498470359280663,1.5,302.3157601516812,299.13988039596353,298.36572078693536
19.502095958083057,1.5,302.31599900930735,299.1400801821849,298.3658311731806
19.50572155688545,1.5,302.316237858262,299.14027995254855,298.3659415783481
19.509347155687845,1.5,302.31647669854146,299.140479707064,298.36605200242866
19.51297275449024,1.5,302.31671553014195,299.1406794457404,298.36616244541284
19.516598353292633,1.5,302.31695435305954,299.140879168587,298.36627290729155
19.520223952095026,1.5,302.3171931672905,299.14107887561306,298.3663833880555
19.52384955089742,1.5,302.3174319728309,299.14127856682796,298.3664938876955
19.527475149699814,1.5,302.3176707696771,299.1414782422408,298.3666044062022
19.531100748502208,1.5,302.31790955782515,299.1416779018609,298.3667149435665
19.534726347304602,1.5,302.31814833727134,299.1418775456974,298.36682549977905
19.538351946106996,1.5,302.31838710801185,299.1420771737598,298.3669360748307
19.54197754490939,1.5,302.3186258700429,299.142276786057,298.36704666871213
19.545603143711784,1.5,302.3188646233607,299.14247638259843,298.3671572814143
19.549228742514178,1.5,302.3191033679615,299.14267596339323,298.36726791292773
19.55285434131657,1.5,302.31934210384145,299.1428755284506,298.3673785632435
19.556479940118965,1.5,302.3195808309968,299.1430750777797,298.3674892323522
19.56010553892136,1.5,302.3198195494238,299.14327461138987,298.36759992024474
19.563731137723753,1.5,302.32005825911864,299.1434741292901,298.3677106269118
19.567356736526147,1.5,302.32029696007766,299.14367363148966,298.3678213523443
19.57098233532854,1.5,302.32053565229694,299.1438731179977,298.36793209653297
19.574607934130935,1.5,302.32077433577285,299.1440725888234,298.3680428594687
19.57823353293333,1.5,302.3210130105016,299.14427204397595,298.3681536411422
19.581859131735722,1.5,302.32125167647945,299.1444714834644,298.3682644415444
19.585484730538116,1.5,302.32149033370257,299.144670907298,298.3683752606661
19.58911032934051,1.5,302.3217289821674,299.14487031548583,298.368486098498
19.592735928142904,1.5,302.32196762187,299.14506970803694,298.3685969550311
19.596361526945298,1.5,302.3222062528067,299.1452690849606,298.36870783025614
19.599987125747692,1.5,302.32244487497377,299.1454684462658,298.36881872416393
19.603612724550086,1.5,302.32268348836755,299.1456677919617,298.36892963674535
19.60723832335248,1.5,302.32292209298424,299.14586712205744,298.3690405679913
19.610863922154874,1.5,302.32316068882017,299.146066436562,298.36915151789265
19.614489520957267,1.5,302.32339927587157,299.14626573548463,298.36926248644005
19.61811511975966,1.5,302.32363785413474,299.14646501883436,298.3693734736246
19.621740718562055,1.5,302.323876423606,299.14666428662014,298.369484479437
19.62536631736445,1.5,302.3241149842816,299.14686353885116,298.36959550386814
19.628991916166843,1.5,302.32435353615796,299.14706277553637,298.36970654690896
19.632617514969237,1.5,302.32459207923125,299.14726199668496,298.3698176085503
19.63624311377163,1.5,302.32483061349785,299.14746120230586,298.369928688783
19.639868712574025,1.5,302.325069138954,299.1476603924082,298.370039787598
19.64349431137642,1.5,302.3253076555961,299.1478595670009,298.37015090498613
19.647119910178812,1.5,302.3255461634203,299.14805872609315,298.37026204093826
19.650745508981206,1.5,302.3257846624231,299.1482578696938,298.3703731954454
19.6543711077836,1.5,302.3260231526007,299.14845699781193,298.3704843684983
19.657996706585994,1.5,302.3262616339496,299.1486561104566,298.37059556008796
19.661622305388388,1.5,302.32650010646597,299.14885520763676,298.37070677020523
19.66524790419078,1.5,302.32673857014623,299.1490542893614,298.370817998841
19.668873502993176,1.5,302.32697702498666,299.1492533556395,298.37092924598625
19.67249910179557,1.5,302.32721547098356,299.14945240648,298.3710405116318
19.676124700597963,1.5,302.32745390813335,299.14965144189193,298.3711517957687
19.679750299400357,1.5,302.3276923364324,299.1498504618842,298.3712630983878
19.68337589820275,1.5,302.32793075587705,299.15004946646593,298.37137441948
19.687001497005145,1.5,302.3281691664637,299.1502484556459,298.3714857590362
19.69062709580754,1.5,302.3284075681886,299.1504474294331,298.3715971170475
19.694252694609933,1.5,302.32864596104815,299.15064638783645,298.3717084935045
19.697878293412327,1.5,302.3288843450387,299.1508453308649,298.3718198883986
19.70150389221472,1.5,302.32912272015676,299.1510442585274,298.3719313017204
19.705129491017114,1.5,302.32936108639854,299.15124317083286,298.37204273346094
19.70875508981951,1.5,302.3295994437605,299.15144206779013,298.3721541836112
19.712380688621902,1.5,302.32983779223906,299.1516409494082,298.3722656521622
19.716006287424296,1.5,302.33007613183054,299.1518398156959,298.3723771391047
19.71963188622669,1.5,302.33031446253136,299.1520386666622,298.3724886444298
19.723257485029084,1.5,302.33055278433784,299.1522375023159,298.3726001681285
19.726883083831478,1.5,302.33079109724645,299.1524363226659,298.3727117101917
19.73050868263387,1.5,302.3310294012536,299.1526351277211,298.3728232706104
19.734134281436265,1.5,302.33126769635567,299.1528339174904,298.3729348493756
19.73775988023866,1.5,302.33150598254906,299.1530326919825,298.3730464464783
19.741385479041053,1.5,302.3317442598302,299.1532314512064,298.37315806190946
19.745011077843447,1.5,302.3319825281955,299.1534301951709,298.37326969566
19.74863667664584,1.5,302.3322207876414,299.15362892388487,298.37338134772097
19.752262275448235,1.5,302.3324590381643,299.1538276373571,298.37349301808337
19.75588787425063,1.5,302.3326972797607,299.1540263355964,298.3736047067382
19.759513473053023,1.5,302.33293551242684,299.15422501861167,298.3737164136765
19.763139071855417,1.5,302.3331737361594,299.15442368641163,298.3738281388892
19.76676467065781,1.5,302.3334119509546,299.1546223390051,298.3739398823675
19.770390269460204,1.5,302.3336501568091,299.1548209764009,298.3740516441022
19.774015868262598,1.5,302.3338883537191,299.15501959860785,298.37416342408443
19.777641467064992,1.5,302.33412654168126,299.1552182056347,298.37427522230513
19.781267065867386,1.5,302.33436472069195,299.1554167974902,298.37438703875546
19.78489266466978,1.5,302.33460289074753,299.1556153741832,298.3744988734263
19.788518263472174,1.5,302.3348410518447,299.15581393572234,298.37461072630884
19.792143862274568,1.5,302.3350792039797,299.1560124821166,298.374722597394
19.79576946107696,1.5,302.3353173471491,299.15621101337445,298.37483448667285
19.799395059879355,1.5,302.33555548134933,299.1564095295048,298.3749463941365
19.80302065868175,1.5,302.33579360657694,299.1566080305164,298.375058319776
19.806646257484143,1.5,302.3360317228283,299.156806516418,298.3751702635823
19.810271856286537,1.5,302.3362698301,299.15700498721816,298.3752822255465
19.81389745508893,1.5,302.33650792838847,299.1572034429257,298.3753942056597
19.817523053891325,1.5,302.33674601769025,299.1574018835494,298.375506203913
19.82114865269372,1.5,302.33698409800166,299.1576003090979,298.3756182202974
19.824774251496112,1.5,302.33722216931943,299.15779871958,298.37573025480407
19.828399850298506,1.5,302.33746023163997,299.1579971150042,298.3758423074239
19.8320254491009,1.5,302.33769828495974,299.1581954953793,298.3759543781482
19.835651047903294,1.5,302.3379363292753,299.15839386071394,298.3760664669679
19.839276646705688,1.5,302.3381743645831,299.15859221101687,298.37617857387414
19.842902245508082,1.5,302.3384123908798,299.15879054629676,298.37629069885804
19.846527844310476,1.5,302.33865040816175,299.1589888665621,298.37640284191065
19.85015344311287,1.5,302.33888841642556,299.1591871718217,298.3765150030231
19.853779041915264,1.5,302.3391264156677,299.1593854620842,298.3766271821864
19.857404640717657,1.5,302.33936440588485,299.1595837373582,298.3767393793918
19.86103023952005,1.5,302.33960238707334,299.15978199765243,298.37685159463035
19.864655838322445,1.5,302.33984035922987,299.1599802429754,298.37696382789323
19.86828143712484,1.5,302.34007832235085,299.16017847333575,298.3770760791715
19.871907035927233,1.5,302.34031627643293,299.1603766887421,298.37718834845623
19.875532634729627,1.5,302.3405542214726,299.160574889203,298.37730063573866
19.87915823353202,1.5,302.3407921574664,299.1607730747272,298.3774129410099
19.882783832334415,1.5,302.341030084411,299.1609712453232,298.37752526426095
19.88640943113681,1.5,302.3412680023028,299.1611694009996,298.37763760548313
19.890035029939202,1.5,302.3415059111385,299.161367541765,298.3777499646675
19.893660628741596,1.5,302.3417438109145,299.16156566762805,298.3778623418052
19.89728622754399,1.5,302.3419817016276,299.16176377859716,298.37797473688744
19.900911826346384,1.5,302.34221958327424,299.16196187468097,298.3780871499053
19.904537425148778,1.5,302.342457455851,299.16215995588806,298.3781995808499
19.90816302395117,1.5,302.34269531935445,299.16235802222695,298.3783120297126
19.911788622753566,1.5,302.3429331737812,299.1625560737062,298.3784244964844
19.91541422155596,1.5,302.3431710191279,299.16275411033433,298.3785369811565
19.919039820358353,1.5,302.34340885539103,299.16295213211987,298.3786494837201
19.922665419160747,1.5,302.3436466825672,299.1631501390714,298.37876200416633
19.92629101796314,1.5,302.3438845006531,299.1633481311973,298.37887454248647
19.929916616765535,1.5,302.3441223096453,299.1635461085063,298.3789870986716
19.93354221556793,1.5,302.34436010954033,299.1637440710067,298.3790996727129
19.937167814370323,1.5,302.3445979003349,299.16394201870713,298.3792122646017
19.940793413172717,1.5,302.34483568202563,299.164139951616,298.3793248743291
19.94441901197511,1.5,302.34507345460895,299.16433786974187,298.3794375018863
19.948044610777504,1.5,302.34531121808175,299.1645357730932,298.37955014726447
19.9516702095799,1.5,302.3455489724405,299.1647336616784,298.37966281045493
19.955295808382292,1.5,302.34578671768185,299.164931535506,298.3797754914488
19.958921407184686,1.5,302.3460244538025,299.1651293945845,298.37988819023735
19.96254700598708,1.5,302.346262180799,299.1653272389222,298.38000090681174
19.966172604789474,1.5,302.3464998986679,299.16552506852764,298.38011364116323
19.969798203591868,1.5,302.3467376074061,299.1657228834094,298.38022639328307
19.97342380239426,1.5,302.3469753070101,299.1659206835757,298.38033916316243
19.977049401196656,1.5,302.3472129974765,299.16611846903504,298.38045195079263
19.98067499999905,1.5,302.34745067880203,299.1663162397959,298.38056475616486
19.984300598801443,1.5,302.3476883509834,299.1665139958666,298.3806775792703
19.987926197603837,1.5,302.34792601401716,299.16671173725564,298.3807904201003
19.99155179640623,1.5,302.3481636679,299.1669094639714,298.3809032786461
19.995177395208625,1.5,302.34840131262865,299.16710717602234,298.3810161548989
19.99880299401102,1.5,302.3486389481998,299.1673048734167,298.3811290488499
20.002428592813413,1.5,302.34887657461,299.16750255616296,298.3812419604905
20.006054191615807,1.5,302.34911419185596,299.16770022426954,298.381354889812
20.0096797904182,1.5,302.3493517999345,299.1678978777447,298.38146783680554
20.013305389220594,1.5,302.3495893988421,299.16809551659685,298.3815808014624
20.016930988022988,1.5,302.34982698857567,299.16829314083435,298.3816937837739
20.020556586825382,1.5,302.35006456913175,299.16849075046565,298.3818067837314
20.024182185627776,1.5,302.35030214050715,299.168688345499,298.381919801326
20.02780778443017,1.5,302.3505397026984,299.1688859259427,298.3820328365491
20.031433383232564,1.5,302.35077725570244,299.16908349180517,298.382145889392
20.035058982034958,1.5,302.3510147995158,299.16928104309477,298.382258959846
20.03868458083735,1.5,302.3512523341352,299.16947857981967,298.3823720479023
20.042310179639745,1.5,302.3514898595575,299.1696761019884,298.3824851535524
20.04593577844214,1.5,302.35172737577926,299.16987360960906,298.38259827678746
20.049561377244533,1.5,302.3519648827973,299.17007110269003,298.3827114175988
20.053186976046927,1.5,302.3522023806083,299.1702685812396,298.38282457597774
20.05681257484932,1.5,302.352439869209,299.17046604526615,298.38293775191556
20.060438173651715,1.5,302.35267734859616,299.1706634947779,298.3830509454038
20.06406377245411,1.5,302.35291481876646,299.17086092978315,298.3831641564335
20.067689371256503,1.5,302.3531522797167,299.1710583502901,298.3832773849962
20.071314970058896,1.5,302.3533897314436,299.1712557563071,298.3833906310831
20.07494056886129,1.5,302.35362717394395,299.1714531478423,298.3835038946856
20.078566167663684,1.5,302.3538646072144,299.1716505249041,298.383617175795
20.082191766466078,1.5,302.35410203125184,299.1718478875007,298.3837304744027
20.085817365268472,1.5,302.35433944605296,299.17204523564027,298.38384379050007
20.089442964070866,1.5,302.3545768516145,299.1722425693311,298.3839571240784
20.09306856287326,1.5,302.3548142479333,299.17243988858144,298.38407047512896
20.096694161675654,1.5,302.3550516350061,299.17263719339945,298.38418384364337
20.100319760478047,1.5,302.3552890128296,299.17283448379345,298.3842972296128
20.10394535928044,1.5,302.35552638140064,299.17303175977156,298.3844106330286
20.107570958082835,1.5,302.355763740716,299.17322902134197,298.3845240538823
20.11119655688523,1.5,302.35600109077245,299.17342626851297,298.38463749216515
20.114822155687623,1.5,302.35623843156685,299.17362350129264,298.38475094786855
20.118447754490017,1.5,302.3564757630959,299.1738207196893,298.38486442098394
20.12207335329241,1.5,302.3567130853564,299.17401792371095,298.3849779115027
20.125698952094805,1.5,302.3569503983452,299.174215113366,298.38509141941614
20.1293245508972,1.5,302.3571877020591,299.17441228866244,298.3852049447158
20.132950149699592,1.5,302.35742499649484,299.1746094496084,298.38531848739285
20.136575748501986,1.5,302.3576622816493,299.1748065962122,298.3854320474389
20.14020134730438,1.5,302.3578995575193,299.1750037284819,298.3855456248453
20.143826946106774,1.5,302.3581368241016,299.1752008464257,298.3856592196034
20.147452544909168,1.5,302.3583740813931,299.1753979500516,298.3857728317046
20.151078143711562,1.5,302.35861132939056,299.1755950393679,298.38588646114056
20.154703742513956,1.5,302.35884856809076,299.17579211438255,298.38600010790236
20.15832934131635,1.5,302.35908579749065,299.1759891751038,298.3861137719817
20.161954940118743,1.5,302.35932301758703,299.1761862215397,298.3862274533698
20.165580538921137,1.5,302.35956022837667,299.17638325369836,298.3863411520583
20.16920613772353,1.5,302.3597974298565,299.17658027158797,298.3864548680384
20.172831736525925,1.5,302.3600346220233,299.17677727521647,298.3865686013018
20.17645733532832,1.5,302.36027180487395,299.1769742645921,298.38668235183974
20.180082934130713,1.5,302.36050897840533,299.1771712397229,298.38679611964375
20.183708532933107,1.5,302.36074614261423,299.1773682006169,298.38690990470536
20.1873341317355,1.5,302.3609832974976,299.17756514728217,298.3870237070158
20.190959730537895,1.5,302.3612204430523,299.1777620797268,298.38713752656685
20.19458532934029,1.5,302.36145757927505,299.1779589979588,298.38725136334966
20.198210928142682,1.5,302.36169470616284,299.1781559019863,298.387365217356
20.201836526945076,1.5,302.36193182371255,299.1783527918173,298.3874790885771
20.20546212574747,1.5,302.362168931921,299.17854966745983,298.3875929770045
20.209087724549864,1.5,302.36240603078517,299.17874652892203,298.3877068826297
20.212713323352258,1.5,302.36264312030187,299.1789433762118,298.38782080544416
20.21633892215465,1.5,302.362880200468,299.17914020933716,298.3879347454394
20.219964520957046,1.5,302.3631172712804,299.17933702830624,298.38804870260697
20.22359011975944,1.5,302.36335433273604,299.1795338331269,298.3881626769381
20.227215718561833,1.5,302.36359138483175,299.1797306238073,298.3882766684247
20.230841317364227,1.5,302.36382842756456,299.1799274003553,298.38839067705794
20.23446691616662,1.5,302.3640654609313,299.18012416277895,298.3885047028295
20.238092514969015,1.5,302.3643024849288,299.18032091108626,298.38861874573075
20.24171811377141,1.5,302.3645394995541,299.1805176452852,298.38873280575336
20.245343712573803,1.5,302.3647765048041,299.1807143653837,298.38884688288874
20.248969311376197,1.5,302.36501350067573,299.1809110713898,298.3889609771285
20.25259491017859,1.5,302.3652504871658,299.1811077633114,298.389075088464
20.256220508980984,1.5,302.3654874642712,299.18130444115644,298.3891892168869
20.25984610778338,1.5,302.3657244319891,299.1815011049329,298.3893033623887
20.263471706585772,1.5,302.3659613903163,299.1816977546488,298.389417524961
20.267097305388166,1.5,302.36619833924976,299.181894390312,298.38953170459524
20.27072290419056,1.5,302.3664352787864,299.18209101193037,298.38964590128313
20.274348502992954,1.5,302.3666722089232,299.1822876195119,298.389760115016
20.277974101795348,1.5,302.366909129657,299.1824842130645,298.3898743457855
20.28159970059774,1.5,302.36714604098495,299.1826807925962,298.38998859358315
20.285225299400135,1.5,302.3673829429038,299.18287735811475,298.3901028584006
20.28885089820253,1.5,302.36761983541066,299.18307390962815,298.39021714022937
20.292476497004923,1.5,302.36785671850237,299.18327044714414,298.390331439061
20.296102095807317,1.5,302.368093592176,299.18346697067085,298.3904457548871
20.29972769460971,1.5,302.3683304564285,299.1836634802159,298.39056008769916
20.303353293412105,1.5,302.3685673112568,299.1838599757874,298.3906744374889
20.3069788922145,1.5,302.3688041566579,299.1840564573931,298.39078880424773
20.310604491016893,1.5,302.3690409926288,299.18425292504094,298.3909031879674
20.314230089819286,1.5,302.3692778191665,299.18444937873875,298.3910175886394
20.31785568862168,1.5,302.369514636268,299.18464581849435,298.39113200625536
20.321481287424074,1.5,302.36975144393017,299.1848422443156,298.3912464408068
20.325106886226468,1.5,302.3699882421501,299.1850386562103,298.3913608922855
20.328732485028862,1.5,302.37022503092476,299.18523505418636,298.39147536068293
20.332358083831256,1.5,302.3704618102512,299.1854314382516,298.39158984599067
20.33598368263365,1.5,302.3706985801264,299.1856278084138,298.3917043482004
20.339609281436044,1.5,302.3709353405473,299.1858241646809,298.39181886730375
20.343234880238438,1.5,302.371172091511,299.18602050706056,298.3919334032923
20.34686047904083,1.5,302.37140883301447,299.1862168355607,298.3920479561577
20.350486077843225,1.5,302.3716455650548,299.18641315018897,298.39216252589154
20.35411167664562,1.5,302.3718822876289,299.18660945095337,298.3922771124855
20.357737275448013,1.5,302.37211900073396,299.1868057378616,298.3923917159311
20.361362874250407,1.5,302.37235570436684,299.1870020109214,298.3925063362202
20.3649884730528,1.5,302.37259239852466,299.1871982701405,298.3926209733442
20.368614071855195,1.5,302.3728290832044,299.1873945155269,298.392735627295
20.37223967065759,1.5,302.3730657584032,299.18759074708817,298.392850298064
20.375865269459982,1.5,302.373302424118,299.1877869648321,298.392964985643
20.379490868262376,1.5,302.3735390803459,299.18798316876655,298.39307969002357
20.38311646706477,1.5,302.37377572708397,299.18817935889916,298.39319441119744
20.386742065867164,1.5,302.3740123643292,299.18837553523764,298.3933091491563
20.390367664669558,1.5,302.37424899207866,299.1885716977898,298.3934239038918
20.393993263471952,1.5,302.3744856103295,299.18876784656345,298.3935386753956
20.397618862274346,1.5,302.3747222190787,299.18896398156613,298.3936534636593
20.40124446107674,1.5,302.3749588183233,299.18916010280566,298.39376826867465
20.404870059879133,1.5,302.37519540806056,299.1893562102898,298.3938830904333
20.408495658681527,1.5,302.37543198828735,299.18955230402617,298.393997928927
20.41212125748392,1.5,302.3756685590008,299.1897483840225,298.39411278414747
20.415746856286315,1.5,302.375905120198,299.1899444502865,298.3942276560863
20.41937245508871,1.5,302.37614167187604,299.1901405028259,298.39434254473525
20.422998053891103,1.5,302.3763782140321,299.1903365416483,298.39445745008595
20.426623652693497,1.5,302.3766147466631,299.1905325667614,298.39457237213026
20.43024925149589,1.5,302.37685126976623,299.190728578173,298.39468731085975
20.433874850298285,1.5,302.3770877833386,299.19092457589056,298.3948022662662
20.43750044910068,1.5,302.37732428737735,299.19112055992184,298.3949172383413
20.441126047903072,1.5,302.3775607818795,299.19131653027455,298.3950322270768
20.444751646705466,1.5,302.3777972668422,299.1915124869563,298.39514723246435
20.44837724550786,1.5,302.3780337422626,299.19170842997465,298.3952622544958
20.452002844310254,1.5,302.3782702081377,299.19190435933746,298.3953772931628
20.455628443112648,1.5,302.37850666446474,299.19210027505216,298.3954923484571
20.45925404191504,1.5,302.3787431112408,299.19229617712637,298.3956074203705
20.462879640717436,1.5,302.378979548463,299.1924920655679,298.39572250889466
20.46650523951983,1.5,302.3792159761285,299.19268794038413,298.39583761402145
20.470130838322223,1.5,302.37945239423436,299.19288380158287,298.3959527357424
20.473756437124617,1.5,302.37968880277776,299.1930796491716,298.39606787404944
20.47738203592701,1.5,302.3799252017559,299.19327548315795,298.39618302893433
20.481007634729405,1.5,302.3801615911659,299.19347130354953,298.3962982003888
20.4846332335318,1.5,302.38039797100487,299.19366711035394,298.39641338840465
20.488258832334193,1.5,302.38063434126997,299.1938629035787,298.3965285929736
20.491884431136587,1.5,302.3808707019584,299.1940586832315,298.3966438140874
20.49551002993898,1.5,302.38110705306724,299.1942544493197,298.3967590517379
20.499135628741374,1.5,302.3813433945937,299.19445020185117,298.3968743059168
20.50276122754377,1.5,302.38157972653505,299.1946459408332,298.39698957661597
20.506386826346162,1.5,302.38181604888825,299.1948416662735,298.3971048638271
20.510012425148556,1.5,302.3820523616506,299.1950373781795,298.3972201675421
20.51363802395095,1.5,302.3822886648192,299.1952330765589,298.39733548775274
20.517263622753344,1.5,302.38252495839134,299.19542876141907,298.39745082445086
20.520889221555738,1.5,302.3827612423641,299.19562443276766,298.3975661776281
20.52451482035813,1.5,302.3829975167347,299.19582009061213,298.3976815472765
20.528140419160525,1.5,302.38323378150034,299.19601573496,298.39779693338755
20.53176601796292,1.5,302.3834700366582,299.19621136581884,298.3979123359534
20.535391616765313,1.5,302.38370628220554,299.19640698319614,298.3980277549657
20.539017215567707,1.5,302.3839425181395,299.19660258709933,298.3981431904163
20.5426428143701,1.5,302.38417874445724,299.1967981775359,298.39825864229704
20.546268413172495,1.5,302.38441496115604,299.19699375451347,298.39837411059983
20.54989401197489,1.5,302.38465116823306,299.1971893180394,298.39848959531633
20.553519610777283,1.5,302.38488736568564,299.1973848681213,298.39860509643853
20.557145209579677,1.5,302.3851235535108,299.19758040476654,298.3987206139582
20.56077080838207,1.5,302.3853597317059,299.19777592798255,298.39883614786714
20.564396407184464,1.5,302.38559590026813,299.197971437777,298.3989516981573
20.568022005986858,1.5,302.3858320591947,299.19816693415714,298.3990672648205
20.571647604789252,1.5,302.3860682084828,299.19836241713045,298.3991828478486
20.575273203591646,1.5,302.3863043481297,299.1985578867045,298.3992984472334
20.57889880239404,1.5,302.38654047813276,299.1987533428866,298.3994140629668
20.582524401196434,1.5,302.38677659848906,299.1989487856842,298.39952969504077
20.586149999998828,1.5,302.38701270919586,299.1991442151048,298.3996453434471
20.58977559880122,1.5,302.38724881025047,299.1993396311558,298.39976100817756
20.593401197603615,1.5,302.38748490165017,299.1995350338446,298.3998766892242
20.59702679640601,1.5,302.38772098339206,299.1997304231786,298.3999923865789
20.600652395208403,1.5,302.3879570554735,299.1999257991652,298.4001081002334
20.604277994010797,1.5,302.38819311789183,299.20012116181186,298.4002238301797
20.60790359281319,1.5,302.38842917064414,299.2003165111259,298.4003395764097
20.611529191615585,1.5,302.38866521372785,299.2005118471148,298.40045533891526
20.61515479041798,1.5,302.38890124714015,299.20070716978586,298.4005711176883
20.618780389220372,1.5,302.38913727087834,299.2009024791465,298.4006869127207
20.622405988022766,1.5,302.3893732849397,299.2010977752041,298.4008027240044
20.62603158682516,1.5,302.3896092893215,299.201293057966,298.4009185515313
20.629657185627554,1.5,302.389845284021,299.2014883274396,298.4010343952933
20.633282784429948,1.5,302.39008126903565,299.2016835836322,298.40115025528246
20.636908383232342,1.5,302.3903172443625,299.2018788265512,298.40126613149044
20.640533982034736,1.5,302.390553209999,299.2020740562039,298.40138202390943
20.64415958083713,1.5,302.39078916594235,299.20226927259773,298.4014979325312
20.647785179639524,1.5,302.39102511219,299.20246447574,298.4016138573477
20.651410778441917,1.5,302.3912610487391,299.20265966563795,298.40172979835097
20.65503637724431,1.5,302.391496975587,299.202854842299,298.40184575553286
20.658661976046705,1.5,302.39173289273106,299.2030500057304,298.4019617288853
20.6622875748491,1.5,302.39196880016857,299.20324515593944,298.40207771840034
20.665913173651493,1.5,302.39220469789683,299.2034402929336,298.4021937240699
20.669538772453887,1.5,302.39244058591316,299.20363541672,298.4023097458859
20.67316437125628,1.5,302.39267646421496,299.2038305273059,298.40242578384033
20.676789970058675,1.5,302.39291233279954,299.20402562469883,298.4025418379251
20.68041556886107,1.5,302.3931481916641,299.2042207089059,298.4026579081323
20.684041167663462,1.5,302.3933840408061,299.2044157799344,298.4027739944538
20.687666766465856,1.5,302.3936198802229,299.2046108377917,298.40289009688166
20.69129236526825,1.5,302.3938557099117,299.20480588248495,298.4030062154078
20.694917964070644,1.5,302.39409152987,299.20500091402147,298.4031223500242
20.698543562873038,1.5,302.39432734009506,299.2051959324085,298.4032385007228
20.70216916167543,1.5,302.3945631405843,299.2053909376533,298.4033546674957
20.705794760477826,1.5,302.394798931335,299.2055859297632,298.40347085033494
20.70942035928022,1.5,302.3950347123445,299.2057809087452,298.4035870492323
20.713045958082613,1.5,302.3952704836104,299.20597587460685,298.40370326418
20.716671556885007,1.5,302.3955062451297,299.20617082735515,298.40381949516996
20.7202971556874,1.5,302.39574199690003,299.20636576699746,298.40393574219416
20.723922754489795,1.5,302.39597773891865,299.2065606935409,298.4040520052447
20.72754835329219,1.5,302.39621347118293,299.2067556069927,298.40416828431347
20.731173952094583,1.5,302.39644919369033,299.20695050736015,298.4042845793926
20.734799550896977,1.5,302.3966849064382,299.20714539465035,298.40440089047416
20.73842514969937,1.5,302.3969206094239,299.20734026887055,298.40451721755005
20.742050748501764,1.5,302.3971563026448,299.207535130028,298.4046335606123
20.74567634730416,1.5,302.39739198609834,299.20772997812986,298.40474991965306
20.749301946106552,1.5,302.3976276597819,299.2079248131832,298.40486629466426
20.752927544908946,1.5,302.39786332369295,299.2081196351953,298.40498268563806
20.75655314371134,1.5,302.39809897782874,299.2083144441733,298.40509909256645
20.760178742513734,1.5,302.3983346221868,299.20850924012444,298.40521551544145
20.763804341316128,1.5,302.3985702567645,299.2087040230557,298.40533195425513
20.76742994011852,1.5,302.3988058815592,299.2088987929745,298.4054484089996
20.771055538920915,1.5,302.39904149656843,299.20909354988777,298.4055648796669
20.77468113772331,1.5,302.3992771017895,299.20928829380273,298.405681366249
20.778306736525703,1.5,302.3995126972198,299.2094830247265,298.4057978687381
20.781932335328097,1.5,302.39974828285693,299.2096777426662,298.40591438712624
20.78555793413049,1.5,302.39998385869814,299.209872447629,298.4060309214055
20.789183532932885,1.5,302.40021942474107,299.21006713962197,298.40614747156786
20.79280913173528,1.5,302.4004549809829,299.2102618186523,298.4062640376056
20.796434730537673,1.5,302.4006905274212,299.2104564847271,298.40638061951057
20.800060329340067,1.5,302.40092606405346,299.21065113785346,298.40649721727505
20.80368592814246,1.5,302.4011615908771,299.2108457780384,298.4066138308911
20.807311526944854,1.5,302.40139710788947,299.2110404052891,298.40673046035084
20.810937125747248,1.5,302.4016326150881,299.2112350196127,298.40684710564625
20.814562724549642,1.5,302.4018681124704,299.2114296210161,298.40696376676954
20.818188323352036,1.5,302.4021036000339,299.21162420950657,298.4070804437128
20.82181392215443,1.5,302.40233907777605,299.2118187850911,298.4071971364681
20.825439520956824,1.5,302.40257454569434,299.2120133477768,298.40731384502766
20.829065119759218,1.5,302.40281000378616,299.21220789757064,298.40743056938356
20.83269071856161,1.5,302.40304545204896,299.2124024344798,298.4075473095278
20.836316317364005,1.5,302.4032808904803,299.21259695851126,298.40766406545276
20.8399419161664,1.5,302.4035163190776,299.212791469672,298.4077808371503
20.843567514968793,1.5,302.4037517378383,299.2129859679693,298.4078976246128
20.847193113771187,1.5,302.4039871467601,299.21318045340996,298.40801442783226
20.85081871257358,1.5,302.40422254584024,299.2133749260011,298.4081312468008
20.854444311375975,1.5,302.4044579350763,299.2135693857498,298.4082480815107
20.85806991017837,1.5,302.4046933144658,299.213763832663,298.40836493195394
20.861695508980763,1.5,302.40492868400617,299.2139582667477,298.4084817981228
20.865321107783156,1.5,302.40516404369504,299.2141526880109,298.4085986800094
20.86894670658555,1.5,302.4053993935298,299.2143470964598,298.40871557760596
20.872572305387944,1.5,302.405634733508,299.2145414921012,298.4088324909045
20.876197904190338,1.5,302.4058700636271,299.21473587494216,298.40894941989734
20.879823502992732,1.5,302.4061053838847,299.21493024498966,298.40906636457663
20.883449101795126,1.5,302.4063406942783,299.21512460225074,298.4091833249345
20.88707470059752,1.5,302.40657599480534,299.2153189467322,298.4093003009631
20.890700299399914,1.5,302.40681128546345,299.2155132784413,298.4094172926547
20.894325898202307,1.5,302.40704656625,299.2157075973847,298.40953430000144
20.8979514970047,1.5,302.4072818371627,299.21590190356966,298.40965132299556
20.901577095807095,1.5,302.40751709819904,299.2160961970029,298.4097683616292
20.90520269460949,1.5,302.4077523493565,299.21629047769153,298.40988541589456
20.908828293411883,1.5,302.4079875906326,299.21648474564233,298.4100024857838
20.912453892214277,1.5,302.4082228220249,299.2166790008624,298.4101195712893
20.91607949101667,1.5,302.4084580435311,299.21687324335863,298.4102366724031
20.919705089819065,1.5,302.40869325514853,299.21706747313794,298.4103537891175
20.92333068862146,1.5,302.4089284568749,299.21726169020724,298.4104709214246
20.926956287423852,1.5,302.40916364870765,299.21745589457356,298.4105880693168
20.930581886226246,1.5,302.4093988306444,299.2176500862437,298.4107052327862
20.93420748502864,1.5,302.40963400268265,299.2178442652246,298.41082241182505
20.937833083831034,1.5,302.40986916482007,299.21803843152315,298.41093960642564
20.941458682633428,1.5,302.41010431705416,299.21823258514627,298.4110568165801
20.945084281435822,1.5,302.4103394593825,299.2184267261009,298.4111740422808
20.948709880238216,1.5,302.4105745918027,299.2186208543938,298.41129128351986
20.95233547904061,1.5,302.41080971431234,299.21881497003204,298.41140854028964
20.955961077843003,1.5,302.4110448269089,299.2190090730224,298.4115258125823
20.959586676645397,1.5,302.4112799295901,299.21920316337173,298.4116431003901
20.96321227544779,1.5,302.4115150223534,299.21939724108694,298.4117604037054
20.966837874250185,1.5,302.4117501051965,299.21959130617483,298.41187772252033
20.97046347305258,1.5,302.41198517811705,299.21978535864235,298.4119950568272
20.974089071854973,1.5,302.41222024111244,299.21997939849626,298.4121124066183
20.977714670657367,1.5,302.4124552941804,299.2201734257435,298.41222977188585
20.98134026945976,1.5,302.4126903373185,299.22036744039093,298.41234715262226
20.984965868262154,1.5,302.4129253705244,299.22056144244533,298.4124645488197
20.98859146706455,1.5,302.41316039379564,299.2207554319135,298.4125819604704
20.992217065866942,1.5,302.41339540712994,299.2209494088023,298.41269938756676
20.995842664669336,1.5,302.4136304105248,299.22114337311865,298.41281683010106
20.99946826347173,1.5,302.41386540397787,299.22133732486924,298.41293428806557
21.003093862274124,1.5,302.41410038748677,299.2215312640609,298.41305176145255
21.006719461076518,1.5,302.4143353610492,299.2217251907005,298.4131692502543
21.01034505987891,1.5,302.41457032466275,299.22191910479484,298.4132867544633
21.013970658681306,1.5,302.41480527832493,299.2221130063506,298.41340427407164
21.0175962574837,1.5,302.4150402220336,299.2223068953747,298.4135218090717
21.021221856286093,1.5,302.4152751557862,299.2225007718738,298.41363935945583
21.024847455088487,1.5,302.41551007958054,299.2226946358549,298.4137569252163
21.02847305389088,1.5,302.41574499341414,299.22288848732455,298.4138745063455
21.032098652693275,1.5,302.4159798972847,299.2230823262897,298.41399210283566
21.03572425149567,1.5,302.4162147911898,299.223276152757,298.4141097146792
21.039349850298063,1.5,302.41644967512724,299.22346996673326,298.41422734186847
21.042975449100457,1.5,302.41668454909455,299.2236637682252,298.41434498439577
21.04660104790285,1.5,302.41691941308943,299.22385755723957,298.4144626422534
21.050226646705244,1.5,302.4171542671096,299.22405133378317,298.4145803154338
21.05385224550764,1.5,302.4173891111526,299.2242450978627,298.41469800392923
21.057477844310032,1.5,302.4176239452163,299.22443884948495,298.41481570773203
21.061103443112426,1.5,302.41785876929816,299.22463258865656,298.41493342683464
21.06472904191482,1.5,302.418093583396,299.22482631538435,298.4150511612294
21.068354640717214,1.5,302.4183283875074,299.22502002967497,298.4151689109087
21.071980239519608,1.5,302.41856318163013,299.2252137315352,298.41528667586476
21.075605838322,1.5,302.4187979657619,299.22540742097164,298.41540445609013
21.079231437124395,1.5,302.4190327399002,299.2256010979911,298.41552225157704
21.08285703592679,1.5,302.419267504043,299.22579476260034,298.41564006231795
21.086482634729183,1.5,302.4195022581878,299.2259884148059,298.4157578883053
21.090108233531577,1.5,302.4197370023323,299.2261820546145,298.4158757295313
21.09373383233397,1.5,302.41997173647434,299.22637568203294,298.41599358598853
21.097359431136365,1.5,302.4202064606115,299.22656929706784,298.4161114576693
21.10098502993876,1.5,302.4204411747416,299.22676289972577,298.4162293445659
21.104610628741153,1.5,302.42067587886226,299.22695649001355,298.4163472466709
21.108236227543546,1.5,302.42091057297125,299.2271500679378,298.4164651639767
21.11186182634594,1.5,302.4211452570662,299.2273436335052,298.41658309647556
21.115487425148334,1.5,302.42137993114494,299.2275371867223,298.41670104416
21.119113023950728,1.5,302.4216145952051,299.2277307275959,298.4168190070224
21.122738622753122,1.5,302.42184924924453,299.22792425613255,298.4169369850552
21.126364221555516,1.5,302.42208389326083,299.22811777233886,298.4170549782508
21.12998982035791,1.5,302.42231852725183,299.22831127622163,298.41717298660166
21.133615419160304,1.5,302.4225531512152,299.22850476778734,298.41729101010014
21.137241017962697,1.5,302.4227877651487,299.2286982470427,298.4174090487388
21.14086661676509,1.5,302.42302236905005,299.22889171399424,298.41752710250995
21.144492215567485,1.5,302.42325696291704,299.22908516864857,298.41764517140604
21.14811781436988,1.5,302.4234915467474,299.2292786110124,298.4177632554196
21.151743413172273,1.5,302.42372612053896,299.2294720410923,298.41788135454294
21.155369011974667,1.5,302.42396068428934,299.2296654588949,298.41799946876864
21.15899461077706,1.5,302.42419523799634,299.22985886442666,298.41811759808905
21.162620209579455,1.5,302.42442978165775,299.23005225769435,298.4182357424968
21.16624580838185,1.5,302.42466431527134,299.2302456387045,298.4183539019842
21.169871407184242,1.5,302.4248988388349,299.23043900746364,298.4184720765437
21.173497005986636,1.5,302.42513335234617,299.2306323639784,298.4185902661679
21.17712260478903,1.5,302.4253678558028,299.2308257082552,298.41870847084914
21.180748203591424,1.5,302.42560234920273,299.23101904030085,298.4188266905799
21.184373802393818,1.5,302.4258368325437,299.23121236012173,298.4189449253527
21.187999401196212,1.5,302.42607130582354,299.23140566772446,298.41906317516015
21.191624999998606,1.5,302.42630576903997,299.23159896311563,298.41918143999453
21.195250598801,1.5,302.4265402221908,299.23179224630167,298.4192997198484
21.198876197603393,1.5,302.4267746652738,299.2319855172893,298.4194180147143
21.202501796405787,1.5,302.42700909828676,299.2321787760849,298.4195363245848
21.20612739520818,1.5,302.4272435212275,299.2323720226951,298.4196546494522
21.209752994010575,1.5,302.42747793409393,299.2325652571262,298.4197729893091
21.21337859281297,1.5,302.42771233688364,299.2327584793851,298.41989134414797
21.217004191615363,1.5,302.42794672959457,299.23295168947806,298.42000971396146
21.220629790417757,1.5,302.4281811122245,299.23314488741164,298.42012809874194
21.22425538922015,1.5,302.4284154847712,299.2333380731924,298.420246498482
21.227880988022545,1.5,302.4286498472327,299.2335312468267,298.4203649131742
21.23150658682494,1.5,302.42888419960656,299.2337244083212,298.4204833428109
21.235132185627332,1.5,302.42911854189066,299.23391755768233,298.4206017873848
21.238757784429726,1.5,302.42935287408295,299.2341106949166,298.4207202468884
21.24238338323212,1.5,302.4295871961811,299.23430382003045,298.4208387213141
21.246008982034514,1.5,302.4298215081831,299.23449693303036,298.4209572106546
21.249634580836908,1.5,302.4300558100867,299.23469003392285,298.4210757149024
21.2532601796393,1.5,302.4302901018897,299.23488312271434,298.42119423405006
21.256885778441696,1.5,302.43052438358995,299.23507619941137,298.42131276809005
21.26051137724409,1.5,302.4307586551854,299.23526926402025,298.421431317015
21.264136976046483,1.5,302.4309929166738,299.2354623165476,298.4215498808175
21.267762574848877,1.5,302.43122716805306,299.2356553569998,298.42166845949004
21.27138817365127,1.5,302.43146140932095,299.23584838538324,298.4217870530252
21.275013772453665,1.5,302.4316956404754,299.23604140170437,298.42190566141556
21.27863937125606,1.5,302.4319298615143,299.2362344059697,298.42202428465373
21.282264970058453,1.5,302.4321640724354,299.23642739818564,298.4221429227322
21.285890568860847,1.5,302.4323982732366,299.2366203783585,298.4222615756436
21.28951616766324,1.5,302.4326324639158,299.2368133464949,298.42238024338053
21.293141766465634,1.5,302.4328666444709,299.23700630260106,298.42249892593554
21.29676736526803,1.5,302.4331008148998,299.23719924668353,298.4226176233013
21.300392964070422,1.5,302.43333497520024,299.2373921787486,298.4227363354703
21.304018562872816,1.5,302.4335691253702,299.2375850988028,298.4228550624352
21.30764416167521,1.5,302.43380326540756,299.23777800685247,298.42297380418853
21.311269760477604,1.5,302.43403739531016,299.23797090290384,298.42309256072303
21.314895359279998,1.5,302.434271515076,299.2381637869636,298.4232113320311
21.31852095808239,1.5,302.43450562470275,299.23835665903783,298.4233301181055
21.322146556884785,1.5,302.43473972418855,299.23854951913313,298.42344891893885
21.32577215568718,1.5,302.4349738135312,299.2387423672558,298.42356773452383
21.329397754489573,1.5,302.43520789272856,299.23893520341215,298.4236865648529
21.333023353291967,1.5,302.43544196177857,299.2391280276086,298.4238054099187
21.33664895209436,1.5,302.4356760206792,299.23932083985153,298.42392426971406
21.340274550896755,1.5,302.43591006942825,299.2395136401472,298.42404314423135
21.34390014969915,1.5,302.4361441080237,299.2397064285021,298.42416203346335
21.347525748501543,1.5,302.4363781364635,299.2398992049224,298.4242809374027
21.351151347303936,1.5,302.4366121547455,299.24009196941455,298.42439985604204
21.35477694610633,1.5,302.43684616286765,299.24028472198484,298.42451878937396
21.358402544908724,1.5,302.43708016082786,299.2404774626396,298.4246377373912
21.362028143711118,1.5,302.4373141486241,299.2406701913851,298.42475670008633
21.365653742513512,1.5,302.4375481262543,299.2408629082278,298.42487567745206
21.369279341315906,1.5,302.43778209371635,299.24105561317396,298.42499466948107
21.3729049401183,1.5,302.4380160510082,299.24124830622986,298.4251136761659
21.376530538920694,1.5,302.43824999812784,299.2414409874018,298.4252326974994
21.380156137723088,1.5,302.4384839350731,299.241633656696,298.4253517334741
21.38378173652548,1.5,302.43871786184206,299.24182631411895,298.42547078408273
21.387407335327875,1.5,302.4389517784326,299.2420189596768,298.42558984931793
21.39103293413027,1.5,302.4391856848427,299.2422115933758,298.42570892917246
21.394658532932663,1.5,302.43941958107024,299.2424042152224,298.425828023639
21.398284131735057,1.5,302.4396534671133,299.24259682522273,298.4259471327102
21.40190973053745,1.5,302.43988734296977,299.24278942338316,298.42606625637865
21.405535329339845,1.5,302.4401212086376,299.24298200970986,298.4261853946373
21.40916092814224,1.5,302.44035506411484,299.24317458420916,298.4263045474786
21.412786526944632,1.5,302.4405889093993,299.2433671468873,298.4264237148954
21.416412125747026,1.5,302.44082274448914,299.2435596977504,298.42654289688033
21.42003772454942,1.5,302.4410565693822,299.24375223680494,298.4266620934262
21.423663323351814,1.5,302.4412903840766,299.243944764057,298.42678130452566
21.427288922154208,1.5,302.44152418857016,299.24413727951287,298.4269005301714
21.430914520956602,1.5,302.44175798286096,299.24432978317884,298.4270197703562
21.434540119758996,1.5,302.44199176694696,299.24452227506106,298.4271390250727
21.43816571856139,1.5,302.4422255408261,299.2447147551658,298.4272582943137
21.441791317363784,1.5,302.44245930449654,299.2449072234992,298.4273775780719
21.445416916166177,1.5,302.4426930579561,299.24509968006754,298.42749687634006
21.44904251496857,1.5,302.44292680120293,299.24529212487704,298.4276161891109
21.452668113770965,1.5,302.4431605342349,299.2454845579338,298.4277355163772
21.45629371257336,1.5,302.4433942570501,299.24567697924425,298.4278548581317
21.459919311375753,1.5,302.4436279696465,299.2458693888143,298.4279742143671
21.463544910178147,1.5,302.44386167202214,299.2460617866504,298.4280935850762
21.46717050898054,1.5,302.4440953641749,299.24625417275854,298.42821297025176
21.470796107782935,1.5,302.444329046103,299.246446547145,298.42833236988645
21.47442170658533,1.5,302.4445627178044,299.24663890981594,298.4284517839732
21.478047305387722,1.5,302.4447963792771,299.2468312607776,298.4285712125046
21.481672904190116,1.5,302.44503003051904,299.2470236000359,298.4286906554736
21.48529850299251,1.5,302.4452636715285,299.24721592759727,298.4288101128728
21.488924101794904,1.5,302.44549730230324,299.2474082434678,298.428929584695
21.492549700597298,1.5,302.4457309228414,299.2476005476536,298.42904907093316
21.49617529939969,1.5,302.44596453314097,299.24779284016086,298.4291685715798
21.499800898202086,1.5,302.44619813320014,299.2479851209956,298.429288086628
21.50342649700448,1.5,302.44643172301676,299.2481773901642,298.42940761607025
21.507052095806873,1.5,302.446665302589,299.24836964767263,298.42952715989964
21.510677694609267,1.5,302.4468988719149,299.24856189352704,298.42964671810876
21.51430329341166,1.5,302.4471324309925,299.24875412773355,298.4297662906904
21.517928892214055,1.5,302.44736597981984,299.2489463502983,298.4298858776375
21.52155449101645,1.5,302.447599518395,299.2491385612275,298.4300054789428
21.525180089818843,1.5,302.447833046716,299.249330760527,298.4301250945992
21.528805688621237,1.5,302.44806656478096,299.2495229482032,298.43024472459933
21.53243128742363,1.5,302.4483000725879,299.24971512426197,298.4303643689362
21.536056886226024,1.5,302.44853357013494,299.2499072887096,298.4304840276025
21.53968248502842,1.5,302.44876705742007,299.25009944155204,298.4306037005911
21.543308083830812,1.5,302.44900053444144,299.25029158279546,298.4307233878949
21.546933682633206,1.5,302.44923400119717,299.25048371244594,298.43084308950665
21.5505592814356,1.5,302.44946745768516,299.2506758305095,298.4309628054192
21.554184880237994,1.5,302.44970090390365,299.25086793699234,298.43108253562536
21.557810479040388,1.5,302.44993433985076,299.25106003190035,298.4312022801181
21.56143607784278,1.5,302.45016776552444,299.25125211523977,298.43132203889013
21.565061676645175,1.5,302.4504011809228,299.25144418701655,298.43144181193435
21.56868727544757,1.5,302.4506345860441,299.2516362472368,298.4315615992437
21.572312874249963,1.5,302.4508679808863,299.25182829590653,298.4316814008108
21.575938473052357,1.5,302.4511013654475,299.2520203330318,298.4318012166288
21.57956407185475,1.5,302.4513347397259,299.2522123586187,298.4319210466904
21.583189670657145,1.5,302.45156810371947,299.2524043726732,298.43204089098845
21.58681526945954,1.5,302.4518014574264,299.2525963752014,298.4321607495159
21.590440868261933,1.5,302.45203480084484,299.2527883662093,298.4322806222656
21.594066467064327,1.5,302.45226813397284,299.2529803457029,298.43240050923043
21.59769206586672,1.5,302.45250145680853,299.25317231368825,298.4325204104033
21.601317664669114,1.5,302.45273476935006,299.2533642701714,298.432640325777
21.604943263471508,1.5,302.45296807159554,299.25355621515826,298.43276025534453
21.608568862273902,1.5,302.45320136354303,299.25374814865495,298.43288019909875
21.612194461076296,1.5,302.4534346451908,299.2539400706674,298.4330001570325
21.61582005987869,1.5,302.45366791653686,299.2541319812016,298.43312012913873
21.619445658681084,1.5,302.4539011775794,299.2543238802636,298.43324011541034
21.623071257483478,1.5,302.45413442831654,299.25451576785935,298.43336011584023
21.62669685628587,1.5,302.45436766874644,299.25470764399483,298.43348013042134
21.630322455088265,1.5,302.4546008988672,299.25489950867603,298.4336001591466
21.63394805389066,1.5,302.45483411867707,299.25509136190897,298.4337202020088
21.637573652693053,1.5,302.45506732817415,299.25528320369955,298.43384025900093
21.641199251495447,1.5,302.45530052735654,299.2554750340538,298.43396033011595
21.64482485029784,1.5,302.45553371622236,299.2556668529776,298.4340804153468
21.648450449100235,1.5,302.45576689476997,299.2558586604769,298.4342005146863
21.65207604790263,1.5,302.4560000629973,299.25605045655783,298.4343206281275
21.655701646705023,1.5,302.4562332209027,299.2562422412262,298.4344407556633
21.659327245507416,1.5,302.45646636848414,299.2564340144879,298.43456089728664
21.66295284430981,1.5,302.45669950574,299.25662577634904,298.43468105299047
21.666578443112204,1.5,302.4569326326683,299.2568175268154,298.43480122276765
21.670204041914598,1.5,302.4571657492673,299.257009265893,298.43492140661135
21.673829640716992,1.5,302.45739885553513,299.2572009935876,298.43504160451425
21.677455239519386,1.5,302.45763195147,299.2573927099054,298.43516181646953
21.68108083832178,1.5,302.4578650370701,299.2575844148521,298.43528204247
21.684706437124174,1.5,302.4580981123336,299.2577761084337,298.43540228250873
21.688332035926567,1.5,302.4583311772587,299.2579677906561,298.4355225365787
21.69195763472896,1.5,302.4585642318435,299.2581594615251,298.43564280467274
21.695583233531355,1.5,302.45879727608633,299.25835112104676,298.43576308678394
21.69920883233375,1.5,302.45903030998534,299.25854276922695,298.4358833829053
21.702834431136143,1.5,302.4592633335388,299.2587344060715,298.43600369302965
21.706460029938537,1.5,302.4594963467447,299.25892603158627,298.4361240171502
21.71008562874093,1.5,302.4597293496015,299.25911764577717,298.43624435525976
21.713711227543325,1.5,302.4599623421072,299.2593092486501,298.4363647073514
21.71733682634572,1.5,302.4601953242601,299.25950084021093,298.43648507341805
21.720962425148112,1.5,302.4604282960585,299.2596924204655,298.4366054534529
21.724588023950506,1.5,302.4606612575005,299.2598839894197,298.43672584744866
21.7282136227529,1.5,302.46089420858436,299.26007554707934,298.4368462553986
21.731839221555294,1.5,302.46112714930825,299.2602670934504,298.4369666772956
21.735464820357688,1.5,302.4613600796705,299.2604586285386,298.43708711313263
21.739090419160082,1.5,302.4615929996694,299.26065015234985,298.43720756290276
21.742716017962476,1.5,302.46182590930295,299.26084166489,298.43732802659906
21.74634161676487,1.5,302.4620588085695,299.2610331661648,298.43744850421456
21.749967215567263,1.5,302.4622916974672,299.2612246561802,298.4375689957422
21.753592814369657,1.5,302.46252457599445,299.26141613494195,298.43768950117504
21.75721841317205,1.5,302.4627574441495,299.2616076024559,298.4378100205061
21.760844011974445,1.5,302.4629903019304,299.26179905872783,298.43793055372845
21.76446961077684,1.5,302.4632231493356,299.2619905037636,298.43805110083514
21.768095209579233,1.5,302.46345598636316,299.26218193756904,298.4381716618191
21.771720808381627,1.5,302.46368881301146,299.2623733601499,298.4382922366736
21.77534640718402,1.5,302.46392162927884,299.262564771512,298.43841282539154
21.778972005986414,1.5,302.4641544351634,299.2627561716612,298.4385334279659
21.78259760478881,1.5,302.4643872306634,299.26294756060315,298.43865404439
21.786223203591202,1.5,302.46462001577714,299.26313893834373,298.43877467465654
21.789848802393596,1.5,302.464852790503,299.26333030488877,298.4388953187589
21.79347440119599,1.5,302.4650855548391,299.263521660244,298.43901597669003
21.797099999998384,1.5,302.4653183087837,299.2637130044152,298.439136648443
21.800725598800778,1.5,302.46555105233523,299.2639043374081,298.43925733401085
21.80435119760317,1.5,302.46578378549185,299.2640956592286,298.43937803338673
21.807976796405566,1.5,302.46601650825187,299.2642869698823,298.43949874656363
21.81160239520796,1.5,302.4662492206136,299.264478269375,298.43961947353466
21.815227994010353,1.5,302.4664819225752,299.2646695577125,298.439740214293
21.818853592812747,1.5,302.4667146141351,299.26486083490056,298.4398609688316
21.82247919161514,1.5,302.4669472952916,299.26505210094484,298.4399817371437
21.826104790417535,1.5,302.4671799660429,299.2652433558511,298.4401025192223
21.82973038921993,1.5,302.4674126263874,299.2654345996252,298.44022331506056
21.833355988022323,1.5,302.4676452763232,299.26562583227275,298.4403441246516
21.836981586824717,1.5,302.4678779158489,299.2658170537995,298.4404649479883
21.84060718562711,1.5,302.46811054496254,299.26600826421117,298.4405857850641
21.844232784429504,1.5,302.4683431636626,299.2661994635135,298.44070663587195
21.847858383231898,1.5,302.4685757719473,299.26639065171224,298.44082750040496
21.851483982034292,1.5,302.468808369815,299.266581828813,298.4409483786563
21.855109580836686,1.5,302.469040957264,299.26677299482157,298.44106927061904
21.85873517963908,1.5,302.4692735342926,299.26696414974356,298.44119017628634
21.862360778441474,1.5,302.4695061008991,299.26715529358484,298.4413110956514
21.865986377243868,1.5,302.4697386570819,299.26734642635097,298.4414320287072
21.86961197604626,1.5,302.46997120283925,299.26753754804764,298.441552975447
21.873237574848655,1.5,302.4702037381695,299.26772865868054,298.4416739358639
21.87686317365105,1.5,302.4704362630711,299.2679197582554,298.4417949099511
21.880488772453443,1.5,302.47066877754224,299.26811084677786,298.44191589770173
21.884114371255837,1.5,302.4709012815813,299.2683019242536,298.4420368991088
21.88773997005823,1.5,302.4711337751866,299.26849299068823,298.4421579141657
21.891365568860625,1.5,302.47136625835657,299.2686840460875,298.4422789428654
21.89499116766302,1.5,302.47159873108944,299.2688750904571,298.44239998520123
21.898616766465413,1.5,302.4718311933836,299.2690661238026,298.44252104116623
21.902242365267806,1.5,302.4720636452374,299.26925714612963,298.4426421107536
21.9058679640702,1.5,302.47229608664924,299.2694481574439,298.44276319395647
21.909493562872594,1.5,302.47252851761743,299.26963915775104,298.44288429076806
21.913119161674988,1.5,302.4727609381403,299.26983014705667,298.44300540118155
21.916744760477382,1.5,302.4729933482163,299.27002112536644,298.44312652519017
21.920370359279776,1.5,302.4732257478437,299.2702120926859,298.44324766278703
21.92399595808217,1.5,302.473458137021,299.2704030490208,298.4433688139653
21.927621556884564,1.5,302.4736905157464,299.2705939943767,298.4434899787183
21.931247155686957,1.5,302.4739228840184,299.27078492875927,298.4436111570391
21.93487275448935,1.5,302.4741552418353,299.27097585217393,298.4437323489209
21.938498353291745,1.5,302.47438758919554,299.27116676462657,298.44385355435696
21.94212395209414,1.5,302.47461992609743,299.2713576661226,298.44397477334047
21.945749550896533,1.5,302.4748522525394,299.27154855666765,298.4440960058647
21.949375149698927,1.5,302.47508456851983,299.2717394362674,298.44421725192274
21.95300074850132,1.5,302.4753168740371,299.27193030492737,298.44433851150785
21.956626347303715,1.5,302.4755491690896,299.2721211626531,298.4444597846133
21.96025194610611,1.5,302.4757814536758,299.27231200945033,298.4445810712323
21.963877544908502,1.5,302.47601372779394,299.2725028453244,298.44470237135806
21.967503143710896,1.5,302.4762459914425,299.2726936702811,298.4448236849838
21.97112874251329,1.5,302.47647824461995,299.27288448432597,298.4449450121027
21.974754341315684,1.5,302.4767104873246,299.27307528746445,298.4450663527082
21.978379940118078,1.5,302.47694271955487,299.2732660797022,298.44518770679326
21.982005538920472,1.5,302.4771749413092,299.27345686104474,298.4453090743513
21.985631137722866,1.5,302.477407152586,299.2736476314977,298.4454304553755
21.98925673652526,1.5,302.47763935338367,299.2738383910665,298.44555184985916
21.992882335327653,1.5,302.47787154370064,299.27402913975675,298.4456732577955
21.996507934130047,1.5,302.4781037235353,299.27421987757396,298.44579467917777
22.00013353293244,1.5,302.47833589288615,299.27441060452367,298.44591611399926
22.003759131734835,1.5,302.47856805175155,299.27460132061157,298.4460375622532
22.00738473053723,1.5,302.4788002001299,299.274792025843,298.44615902393286
22.011010329339623,1.5,302.47903233801964,299.27498272022353,298.44628049903156
22.014635928142017,1.5,302.47926446541925,299.2751734037587,298.4464019875425
22.01826152694441,1.5,302.47949658232716,299.275364076454,298.44652348945897
22.021887125746805,1.5,302.4797286887418,299.27555473831495,298.44664500477427
22.0255127245492,1.5,302.4799607846616,299.2757453893471,298.44676653348165
22.029138323351592,1.5,302.48019287008503,299.27593602955585,298.44688807557446
22.032763922153986,1.5,302.48042494501044,299.2761266589468,298.447009631046
22.03638952095638,1.5,302.48065700943647,299.27631727752544,298.44713119988944
22.040015119758774,1.5,302.48088906336136,299.2765078852972,298.4472527820982
22.043640718561168,1.5,302.4811211067837,299.2766984822676,298.4473743776654
22.04726631736356,1.5,302.4813531397019,299.2768890684421,298.4474959865846
22.050891916165956,1.5,302.48158516211447,299.27707964382626,298.447617608849
22.05451751496835,1.5,302.4818171740198,299.27727020842536,298.44773924445184
22.058143113770743,1.5,302.48204917541636,299.27746076224514,298.4478608933865
22.061768712573137,1.5,302.4822811663026,299.2776513052909,298.44798255564626
22.06539431137553,1.5,302.4825131466771,299.277841837568,298.4481042312245
22.069019910177925,1.5,302.48274511653824,299.27803235908215,298.4482259201144
22.07264550898032,1.5,302.48297707588455,299.2782228698386,298.4483476223094
22.076271107782713,1.5,302.48320902471437,299.2784133698429,298.44846933780286
22.079896706585107,1.5,302.48344096302634,299.27860385910054,298.44859106658805
22.0835223053875,1.5,302.48367289081887,299.2787943376169,298.44871280865834
22.087147904189894,1.5,302.48390480809053,299.27898480539733,298.448834564007
22.09077350299229,1.5,302.4841367148396,299.27917526244727,298.4489563326274
22.094399101794682,1.5,302.48436861106484,299.2793657087723,298.449078114513
22.098024700597076,1.5,302.48460049676453,299.27955614437775,298.44919990965707
22.10165029939947,1.5,302.4848323719373,299.2797465692691,298.44932171805283
22.105275898201864,1.5,302.4850642365816,299.27993698345165,298.44944353969385
22.108901497004258,1.5,302.4852960906959,299.28012738693093,298.4495653745733
22.11252709580665,1.5,302.4855279342787,299.2803177797123,298.44968722268464
22.116152694609045,1.5,302.4857597673285,299.2805081618011,298.4498090840213
22.11977829341144,1.5,302.4859915898439,299.2806985332028,298.4499309585765
22.123403892213833,1.5,302.48622340182334,299.28088889392285,298.4500528463437
22.127029491016227,1.5,302.48645520326534,299.28107924396653,298.4501747473162
22.13065508981862,1.5,302.4866869941684,299.2812695833393,298.4502966614875
22.134280688621015,1.5,302.48691877453103,299.28145991204644,298.45041858885094
22.13790628742341,1.5,302.48715054435183,299.2816502300935,298.45054052939986
22.141531886225803,1.5,302.4873823036293,299.2818405374857,298.4506624831277
22.145157485028196,1.5,302.4876140523619,299.2820308342286,298.4507844500278
22.14878308383059,1.5,302.4878457905482,299.2822211203273,298.45090643009354
22.152408682632984,1.5,302.4880775181867,299.28241139578734,298.45102842331846
22.156034281435378,1.5,302.488309235276,299.2826016606141,298.4511504296957
22.159659880237772,1.5,302.4885409418146,299.2827919148128,298.45127244921895
22.163285479040166,1.5,302.48877263780105,299.2829821583889,298.45139448188144
22.16691107784256,1.5,302.4890043232338,299.2831723913477,298.4515165276767
22.170536676644954,1.5,302.48923599811155,299.2833626136946,298.451638586598
22.174162275447348,1.5,302.4894676624327,299.2835528254348,298.4517606586389
22.17778787424974,1.5,302.4896993161959,299.28374302657386,298.45188274379274
22.181413473052135,1.5,302.48993095939966,299.28393321711695,298.4520048420528
22.18503907185453,1.5,302.49016259204257,299.2841233970694,298.45212695341274
22.188664670656923,1.5,302.49039421412317,299.2843135664366,298.45224907786593
22.192290269459317,1.5,302.49062582563994,299.28450372522383,298.45237121540583
22.19591586826171,1.5,302.4908574265915,299.2846938734364,298.4524933660258
22.199541467064105,1.5,302.49108901697645,299.2848840110796,298.45261552971937
22.2031670658665,1.5,302.49132059679334,299.28507413815873,298.4527377064798
22.206792664668892,1.5,302.4915521660408,299.2852642546792,298.4528598963008
22.210418263471286,1.5,302.4917837247172,299.2854543606462,298.45298209917564
22.21404386227368,1.5,302.4920152728213,299.28564445606503,298.4531043150978
22.217669461076074,1.5,302.4922468103516,299.28583454094104,298.4532265440607
22.221295059878468,1.5,302.4924783373067,299.2860246152795,298.453348786058
22.224920658680862,1.5,302.4927098536852,299.2862146790857,298.4534710410829
22.228546257483256,1.5,302.4929413594856,299.2864047323648,298.453593309129
22.23217185628565,1.5,302.49317285470653,299.2865947751223,298.45371559018974
22.235797455088044,1.5,302.4934043393467,299.2867848073632,298.4538378842586
22.239423053890437,1.5,302.4936358134046,299.28697482909297,298.4539601913291
22.24304865269283,1.5,302.4938672768787,299.2871648403169,298.4540825113947
22.246674251495225,1.5,302.4940987297678,299.2873548410401,298.4542048444488
22.25029985029762,1.5,302.49433017207036,299.28754483126784,298.45432719048495
22.253925449100013,1.5,302.49456160378514,299.28773481100546,298.45444954949664
22.257551047902407,1.5,302.49479302491056,299.28792478025815,298.4545719214774
22.2611766467048,1.5,302.4950244354454,299.28811473903113,298.4546943064206
22.264802245507195,1.5,302.4952558353881,299.2883046873297,298.45481670431985
22.26842784430959,1.5,302.49548722473736,299.288494625159,298.45493911516866
22.272053443111982,1.5,302.49571860349175,299.2886845525244,298.4550615389605
22.275679041914376,1.5,302.4959499716499,299.28887446943105,298.4551839756888
22.27930464071677,1.5,302.4961813292105,299.2890643758841,298.45530642534726
22.282930239519164,1.5,302.49641267617216,299.2892542718889,298.4554288879292
22.286555838321558,1.5,302.4966440125334,299.28944415745065,298.45555136342824
22.29018143712395,1.5,302.49687533829297,299.28963403257455,298.4556738518379
22.293807035926346,1.5,302.49710665344935,299.2898238972657,298.4557963531517
22.29743263472874,1.5,302.49733795800137,299.2900137515294,298.4559188673631
22.301058233531133,1.5,302.4975692519474,299.2902035953708,298.4560413944657
22.304683832333527,1.5,302.4978005352864,299.2903934287952,298.456163934453
22.30830943113592,1.5,302.49803180801666,299.2905832518077,298.4562864873186
22.311935029938315,1.5,302.49826307013706,299.2907730644135,298.45640905305595
22.31556062874071,1.5,302.49849432164615,299.29096286661775,298.45653163165866
22.319186227543103,1.5,302.49872556254263,299.2911526584257,298.45665422312027
22.322811826345497,1.5,302.49895679282514,299.2913424398425,298.4567768274343
22.32643742514789,1.5,302.4991880124923,299.2915322108733,298.4568994445943
22.330063023950284,1.5,302.4994192215427,299.29172197152326,298.45702207459385
22.33368862275268,1.5,302.4996504199752,299.2919117217976,298.45714471742644
22.337314221555072,1.5,302.49988160778827,299.2921014617014,298.4572673730858
22.340939820357466,1.5,302.5001127849806,299.29229119123994,298.4573900415654
22.34456541915986,1.5,302.5003439515509,299.29248091041825,298.4575127228588
22.348191017962254,1.5,302.50057510749787,299.29267061924156,298.4576354169595
22.351816616764648,1.5,302.5008062528201,299.29286031771494,298.45775812386114
22.35544221556704,1.5,302.50103738751625,299.29305000584355,298.45788084355735
22.359067814369435,1.5,302.50126851158507,299.2932396836326,298.4580035760416
22.36269341317183,1.5,302.50149962502513,299.2934293510871,298.45812632130765
22.366319011974223,1.5,302.5017307278352,299.2936190082123,298.45824907934895
22.369944610776617,1.5,302.5019618200139,299.2938086550133,298.4583718501591
22.37357020957901,1.5,302.50219290155997,299.29399829149514,298.45849463373173
22.377195808381405,1.5,302.502423972472,299.29418791766307,298.45861743006043
22.3808214071838,1.5,302.5026550327488,299.29437753352204,298.45874023913876
22.384447005986193,1.5,302.502886082389,299.2945671390773,298.4588630609604
22.388072604788587,1.5,302.5031171213913,299.2947567343338,298.45898589551894
22.39169820359098,1.5,302.50334814975434,299.2949463192968,298.4591087428079
22.395323802393374,1.5,302.50357916747697,299.29513589397135,298.45923160282103
22.398949401195768,1.5,302.5038101745577,299.29532545836247,298.45935447555183
22.402574999998162,1.5,302.5040411709953,299.2955150124754,298.45947736099396
22.406200598800556,1.5,302.50427215678855,299.2957045563151,298.45960025914115
22.40982619760295,1.5,302.504503131936,299.29589408988664,298.4597231699869
22.413451796405344,1.5,302.50473409643655,299.29608361319515,298.45984609352485
22.417077395207738,1.5,302.5049650502887,299.29627312624575,298.45996902974866
22.42070299401013,1.5,302.5051959934914,299.2964626290435,298.460091978652
22.424328592812525,1.5,302.5054269260432,299.2966521215934,298.46021494022835
22.42795419161492,1.5,302.5056578479428,299.2968416039006,298.46033791447155
22.431579790417313,1.5,302.5058887591891,299.29703107597004,298.46046090137514
22.435205389219707,1.5,302.50611965978055,299.29722053780677,298.46058390093276
22.4388309880221,1.5,302.5063505497161,299.29740998941594,298.46070691313815
22.442456586824495,1.5,302.5065814289944,299.2975994308026,298.4608299379849
22.44608218562689,1.5,302.5068122976142,299.2977888619718,298.4609529754666
22.449707784429282,1.5,302.5070431555742,299.2979782829285,298.4610760255771
22.453333383231676,1.5,302.5072740028732,299.29816769367784,298.4611990883099
22.45695898203407,1.5,302.5075048395098,299.2983570942248,298.46132216365874
22.460584580836464,1.5,302.50773566548287,299.29854648457433,298.4614452516173
22.464210179638858,1.5,302.50796648079114,299.29873586473155,298.4615683521792
22.467835778441252,1.5,302.5081972854333,299.29892523470147,298.46169146533816
22.471461377243646,1.5,302.5084280794082,299.2991145944891,298.46181459108783
22.47508697604604,1.5,302.50865886271436,299.2993039440994,298.4619377294219
22.478712574848434,1.5,302.5088896353508,299.29949328353746,298.46206088033404
22.482338173650827,1.5,302.5091203973161,299.29968261280817,298.462184043818
22.48596377245322,1.5,302.5093511486091,299.2998719319167,298.4623072198674
22.489589371255615,1.5,302.5095818892285,299.300061240868,298.462430408476
22.49321497005801,1.5,302.5098126191731,299.300250539667,298.4625536096375
22.496840568860403,1.5,302.5100433384417,299.3004398283187,298.46267682334553
22.500466167662797,1.5,302.51027404703296,299.30062910682807,298.4628000495938
22.50409176646519,1.5,302.5105047449457,299.3008183752002,298.46292328837615
22.507717365267585,1.5,302.5107354321787,299.30100763343995,298.46304653968616
22.51134296406998,1.5,302.51096610873077,299.3011968815524,298.4631698035176
22.514968562872372,1.5,302.5111967746006,299.3013861195424,298.4632930798641
22.518594161674766,1.5,302.51142742978703,299.30157534741505,298.46341636871955
22.52221976047716,1.5,302.51165807428885,299.30176456517523,298.4635396700775
22.525845359279554,1.5,302.5118887081048,299.30195377282786,298.46366298393184
22.529470958081948,1.5,302.51211933123363,299.30214297037804,298.4637863102761
22.53309655688434,1.5,302.5123499436742,299.3023321578306,298.4639096491042
22.536722155686736,1.5,302.5125805454253,299.3025213351906,298.46403300040976
22.54034775448913,1.5,302.51281113648565,299.30271050246284,298.4641563641866
22.543973353291523,1.5,302.5130417168541,299.3028996596524,298.46427974042837
22.547598952093917,1.5,302.5132722865294,299.30308880676404,298.4644031291289
22.55122455089631,1.5,302.51350284551046,299.3032779438029,298.46452653028194
22.554850149698705,1.5,302.5137333937959,299.30346707077376,298.46464994388117
22.5584757485011,1.5,302.51396393138475,299.30365618768167,298.46477336992047
22.562101347303493,1.5,302.5141944582756,299.30384529453147,298.46489680839346
22.565726946105887,1.5,302.5144249744674,299.3040343913281,298.46502025929396
22.56935254490828,1.5,302.51465547995883,299.3042234780765,298.4651437226157
22.572978143710674,1.5,302.51488597474884,299.30441255478155,298.46526719835254
22.57660374251307,1.5,302.51511645883613,299.30460162144817,298.46539068649815
22.580229341315462,1.5,302.5153469322196,299.30479067808125,298.4655141870464
22.583854940117856,1.5,302.515577394898,299.30497972468567,298.4656376999909
22.58748053892025,1.5,302.51580784687025,299.3051687612664,298.46576122532565
22.591106137722644,1.5,302.51603828813506,299.3053577878283,298.4658847630443
22.594731736525038,1.5,302.5162687186913,299.3055468043762,298.46600831314066
22.59835733532743,1.5,302.5164991385379,299.3057358109151,298.4661318756085
22.601982934129826,1.5,302.5167295476735,299.3059248074498,298.4662554504416
22.60560853293222,1.5,302.5169599460971,299.3061137939852,298.4663790376338
22.609234131734613,1.5,302.5171903338074,299.30630277052614,298.466502637179
22.612859730537007,1.5,302.51742071080326,299.3064917370776,298.4666262490708
22.6164853293394,1.5,302.51765107708366,299.30668069364435,298.4667498733032
22.620110928141795,1.5,302.5178814326473,299.3068696402312,298.4668735098698
22.62373652694419,1.5,302.51811177749306,299.30705857684313,298.46699715876457
22.627362125746583,1.5,302.51834211161975,299.307247503485,298.46712081998123
22.630987724548977,1.5,302.51857243502633,299.3074364201616,298.4672444935137
22.63461332335137,1.5,302.5188027477115,299.30762532687777,298.4673681793557
22.638238922153764,1.5,302.5190330496743,299.3078142236384,298.46749187750106
22.641864520956158,1.5,302.5192633409134,299.3080031104483,298.4676155879437
22.645490119758552,1.5,302.5194936214278,299.30819198731234,298.46773931067736
22.649115718560946,1.5,302.51972389121624,299.30838085423534,298.4678630456959
22.65274131736334,1.5,302.5199541502776,299.3085697112221,298.46798679299314
22.656366916165734,1.5,302.5201843986109,299.3087585582775,298.46811055256296
22.659992514968128,1.5,302.5204146362148,299.3089473954063,298.46823432439913
22.66361811377052,1.5,302.52064486308836,299.3091362226134,298.46835810849564
22.667243712572915,1.5,302.5208750792302,299.3093250399035,298.4684819048461
22.67086931137531,1.5,302.5211052846395,299.3095138472816,298.4686057134446
22.674494910177703,1.5,302.52133547931487,299.30970264475235,298.4687295342849
22.678120508980097,1.5,302.52156566325533,299.30989143232057,298.4688533673608
22.68174610778249,1.5,302.5217958364598,299.31008020999104,298.46897721266623
22.685371706584885,1.5,302.522025998927,299.31026897776877,298.46910107019505
22.68899730538728,1.5,302.5222561506559,299.31045773565825,298.4692249399411
22.692622904189673,1.5,302.52248629164546,299.31064648366447,298.46934882189834
22.696248502992066,1.5,302.5227164218945,299.3108352217921,298.46947271606047
22.69987410179446,1.5,302.52294654140184,299.3110239500461,298.4695966224215
22.703499700596854,1.5,302.5231766501665,299.3112126684311,298.46972054097523
22.707125299399248,1.5,302.5234067481873,299.31140137695184,298.46984447171565
22.710750898201642,1.5,302.52363683546315,299.3115900756132,298.4699684146365
22.714376497004036,1.5,302.52386691199297,299.31177876441996,298.47009236973184
22.71800209580643,1.5,302.52409697777574,299.31196744337683,298.4702163369954
22.721627694608824,1.5,302.52432703281016,299.3121561124885,298.4703403164212
22.725253293411217,1.5,302.5245570770954,299.31234477175985,298.47046430800305
22.72887889221361,1.5,302.5247871106301,299.3125334211956,298.4705883117349
22.732504491016005,1.5,302.52501713341337,299.3127220608005,298.47071232761056
22.7361300898184,1.5,302.525247145444,299.3129106905793,298.4708363556241
22.739755688620793,1.5,302.52547714672096,299.3130993105367,298.4709603957692
22.743381287423187,1.5,302.5257071372432,299.3132879206775,298.4710844480401
22.74700688622558,1.5,302.5259371170096,299.3134765210064,298.47120851243034
22.750632485027975,1.5,302.5261670860191,299.3136651115281,298.47133258893416
22.75425808383037,1.5,302.5263970442706,299.31385369224745,298.4714566775453
22.757883682632762,1.5,302.526626991763,299.3140422631691,298.47158077825776
22.761509281435156,1.5,302.52685692849536,299.3142308242977,298.4717048910654
22.76513488023755,1.5,302.5270868544664,299.31441937563807,298.4718290159622
22.768760479039944,1.5,302.5273167696752,299.3146079171949,298.47195315294204
22.772386077842338,1.5,302.52754667412074,299.31479644897286,298.4720773019989
22.776011676644732,1.5,302.5277765678019,299.31498497097675,298.4722014631268
22.779637275447126,1.5,302.5280064507176,299.31517348321125,298.47232563631957
22.78326287424952,1.5,302.5282363228668,299.31536198568097,298.47244982157116
22.786888473051913,1.5,302.52846618424843,299.31555047839066,298.47257401887555
22.790514071854307,1.5,302.5286960348614,299.315738961345,298.4726982282267
22.7941396706567,1.5,302.5289258747047,299.3159274345488,298.47282244961855
22.797765269459095,1.5,302.52915570377735,299.31611589800656,298.47294668304505
22.80139086826149,1.5,302.5293855220782,299.3163043517231,298.4730709285002
22.805016467063883,1.5,302.5296153296063,299.31649279570297,298.47319518597794
22.808642065866277,1.5,302.52984512636044,299.316681229951,298.47331945547216
22.81226766466867,1.5,302.5300749123398,299.3168696544717,298.473443736977
22.815893263471065,1.5,302.53030468754315,299.3170580692699,298.47356803048626
22.81951886227346,1.5,302.53053445196963,299.31724647435016,298.47369233599403
22.823144461075852,1.5,302.5307642056181,299.3174348697172,298.47381665349417
22.826770059878246,1.5,302.53099394848743,299.31762325537557,298.4739409829808
22.83039565868064,1.5,302.53122368057683,299.3178116313301,298.4740653244479
22.834021257483034,1.5,302.53145340188513,299.3179999975853,298.4741896778894
22.837646856285428,1.5,302.53168311241126,299.31818835414583,298.4743140432993
22.84127245508782,1.5,302.5319128121543,299.3183767010164,298.4744384206715
22.844898053890216,1.5,302.53214250111324,299.31856503820165,298.4745628100001
22.84852365269261,1.5,302.5323721792869,299.31875336570613,298.47468721127916
22.852149251495003,1.5,302.5326018466744,299.31894168353455,298.4748116245026
22.855774850297397,1.5,302.53283150327485,299.31912999169157,298.47493604966445
22.85940044909979,1.5,302.53306114908696,299.31931829018174,298.47506048675865
22.863026047902185,1.5,302.53329078410985,299.31950657900967,298.47518493577934
22.86665164670458,1.5,302.53352040834255,299.31969485818007,298.47530939672043
22.870277245506973,1.5,302.53375002178404,299.3198831276974,298.475433869576
22.873902844309367,1.5,302.53397962443324,299.32007138756643,298.47555835434
22.87752844311176,1.5,302.53420921628924,299.3202596377917,298.4756828510065
22.881154041914154,1.5,302.5344387973511,299.3204478783779,298.47580735956956
22.88477964071655,1.5,302.5346683676176,299.3206361093295,298.4759318800231
22.888405239518942,1.5,302.53489792708785,299.3208243306512,298.4760564123613
22.892030838321336,1.5,302.53512747576093,299.3210125423475,298.47618095657805
22.89565643712373,1.5,302.53535701363586,299.32120074442304,298.4763055126675
22.899282035926124,1.5,302.5355865407115,299.32138893688244,298.4764300806237
22.902907634728518,1.5,302.535816056987,299.32157711973025,298.4765546604406
22.90653323353091,1.5,302.53604556246137,299.32176529297107,298.4766792521124
22.910158832333305,1.5,302.53627505713354,299.3219534566095,298.4768038556329
22.9137844311357,1.5,302.5365045410026,299.32214161065,298.47692847099637
22.917410029938093,1.5,302.5367340140675,299.32232975509726,298.47705309819673
22.921035628740487,1.5,302.5369634763274,299.32251788995586,298.4771777372282
22.92466122754288,1.5,302.5371929277813,299.3227060152302,298.47730238808475
22.928286826345275,1.5,302.53742236842805,299.322894130925,298.4774270507604
22.93191242514767,1.5,302.5376517982669,299.32308223704473,298.4775517252493
22.935538023950063,1.5,302.53788121729673,299.3232703335941,298.47767641154553
22.939163622752456,1.5,302.5381106255167,299.3234584205774,298.47780110964305
22.94278922155485,1.5,302.53834002292575,299.32364649799945,298.477925819536
22.946414820357244,1.5,302.538569409523,299.32383456586456,298.47805054121847
22.950040419159638,1.5,302.5387987853074,299.3240226241775,298.4781752746846
22.953666017962032,1.5,302.539028150278,299.3242106729425,298.47830001992844
22.957291616764426,1.5,302.5392575044339,299.3243987121644,298.478424776944
22.96091721556682,1.5,302.5394868477741,299.32458674184755,298.47854954572546
22.964542814369214,1.5,302.5397161802977,299.32477476199654,298.4786743262669
22.968168413171608,1.5,302.53994550200383,299.32496277261583,298.47879911856245
22.971794011974,1.5,302.5401748128914,299.32515077371005,298.4789239226061
22.975419610776395,1.5,302.54040411295944,299.3253387652836,298.47904873839207
22.97904520957879,1.5,302.5406334022071,299.32552674734103,298.4791735659144
22.982670808381183,1.5,302.5408626806335,299.3257147198869,298.4792984051672
22.986296407183577,1.5,302.54109194823764,299.32590268292574,298.47942325614457
22.98992200598597,1.5,302.5413212050185,299.3260906364619,298.47954811884074
22.993547604788365,1.5,302.54155045097525,299.3262785805,298.47967299324966
22.99717320359076,1.5,302.54177968610685,299.3264665150445,298.47979787936566
23.000798802393152,1.5,302.54200891041256,299.32665444009984,298.4799227771827
23.004424401195546,1.5,302.5422381238913,299.3268423556706,298.48004768669495
23.00804999999794,1.5,302.54246732654224,299.32703026176125,298.4801726078966
23.011675598800334,1.5,302.5426965183643,299.3272181583762,298.48029754078163
23.015301197602728,1.5,302.5429256993567,299.32740604552,298.4804224853443
23.018926796405122,1.5,302.5431548695185,299.32759392319707,298.4805474415788
23.022552395207516,1.5,302.5433840288488,299.3277817914119,298.4806724094791
23.02617799400991,1.5,302.5436131773466,299.327969650169,298.4807973890395
23.029803592812303,1.5,302.5438423150111,299.3281574994728,298.48092238025407
23.033429191614697,1.5,302.5440714418412,299.32834533932777,298.48104738311696
23.03705479041709,1.5,302.5443005578362,299.3285331697383,298.48117239762246
23.040680389219485,1.5,302.5445296629951,299.3287209907089,298.4812974237645
23.04430598802188,1.5,302.544758757317,299.3289088022441,298.48142246153736
23.047931586824273,1.5,302.54498784080107,299.32909660434825,298.4815475109353
23.051557185626667,1.5,302.5452169134464,299.3292843970258,298.4816725719523
23.05518278442906,1.5,302.54544597525194,299.32947218028124,298.4817976445826
23.058808383231455,1.5,302.5456750262169,299.32965995411894,298.4819227288205
23.06243398203385,1.5,302.54590406634037,299.32984771854336,298.48204782466
23.066059580836242,1.5,302.54613309562154,299.330035473559,298.48217293209535
23.069685179638636,1.5,302.5463621140594,299.33022321917014,298.4822980511207
23.07331077844103,1.5,302.54659112165314,299.33041095538135,298.48242318173027
23.076936377243424,1.5,302.5468201184018,299.330598682197,298.4825483239182
23.080561976045818,1.5,302.5470491043046,299.33078639962145,298.48267347767876
23.08418757484821,1.5,302.5472780793606,299.3309741076592,298.48279864300605
23.087813173650606,1.5,302.5475070435689,299.3311618063145,298.4829238198943
23.091438772453,1.5,302.5477359969286,299.33134949559206,298.4830490083378
23.095064371255393,1.5,302.547964939439,299.331537175496,298.4831742083306
23.098689970057787,1.5,302.54819387109904,299.33172484603085,298.48329941986697
23.10231556886018,1.5,302.54842279190785,299.33191250720097,298.48342464294115
23.105941167662575,1.5,302.5486517018647,299.33210015901074,298.48354987754726
23.10956676646497,1.5,302.54888060096863,299.3322878014646,298.48367512367963
23.113192365267363,1.5,302.5491094892187,299.33247543456685,298.4838003813324
23.116817964069757,1.5,302.54933836661417,299.332663058322,298.4839256504998
23.12044356287215,1.5,302.5495672331542,299.3328506727343,298.4840509311761
23.124069161674544,1.5,302.5497960888378,299.33303827780827,298.48417622335546
23.12769476047694,1.5,302.55002493366425,299.33322587354814,298.48430152703213
23.131320359279332,1.5,302.5502537676326,299.33341345995836,298.48442684220026
23.134945958081726,1.5,302.55048259074204,299.3336010370433,298.48455216885424
23.13857155688412,1.5,302.5507114029916,299.3337886048073,298.48467750698813
23.142197155686514,1.5,302.5509402043807,299.3339761632547,298.4848028565964
23.145822754488908,1.5,302.5511689949082,299.3341637123899,298.4849282176731
23.1494483532913,1.5,302.55139777457345,299.33435125221723,298.4850535902125
23.153073952093695,1.5,302.5516265433755,299.33453878274105,298.4851789742089
23.15669955089609,1.5,302.55185530131365,299.33472630396574,298.48530436965655
23.160325149698483,1.5,302.55208404838686,299.3349138158955,298.48542977654967
23.163950748500877,1.5,302.55231278459445,299.33510131853484,298.4855551948826
23.16757634730327,1.5,302.55254150993545,299.33528881188806,298.4856806246494
23.171201946105665,1.5,302.5527702244092,299.3354762959595,298.48580606584454
23.17482754490806,1.5,302.5529989280147,299.3356637707534,298.4859315184622
23.178453143710453,1.5,302.5532276207513,299.33585123627415,298.4860569824967
23.182078742512847,1.5,302.5534563026179,299.3360386925261,298.48618245794216
23.18570434131524,1.5,302.55368497361394,299.3362261395135,298.486307944793
23.189329940117634,1.5,302.5539136337385,299.3364135772407,298.4864334430435
23.192955538920028,1.5,302.5541422829908,299.33660100571205,298.4865589526878
23.196581137722422,1.5,302.5543709213699,299.33678842493185,298.4866844737204
23.200206736524816,1.5,302.55459954887516,299.3369758349044,298.4868100061354
23.20383233532721,1.5,302.55482816550557,299.33716323563397,298.4869355499271
23.207457934129604,1.5,302.55505677126047,299.3373506271249,298.4870611050899
23.211083532931998,1.5,302.55528536613895,299.3375380093815,298.487186671618
23.21470913173439,1.5,302.55551395014027,299.33772538240805,298.48731224950575
23.218334730536785,1.5,302.55574252326363,299.3379127462088,298.4874378387474
23.22196032933918,1.5,302.5559710855082,299.33810010078804,298.48756343933724
23.225585928141573,1.5,302.55619963687315,299.3382874461501,298.4876890512696
23.229211526943967,1.5,302.55642817735765,299.3384747822993,298.4878146745389
23.23283712574636,1.5,302.55665670696106,299.3386621092398,298.48794030913933
23.236462724548755,1.5,302.5568852256824,299.33884942697597,298.4880659550653
23.24008832335115,1.5,302.55711373352096,299.3390367355121,298.4881916123109
23.243713922153542,1.5,302.5573422304759,299.3392240348523,298.48831728087066
23.247339520955936,1.5,302.55757071654654,299.339411325001,298.4884429607389
23.25096511975833,1.5,302.55779919173193,299.3395986059624,298.4885686519098
23.254590718560724,1.5,302.55802765603147,299.3397858777408,298.4886943543778
23.258216317363118,1.5,302.5582561094442,299.3399731403404,298.4888200681373
23.261841916165512,1.5,302.5584845519694,299.3401603937654,298.48894579318244
23.265467514967906,1.5,302.5587129836063,299.34034763802026,298.48907152950767
23.2690931137703,1.5,302.5589414043542,299.34053487310905,298.48919727710734
23.272718712572694,1.5,302.5591698142121,299.340722099036,298.48932303597576
23.276344311375087,1.5,302.55939821317946,299.34090931580545,298.48944880610725
23.27996991017748,1.5,302.5596266012554,299.3410965234215,298.4895745874962
23.283595508979875,1.5,302.55985497843915,299.3412837218886,298.4897003801369
23.28722110778227,1.5,302.56008334473,299.34147091121076,298.48982618402385
23.290846706584663,1.5,302.56031170012704,299.3416580913924,298.4899519991513
23.294472305387057,1.5,302.56054004462965,299.3418452624375,298.4900778255136
23.29809790418945,1.5,302.56076837823696,299.34203242435046,298.4902036631051
23.301723502991845,1.5,302.5609967009483,299.3422195771355,298.4903295119202
23.30534910179424,1.5,302.56122501276286,299.3424067207968,298.4904553719533
23.308974700596632,1.5,302.56145331367986,299.3425938553386,298.49058124319873
23.312600299399026,1.5,302.56168160369856,299.342780980765,298.49070712565083
23.31622589820142,1.5,302.56190988281827,299.3429680970803,298.49083301930403
23.319851497003814,1.5,302.5621381510382,299.3431552042887,298.49095892415266
23.323477095806208,1.5,302.56236640835755,299.3433423023943,298.4910848401912
23.3271026946086,1.5,302.56259465477564,299.34352939140143,298.4912107674139
23.330728293410996,1.5,302.5628228902916,299.34371647131417,298.49133670581523
23.33435389221339,1.5,302.5630511149049,299.3439035421368,298.4914626553896
23.337979491015783,1.5,302.5632793286146,299.34409060387344,298.49158861613137
23.341605089818177,1.5,302.56350753142004,299.3442776565283,298.4917145880349
23.34523068862057,1.5,302.56373572332046,299.34446470010556,298.49184057109466
23.348856287422965,1.5,302.5639639043152,299.3446517346094,298.49196656530495
23.35248188622536,1.5,302.5641920744034,299.34483876004396,298.49209257066025
23.356107485027753,1.5,302.5644202335845,299.34502577641337,298.492218587155
23.359733083830147,1.5,302.5646483818575,299.34521278372193,298.4923446147835
23.36335868263254,1.5,302.56487651922197,299.34539978197375,298.4924706535403
23.366984281434934,1.5,302.56510464567697,299.3455867711729,298.4925967034197
23.37060988023733,1.5,302.5653327612219,299.3457737513237,298.4927227644161
23.374235479039722,1.5,302.56556086585596,299.3459607224301,298.4928488365241
23.377861077842116,1.5,302.5657889595784,299.34614768449643,298.49297491973795
23.38148667664451,1.5,302.5660170423886,299.34633463752675,298.4931010140521
23.385112275446904,1.5,302.5662451142858,299.3465215815252,298.49322711946104
23.388737874249298,1.5,302.5664731752692,299.346708516496,298.4933532359592
23.39236347305169,1.5,302.5667012253382,299.34689544244316,298.4934793635409
23.395989071854085,1.5,302.56692926449205,299.34708235937086,298.49360550220075
23.39961467065648,1.5,302.56715729273003,299.3472692672833,298.49373165193305
23.403240269458873,1.5,302.5673853100515,299.34745616618454,298.49385781273236
23.406865868261267,1.5,302.5676133164556,299.3476430560788,298.493983984593
23.41049146706366,1.5,302.56784131194183,299.3478299369701,298.4941101675095
23.414117065866055,1.5,302.56806929650935,299.3480168088625,298.4942363614763
23.41774266466845,1.5,302.5682972701575,299.3482036717603,298.4943625664879
23.421368263470843,1.5,302.5685252328855,299.3483905256675,298.4944887825386
23.424993862273237,1.5,302.5687531846927,299.3485773705882,298.49461500962303
23.42861946107563,1.5,302.5689811255785,299.34876420652654,298.4947412477356
23.432245059878024,1.5,302.56920905554216,299.3489510334866,298.4948674968707
23.435870658680418,1.5,302.56943697458286,299.34913785147245,298.49499375702294
23.439496257482812,1.5,302.5696648827,299.3493246604884,298.4951200281867
23.443121856285206,1.5,302.569892779893,299.34951146053817,298.49524631035644
23.4467474550876,1.5,302.5701206661611,299.3496982516262,298.4953726035267
23.450373053889994,1.5,302.57034854150356,299.3498850337564,298.4954989076919
23.453998652692388,1.5,302.5705764059196,299.3500718069329,298.49562522284657
23.45762425149478,1.5,302.5708042594088,299.35025857115966,298.49575154898514
23.461249850297175,1.5,302.57103210197033,299.35044532644093,298.4958778861021
23.46487544909957,1.5,302.57125993360347,299.35063207278074,298.496004234192
23.468501047901963,1.5,302.57148775430767,299.35081881018317,298.4961305932493
23.472126646704357,1.5,302.57171556408224,299.35100553865226,298.49625696326854
23.47575224550675,1.5,302.57194336292645,299.35119225819204,298.4963833442441
23.479377844309145,1.5,302.5721711508396,299.35137896880667,298.49650973617065
23.48300344311154,1.5,302.5723989278211,299.35156567050007,298.4966361390425
23.486629041913933,1.5,302.57262669387023,299.3517523632765,298.49676255285436
23.490254640716326,1.5,302.57285444898633,299.35193904713975,298.4968889776006
23.49388023951872,1.5,302.5730821931688,299.35212572209406,298.4970154132758
23.497505838321114,1.5,302.573309926417,299.35231238814345,298.49714185987443
23.501131437123508,1.5,302.57353764873017,299.35249904529195,298.49726831739105
23.504757035925902,1.5,302.57376536010764,299.3526856935436,298.49739478582006
23.508382634728296,1.5,302.57399306054884,299.35287233290245,298.49752126515614
23.51200823353069,1.5,302.57422075005314,299.35305896337246,298.49764775539376
23.515633832333084,1.5,302.5744484286198,299.35324558495773,298.49777425652746
23.519259431135477,1.5,302.5746760962482,299.3534321976623,298.49790076855174
23.52288502993787,1.5,302.5749037529377,299.3536188014902,298.49802729146114
23.526510628740265,1.5,302.5751313986877,299.35380539644547,298.4981538252503
23.53013622754266,1.5,302.5753590334974,299.35399198253197,298.4982803699136
23.533761826345053,1.5,302.5755866573664,299.35417855975385,298.4984069254457
23.537387425147447,1.5,302.57581427029385,299.35436512811515,298.498533491841
23.54101302394984,1.5,302.57604187227923,299.3545516876198,298.4986600690942
23.544638622752235,1.5,302.57626946332186,299.35473823827186,298.49878665719973
23.54826422155463,1.5,302.5764970434211,299.35492478007535,298.4989132561524
23.551889820357022,1.5,302.57672461257636,299.35511131303423,298.49903986594643
23.555515419159416,1.5,302.576952170787,299.35529783715253,298.49916648657654
23.55914101796181,1.5,302.5771797180523,299.3554843524342,298.4992931180373
23.562766616764204,1.5,302.57740725437185,299.35567085888323,298.49941976032324
23.566392215566598,1.5,302.5776347797447,299.3558573565037,298.499546413429
23.570017814368992,1.5,302.57786229417053,299.3560438452995,298.499673077349
23.573643413171386,1.5,302.57808979764854,299.3562303252747,298.499799752078
23.57726901197378,1.5,302.5783172901782,299.3564167964331,298.4999264376104
23.580894610776173,1.5,302.5785447717588,299.3566032587789,298.50005313394087
23.584520209578567,1.5,302.57877224238985,299.35678971231596,298.500179841064
23.58814580838096,1.5,302.5789997020706,299.3569761570483,298.50030655897433
23.591771407183355,1.5,302.57922715080053,299.3571625929798,298.5004332876665
23.59539700598575,1.5,302.57945458857904,299.35734902011455,298.5005600271351
23.599022604788143,1.5,302.57968201540547,299.35753543845635,298.5006867773746
23.602648203590537,1.5,302.57990943127925,299.35772184800925,298.5008135383798
23.60627380239293,1.5,302.5801368361997,299.3579082487773,298.5009403101451
23.609899401195324,1.5,302.5803642301663,299.3580946407643,298.5010670926652
23.61352499999772,1.5,302.5805916131785,299.3582810239743,298.5011938859347
23.617150598800112,1.5,302.5808189852355,299.3584673984112,298.50132068994816
23.620776197602506,1.5,302.58104634633685,299.35865376407895,298.50144750470025
23.6244017964049,1.5,302.58127369648196,299.3588401209815,298.5015743301856
23.628027395207294,1.5,302.58150103567016,299.35902646912274,298.5017011663987
23.631652994009688,1.5,302.58172836390094,299.3592128085067,298.50182801333426
23.63527859281208,1.5,302.5819556811736,299.35939913913717,298.5019548709868
23.638904191614476,1.5,302.5821829874876,299.3595854610182,298.5020817393511
23.64252979041687,1.5,302.58241028284243,299.3597717741537,298.5022086184218
23.646155389219263,1.5,302.58263756723744,299.35995807854755,298.5023355081933
23.649780988021657,1.5,302.5828648406721,299.3601443742038,298.50246240866045
23.65340658682405,1.5,302.5830921031457,299.3603306611262,298.5025893198177
23.657032185626445,1.5,302.58331935465776,299.3605169393187,298.5027162416598
23.66065778442884,1.5,302.5835465952077,299.36070320878525,298.5028431741814
23.664283383231233,1.5,302.5837738247949,299.3608894695298,298.5029701173771
23.667908982033627,1.5,302.5840010434188,299.3610757215562,298.5030970712416
23.67153458083602,1.5,302.5842282510789,299.3612619648683,298.50322403576945
23.675160179638414,1.5,302.5844554477745,299.36144819947003,298.5033510109553
23.67878577844081,1.5,302.5846826335051,299.3616344253654,298.5034779967939
23.682411377243202,1.5,302.5849098082701,299.3618206425582,298.5036049932799
23.686036976045596,1.5,302.58513697206905,299.36200685105223,298.5037320004078
23.68966257484799,1.5,302.5853641249012,299.3621930508516,298.5038590181725
23.693288173650384,1.5,302.58559126676613,299.36237924196,298.5039860465684
23.696913772452778,1.5,302.5858183976633,299.3625654243814,298.50411308559035
23.70053937125517,1.5,302.5860455175919,299.3627515981197,298.5042401352329
23.704164970057565,1.5,302.58627262655165,299.36293776317865,298.5043671954909
23.70779056885996,1.5,302.58649972454197,299.3631239195623,298.5044942663588
23.711416167662353,1.5,302.58672681156213,299.3633100672745,298.5046213478314
23.715041766464747,1.5,302.58695388761174,299.3634962063189,298.50474843990344
23.71866736526714,1.5,302.5871809526902,299.36368233669964,298.50487554256944
23.722292964069535,1.5,302.5874080067969,299.3638684584203,298.50500265582417
23.72591856287193,1.5,302.5876350499314,299.364054571485,298.50512977966235
23.729544161674323,1.5,302.5878620820931,299.36424067589746,298.5052569140786
23.733169760476716,1.5,302.5880891032815,299.3644267716616,298.50538405906764
23.73679535927911,1.5,302.5883161134959,299.3646128587812,298.50551121462416
23.740420958081504,1.5,302.588543112736,299.3647989372601,298.5056383807428
23.744046556883898,1.5,302.58877010100105,299.3649850071022,298.50576555741844
23.747672155686292,1.5,302.5889970782907,299.36517106831127,298.50589274464556
23.751297754488686,1.5,302.58922404460424,299.36535712089125,298.5060199424191
23.75492335329108,1.5,302.5894509999413,299.365543164846,298.5061471507335
23.758548952093474,1.5,302.5896779443012,299.3657292001791,298.50627436958365
23.762174550895867,1.5,302.5899048776834,299.3659152268947,298.5064015989642
23.76580014969826,1.5,302.59013180008753,299.3661012449964,298.5065288388698
23.769425748500655,1.5,302.59035871151303,299.3662872544881,298.50665608929546
23.77305134730305,1.5,302.5905856119592,299.36647325537365,298.50678335023554
23.776676946105443,1.5,302.5908125014258,299.36665924765674,298.50691062168494
23.780302544907837,1.5,302.59103937991205,299.36684523134136,298.5070379036383
23.78392814371023,1.5,302.5912662474176,299.3670312064312,298.5071651960905
23.787553742512625,1.5,302.5914931039418,299.36721717293017,298.50729249903617
23.79117934131502,1.5,302.5917199494842,299.3674031308419,298.50741981247
23.794804940117412,1.5,302.5919467840443,299.3675890801704,298.50754713638685
23.798430538919806,1.5,302.5921736076216,299.36777502091934,298.5076744707813
23.8020561377222,1.5,302.5924004202155,299.3679609530925,298.50780181564824
23.805681736524594,1.5,302.59262722182564,299.36814687669386,298.5079291709823
23.809307335326988,1.5,302.59285401245137,299.36833279172697,298.5080565367784
23.812932934129382,1.5,302.5930807920923,299.36851869819577,298.5081839130311
23.816558532931776,1.5,302.5933075607478,299.36870459610395,298.50831129973517
23.82018413173417,1.5,302.5935343184175,299.3688904854554,298.50843869688543
23.823809730536563,1.5,302.59376106510075,299.3690763662538,298.5085661044767
23.827435329338957,1.5,302.5939878007972,299.369262238503,298.5086935225037
23.83106092814135,1.5,302.5942145255063,299.3694481022068,298.508820950961
23.834686526943745,1.5,302.5944412392276,299.36963395736876,298.5089483898436
23.83831212574614,1.5,302.5946679419604,299.36981980399287,298.50907583914625
23.841937724548533,1.5,302.5948946337045,299.37000564208284,298.5092032988636
23.845563323350927,1.5,302.59512131445916,299.3701914716424,298.5093307689905
23.84918892215332,1.5,302.5953479842241,299.37037729267536,298.50945824952174
23.852814520955715,1.5,302.59557464299866,299.3705631051854,298.509585740452
23.85644011975811,1.5,302.59580129078245,299.3707489091763,298.50971324177624
23.860065718560502,1.5,302.596027927575,299.3709347046518,298.5098407534891
23.863691317362896,1.5,302.59625455337573,299.3711204916158,298.5099682755854
23.86731691616529,1.5,302.59648116818425,299.37130627007184,298.5100958080599
23.870942514967684,1.5,302.59670777200006,299.3714920400237,298.51022335090744
23.874568113770078,1.5,302.5969343648227,299.37167780147524,298.51035090412273
23.87819371257247,1.5,302.5971609466516,299.37186355443004,298.5104784677007
23.881819311374866,1.5,302.5973875174864,299.37204929889197,298.5106060416361
23.88544491017726,1.5,302.5976140773267,299.3722350348647,298.5107336259237
23.889070508979653,1.5,302.5978406261718,299.37242076235196,298.51086122055835
23.892696107782047,1.5,302.59806716402136,299.3726064813574,298.51098882553475
23.89632170658444,1.5,302.59829369087487,299.37279219188486,298.51111644084784
23.899947305386835,1.5,302.59852020673196,299.372977893938,298.5112440664924
23.90357290418923,1.5,302.5987467115921,299.3731635875206,298.5113717024632
23.907198502991623,1.5,302.5989732054549,299.3733492726363,298.5114993487551
23.910824101794017,1.5,302.59919968831974,299.37353494928885,298.5116270053629
23.91444970059641,1.5,302.5994261601863,299.37372061748187,298.5117546722814
23.918075299398804,1.5,302.599652621054,299.37390627721925,298.5118823495055
23.9217008982012,1.5,302.5998790709225,299.3740919285045,298.51201003703
23.925326497003592,1.5,302.6001055097913,299.37427757134145,298.51213773484966
23.928952095805986,1.5,302.60033193766003,299.3744632057337,298.51226544295935
23.93257769460838,1.5,302.6005583545281,299.3746488316851,298.51239316135394
23.936203293410774,1.5,302.6007847603952,299.3748344491991,298.51252089002827
23.939828892213168,1.5,302.60101115526066,299.37502005827963,298.5126486289771
23.94345449101556,1.5,302.6012375391243,299.3752056589302,298.51277637819544
23.947080089817955,1.5,302.6014639119856,299.37539125115455,298.51290413767794
23.95070568862035,1.5,302.601690273844,299.3755768349564,298.51303190741953
23.954331287422743,1.5,302.6019166246992,299.3757624103394,298.51315968741517
23.957956886225137,1.5,302.6021429645506,299.3759479773072,298.51328747765956
23.96158248502753,1.5,302.602369293398,299.3761335358635,298.5134152781476
23.965208083829925,1.5,302.60259561124076,299.376319086012,298.51354308887414
23.96883368263232,1.5,302.6028219180785,299.37650462775633,298.5136709098341
23.972459281434713,1.5,302.6030482139109,299.37669016110004,298.5137987410223
23.976084880237106,1.5,302.60327449873733,299.37687568604696,298.5139265824336
23.9797104790395,1.5,302.60350077255754,299.3770612026007,298.51405443406287
23.983336077841894,1.5,302.603727035371,299.3772467107649,298.514182295905
23.986961676644288,1.5,302.6039532871774,299.3774322105432,298.5143101679548
23.990587275446682,1.5,302.6041795279761,299.3776177019393,298.51443805020733
23.994212874249076,1.5,302.6044057577668,299.37780318495675,298.51456594265727
23.99783847305147,1.5,302.6046319765492,299.3779886595993,298.51469384529963
24.001464071853864,1.5,302.60485818432267,299.37817412587054,298.5148217581292
24.005089670656258,1.5,302.60508438108695,299.3783595837741,298.51494968114093
24.00871526945865,1.5,302.6053105668415,299.3785450333136,298.5150776143297
24.012340868261045,1.5,302.60553674158604,299.3787304744928,298.51520555769036
24.01596646706344,1.5,302.60576290532003,299.37891590731516,298.5153335112178
24.019592065865833,1.5,302.6059890580432,299.37910133178434,298.515461474907
24.023217664668227,1.5,302.60621519975496,299.379286747904,298.51558944875285
24.02684326347062,1.5,302.6064413304551,299.37947215567783,298.51571743275025
24.030468862273015,1.5,302.60666745014305,299.37965755510936,298.515845426894
24.03409446107541,1.5,302.6068935588185,299.3798429462022,298.5159734311791
24.037720059877802,1.5,302.607119656481,299.38002832896,298.5161014456004
24.041345658680196,1.5,302.60734574313017,299.38021370338646,298.51622947015295
24.04497125748259,1.5,302.6075718187656,299.38039906948495,298.5163575048315
24.048596856284984,1.5,302.6077978833869,299.3805844272593,298.51648554963106
24.052222455087378,1.5,302.60802393699373,299.38076977671295,298.51661360454654
24.055848053889772,1.5,302.60824997958554,299.3809551178497,298.51674166957287
24.059473652692166,1.5,302.6084760111621,299.3811404506729,298.5168697447049
24.06309925149456,1.5,302.6087020317229,299.38132577518627,298.5169978299376
24.066724850296954,1.5,302.60892804126763,299.38151109139346,298.517125925266
24.070350449099347,1.5,302.6091540397959,299.38169639929794,298.51725403068485
24.07397604790174,1.5,302.60938002730734,299.3818816989034,298.5173821461893
24.077601646704135,1.5,302.60960600380145,299.38206699021333,298.5175102717741
24.08122724550653,1.5,302.60983196927793,299.38225227323136,298.5176384074342
24.084852844308923,1.5,302.6100579237364,299.3824375479611,298.5177665531647
24.088478443111317,1.5,302.61028386717646,299.3826228144061,298.51789470896045
24.09210404191371,1.5,302.61050979959776,299.3828080725699,298.51802287481644
24.095729640716105,1.5,302.61073572099986,299.38299332245606,298.51815105072757
24.0993552395185,1.5,302.6109616313824,299.3831785640682,298.5182792366888
24.102980838320892,1.5,302.6111875307451,299.3833637974098,298.5184074326951
24.106606437123286,1.5,302.6114134190875,299.38354902248454,298.51853563874135
24.11023203592568,1.5,302.6116392964093,299.3837342392959,298.5186638548226
24.113857634728074,1.5,302.61186516271,299.38391944784746,298.5187920809339
24.117483233530468,1.5,302.6120910179893,299.38410464814274,298.51892031707
24.12110883233286,1.5,302.61231686224687,299.3842898401853,298.5190485632261
24.124734431135256,1.5,302.6125426954823,299.3844750239787,298.51917681939693
24.12836002993765,1.5,302.6127685176954,299.3846601995266,298.5193050855776
24.131985628740043,1.5,302.61299432888546,299.38484536683234,298.51943336176316
24.135611227542437,1.5,302.61322012905237,299.38503052589965,298.5195616479485
24.13923682634483,1.5,302.61344591819574,299.38521567673183,298.5196899441285
24.142862425147225,1.5,302.6136716963152,299.3854008193327,298.51981825029833
24.14648802394962,1.5,302.61389746341035,299.3855859537056,298.51994656645286
24.150113622752013,1.5,302.61412321948086,299.385771079854,298.5200748925871
24.153739221554407,1.5,302.6143489645264,299.3859561977816,298.52020322869606
24.1573648203568,1.5,302.6145746985467,299.38614130749187,298.5203315747748
24.160990419159194,1.5,302.61480042154125,299.3863264089883,298.5204599308181
24.16461601796159,1.5,302.61502613350973,299.38651150227446,298.5205882968212
24.168241616763982,1.5,302.6152518344519,299.38669658735375,298.520716672779
24.171867215566376,1.5,302.6154775243673,299.38688166422975,298.52084505868646
24.17549281436877,1.5,302.6157032032557,299.387066732906,298.5209734545387
24.179118413171164,1.5,302.61592887111664,299.38725179338604,298.52110186033065
24.182744011973558,1.5,302.6161545279499,299.3874368456733,298.52123027605734
24.18636961077595,1.5,302.61638017375503,299.38762188977125,298.5213587017137
24.189995209578345,1.5,302.61660580853174,299.3878069256835,298.5214871372949
24.19362080838074,1.5,302.61683143227975,299.3879919534135,298.5216155827959
24.197246407183133,1.5,302.6170570449986,299.3881769729647,298.52174403821164
24.200872005985527,1.5,302.6172826466881,299.3883619843406,298.5218725035372
24.20449760478792,1.5,302.61750823734786,299.38854698754477,298.52200097876766
24.208123203590315,1.5,302.6177338169775,299.38873198258057,298.522129463898
24.21174880239271,1.5,302.6179593855768,299.3889169694516,298.5222579589232
24.215374401195103,1.5,302.6181849431453,299.3891019481613,298.5223864638385
24.218999999997497,1.5,302.61841048968273,299.38928691871314,298.5225149786387
24.22262559879989,1.5,302.61863602518883,299.3894718811106,298.5226435033189
24.226251197602284,1.5,302.6188615496633,299.3896568353571,298.5227720378742
24.229876796404678,1.5,302.61908706310567,299.3898417814562,298.52290058229954
24.233502395207072,1.5,302.6193125655157,299.39002671941125,298.5230291365901
24.237127994009466,1.5,302.61953805689313,299.3902116492259,298.5231577007408
24.24075359281186,1.5,302.6197635372376,299.3903965709034,298.5232862747468
24.244379191614254,1.5,302.61998900654874,299.3905814844474,298.5234148586031
24.248004790416648,1.5,302.6202144648263,299.3907663898613,298.52354345230475
24.25163038921904,1.5,302.62043991206997,299.3909512871484,298.5236720558468
24.255255988021435,1.5,302.62066534827943,299.39113617631233,298.52380066922444
24.25888158682383,1.5,302.6208907734544,299.3913210573565,298.5239292924325
24.262507185626223,1.5,302.6211161875945,299.3915059302843,298.52405792546625
24.266132784428617,1.5,302.62134159069944,299.3916907950993,298.52418656832066
24.26975838323101,1.5,302.62156698276897,299.3918756518048,298.52431522099084
24.273383982033405,1.5,302.62179236380285,299.3920605004043,298.52444388347186
24.2770095808358,1.5,302.6220177338006,299.39224534090124,298.52457255575877
24.280635179638193,1.5,302.6222430927621,299.392430173299,298.52470123784667
24.284260778440586,1.5,302.62246844068693,299.3926149976011,298.5248299297305
24.28788637724298,1.5,302.62269377757485,299.3927998138109,298.52495863140564
24.291511976045374,1.5,302.62291910342555,299.3929846219318,298.5250873428669
24.295137574847768,1.5,302.6231444182387,299.39316942196734,298.52521606410954
24.298763173650162,1.5,302.62336972201416,299.3933542139209,298.5253447951286
24.302388772452556,1.5,302.6235950147514,299.3935389977958,298.52547353591916
24.30601437125495,1.5,302.62382029645033,299.3937237735955,298.52560228647627
24.309639970057344,1.5,302.6240455671106,299.3939085413235,298.52573104679516
24.313265568859737,1.5,302.6242708267319,299.3940933009831,298.52585981687076
24.31689116766213,1.5,302.62449607531397,299.3942780525778,298.52598859669826
24.320516766464525,1.5,302.62472131285654,299.3944627961109,298.52611738627274
24.32414236526692,1.5,302.6249465393593,299.39464753158586,298.52624618558934
24.327767964069313,1.5,302.625171754822,299.3948322590061,298.5263749946432
24.331393562871707,1.5,302.6253969592444,299.395016978375,298.52650381342943
24.3350191616741,1.5,302.62562215262614,299.3952016896959,298.526632641943
24.338644760476495,1.5,302.625847334967,299.3953863929723,298.5267614801792
24.34227035927889,1.5,302.62607250626655,299.39557108820753,298.5268903281331
24.345895958081282,1.5,302.62629766652475,299.3957557754049,298.52701918579976
24.349521556883676,1.5,302.6265228157413,299.3959404545679,298.5271480531744
24.35314715568607,1.5,302.62674795391575,299.39612512569994,298.52727693025207
24.356772754488464,1.5,302.62697308104805,299.3963097888042,298.52740581702795
24.360398353290858,1.5,302.6271981971378,299.39649444388436,298.5275347134972
24.364023952093252,1.5,302.6274233021848,299.3966790909435,298.5276636196548
24.367649550895646,1.5,302.6276483961887,299.3968637299852,298.527792535496
24.37127514969804,1.5,302.6278734791494,299.3970483610127,298.527921461016
24.374900748500433,1.5,302.62809855106644,299.3972329840295,298.52805039620984
24.378526347302827,1.5,302.62832361193966,299.39741759903876,298.5281793410727
24.38215194610522,1.5,302.6285486617689,299.39760220604404,298.5283082955998
24.385777544907615,1.5,302.6287737005537,299.39778680504855,298.5284372597861
24.38940314371001,1.5,302.628998728294,299.3979713960557,298.5285662336269
24.393028742512403,1.5,302.6292237449894,299.3981559790689,298.52869521711733
24.396654341314797,1.5,302.6294487506397,299.3983405540914,298.52882421025254
24.40027994011719,1.5,302.6296737452447,299.3985251211266,298.5289532130277
24.403905538919584,1.5,302.62989872880416,299.39870968017794,298.5290822254379
24.40753113772198,1.5,302.63012370131776,299.39889423124856,298.5292112474784
24.411156736524372,1.5,302.6303486627852,299.399078774342,298.5293402791443
24.414782335326766,1.5,302.6305736132064,299.39926330946145,298.52946932043085
24.41840793412916,1.5,302.630798552581,299.3994478366103,298.5295983713331
24.422033532931554,1.5,302.6310234809088,299.3996323557919,298.52972743184637
24.425659131733948,1.5,302.6312483981896,299.3998168670096,298.5298565019657
24.42928473053634,1.5,302.63147330442314,299.40000137026664,298.52998558168633
24.432910329338736,1.5,302.63169819960916,299.4001858655664,298.53011467100345
24.43653592814113,1.5,302.6319230837474,299.4003703529122,298.5302437699122
24.440161526943523,1.5,302.6321479568377,299.4005548323073,298.5303728784078
24.443787125745917,1.5,302.6323728188797,299.40073930375513,298.5305019964854
24.44741272454831,1.5,302.63259766987323,299.400923767259,298.53063112414026
24.451038323350705,1.5,302.63282250981814,299.4011082228221,298.53076026136756
24.4546639221531,1.5,302.63304733871416,299.4012926704479,298.5308894081624
24.458289520955493,1.5,302.6332721565611,299.40147711013947,298.5310185645201
24.461915119757887,1.5,302.63349696335865,299.4016615419004,298.5311477304357
24.46554071856028,1.5,302.63372175910655,299.4018459657338,298.53127690590463
24.469166317362674,1.5,302.6339465438047,299.402030381643,298.53140609092185
24.472791916165068,1.5,302.63417131745285,299.4022147896314,298.5315352854828
24.476417514967462,1.5,302.6343960800508,299.4023991897022,298.5316644895825
24.480043113769856,1.5,302.6346208315982,299.4025835818586,298.53179370321624
24.48366871257225,1.5,302.634845572095,299.4027679661042,298.53192292637925
24.487294311374644,1.5,302.63507030154096,299.4029523424419,298.5320521590667
24.490919910177038,1.5,302.63529501993577,299.4031367108752,298.5321814012739
24.49454550897943,1.5,302.63551972727925,299.4033210714074,298.53231065299593
24.498171107781825,1.5,302.6357444235713,299.40350542404167,298.5324399142281
24.50179670658422,1.5,302.63596910881154,299.4036897687814,298.53256918496567
24.505422305386613,1.5,302.63619378299984,299.4038741056298,298.53269846520385
24.509047904189007,1.5,302.636418446136,299.4040584345902,298.5328277549378
24.5126735029914,1.5,302.63664309821985,299.4042427556658,298.5329570541628
24.516299101793795,1.5,302.63686773925116,299.40442706885983,298.5330863628741
24.51992470059619,1.5,302.63709236922966,299.40461137417566,298.53321568106685
24.523550299398583,1.5,302.63731698815525,299.4047956716165,298.53334500873643
24.527175898200976,1.5,302.6375415960277,299.40497996118563,298.533474345878
24.53080149700337,1.5,302.63776619284675,299.4051642428863,298.5336036924869
24.534427095805764,1.5,302.6379907786123,299.40534851672174,298.5337330485582
24.538052694608158,1.5,302.6382153533241,299.4055327826953,298.5338624140873
24.541678293410552,1.5,302.63843991698195,299.40571704081003,298.5339917890694
24.545303892212946,1.5,302.63866446958576,299.4059012910693,298.5341211734997
24.54892949101534,1.5,302.6388890111352,299.4060855334764,298.5342505673736
24.552555089817734,1.5,302.63911354163014,299.4062697680346,298.5343799706862
24.556180688620127,1.5,302.6393380610704,299.4064539947469,298.53450938343286
24.55980628742252,1.5,302.6395625694558,299.4066382136168,298.5346388056087
24.563431886224915,1.5,302.6397870667861,299.40682242464743,298.5347682372092
24.56705748502731,1.5,302.6400115530611,299.407006627842,298.5348976782296
24.570683083829703,1.5,302.6402360282807,299.4071908232038,298.53502712866504
24.574308682632097,1.5,302.64046049244473,299.407375010736,298.5351565885108
24.57793428143449,1.5,302.640684945553,299.4075591904419,298.5352860577622
24.581559880236885,1.5,302.6409093876053,299.40774336232465,298.53541553641463
24.58518547903928,1.5,302.6411338186014,299.4079275263875,298.5355450244632
24.588811077841672,1.5,302.6413582385413,299.4081116826336,298.5356745219033
24.592436676644066,1.5,302.64158264742457,299.4082958310663,298.5358040287301
24.59606227544646,1.5,302.64180704525126,299.4084799716886,298.53593354493904
24.599687874248854,1.5,302.64203143202104,299.408664104504,298.5360630705253
24.603313473051248,1.5,302.64225580773393,299.4088482295155,298.5361926054842
24.606939071853642,1.5,302.6424801723896,299.40903234672635,298.53632214981104
24.610564670656036,1.5,302.6427045259879,299.40921645613975,298.53645170350114
24.61419026945843,1.5,302.6429288685287,299.409400557759,298.5365812665498
24.617815868260823,1.5,302.6431532000119,299.4095846515871,298.5367108389523
24.621441467063217,1.5,302.64337752043724,299.4097687376274,298.53684042070387
24.62506706586561,1.5,302.6436018298045,299.4099528158831,298.53697001179995
24.628692664668005,1.5,302.6438261281137,299.4101368863573,298.53709961223575
24.6323182634704,1.5,302.6440504153646,299.41032094905324,298.5372292220066
24.635943862272793,1.5,302.644274691557,299.41050500397404,298.5373588411079
24.639569461075187,1.5,302.64449895669077,299.410689051123,298.5374884695348
24.64319505987758,1.5,302.64472321076585,299.41087309050323,298.53761810728287
24.646820658679975,1.5,302.64494745378187,299.4110571221179,298.5377477543471
24.65044625748237,1.5,302.6451716857389,299.41124114597017,298.53787741072307
24.654071856284762,1.5,302.6453959066367,299.41142516206327,298.53800707640596
24.657697455087156,1.5,302.64562011647513,299.41160917040037,298.5381367513912
24.66132305388955,1.5,302.645844315254,299.4117931709846,298.53826643567413
24.664948652691944,1.5,302.6460685029732,299.41197716381913,298.53839612925
24.668574251494338,1.5,302.64629267963255,299.41216114890716,298.53852583211415
24.67219985029673,1.5,302.646516845232,299.4123451262518,298.53865554426187
24.675825449099126,1.5,302.6467409997713,299.41252909585626,298.53878526568866
24.67945104790152,1.5,302.6469651432504,299.41271305772364,298.5389149963898
24.683076646703913,1.5,302.6471892756691,299.4128970118572,298.5390447363605
24.686702245506307,1.5,302.64741339702726,299.4130809582599,298.53917448559633
24.6903278443087,1.5,302.6476375073248,299.4132648969351,298.5393042440924
24.693953443111095,1.5,302.6478616065615,299.4134488278858,298.53943401184426
24.69757904191349,1.5,302.64808569473735,299.4136327511153,298.5395637888471
24.701204640715883,1.5,302.64830977185204,299.41381666662653,298.5396935750964
24.704830239518277,1.5,302.64853383790563,299.4140005744228,298.5398233705875
24.70845583832067,1.5,302.64875789289783,299.4141844745071,298.53995317531576
24.712081437123064,1.5,302.6489819368286,299.4143683668828,298.5400829892764
24.71570703592546,1.5,302.64920596969785,299.4145522515528,298.540212812465
24.719332634727852,1.5,302.6494299915054,299.4147361285203,298.5403426448767
24.722958233530246,1.5,302.64965400225105,299.41491999778845,298.54047248650716
24.72658383233264,1.5,302.6498780019348,299.41510385936044,298.5406023373515
24.730209431135034,1.5,302.65010199055644,299.41528771323925,298.54073219740513
24.733835029937428,1.5,302.6503259681159,299.4154715594281,298.5408620666635
24.73746062873982,1.5,302.6505499346131,299.41565539793004,298.54099194512196
24.741086227542215,1.5,302.65077389004784,299.41583922874827,298.54112183277596
24.74471182634461,1.5,302.65099783442,299.4160230518859,298.5412517296208
24.748337425147003,1.5,302.65122176772957,299.416206867346,298.5413816356519
24.751963023949397,1.5,302.6514456899763,299.4163906751316,298.5415115508646
24.75558862275179,1.5,302.65166960116017,299.4165744752459,298.5416414752542
24.759214221554185,1.5,302.651893501281,299.41675826769205,298.5417714088164
24.76283982035658,1.5,302.6521173903388,299.4169420524731,298.5419013515462
24.766465419158973,1.5,302.6523412683334,299.41712582959207,298.54203130343933
24.770091017961366,1.5,302.65256513526464,299.41730959905215,298.542161264491
24.77371661676376,1.5,302.6527889911324,299.4174933608564,298.54229123469673
24.777342215566154,1.5,302.6530128359367,299.41767711500796,298.54242121405184
24.780967814368548,1.5,302.6532366696773,299.41786086150984,298.54255120255175
24.784593413170942,1.5,302.6534604923542,299.4180446003652,298.54268120019185
24.788219011973336,1.5,302.6536843039673,299.41822833157715,298.54281120696754
24.79184461077573,1.5,302.6539081045164,299.4184120551487,298.54294122287433
24.795470209578124,1.5,302.65413189400147,299.4185957710829,298.5430712479076
24.799095808380518,1.5,302.65435567242247,299.4187794793829,298.54320128206274
24.80272140718291,1.5,302.6545794397792,299.4189631800517,298.5433313253351
24.806347005985305,1.5,302.6548031960716,299.4191468730925,298.5434613777202
24.8099726047877,1.5,302.65502694129964,299.4193305585083,298.54359143921346
24.813598203590093,1.5,302.65525067546315,299.4195142363021,298.54372150981027
24.817223802392487,1.5,302.65547439856203,299.4196979064771,298.54385158950606
24.82084940119488,1.5,302.65569811059623,299.4198815690363,298.5439816782963
24.824474999997275,1.5,302.6559218115657,299.42006522398276,298.5441117761763
24.82810059879967,1.5,302.6561455014703,299.42024887131953,298.5442418831417
24.831726197602062,1.5,302.6563691803099,299.4204325110496,298.5443719991878
24.835351796404456,1.5,302.6565928480846,299.4206161431762,298.54450212431
24.83897739520685,1.5,302.6568165047941,299.42079976770225,298.5446322585038
24.842602994009244,1.5,302.6570401504384,299.4209833846308,298.5447624017647
24.846228592811638,1.5,302.65726378501745,299.42116699396496,298.54489255408805
24.849854191614032,1.5,302.6574874085312,299.42135059570774,298.5450227154694
24.853479790416426,1.5,302.65771102097955,299.4215341898622,298.54515288590403
24.85710538921882,1.5,302.6579346223623,299.42171777643136,298.54528306538765
24.860730988021214,1.5,302.6581582126795,299.42190135541824,298.5454132539155
24.864356586823607,1.5,302.65838179193116,299.42208492682596,298.5455434514832
24.867982185626,1.5,302.658605360117,299.4222684906574,298.545673658086
24.871607784428395,1.5,302.6588289172371,299.42245204691574,298.54580387371954
24.87523338323079,1.5,302.6590524632913,299.422635595604,298.54593409837923
24.878858982033183,1.5,302.65927599827955,299.42281913672514,298.54606433206055
24.882484580835577,1.5,302.6594995222019,299.42300267028213,298.54619457475894
24.88611017963797,1.5,302.65972303505816,299.4231861962781,298.5463248264698
24.889735778440365,1.5,302.6599465368482,299.42336971471605,298.5464550871888
24.89336137724276,1.5,302.66017002757224,299.42355322559905,298.5465853569113
24.896986976045152,1.5,302.6603935072299,299.42373672893,298.5467156356328
24.900612574847546,1.5,302.66061697582137,299.423920224712,298.54684592334866
24.90423817364994,1.5,302.6608404333464,299.42410371294795,298.5469762200546
24.907863772452334,1.5,302.661063879805,299.42428719364096,298.54710652574585
24.911489371254728,1.5,302.6612873151971,299.42447066679404,298.54723684041807
24.91511497005712,1.5,302.6615107395228,299.42465413241007,298.54736716406666
24.918740568859516,1.5,302.6617341527817,299.42483759049225,298.5474974966872
24.92236616766191,1.5,302.6619575549741,299.4250210410434,298.5476278382751
24.925991766464303,1.5,302.6621809460998,299.4252044840667,298.5477581888259
24.929617365266697,1.5,302.6624043261587,299.42538791956497,298.5478885483351
24.93324296406909,1.5,302.6626276951509,299.4255713475412,298.5480189167981
24.936868562871485,1.5,302.6628510530762,299.4257547679985,298.5481492942106
24.94049416167388,1.5,302.6630743999347,299.42593818093985,298.54827968056793
24.944119760476273,1.5,302.6632977357262,299.42612158636814,298.54841007586566
24.947745359278667,1.5,302.6635210604507,299.42630498428633,298.54854048009935
24.95137095808106,1.5,302.6637443741082,299.4264883746975,298.54867089326444
24.954996556883454,1.5,302.6639676766987,299.4266717576047,298.5488013153564
24.95862215568585,1.5,302.66419096822204,299.4268551330107,298.54893174637084
24.962247754488242,1.5,302.66441424867827,299.4270385009187,298.5490621863033
24.965873353290636,1.5,302.66463751806737,299.4272218613314,298.5491926351492
24.96949895209303,1.5,302.6648607763892,299.427405214252,298.5493230929041
24.973124550895424,1.5,302.66508402364383,299.42758855968344,298.5494535595636
24.976750149697818,1.5,302.6653072598312,299.4277718976286,298.5495840351231
24.98037574850021,1.5,302.66553048495115,299.42795522809047,298.54971451957823
24.984001347302605,1.5,302.66575369900386,299.428138551072,298.54984501292444
24.987626946105,1.5,302.66597690198915,299.4283218665762,298.5499755151573
24.991252544907393,1.5,302.6662000939071,299.42850517460596,298.5501060262724
24.994878143709787,1.5,302.66642327475756,299.4286884751642,298.55023654626524
24.99850374251218,1.5,302.6666464445406,299.42887176825406,298.5503670751313
25.002129341314575,1.5,302.66686960325626,299.42905505387824,298.55049761286625
25.00575494011697,1.5,302.6670927509043,299.42923833203986,298.5506281594655
25.009380538919363,1.5,302.6673158874849,299.42942160274185,298.55075871492465
25.013006137721757,1.5,302.66753901299785,299.4296048659871,298.55088927923924
25.01663173652415,1.5,302.6677621274433,299.4297881217786,298.5510198524049
25.020257335326544,1.5,302.66798523082116,299.4299713701191,298.5511504344171
25.023882934128938,1.5,302.66820832313147,299.43015461101186,298.55128102527135
25.027508532931332,1.5,302.66843140437413,299.4303378444596,298.55141162496335
25.031134131733726,1.5,302.66865447454916,299.43052107046526,298.55154223348853
25.03475973053612,1.5,302.66887753365654,299.43070428903184,298.5516728508426
25.038385329338514,1.5,302.6691005816962,299.43088750016216,298.5518034770209
25.042010928140908,1.5,302.6693236186683,299.4310707038593,298.5519341120192
25.0456365269433,1.5,302.6695466445726,299.431253900126,298.552064755833
25.049262125745695,1.5,302.66976965940927,299.43143708896537,298.55219540845786
25.05288772454809,1.5,302.6699926631783,299.43162027038017,298.5523260698893
25.056513323350483,1.5,302.6702156558796,299.43180344437343,298.5524567401231
25.060138922152877,1.5,302.6704386375132,299.431986610948,298.5525874191546
25.06376452095527,1.5,302.6706616080791,299.4321697701068,298.55271810697946
25.067390119757665,1.5,302.6708845675773,299.43235292185267,298.5528488035933
25.07101571856006,1.5,302.6711075160077,299.43253606618873,298.55297950899165
25.074641317362452,1.5,302.6713304533705,299.4327192031176,298.55311022317017
25.078266916164846,1.5,302.6715533796655,299.43290233264236,298.55324094612433
25.08189251496724,1.5,302.67177629489277,299.4330854547659,298.55337167784984
25.085518113769634,1.5,302.67199919905244,299.4332685694911,298.55350241834225
25.089143712572028,1.5,302.67222209214435,299.43345167682077,298.5536331675972
25.092769311374422,1.5,302.6724449741685,299.43363477675797,298.5537639256102
25.096394910176816,1.5,302.6726678451251,299.4338178693054,298.5538946923769
25.10002050897921,1.5,302.67289070501397,299.43400095446617,298.5540254678928
25.103646107781604,1.5,302.6731135538351,299.43418403224297,298.5541562521537
25.107271706583997,1.5,302.67333639158863,299.4343671026388,298.5542870451551
25.11089730538639,1.5,302.6735592182745,299.43455016565656,298.55441784689253
25.114522904188785,1.5,302.6737820338927,299.4347332212989,298.55454865736175
25.11814850299118,1.5,302.6740048384433,299.43491626956904,298.5546794765583
25.121774101793573,1.5,302.67422763192627,299.4350993104695,298.55481030447777
25.125399700595967,1.5,302.6744504143417,299.4352823440035,298.5549411411158
25.12902529939836,1.5,302.6746731856896,299.4354653701737,298.555071986468
25.132650898200755,1.5,302.6748959459699,299.435648388983,298.5552028405301
25.13627649700315,1.5,302.6751186951826,299.4358314004344,298.55533370329755
25.139902095805542,1.5,302.67534143332784,299.43601440453045,298.55546457476606
25.143527694607936,1.5,302.67556416040566,299.43619740127434,298.5555954549312
25.14715329341033,1.5,302.67578687641594,299.4363803906688,298.55572634378876
25.150778892212724,1.5,302.6760095813588,299.4365633727166,298.5558572413342
25.154404491015118,1.5,302.67623227523427,299.43674634742075,298.5559881475632
25.15803008981751,1.5,302.6764549580423,299.43692931478404,298.55611906247145
25.161655688619906,1.5,302.67667762978306,299.43711227480935,298.5562499860545
25.1652812874223,1.5,302.67690029045644,299.4372952274994,298.55638091830815
25.168906886224693,1.5,302.67712294006253,299.4374781728572,298.5565118592279
25.172532485027087,1.5,302.6773455786013,299.43766111088553,298.55664280880933
25.17615808382948,1.5,302.677568206073,299.4378440415872,298.55677376704824
25.179783682631875,1.5,302.6777908224774,299.43802696496516,298.55690473394026
25.18340928143427,1.5,302.6780134278146,299.4382098810221,298.557035709481
25.187034880236663,1.5,302.6782360220848,299.43839278976094,298.5571666936661
25.190660479039057,1.5,302.67845860528786,299.4385756911845,298.5572976864912
25.19428607784145,1.5,302.67868117742387,299.43875858529566,298.5574286879521
25.197911676643844,1.5,302.67890373849286,299.43894147209716,298.5575596980443
25.20153727544624,1.5,302.6791262884949,299.43912435159194,298.5576907167635
25.205162874248632,1.5,302.6793488274301,299.43930722378263,298.5578217441054
25.208788473051026,1.5,302.6795713552983,299.43949008867224,298.55795278006565
25.21241407185342,1.5,302.6797938720997,299.43967294626356,298.5580838246399
25.216039670655814,1.5,302.6800163778344,299.43985579655936,298.55821487782384
25.219665269458208,1.5,302.68023887250234,299.4400386395625,298.55834593961316
25.2232908682606,1.5,302.6804613561036,299.44022147527573,298.55847701000346
25.226916467062996,1.5,302.68068382863817,299.4404043037019,298.55860808899047
25.23054206586539,1.5,302.6809062901062,299.44058712484383,298.55873917656993
25.234167664667783,1.5,302.6811287405077,299.44076993870436,298.5588702727374
25.237793263470177,1.5,302.6813511798427,299.4409527452862,298.5590013774887
25.24141886227257,1.5,302.68157360811125,299.44113554459227,298.5591324908194
25.245044461074965,1.5,302.6817960253135,299.4413183366253,298.5592636127252
25.24867005987736,1.5,302.6820184314493,299.441501121388,298.55939474320184
25.252295658679753,1.5,302.68224082651903,299.44168389888335,298.55952588224505
25.255921257482147,1.5,302.6824632105225,299.44186666911406,298.55965702985037
25.25954685628454,1.5,302.68268558345983,299.4420494320829,298.55978818601363
25.263172455086934,1.5,302.68290794533107,299.44223218779274,298.55991935073047
25.266798053889328,1.5,302.6831302961363,299.4424149362463,298.5600505239966
25.270423652691722,1.5,302.6833526358756,299.4425976774464,298.56018170580774
25.274049251494116,1.5,302.68357496454905,299.44278041139574,298.5603128961596
25.27767485029651,1.5,302.68379728215666,299.44296313809724,298.56044409504796
25.281300449098904,1.5,302.6840195886985,299.44314585755353,298.5605753024683
25.284926047901298,1.5,302.6842418841747,299.4433285697675,298.56070651841657
25.28855164670369,1.5,302.6844641685853,299.443511274742,298.56083774288834
25.292177245506085,1.5,302.68468644193035,299.4436939724796,298.56096897587935
25.29580284430848,1.5,302.68490870420993,299.44387666298314,298.5611002173854
25.299428443110873,1.5,302.68513095542414,299.4440593462555,298.5612314674021
25.303054041913267,1.5,302.685353195573,299.4442420222993,298.5613627259252
25.30667964071566,1.5,302.68557542465663,299.44442469111743,298.5614939929505
25.310305239518055,1.5,302.68579764267514,299.4446073527126,298.5616252684736
25.31393083832045,1.5,302.6860198496285,299.44479000708753,298.56175655249035
25.317556437122843,1.5,302.6862420455169,299.44497265424496,298.5618878449965
25.321182035925236,1.5,302.68646423034033,299.44515529418777,298.5620191459876
25.32480763472763,1.5,302.68668640409896,299.4453379269186,298.56215045545946
25.328433233530024,1.5,302.6869085667928,299.4455205524403,298.56228177340796
25.332058832332418,1.5,302.68713071842194,299.44570317075556,298.56241309982863
25.335684431134812,1.5,302.6873528589865,299.4458857818672,298.5625444347174
25.339310029937206,1.5,302.6875749884866,299.4460683857779,298.5626757780699
25.3429356287396,1.5,302.68779710692223,299.4462509824903,298.56280712988183
25.346561227541994,1.5,302.68801921429355,299.4464335720073,298.562938490149
25.350186826344387,1.5,302.6882413106006,299.4466161543316,298.5630698588672
25.35381242514678,1.5,302.6884633958435,299.44679872946597,298.5632012360321
25.357438023949175,1.5,302.68868547002234,299.44698129741306,298.5633326216396
25.36106362275157,1.5,302.6889075331372,299.44716385817566,298.56346401568527
25.364689221553963,1.5,302.6891295851882,299.4473464117565,298.563595418165
25.368314820356357,1.5,302.6893516261754,299.4475289581583,298.5637268290745
25.37194041915875,1.5,302.6895736560989,299.44771149738375,298.5638582484095
25.375566017961145,1.5,302.6897956749588,299.4478940294357,298.5639896761657
25.37919161676354,1.5,302.69001768275524,299.44807655431674,298.5641211123391
25.382817215565932,1.5,302.6902396794883,299.4482590720296,298.5642525569252
25.386442814368326,1.5,302.690461665158,299.4484415825771,298.56438400991993
25.39006841317072,1.5,302.6906836397646,299.44862408596185,298.56451547131905
25.393694011973114,1.5,302.69090560330807,299.44880658218665,298.5646469411183
25.397319610775508,1.5,302.6911275557885,299.4489890712541,298.5647784193135
25.400945209577902,1.5,302.6913494972061,299.44917155316705,298.5649099059004
25.404570808380296,1.5,302.691571427561,299.4493540279281,298.56504140087475
25.40819640718269,1.5,302.6917933468531,299.44953649554003,298.5651729042323
25.411822005985083,1.5,302.6920152550827,299.44971895600554,298.565304415969
25.415447604787477,1.5,302.69223715224985,299.44990140932737,298.56543593608046
25.41907320358987,1.5,302.69245903835474,299.450083855508,298.5655674645626
25.422698802392265,1.5,302.69268091339734,299.4502662945504,298.5656990014111
25.42632440119466,1.5,302.6929027773778,299.450448726457,298.5658305466218
25.429949999997053,1.5,302.69312463029627,299.4506311512308,298.5659621001904
25.433575598799447,1.5,302.6933464721529,299.4508135688743,298.56609366211285
25.43720119760184,1.5,302.69356830294765,299.4509959793902,298.5662252323849
25.440826796404234,1.5,302.6937901226808,299.4511783827813,298.5663568110024
25.44445239520663,1.5,302.69401193135246,299.4513607790501,298.56648839796105
25.448077994009022,1.5,302.6942337289627,299.4515431681994,298.5666199932567
25.451703592811416,1.5,302.6944555155116,299.4517255502319,298.5667515968851
25.45532919161381,1.5,302.6946772909994,299.45190792515024,298.5668832088422
25.458954790416204,1.5,302.69489905542605,299.45209029295705,298.5670148291237
25.462580389218598,1.5,302.6951208087918,299.45227265365514,298.5671464577254
25.46620598802099,1.5,302.69534255109676,299.45245500724707,298.56727809464314
25.469831586823386,1.5,302.6955642823411,299.45263735373555,298.5674097398728
25.47345718562578,1.5,302.6957860025248,299.4528196931232,298.5675413934101
25.477082784428173,1.5,302.6960077116481,299.45300202541284,298.56767305525096
25.480708383230567,1.5,302.69622940971124,299.453184350607,298.56780472539117
25.48433398203296,1.5,302.6964510967141,299.4533666687083,298.56793640382654
25.487959580835355,1.5,302.6966727726569,299.4535489797196,298.56806809055286
25.49158517963775,1.5,302.69689443753987,299.4537312836434,298.56819978556604
25.495210778440143,1.5,302.69711609136306,299.4539135804823,298.5683314888618
25.498836377242537,1.5,302.6973377341266,299.4540958702391,298.56846320043604
25.50246197604493,1.5,302.69755936583067,299.4542781529164,298.5685949202846
25.506087574847324,1.5,302.6977809864754,299.4544604285169,298.5687266484034
25.50971317364972,1.5,302.69800259606086,299.45464269704314,298.56885838478814
25.513338772452112,1.5,302.6982241945872,299.45482495849785,298.56899012943467
25.516964371254506,1.5,302.69844578205465,299.45500721288363,298.56912188233895
25.5205899700569,1.5,302.69866735846324,299.4551894602032,298.5692536434967
25.524215568859294,1.5,302.6988889238133,299.4553717004592,298.5693854129039
25.527841167661688,1.5,302.6991104781048,299.45555393365413,298.5695171905563
25.53146676646408,1.5,302.6993320213379,299.4557361597907,298.56964897644974
25.535092365266475,1.5,302.69955355351277,299.45591837887156,298.56978077058017
25.53871796406887,1.5,302.6997750746296,299.45610059089944,298.56991257294334
25.542343562871263,1.5,302.69999658468845,299.45628279587675,298.57004438353516
25.545969161673657,1.5,302.70021808368955,299.45646499380626,298.57017620235143
25.54959476047605,1.5,302.700439571633,299.4566471846906,298.5703080293881
25.553220359278445,1.5,302.70066104851895,299.45682936853245,298.57043986464106
25.55684595808084,1.5,302.7008825143476,299.4570115453343,298.5705717081061
25.560471556883233,1.5,302.70110396911906,299.45719371509887,298.5707035597791
25.564097155685626,1.5,302.7013254128335,299.45737587782867,298.57083541965585
25.56772275448802,1.5,302.7015468454911,299.4575580335265,298.57096728773246
25.571348353290414,1.5,302.701768267092,299.4577401821947,298.5710991640046
25.574973952092808,1.5,302.70198967763633,299.45792232383616,298.5712310484681
25.578599550895202,1.5,302.7022110771242,299.4581044584533,298.57136294111905
25.582225149697596,1.5,302.7024324655559,299.4582865860489,298.57149484195315
25.58585074849999,1.5,302.7026538429315,299.4584687066254,298.5716267509664
25.589476347302384,1.5,302.70287520925115,299.45865082018554,298.5717586681546
25.593101946104778,1.5,302.7030965645151,299.45883292673176,298.57189059351373
25.59672754490717,1.5,302.7033179087234,299.4590150262668,298.57202252703956
25.600353143709565,1.5,302.70353924187634,299.4591971187932,298.57215446872806
25.60397874251196,1.5,302.703760563974,299.4593792043137,298.5722864185752
25.607604341314353,1.5,302.70398187501655,299.45956128283063,298.5724183765766
25.611229940116747,1.5,302.7042031750042,299.45974335434676,298.57255034272845
25.61485553891914,1.5,302.7044244639371,299.4599254188646,298.5726823170264
25.618481137721535,1.5,302.7046457418153,299.4601074763869,298.57281429946664
25.62210673652393,1.5,302.7048670086392,299.4602895269161,298.5729462900448
25.625732335326322,1.5,302.7050882644089,299.46047157045473,298.573078288757
25.629357934128716,1.5,302.70530950912445,299.4606536070055,298.57321029559904
25.63298353293111,1.5,302.70553074278615,299.460835636571,298.5733423105667
25.636609131733504,1.5,302.7057519653941,299.4610176591537,298.5734743336562
25.640234730535898,1.5,302.7059731769485,299.4611996747563,298.57360636486317
25.643860329338292,1.5,302.7061943774495,299.46138168338126,298.5737384041837
25.647485928140686,1.5,302.70641556689736,299.46156368503125,298.5738704516136
25.65111152694308,1.5,302.70663674529214,299.4617456797087,298.57400250714875
25.654737125745473,1.5,302.7068579126341,299.4619276674164,298.57413457078525
25.658362724547867,1.5,302.7070790689235,299.46210964815674,298.5742666425189
25.66198832335026,1.5,302.70730021416034,299.4622916219323,298.5743987223456
25.665613922152655,1.5,302.7075213483449,299.46247358874575,298.5745308102614
25.66923952095505,1.5,302.7077424714775,299.46265554859957,298.57466290626206
25.672865119757443,1.5,302.70796358355807,299.46283750149627,298.5747950103437
25.676490718559837,1.5,302.70818468458685,299.46301944743857,298.57492712250206
25.68011631736223,1.5,302.70840577456414,299.46320138642886,298.57505924273323
25.683741916164625,1.5,302.7086268534901,299.46338331846977,298.5751913710331
25.68736751496702,1.5,302.7088479213649,299.46356524356383,298.5753235073975
25.690993113769412,1.5,302.7090689781887,299.4637471617136,298.5754556518226
25.694618712571806,1.5,302.7092900239618,299.46392907292164,298.5755878043041
25.6982443113742,1.5,302.70951105868426,299.4641109771905,298.5757199648381
25.701869910176594,1.5,302.7097320823563,299.4642928745227,298.5758521334205
25.705495508978988,1.5,302.7099530949782,299.4644747649208,298.5759843100472
25.70912110778138,1.5,302.7101740965501,299.46465664838735,298.5761164947142
25.712746706583776,1.5,302.7103950870721,299.4648385249248,298.57624868741743
25.71637230538617,1.5,302.71061606654456,299.4650203945358,298.5763808881529
25.719997904188563,1.5,302.7108370349676,299.46520225722287,298.5765130969166
25.723623502990957,1.5,302.71105799234147,299.4653841129885,298.5766453137043
25.72724910179335,1.5,302.7112789386663,299.46556596183524,298.5767775385121
25.730874700595745,1.5,302.7114998739423,299.46574780376557,298.576909771336
25.73450029939814,1.5,302.71172079816967,299.46592963878203,298.5770420121718
25.738125898200533,1.5,302.7119417113487,299.46611146688724,298.5771742610156
25.741751497002927,1.5,302.7121626134795,299.46629328808365,298.57730651786335
25.74537709580532,1.5,302.7123835045623,299.4664751023737,298.577438782711
25.749002694607714,1.5,302.71260438459734,299.46665690976005,298.5775710555546
25.75262829341011,1.5,302.7128252535848,299.46683871024516,298.57770333638996
25.756253892212502,1.5,302.71304611152493,299.4670205038315,298.5778356252132
25.759879491014896,1.5,302.7132669584178,299.4672022905217,298.5779679220202
25.76350508981729,1.5,302.7134877942638,299.4673840703182,298.578100226807
25.767130688619684,1.5,302.7137086190631,299.4675658432234,298.57823253956957
25.770756287422078,1.5,302.7139294328158,299.46774760924,298.5783648603039
25.77438188622447,1.5,302.71415023552225,299.46792936837045,298.57849718900593
25.778007485026865,1.5,302.7143710271826,299.46811112061715,298.5786295256718
25.78163308382926,1.5,302.71459180779704,299.4682928659827,298.5787618702973
25.785258682631653,1.5,302.7148125773659,299.4684746044696,298.5788942228785
25.788884281434047,1.5,302.71503333588925,299.46865633608024,298.5790265834114
25.79250988023644,1.5,302.71525408336737,299.46883806081723,298.57915895189205
25.796135479038835,1.5,302.71547481980053,299.46901977868305,298.57929132831634
25.79976107784123,1.5,302.7156955451889,299.4692014896802,298.57942371268035
25.803386676643623,1.5,302.71591625953266,299.4693831938111,298.57955610498
25.807012275446017,1.5,302.71613696283214,299.4695648910782,298.5796885052114
25.81063787424841,1.5,302.7163576550875,299.46974658148423,298.57982091337044
25.814263473050804,1.5,302.716578336299,299.46992826503146,298.57995332945325
25.817889071853198,1.5,302.7167990064668,299.47010994172234,298.58008575345576
25.821514670655592,1.5,302.7170196655911,299.4702916115595,298.580218185374
25.825140269457986,1.5,302.7172403136723,299.4704732745453,298.580350625204
25.82876586826038,1.5,302.71746095071046,299.4706549306824,298.5804830729418
25.832391467062774,1.5,302.71768157670596,299.470836579973,298.58061552858334
25.836017065865168,1.5,302.7179021916589,299.4710182224198,298.5807479921246
25.83964266466756,1.5,302.7181227955695,299.4711998580251,298.58088046356175
25.843268263469955,1.5,302.71834338843814,299.47138148679153,298.58101294289077
25.84689386227235,1.5,302.71856397026494,299.47156310872145,298.5811454301076
25.850519461074743,1.5,302.7187845410501,299.4717447238174,298.5812779252083
25.854145059877137,1.5,302.719005100794,299.47192633208175,298.581410428189
25.85777065867953,1.5,302.71922564949665,299.472107933517,298.58154293904556
25.861396257481925,1.5,302.7194461871585,299.47228952812566,298.5816754577741
25.86502185628432,1.5,302.71966671377976,299.4724711159101,298.5818079843707
25.868647455086712,1.5,302.7198872293606,299.47265269687284,298.58194051883135
25.872273053889106,1.5,302.7201077339012,299.4728342710163,298.5820730611521
25.8758986526915,1.5,302.72032822740204,299.47301583834303,298.58220561132896
25.879524251493894,1.5,302.7205487098631,299.4731973988553,298.5823381693579
25.883149850296288,1.5,302.72076918128477,299.4733789525557,298.58247073523523
25.886775449098682,1.5,302.7209896416673,299.47356049944665,298.5826033089567
25.890401047901076,1.5,302.72121009101085,299.4737420395306,298.5827358905185
25.89402664670347,1.5,302.7214305293157,299.4739235728099,298.5828684799167
25.897652245505864,1.5,302.72165095658215,299.47410509928716,298.5830010771473
25.901277844308257,1.5,302.72187137281037,299.4742866189646,298.5831336822064
25.90490344311065,1.5,302.7220917780007,299.47446813184484,298.5832662950899
25.908529041913045,1.5,302.7223121721533,299.4746496379302,298.583398915794
25.91215464071544,1.5,302.7225325552684,299.47483113722325,298.5835315443148
25.915780239517833,1.5,302.7227529273464,299.4750126297263,298.58366418064827
25.919405838320227,1.5,302.72297328838744,299.4751941154418,298.5837968247905
25.92303143712262,1.5,302.7231936383917,299.4753755943723,298.5839294767376
25.926657035925015,1.5,302.7234139773597,299.47555706652,298.5840621364856
25.93028263472741,1.5,302.7236343052914,299.4757385318875,298.5841948040305
25.933908233529802,1.5,302.7238546221873,299.4759199904771,298.5843274793685
25.937533832332196,1.5,302.72407492804746,299.47610144229134,298.5844601624956
25.94115943113459,1.5,302.7242952228723,299.4762828873326,298.5845928534078
25.944785029936984,1.5,302.7245155066619,299.4764643256032,298.5847255521013
25.948410628739378,1.5,302.7247357794167,299.4766457571057,298.5848582585721
25.95203622754177,1.5,302.72495604113686,299.47682718184245,298.58499097281634
25.955661826344166,1.5,302.7251762918227,299.47700859981586,298.5851236948301
25.95928742514656,1.5,302.7253965314744,299.4771900110283,298.58525642460944
25.962913023948953,1.5,302.72561676009235,299.47737141548225,298.5853891621504
25.966538622751347,1.5,302.7258369776767,299.4775528131801,298.5855219074492
25.97016422155374,1.5,302.7260571842277,299.4777342041242,298.5856546605018
25.973789820356135,1.5,302.72627737974574,299.477915588317,298.58578742130436
25.97741541915853,1.5,302.726497564231,299.4780969657609,298.58592018985297
25.981041017960923,1.5,302.7267177376839,299.47827833645823,298.5860529661437
25.984666616763317,1.5,302.7269379001044,299.4784597004115,298.5861857501726
25.98829221556571,1.5,302.7271580514931,299.47864105762307,298.5863185419359
25.991917814368104,1.5,302.7273781918501,299.4788224080952,298.58645134142955
25.9955434131705,1.5,302.7275983211757,299.47900375183053,298.5865841486498
25.999169011972892,1.5,302.7278184394701,299.4791850888312,298.5867169635926
26.002794610775286,1.5,302.7280385467338,299.47936641909973,298.5868497862542
26.00642020957768,1.5,302.72825864296686,299.4795477426385,298.5869826166306
26.010045808380074,1.5,302.7284787281696,299.4797290594498,298.58711545471806
26.013671407182468,1.5,302.72869880234236,299.4799103695362,298.5872483005125
26.01729700598486,1.5,302.7289188654854,299.4800916728999,298.58738115401013
26.020922604787255,1.5,302.72913891759896,299.48027296954336,298.58751401520715
26.02454820358965,1.5,302.72935895868335,299.4804542594689,298.5876468840995
26.028173802392043,1.5,302.72957898873887,299.480635542679,298.5877797606835
26.031799401194437,1.5,302.72979900776573,299.4808168191759,298.58791264495505
26.03542499999683,1.5,302.7300190157643,299.48099808896205,298.5880455369104
26.039050598799225,1.5,302.73023901273484,299.4811793520398,298.5881784365457
26.04267619760162,1.5,302.73045899867753,299.4813606084116,298.588311343857
26.046301796404013,1.5,302.7306789735929,299.48154185807965,298.5884442588406
26.049927395206407,1.5,302.73089893748096,299.4817231010464,298.5885771814924
26.0535529940088,1.5,302.7311188903422,299.48190433731423,298.58871011180867
26.057178592811194,1.5,302.7313388321768,299.4820855668855,298.58884304978545
26.060804191613588,1.5,302.7315587629851,299.4822667897625,298.588975995419
26.064429790415982,1.5,302.73177868276736,299.4824480059476,298.58910894870536
26.068055389218376,1.5,302.73199859152396,299.4826292154433,298.5892419096407
26.07168098802077,1.5,302.7322184892551,299.4828104182518,298.5893748782212
26.075306586823164,1.5,302.732438375961,299.4829916143755,298.58950785444296
26.078932185625558,1.5,302.73265825164214,299.48317280381673,298.5896408383021
26.08255778442795,1.5,302.73287811629876,299.48335398657787,298.5897738297948
26.086183383230345,1.5,302.73309796993107,299.4835351626612,298.5899068289173
26.08980898203274,1.5,302.7333178125394,299.48371633206915,298.5900398356657
26.093434580835133,1.5,302.73353764412406,299.483897494804,298.590172850036
26.097060179637527,1.5,302.7337574646853,299.4840786508681,298.5903058720246
26.10068577843992,1.5,302.7339772742236,299.4842598002638,298.5904389016275
26.104311377242315,1.5,302.73419707273905,299.48444094299344,298.5905719388409
26.10793697604471,1.5,302.7344168602321,299.48462207905936,298.5907049836609
26.111562574847103,1.5,302.734636636703,299.48480320846386,298.5908380360838
26.115188173649496,1.5,302.73485640215205,299.4849843312093,298.5909710961057
26.11881377245189,1.5,302.7350761565795,299.48516544729796,298.5911041637227
26.122439371254284,1.5,302.7352958999858,299.4853465567323,298.5912372389311
26.126064970056678,1.5,302.7355156323711,299.4855276595145,298.59137032172686
26.129690568859072,1.5,302.7357353537358,299.4857087556469,298.59150341210636
26.133316167661466,1.5,302.73595506408014,299.48588984513185,298.5916365100657
26.13694176646386,1.5,302.7361747634045,299.4860709279718,298.5917696156011
26.140567365266254,1.5,302.73639445170915,299.4862520041688,298.59190272870865
26.144192964068647,1.5,302.73661412899435,299.48643307372544,298.59203584938456
26.14781856287104,1.5,302.73683379526057,299.4866141366438,298.592168977625
26.151444161673435,1.5,302.737053450508,299.48679519292637,298.59230211342623
26.15506976047583,1.5,302.73727309473696,299.4869762425754,298.5924352567843
26.158695359278223,1.5,302.73749272794777,299.4871572855931,298.59256840769564
26.162320958080617,1.5,302.73771235014084,299.487338321982,298.5927015661562
26.16594655688301,1.5,302.73793196131635,299.48751935174425,298.59283473216226
26.169572155685405,1.5,302.7381515614747,299.48770037488214,298.59296790571
26.1731977544878,1.5,302.73837115061616,299.4878813913981,298.5931010867956
26.176823353290192,1.5,302.73859072874103,299.4880624012942,298.59323427541534
26.180448952092586,1.5,302.7388102958497,299.48824340457304,298.5933674715653
26.18407455089498,1.5,302.7390298519425,299.4884244012366,298.5935006752417
26.187700149697374,1.5,302.73924939701976,299.4886053912875,298.5936338864408
26.191325748499768,1.5,302.73946893108166,299.48878637472774,298.5937671051588
26.194951347302162,1.5,302.73968845412867,299.48896735155984,298.5939003313919
26.198576946104556,1.5,302.73990796616107,299.48914832178593,298.5940335651362
26.20220254490695,1.5,302.74012746717915,299.4893292854084,298.59416680638816
26.205828143709343,1.5,302.74034695718336,299.48951024242945,298.5943000551437
26.209453742511737,1.5,302.7405664361739,299.48969119285147,298.59443331139926
26.21307934131413,1.5,302.74078590415104,299.4898721366766,298.59456657515085
26.216704940116525,1.5,302.7410053611153,299.4900530739073,298.59469984639486
26.22033053891892,1.5,302.74122480706694,299.49023400454564,298.5948331251274
26.223956137721313,1.5,302.7414442420062,299.49041492859413,298.59496641134484
26.227581736523707,1.5,302.7416636659335,299.4905958460549,298.5950997050432
26.2312073353261,1.5,302.7418830788491,299.49077675693025,298.59523300621885
26.234832934128494,1.5,302.7421024807535,299.49095766122247,298.59536631486793
26.23845853293089,1.5,302.7423218716469,299.4911385589338,298.59549963098675
26.242084131733282,1.5,302.7425412515296,299.49131945006656,298.5956329545715
26.245709730535676,1.5,302.74276062040195,299.4915003346229,298.5957662856183
26.24933532933807,1.5,302.7429799782644,299.4916812126053,298.59589962412355
26.252960928140464,1.5,302.74319932511713,299.4918620840158,298.59603297008346
26.256586526942858,1.5,302.74341866096063,299.49204294885675,298.59616632349423
26.26021212574525,1.5,302.7436379857952,299.4922238071305,298.59629968435206
26.263837724547646,1.5,302.7438572996211,299.4924046588391,298.59643305265325
26.26746332335004,1.5,302.7440766024387,299.492585503985,298.596566428394
26.271088922152433,1.5,302.74429589424835,299.49276634257046,298.59669981157055
26.274714520954827,1.5,302.7445151750505,299.4929471745976,298.5968332021792
26.27834011975722,1.5,302.74473444484534,299.4931280000687,298.59696660021615
26.281965718559615,1.5,302.74495370363326,299.4933088189861,298.59710000567765
26.28559131736201,1.5,302.74517295141465,299.49348963135196,298.59723341856
26.289216916164403,1.5,302.74539218818984,299.4936704371686,298.59736683885944
26.292842514966797,1.5,302.7456114139591,299.49385123643816,298.5975002665722
26.29646811376919,1.5,302.74583062872296,299.494032029163,298.5976337016945
26.300093712571584,1.5,302.7460498324815,299.4942128153453,298.5977671442227
26.30371931137398,1.5,302.7462690252354,299.4943935949873,298.597900594153
26.307344910176372,1.5,302.74648820698474,299.4945743680912,298.5980340514816
26.310970508978766,1.5,302.74670737773,299.49475513465933,298.59816751620485
26.31459610778116,1.5,302.7469265374715,299.4949358946939,298.59830098831895
26.318221706583554,1.5,302.74714568620954,299.49511664819704,298.5984344678202
26.321847305385948,1.5,302.74736482394457,299.4952973951712,298.59856795470495
26.32547290418834,1.5,302.7475839506769,299.4954781356184,298.59870144896934
26.329098502990735,1.5,302.74780306640696,299.4956588695409,298.5988349506097
26.33272410179313,1.5,302.74802217113495,299.495839596941,298.59896845962237
26.336349700595523,1.5,302.74824126486135,299.49602031782086,298.5991019760035
26.339975299397917,1.5,302.74846034758644,299.49620103218274,298.59923549974945
26.34360089820031,1.5,302.74867941931063,299.4963817400289,298.59936903085645
26.347226497002705,1.5,302.74889848003426,299.4965624413615,298.59950256932086
26.3508520958051,1.5,302.74911752975777,299.4967431361827,298.5996361151389
26.354477694607493,1.5,302.7493365684814,299.49692382449484,298.59976966830686
26.358103293409886,1.5,302.7495555962056,299.4971045063001,298.59990322882106
26.36172889221228,1.5,302.7497746129307,299.4972851816007,298.6000367966777
26.365354491014674,1.5,302.749993618657,299.4974658503988,298.60017037187316
26.368980089817068,1.5,302.75021261338503,299.4976465126966,298.6003039544037
26.372605688619462,1.5,302.750431597115,299.49782716849637,298.6004375442657
26.376231287421856,1.5,302.7506505698473,299.49800781780016,298.60057114145525
26.37985688622425,1.5,302.7508695315824,299.49818846061044,298.60070474596887
26.383482485026644,1.5,302.75108848232054,299.4983690969292,298.60083835780273
26.387108083829037,1.5,302.7513074220622,299.49854972675877,298.60097197695313
26.39073368263143,1.5,302.7515263508077,299.4987303501012,298.6011056034165
26.394359281433825,1.5,302.7517452685574,299.49891096695893,298.60123923718896
26.39798488023622,1.5,302.75196417531174,299.49909157733384,298.60137287826694
26.401610479038613,1.5,302.752183071071,299.49927218122843,298.60150652664674
26.405236077841007,1.5,302.7524019558355,299.49945277864464,298.6016401823247
26.4088616766434,1.5,302.75262082960586,299.49963336958484,298.60177384529703
26.412487275445795,1.5,302.7528396923822,299.4998139540511,298.60190751556
26.41611287424819,1.5,302.75305854416507,299.49999453204566,298.6020411931101
26.419738473050582,1.5,302.75327738495474,299.50017510357077,298.6021748779436
26.423364071852976,1.5,302.75349621475164,299.5003556686285,298.6023085700568
26.42698967065537,1.5,302.75371503355603,299.500536227221,298.6024422694459
26.430615269457764,1.5,302.7539338413685,299.5007167793507,298.60257597610735
26.434240868260158,1.5,302.7541526381893,299.5008973250194,298.60270969003744
26.437866467062552,1.5,302.75437142401876,299.50107786422967,298.6028434112326
26.441492065864946,1.5,302.7545901988574,299.50125839698336,298.602977139689
26.44511766466734,1.5,302.75480896270557,299.5014389232828,298.6031108754031
26.448743263469733,1.5,302.7550277155636,299.5016194431302,298.60324461837115
26.452368862272127,1.5,302.7552464574319,299.5017999565277,298.60337836858946
26.45599446107452,1.5,302.75546518831084,299.5019804634774,298.6035121260544
26.459620059876915,1.5,302.7556839082008,299.5021609639815,298.6036458907624
26.46324565867931,1.5,302.7559026171022,299.5023414580422,298.6037796627096
26.466871257481703,1.5,302.75612131501543,299.5025219456616,298.60391344189253
26.470496856284097,1.5,302.7563400019409,299.502702426842,298.60404722830737
26.47412245508649,1.5,302.7565586778789,299.50288290158534,298.60418102195064
26.477748053888885,1.5,302.75677734282993,299.50306336989394,298.60431482281854
26.48137365269128,1.5,302.75699599679433,299.50324383176996,298.6044486309075
26.484999251493672,1.5,302.7572146397724,299.5034242872155,298.6045824462138
26.488624850296066,1.5,302.75743327176474,299.5036047362328,298.6047162687338
26.49225044909846,1.5,302.75765189277155,299.5037851788238,298.60485009846394
26.495876047900854,1.5,302.75787050279337,299.5039656149909,298.6049839354005
26.499501646703248,1.5,302.7580891018305,299.50414604473605,298.6051177795398
26.50312724550564,1.5,302.75830768988334,299.5043264680615,298.6052516308783
26.506752844308036,1.5,302.75852626695234,299.5045068849694,298.60538548941224
26.51037844311043,1.5,302.7587448330379,299.5046872954619,298.60551935513814
26.514004041912823,1.5,302.7589633881404,299.504867699541,298.6056532280522
26.517629640715217,1.5,302.7591819322603,299.5050480972091,298.6057871081509
26.52125523951761,1.5,302.7594004653978,299.50522848846816,298.60592099543055
26.524880838320005,1.5,302.7596189875535,299.5054088733204,298.60605488988756
26.5285064371224,1.5,302.7598374987277,299.5055892517679,298.6061887915182
26.532132035924793,1.5,302.76005599892085,299.50576962381274,298.6063227003189
26.535757634727187,1.5,302.7602744881333,299.5059499894572,298.60645661628615
26.53938323352958,1.5,302.7604929663655,299.5061303487032,298.6065905394162
26.543008832331974,1.5,302.76071143361787,299.50631070155305,298.60672446970534
26.54663443113437,1.5,302.7609298898908,299.50649104800885,298.60685840715007
26.550260029936762,1.5,302.76114833518466,299.5066713880727,298.60699235174684
26.553885628739156,1.5,302.76136676949994,299.50685172174667,298.6071263034919
26.55751122754155,1.5,302.761585192837,299.507032049033,298.6072602623817
26.561136826343944,1.5,302.76180360519623,299.50721236993377,298.6073942284126
26.564762425146338,1.5,302.76202200657804,299.507392684451,298.60752820158103
26.56838802394873,1.5,302.76224039698286,299.5075729925869,298.6076621818833
26.572013622751125,1.5,302.76245877641105,299.5077532943436,298.60779616931586
26.57563922155352,1.5,302.7626771448631,299.5079335897232,298.60793016387504
26.579264820355913,1.5,302.7628955023394,299.5081138787278,298.60806416555727
26.582890419158307,1.5,302.7631138488404,299.50829416135946,298.608198174359
26.5865160179607,1.5,302.76333218436645,299.50847443762035,298.60833219027654
26.590141616763095,1.5,302.76355050891794,299.5086547075126,298.6084662133064
26.59376721556549,1.5,302.76376882249536,299.5088349710383,298.60860024344487
26.597392814367883,1.5,302.7639871250991,299.5090152281995,298.6087342806884
26.601018413170276,1.5,302.76420541672957,299.5091954789983,298.60886832503337
26.60464401197267,1.5,302.76442369738714,299.50937572343685,298.60900237647627
26.608269610775064,1.5,302.7646419670724,299.5095559615173,298.6091364350133
26.611895209577458,1.5,302.7648602257856,299.5097361932417,298.6092705006412
26.615520808379852,1.5,302.76507847352724,299.50991641861214,298.609404573356
26.619146407182246,1.5,302.76529671029766,299.5100966376306,298.6095386531544
26.62277200598464,1.5,302.7655149360974,299.5102768502994,298.60967274003275
26.626397604787034,1.5,302.7657331509268,299.51045705662057,298.6098068339875
26.630023203589428,1.5,302.76595135478635,299.51063725659606,298.60994093501483
26.63364880239182,1.5,302.7661695476764,299.51081745022805,298.61007504311146
26.637274401194215,1.5,302.76638772959734,299.51099763751864,298.61020915827356
26.64089999999661,1.5,302.76660590054973,299.5111778184699,298.61034328049783
26.644525598799003,1.5,302.76682406053396,299.5113579930839,298.6104774097804
26.648151197601397,1.5,302.7670422095503,299.5115381613627,298.6106115461179
26.65177679640379,1.5,302.7672603475994,299.5117183233085,298.61074568950676
26.655402395206185,1.5,302.7674784746816,299.51189847892323,298.6108798399433
26.65902799400858,1.5,302.7676965907973,299.51207862820905,298.61101399742404
26.662653592810972,1.5,302.76791469594696,299.512258771168,298.6111481619453
26.666279191613366,1.5,302.76813279013106,299.5124389078022,298.61128233350365
26.66990479041576,1.5,302.7683508733499,299.51261903811366,298.61141651209545
26.673530389218154,1.5,302.76856894560404,299.5127991621045,298.6115506977171
26.677155988020548,1.5,302.7687870068939,299.51297927977686,298.61168489036515
26.680781586822942,1.5,302.76900505721983,299.51315939113266,298.61181909003597
26.684407185625336,1.5,302.7692230965824,299.513339496174,298.6119532967261
26.68803278442773,1.5,302.7694411249819,299.513519594903,298.6120875104318
26.691658383230124,1.5,302.76965914241885,299.5136996873217,298.61222173114976
26.695283982032517,1.5,302.76987714889367,299.5138797734322,298.61235595887615
26.69890958083491,1.5,302.77009514440675,299.5140598532365,298.6124901936076
26.702535179637305,1.5,302.7703131289587,299.51423992673665,298.6126244353405
26.7061607784397,1.5,302.77053110254974,299.5144199939348,298.6127586840713
26.709786377242093,1.5,302.77074906518044,299.51460005483284,298.61289293979655
26.713411976044487,1.5,302.7709670168512,299.514780109433,298.6130272025126
26.71703757484688,1.5,302.7711849575625,299.5149601577372,298.613161472216
26.720663173649275,1.5,302.7714028873147,299.51514019974763,298.61329574890317
26.72428877245167,1.5,302.7716208061084,299.51532023546616,298.61343003257053
26.727914371254062,1.5,302.7718387139439,299.515500264895,298.6135643232146
26.731539970056456,1.5,302.7720566108217,299.5156802880361,298.61369862083177
26.73516556885885,1.5,302.7722744967423,299.51586030489153,298.6138329254186
26.738791167661244,1.5,302.77249237170594,299.51604031546333,298.6139672369715
26.742416766463638,1.5,302.7727102357133,299.51622031975364,298.61410155548697
26.74604236526603,1.5,302.7729280887648,299.5164003177643,298.6142358809615
26.749667964068426,1.5,302.7731459308608,299.5165803094975,298.6143702133914
26.75329356287082,1.5,302.77336376200174,299.51676029495525,298.6145045527734
26.756919161673213,1.5,302.7735815821881,299.5169402741395,298.6146388991038
26.760544760475607,1.5,302.77379939142037,299.51712024705233,298.61477325237917
26.764170359278,1.5,302.774017189699,299.5173002136959,298.61490761259597
26.767795958080395,1.5,302.77423497702443,299.51748017407203,298.61504197975063
26.77142155688279,1.5,302.7744527533971,299.5176601281829,298.6151763538397
26.775047155685183,1.5,302.77467051881746,299.5178400760305,298.61531073485963
26.778672754487577,1.5,302.7748882732859,299.5180200176169,298.61544512280693
26.78229835328997,1.5,302.7751060168031,299.5181999529439,298.61557951767804
26.785923952092364,1.5,302.7753237493693,299.5183798820138,298.6157139194695
26.78954955089476,1.5,302.77554147098505,299.51855980482844,298.6158483281778
26.793175149697152,1.5,302.7757591816507,299.51873972139,298.61598274379946
26.796800748499546,1.5,302.7759768813669,299.5189196317004,298.6161171663308
26.80042634730194,1.5,302.7761945701339,299.51909953576154,298.6162515957686
26.804051946104334,1.5,302.77641224795235,299.51927943357566,298.6163860321092
26.807677544906728,1.5,302.7766299148226,299.5194593251446,298.616520475349
26.81130314370912,1.5,302.77684757074513,299.5196392104706,298.6166549254847
26.814928742511515,1.5,302.7770652157204,299.51981908955537,298.6167893825127
26.81855434131391,1.5,302.77728284974893,299.5199989624011,298.61692384642953
26.822179940116303,1.5,302.7775004728311,299.52017882900975,298.61705831723174
26.825805538918697,1.5,302.77771808496743,299.5203586893833,298.61719279491575
26.82943113772109,1.5,302.7779356861584,299.5205385435238,298.6173272794781
26.833056736523485,1.5,302.7781532764044,299.52071839143326,298.6174617709153
26.83668233532588,1.5,302.77837085570593,299.52089823311366,298.61759626922395
26.840307934128273,1.5,302.7785884240635,299.52107806856696,298.6177307744004
26.843933532930667,1.5,302.7788059814775,299.52125789779524,298.6178652864414
26.84755913173306,1.5,302.7790235279485,299.5214377208004,298.61799980534323
26.851184730535454,1.5,302.7792410634769,299.52161753758463,298.6181343311025
26.854810329337848,1.5,302.7794585880632,299.5217973481496,298.61826886371574
26.858435928140242,1.5,302.77967610170793,299.5219771524976,298.61840340317957
26.862061526942636,1.5,302.7798936044114,299.52215695063046,298.6185379494903
26.86568712574503,1.5,302.7801110961742,299.5223367425502,298.6186725026447
26.869312724547424,1.5,302.7803285769968,299.52251652825885,298.6188070626391
26.872938323349818,1.5,302.78054604687964,299.52269630775834,298.61894162947016
26.87656392215221,1.5,302.78076350582324,299.52287608105064,298.61907620313434
26.880189520954605,1.5,302.78098095382796,299.52305584813786,298.6192107836282
26.883815119757,1.5,302.7811983908944,299.5232356090218,298.6193453709483
26.887440718559393,1.5,302.7814158170231,299.52341536370454,298.6194799650911
26.891066317361787,1.5,302.7816332322144,299.5235951121881,298.6196145660532
26.89469191616418,1.5,302.7818506364688,299.52377485447437,298.6197491738311
26.898317514966575,1.5,302.7820680297868,299.5239545905654,298.6198837884214
26.90194311376897,1.5,302.78228541216885,299.524134320463,298.6200184098206
26.905568712571363,1.5,302.7825027836155,299.5243140441694,298.6201530380253
26.909194311373756,1.5,302.78272014412715,299.5244937616863,298.620287673032
26.91281991017615,1.5,302.78293749370437,299.52467347301587,298.62042231483724
26.916445508978544,1.5,302.7831548323476,299.5248531781601,298.6205569634376
26.920071107780938,1.5,302.7833721600573,299.52503287712074,298.62069161882954
26.923696706583332,1.5,302.783589476834,299.5252125698999,298.6208262810098
26.927322305385726,1.5,302.78380678267814,299.5253922564995,298.6209609499747
26.93094790418812,1.5,302.7840240775902,299.52557193692155,298.621095625721
26.934573502990514,1.5,302.7842413615707,299.525751611168,298.6212303082452
26.938199101792907,1.5,302.7844586346202,299.5259312792408,298.6213649975437
26.9418247005953,1.5,302.7846758967391,299.5261109411419,298.6214996936133
26.945450299397695,1.5,302.7848931479278,299.52629059687325,298.6216343964505
26.94907589820009,1.5,302.785110388187,299.5264702464368,298.6217691060518
26.952701497002483,1.5,302.785327617517,299.52664988983446,298.62190382241374
26.956327095804877,1.5,302.7855448359184,299.5268295270683,298.622038545533
26.95995269460727,1.5,302.7857620433917,299.5270091581401,298.62217327540606
26.963578293409665,1.5,302.7859792399374,299.52718878305194,298.6223080120296
26.96720389221206,1.5,302.78619642555583,299.52736840180575,298.6224427554001
26.970829491014452,1.5,302.78641360024767,299.52754801440346,298.6225775055141
26.974455089816846,1.5,302.78663076401335,299.527727620847,298.6227122623682
26.97808068861924,1.5,302.78684791685333,299.5279072211384,298.622847025959
26.981706287421634,1.5,302.7870650587682,299.5280868152794,298.62298179628317
26.985331886224028,1.5,302.78728218975834,299.52826640327214,298.6231165733372
26.988957485026422,1.5,302.78749930982434,299.5284459851184,298.6232513571176
26.992583083828816,1.5,302.7877164189666,299.5286255608203,298.6233861476211
26.99620868263121,1.5,302.78793351718576,299.52880513037957,298.6235209448442
26.999834281433603,1.5,302.7881506044822,299.5289846937983,298.62365574878345
27.003459880235997,1.5,302.78836768085654,299.5291642510783,298.6237905594355
27.00708547903839,1.5,302.7885847463091,299.5293438022216,298.623925376797
27.010711077840785,1.5,302.7888018008405,299.5295233472301,298.62406020086445
27.01433667664318,1.5,302.7890188444512,299.52970288610567,298.6241950316345
27.017962275445573,1.5,302.78923587714183,299.5298824188504,298.6243298691037
27.021587874247967,1.5,302.7894528989127,299.530061945466,298.6244647132686
27.02521347305036,1.5,302.7896699097645,299.5302414659545,298.62459956412596
27.028839071852754,1.5,302.78988690969754,299.5304209803178,298.6247344216722
27.03246467065515,1.5,302.7901038987125,299.5306004885578,298.6248692859041
27.036090269457542,1.5,302.7903208768098,299.5307799906765,298.6250041568181
27.039715868259936,1.5,302.7905378439899,299.5309594866758,298.62513903441084
27.04334146706233,1.5,302.79075480025347,299.53113897655743,298.62527391867894
27.046967065864724,1.5,302.7909717456008,299.5313184603236,298.62540880961905
27.050592664667118,1.5,302.7911886800327,299.53149793797604,298.6255437072278
27.05421826346951,1.5,302.7914056035493,299.53167740951665,298.62567861150177
27.057843862271906,1.5,302.79162251615145,299.53185687494744,298.62581352243757
27.0614694610743,1.5,302.7918394178395,299.53203633427023,298.6259484400318
27.065095059876693,1.5,302.79205630861395,299.5322157874869,298.62608336428104
27.068720658679087,1.5,302.79227318847535,299.5323952345995,298.626218295182
27.07234625748148,1.5,302.7924900574242,299.5325746756098,298.6263532327312
27.075971856283875,1.5,302.79270691546105,299.53275411051976,298.62648817692536
27.07959745508627,1.5,302.7929237625864,299.5329335393313,298.62662312776104
27.083223053888663,1.5,302.79314059880073,299.53311296204623,298.6267580852348
27.086848652691057,1.5,302.79335742410456,299.53329237866654,298.6268930493435
27.09047425149345,1.5,302.7935742384984,299.53347178919404,298.62702802008346
27.094099850295844,1.5,302.79379104198284,299.53365119363076,298.62716299745153
27.097725449098238,1.5,302.7940078345584,299.5338305919785,298.6272979814443
27.101351047900632,1.5,302.7942246162255,299.53400998423905,298.6274329720584
27.104976646703026,1.5,302.7944413869847,299.5341893704145,298.62756796929034
27.10860224550542,1.5,302.7946581468365,299.5343687505066,298.6277029731369
27.112227844307814,1.5,302.79487489578156,299.5345481245173,298.62783798359465
27.115853443110208,1.5,302.7950916338202,299.5347274924485,298.6279730006603
27.1194790419126,1.5,302.7953083609531,299.534906854302,298.6281080243304
27.123104640714995,1.5,302.7955250771807,299.5350862100798,298.6282430546016
27.12673023951739,1.5,302.7957417825035,299.5352655597837,298.62837809147067
27.130355838319783,1.5,302.7959584769221,299.53544490341557,298.6285131349341
27.133981437122177,1.5,302.79617516043703,299.53562424097737,298.6286481849886
27.13760703592457,1.5,302.7963918330487,299.5358035724709,298.62878324163086
27.141232634726965,1.5,302.7966084947578,299.535982897898,298.6289183048574
27.14485823352936,1.5,302.7968251455647,299.5361622172607,298.629053374665
27.148483832331753,1.5,302.79704178547,299.5363415305608,298.6291884510502
27.152109431134146,1.5,302.79725841447424,299.5365208378,298.6293235340098
27.15573502993654,1.5,302.79747503257795,299.5367001389805,298.62945862354036
27.159360628738934,1.5,302.7976916397817,299.5368794341038,298.62959371963854
27.162986227541328,1.5,302.79790823608585,299.5370587231721,298.62972882230105
27.166611826343722,1.5,302.7981248214911,299.537238006187,298.6298639315245
27.170237425146116,1.5,302.7983413959979,299.5374172831506,298.6299990473055
27.17386302394851,1.5,302.7985579596069,299.53759655406463,298.6301341696408
27.177488622750904,1.5,302.79877451231846,299.5377758189309,298.63026929852714
27.181114221553297,1.5,302.79899105413324,299.53795507775146,298.630404433961
27.18473982035569,1.5,302.7992075850517,299.5381343305279,298.6305395759392
27.188365419158085,1.5,302.7994241050744,299.5383135772624,298.6306747244584
27.19199101796048,1.5,302.79964061420196,299.53849281795647,298.63080987951514
27.195616616762873,1.5,302.7998571124348,299.5386720526122,298.6309450411062
27.199242215565267,1.5,302.80007359977344,299.5388512812314,298.63108020922823
27.20286781436766,1.5,302.8002900762186,299.53903050381587,298.6312153838779
27.206493413170055,1.5,302.8005065417706,299.53920972036747,298.63135056505183
27.21011901197245,1.5,302.80072299643007,299.5393889308881,298.6314857527468
27.213744610774842,1.5,302.80093944019757,299.53956813537957,298.6316209469595
27.217370209577236,1.5,302.8011558730736,299.53974733384376,298.6317561476866
27.22099580837963,1.5,302.80137229505874,299.5399265262824,298.6318913549247
27.224621407182024,1.5,302.8015887061535,299.5401057126975,298.63202656867054
27.228247005984418,1.5,302.8018051063585,299.54028489309076,298.6321617889208
27.231872604786812,1.5,302.8020214956741,299.54046406746414,298.6322970156722
27.235498203589206,1.5,302.802237874101,299.54064323581935,298.63243224892136
27.2391238023916,1.5,302.80245424163974,299.54082239815835,298.632567488665
27.242749401193993,1.5,302.80267059829083,299.54100155448293,298.6327027348999
27.246374999996387,1.5,302.8028869440548,299.54118070479484,298.6328379876226
27.25000059879878,1.5,302.80310327893227,299.54135984909607,298.63297324683
27.253626197601175,1.5,302.80331960292364,299.54153898738826,298.63310851251856
27.25725179640357,1.5,302.8035359160296,299.5417181196734,298.6332437846851
27.260877395205963,1.5,302.8037522182507,299.5418972459533,298.6333790633264
27.264502994008357,1.5,302.8039685095874,299.5420763662297,298.63351434843906
27.26812859281075,1.5,302.8041847900402,299.5422554805046,298.63364964001977
27.271754191613145,1.5,302.8044010596098,299.5424345887796,298.6337849380653
27.27537979041554,1.5,302.80461731829666,299.54261369105666,298.6339202425723
27.279005389217932,1.5,302.80483356610137,299.5427927873376,298.63405555353756
27.282630988020326,1.5,302.8050498030245,299.5429718776242,298.6341908709577
27.28625658682272,1.5,302.80526602906644,299.5431509619183,298.6343261948295
27.289882185625114,1.5,302.80548224422796,299.5433300402216,298.6344615251496
27.293507784427508,1.5,302.80569844850953,299.54350911253607,298.6345968619148
27.2971333832299,1.5,302.80591464191167,299.54368817886353,298.6347322051218
27.300758982032296,1.5,302.806130824435,299.5438672392057,298.63486755476725
27.30438458083469,1.5,302.80634699608004,299.54404629356446,298.6350029108479
27.308010179637083,1.5,302.80656315684735,299.54422534194157,298.6351382733605
27.311635778439477,1.5,302.8067793067375,299.5444043843389,298.63527364230174
27.31526137724187,1.5,302.80699544575106,299.5445834207582,298.63540901766834
27.318886976044265,1.5,302.8072115738885,299.54476245120134,298.6355443994571
27.32251257484666,1.5,302.80742769115045,299.54494147567,298.6356797876647
27.326138173649053,1.5,302.80764379753754,299.54512049416616,298.63581518228784
27.329763772451447,1.5,302.80785989305014,299.54529950669144,298.6359505833233
27.33338937125384,1.5,302.80807597768893,299.54547851324776,298.63608599076775
27.337014970056234,1.5,302.80829205145454,299.5456575138369,298.63622140461797
27.34064056885863,1.5,302.80850811434743,299.54583650846064,298.6363568248707
27.344266167661022,1.5,302.80872416636817,299.5460154971208,298.63649225152267
27.347891766463416,1.5,302.80894020751737,299.5461944798191,298.63662768457056
27.35151736526581,1.5,302.8091562377955,299.5463734565575,298.63676312401117
27.355142964068204,1.5,302.80937225720317,299.5465524273376,298.6368985698412
27.358768562870598,1.5,302.80958826574107,299.54673139216135,298.63703402205743
27.36239416167299,1.5,302.8098042634096,299.54691035103036,298.6371694806566
27.366019760475385,1.5,302.8100202502094,299.54708930394656,298.6373049456355
27.36964535927778,1.5,302.810236226141,299.54726825091177,298.6374404169908
27.373270958080173,1.5,302.81045219120506,299.54744719192763,298.63757589471925
27.376896556882567,1.5,302.810668145402,299.5476261269961,298.63771137881764
27.38052215568496,1.5,302.8108840887325,299.54780505611876,298.6378468692827
27.384147754487355,1.5,302.81110002119703,299.54798397929756,298.6379823661112
27.38777335328975,1.5,302.8113159427964,299.5481628965342,298.63811786929995
27.391398952092143,1.5,302.8115318535308,299.54834180783047,298.63825337884555
27.395024550894536,1.5,302.81174775340116,299.54852071318817,298.63838889474493
27.39865014969693,1.5,302.8119636424078,299.548699612609,298.63852441699476
27.402275748499324,1.5,302.81217952055147,299.5488785060948,298.63865994559177
27.405901347301718,1.5,302.8123953878326,299.5490573936474,298.63879548053274
27.409526946104112,1.5,302.81261124425197,299.5492362752685,298.63893102181447
27.413152544906506,1.5,302.81282708980996,299.5494151509599,298.6390665694338
27.4167781437089,1.5,302.81304292450716,299.5495940207233,298.63920212338735
27.420403742511294,1.5,302.81325874834425,299.5497728845605,298.6393376836719
27.424029341313688,1.5,302.8134745613217,299.54995174247335,298.6394732502843
27.42765494011608,1.5,302.8136903634401,299.5501305944635,298.6396088232213
27.431280538918475,1.5,302.8139061547001,299.55030944053277,298.63974440247966
27.43490613772087,1.5,302.8141219351022,299.5504882806829,298.6398799880561
27.438531736523263,1.5,302.814337704647,299.5506671149157,298.64001557994754
27.442157335325657,1.5,302.8145534633352,299.5508459432329,298.64015117815063
27.44578293412805,1.5,302.81476921116723,299.5510247656362,298.64028678266214
27.449408532930445,1.5,302.8149849481437,299.5512035821275,298.6404223934789
27.45303413173284,1.5,302.8152006742652,299.55138239270843,298.6405580105978
27.456659730535232,1.5,302.8154163895324,299.5515611973808,298.6406936340154
27.460285329337626,1.5,302.81563209394574,299.55173999614624,298.6408292637286
27.46391092814002,1.5,302.81584778750585,299.5519187890067,298.64096489973423
27.467536526942414,1.5,302.8160634702133,299.5520975759639,298.641100542029
27.471162125744808,1.5,302.81627914206877,299.5522763570195,298.6412361906098
27.474787724547202,1.5,302.8164948030727,299.55245513217517,298.64137184547326
27.478413323349596,1.5,302.8167104532259,299.55263390143284,298.64150750661634
27.48203892215199,1.5,302.8169260925287,299.5528126647941,298.6416431740357
27.485664520954384,1.5,302.81714172098185,299.55299142226085,298.6417788477282
27.489290119756777,1.5,302.81735733858585,299.5531701738347,298.64191452769063
27.49291571855917,1.5,302.81757294534134,299.5533489195175,298.64205021391984
27.496541317361565,1.5,302.8177885412489,299.55352765931093,298.6421859064126
27.50016691616396,1.5,302.81800412630906,299.55370639321666,298.64232160516553
27.503792514966353,1.5,302.8182197005225,299.5538851212366,298.6424573101757
27.507418113768747,1.5,302.8184352638898,299.5540638433723,298.6425930214398
27.51104371257114,1.5,302.8186508164115,299.5542425596256,298.64272873895464
27.514669311373535,1.5,302.81886635808814,299.5544212699982,298.6428644627171
27.51829491017593,1.5,302.8190818889205,299.55459997449185,298.6430001927238
27.521920508978322,1.5,302.819297408909,299.55477867310833,298.6431359289717
27.525546107780716,1.5,302.81951291805433,299.55495736584925,298.64327167145757
27.52917170658311,1.5,302.81972841635695,299.55513605271636,298.6434074201782
27.532797305385504,1.5,302.81994390381766,299.5553147337115,298.6435431751305
27.536422904187898,1.5,302.8201593804369,299.5554934088363,298.64367893631123
27.54004850299029,1.5,302.8203748462154,299.55567207809247,298.6438147037172
27.543674101792686,1.5,302.8205903011535,299.55585074148183,298.64395047734524
27.54729970059508,1.5,302.820805745252,299.55602939900604,298.6440862571921
27.550925299397473,1.5,302.8210211785115,299.5562080506668,298.6442220432547
27.554550898199867,1.5,302.8212366009326,299.55638669646584,298.64435783552983
27.55817649700226,1.5,302.82145201251586,299.55656533640484,298.6444936340143
27.561802095804655,1.5,302.8216674132618,299.55674397048557,298.64462943870495
27.56542769460705,1.5,302.82188280317115,299.5569225987098,298.6447652495986
27.569053293409443,1.5,302.8220981822445,299.55710122107905,298.64490106669206
27.572678892211837,1.5,302.82231355048225,299.5572798375953,298.6450368899822
27.57630449101423,1.5,302.82252890788527,299.55745844826004,298.6451727194659
27.579930089816624,1.5,302.82274425445405,299.557637053075,298.6453085551399
27.58355568861902,1.5,302.82295959018927,299.557815652042,298.64544439700103
27.587181287421412,1.5,302.8231749150914,299.5579942451628,298.6455802450462
27.590806886223806,1.5,302.8233902291611,299.55817283243886,298.64571609927214
27.5944324850262,1.5,302.823605532399,299.55835141387206,298.6458519596758
27.598058083828594,1.5,302.82382082480564,299.5585299894641,298.64598782625393
27.601683682630988,1.5,302.82403610638164,299.55870855921654,298.6461236990035
27.60530928143338,1.5,302.82425137712767,299.55888712313134,298.6462595779213
27.608934880235775,1.5,302.8244666370443,299.5590656812099,298.6463954630041
27.61256047903817,1.5,302.82468188613217,299.5592442334542,298.64653135424885
27.616186077840563,1.5,302.82489712439184,299.55942277986566,298.64666725165233
27.619811676642957,1.5,302.82511235182386,299.5596013204462,298.6468031552114
27.62343727544535,1.5,302.825327568429,299.5597798551974,298.6469390649229
27.627062874247745,1.5,302.82554277420775,299.559958384121,298.6470749807837
27.63068847305014,1.5,302.8257579691608,299.5601369072186,298.6472109027907
27.634314071852533,1.5,302.82597315328866,299.560315424492,298.6473468309407
27.637939670654927,1.5,302.82618832659205,299.5604939359429,298.6474827652306
27.64156526945732,1.5,302.8264034890715,299.5606724415729,298.6476187056572
27.645190868259714,1.5,302.82661864072765,299.5608509413837,298.6477546522174
27.648816467062108,1.5,302.8268337815611,299.56102943537695,298.64789060490796
27.652442065864502,1.5,302.8270489115725,299.5612079235545,298.6480265637259
27.656067664666896,1.5,302.82726403076236,299.56138640591786,298.648162528668
27.65969326346929,1.5,302.8274791391315,299.56156488246876,298.64829849973125
27.663318862271684,1.5,302.8276942366804,299.56174335320884,298.6484344769123
27.666944461074078,1.5,302.8279093234096,299.5619218181399,298.6485704602082
27.67057005987647,1.5,302.82812439931985,299.56210027726354,298.6487064496157
27.674195658678865,1.5,302.82833946441167,299.56227873058145,298.6488424451317
27.67782125748126,1.5,302.8285545186858,299.5624571780952,298.6489784467532
27.681446856283653,1.5,302.8287695621428,299.56263561980666,298.6491144544769
27.685072455086047,1.5,302.8289845947832,299.5628140557173,298.6492504682998
27.68869805388844,1.5,302.82919961660775,299.56299248582894,298.6493864882186
27.692323652690835,1.5,302.82941462761704,299.56317091014324,298.64952251423045
27.69594925149323,1.5,302.82962962781164,299.5633493286618,298.649658546332
27.699574850295622,1.5,302.8298446171922,299.5635277413863,298.64979458452024
27.703200449098016,1.5,302.8300595957593,299.5637061483184,298.64993062879194
27.70682604790041,1.5,302.8302745635137,299.5638845494598,298.6500666791442
27.710451646702804,1.5,302.83048952045584,299.5640629448121,298.65020273557366
27.714077245505198,1.5,302.83070446658644,299.5642413343771,298.65033879807737
27.717702844307592,1.5,302.83091940190616,299.5644197181563,298.65047486665225
27.721328443109986,1.5,302.8311343264155,299.5645980961513,298.65061094129504
27.72495404191238,1.5,302.8313492401152,299.5647764683641,298.6507470220027
27.728579640714774,1.5,302.83156414300583,299.56495483479597,298.6508831087722
27.732205239517167,1.5,302.83177903508806,299.5651331954488,298.6510192016003
27.73583083831956,1.5,302.83199391636253,299.5653115503241,298.651155300484
27.739456437121955,1.5,302.83220878682977,299.5654898994237,298.6512914054201
27.74308203592435,1.5,302.8324236464905,299.5656682427491,298.65142751640565
27.746707634726743,1.5,302.83263849534524,299.565846580302,298.65156363343743
27.750333233529137,1.5,302.8328533333948,299.566024912084,298.6516997565123
27.75395883233153,1.5,302.8330681606396,299.5662032380968,298.6518358856273
27.757584431133925,1.5,302.83328297708044,299.5663815583421,298.65197202077934
27.76121002993632,1.5,302.8334977827178,299.5665598728215,298.65210816196515
27.764835628738712,1.5,302.8337125775525,299.56673818153655,298.6522443091818
27.768461227541106,1.5,302.83392736158504,299.56691648448896,298.6523804624261
27.7720868263435,1.5,302.8341421348161,299.5670947816804,298.652516621695
27.775712425145894,1.5,302.8343568972462,299.5672730731126,298.6526527869854
27.779338023948288,1.5,302.8345716488761,299.5674513587869,298.65278895829425
27.78296362275068,1.5,302.8347863897064,299.5676296387052,298.65292513561843
27.786589221553076,1.5,302.83500111973774,299.5678079128691,298.6530613189549
27.79021482035547,1.5,302.8352158389707,299.5679861812802,298.6531975083005
27.793840419157863,1.5,302.8354305474061,299.5681644439401,298.6533337036522
27.797466017960257,1.5,302.8356452450443,299.56834270085045,298.65346990500694
27.80109161676265,1.5,302.8358599318861,299.56852095201293,298.6536061123617
27.804717215565045,1.5,302.8360746079321,299.5686991974291,298.65374232571315
27.80834281436744,1.5,302.836289273183,299.56887743710064,298.6538785450585
27.811968413169833,1.5,302.8365039276394,299.5690556710291,298.65401477039455
27.815594011972227,1.5,302.8367185713019,299.5692338992162,298.6541510017182
27.81921961077462,1.5,302.8369332041712,299.56941212166356,298.6542872390265
27.822845209577014,1.5,302.8371478262479,299.56959033837273,298.65442348231625
27.82647080837941,1.5,302.8373624375326,299.5697685493453,298.6545597315844
27.830096407181802,1.5,302.837577038026,299.5699467545831,298.65469598682796
27.833722005984196,1.5,302.83779162772873,299.57012495408753,298.65483224804376
27.83734760478659,1.5,302.8380062066414,299.57030314786033,298.6549685152288
27.840973203588984,1.5,302.8382207747647,299.5704813359031,298.6551047883801
27.844598802391378,1.5,302.83843533209927,299.57065951821744,298.6552410674944
27.84822440119377,1.5,302.83864987864575,299.57083769480494,298.65537735256873
27.851849999996166,1.5,302.8388644144048,299.57101586566716,298.65551364360016
27.85547559879856,1.5,302.839078939377,299.5711940308059,298.6556499405855
27.859101197600953,1.5,302.839293453563,299.57137219022263,298.6557862435217
27.862726796403347,1.5,302.83950795696353,299.57155034391894,298.6559225524057
27.86635239520574,1.5,302.83972244957914,299.5717284918965,298.6560588672345
27.869977994008135,1.5,302.8399369314106,299.5719066341569,298.656195188005
27.87360359281053,1.5,302.84015140245845,299.57208477070174,298.65633151471417
27.877229191612923,1.5,302.84036586272333,299.57226290153267,298.65646784735895
27.880854790415317,1.5,302.840580312206,299.57244102665123,298.6566041859363
27.88448038921771,1.5,302.840794750907,299.572619146059,298.65674053044324
27.888105988020104,1.5,302.841009178827,299.57279725975775,298.6568768808766
27.891731586822498,1.5,302.8412235959667,299.5729753677489,298.65701323723346
27.895357185624892,1.5,302.8414380023267,299.5731534700341,298.6571495995107
27.898982784427286,1.5,302.84165239790764,299.57333156661485,298.6572859677054
27.90260838322968,1.5,302.8418667827102,299.57350965749293,298.65742234181425
27.906233982032074,1.5,302.842081156735,299.5736877426699,298.65755872183445
27.909859580834468,1.5,302.84229551998277,299.5738658221473,298.6576951077629
27.91348517963686,1.5,302.8425098724542,299.5740438959267,298.65783149959657
27.917110778439255,1.5,302.8427242141497,299.5742219640097,298.6579678973324
27.92073637724165,1.5,302.8429385450701,299.574400026398,298.65810430096735
27.924361976044043,1.5,302.8431528652161,299.574578083093,298.6582407104985
27.927987574846437,1.5,302.84336717458837,299.57475613409645,298.6583771259227
27.93161317364883,1.5,302.84358147318744,299.5749341794099,298.65851354723696
27.935238772451225,1.5,302.84379576101395,299.5751122190349,298.6586499744383
27.93886437125362,1.5,302.84401003806863,299.57529025297305,298.65878640752356
27.942489970056013,1.5,302.84422430435217,299.5754682812259,298.6589228464898
27.946115568858406,1.5,302.8444385598652,299.5756463037951,298.6590592913341
27.9497411676608,1.5,302.84465280460836,299.57582432068216,298.65919574205327
27.953366766463194,1.5,302.8448670385823,299.57600233188873,298.6593321986444
27.956992365265588,1.5,302.8450812617877,299.57618033741625,298.6594686611044
27.960617964067982,1.5,302.84529547422517,299.57635833726647,298.65960512943036
27.964243562870376,1.5,302.84550967589547,299.5765363314409,298.6597416036191
27.96786916167277,1.5,302.8457238667992,299.576714319941,298.65987808366776
27.971494760475164,1.5,302.8459380469371,299.57689230276856,298.66001456957326
27.975120359277557,1.5,302.8461522163096,299.577070279925,298.6601510613326
27.97874595807995,1.5,302.8463663749176,299.57724825141196,298.6602875589428
27.982371556882345,1.5,302.8465805227617,299.57742621723094,298.66042406240075
27.98599715568474,1.5,302.8467946598425,299.5776041773835,298.6605605717035
27.989622754487133,1.5,302.84700878616076,299.5777821318713,298.66069708684813
27.993248353289527,1.5,302.8472229017171,299.57796008069585,298.66083360783153
27.99687395209192,1.5,302.84743700651217,299.5781380238588,298.6609701346507
28.000499550894315,1.5,302.8476511005466,299.5783159613615,298.6611066673027
28.00412514969671,1.5,302.84786518382117,299.5784938932058,298.6612432057845
28.007750748499102,1.5,302.84807925633646,299.578671819393,298.6613797500931
28.011376347301496,1.5,302.84829331809317,299.5788497399248,298.6615163002255
28.01500194610389,1.5,302.84850736909186,299.5790276548027,298.6616528561787
28.018627544906284,1.5,302.84872140933345,299.57920556402837,298.66178941794976
28.022253143708678,1.5,302.8489354388184,299.57938346760324,298.66192598553556
28.025878742511072,1.5,302.8491494575474,299.57956136552895,298.66206255893326
28.029504341313466,1.5,302.84936346552115,299.5797392578069,298.6621991381398
28.03312994011586,1.5,302.8495774627404,299.57991714443887,298.66233572315207
28.036755538918253,1.5,302.8497914492056,299.5800950254262,298.66247231396727
28.040381137720647,1.5,302.8500054249177,299.5802729007706,298.6626089105824
28.04400673652304,1.5,302.85021938987717,299.58045077047353,298.6627455129944
28.047632335325435,1.5,302.85043334408476,299.5806286345366,298.6628821212002
28.05125793412783,1.5,302.8506472875411,299.5808064929613,298.66301873519706
28.054883532930223,1.5,302.85086122024694,299.58098434574924,298.66315535498177
28.058509131732617,1.5,302.8510751422029,299.58116219290184,298.66329198055143
28.06213473053501,1.5,302.85128905340963,299.58134003442075,298.66342861190316
28.065760329337404,1.5,302.85150295386785,299.58151787030744,298.66356524903387
28.0693859281398,1.5,302.8517168435782,299.58169570056356,298.66370189194055
28.073011526942192,1.5,302.8519307225414,299.58187352519053,298.66383854062036
28.076637125744586,1.5,302.8521445907581,299.58205134418995,298.66397519507024
28.08026272454698,1.5,302.852358448229,299.58222915756335,298.66411185528716
28.083888323349374,1.5,302.85257229495465,299.5824069653123,298.66424852126835
28.087513922151768,1.5,302.85278613093595,299.58258476743833,298.6643851930106
28.09113952095416,1.5,302.8529999561734,299.58276256394294,298.6645218705111
28.094765119756556,1.5,302.85321377066776,299.5829403548276,298.6646585537669
28.09839071855895,1.5,302.85342757441964,299.5831181400939,298.6647952427749
28.102016317361343,1.5,302.8536413674299,299.5832959197435,298.66493193753223
28.105641916163737,1.5,302.853855149699,299.58347369377765,298.66506863803596
28.10926751496613,1.5,302.85406892122774,299.5836514621981,298.66520534428304
28.112893113768525,1.5,302.8542826820168,299.5838292250063,298.6653420562705
28.11651871257092,1.5,302.85449643206675,299.5840069822038,298.6654787739955
28.120144311373313,1.5,302.8547101713784,299.58418473379214,298.665615497455
28.123769910175707,1.5,302.8549238999523,299.5843624797728,298.6657522266461
28.1273955089781,1.5,302.85513761778935,299.5845402201473,298.6658889615658
28.131021107780494,1.5,302.85535132489,299.58471795491715,298.66602570221113
28.13464670658289,1.5,302.85556502125513,299.58489568408396,298.66616244857914
28.138272305385282,1.5,302.8557787068853,299.5850734076491,298.66629920066697
28.141897904187676,1.5,302.85599238178116,299.5852511256142,298.66643595847154
28.14552350299007,1.5,302.8562060459435,299.58542883798077,298.66657272199
28.149149101792464,1.5,302.856419699373,299.58560654475036,298.66670949121936
28.152774700594858,1.5,302.8566333420704,299.5857842459244,298.6668462661567
28.15640029939725,1.5,302.8568469740362,299.5859619415044,298.66698304679903
28.160025898199645,1.5,302.85706059527115,299.5861396314919,298.6671198331435
28.16365149700204,1.5,302.85727420577604,299.58631731588844,298.66725662518706
28.167277095804433,1.5,302.8574878055515,299.5864949946954,298.66739342292686
28.170902694606827,1.5,302.8577013945982,299.58667266791446,298.6675302263599
28.17452829340922,1.5,302.85791497291683,299.586850335547,298.66766703548336
28.178153892211615,1.5,302.85812854050806,299.58702799759465,298.6678038502942
28.18177949101401,1.5,302.85834209737266,299.58720565405883,298.6679406707894
28.185405089816403,1.5,302.8585556435113,299.58738330494106,298.6680774969662
28.189030688618796,1.5,302.8587691789246,299.5875609502428,298.66821432882165
28.19265628742119,1.5,302.8589827036134,299.5877385899657,298.66835116635264
28.196281886223584,1.5,302.8591962175782,299.58791622411104,298.6684880095565
28.199907485025978,1.5,302.85940972081977,299.5880938526805,298.66862485843006
28.203533083828372,1.5,302.85962321333886,299.58827147567547,298.6687617129706
28.207158682630766,1.5,302.8598366951361,299.5884490930975,298.66889857317506
28.21078428143316,1.5,302.8600501662122,299.58862670494807,298.66903543904056
28.214409880235554,1.5,302.86026362656787,299.5888043112286,298.6691723105642
28.218035479037948,1.5,302.8604770762038,299.58898191194066,298.66930918774295
28.22166107784034,1.5,302.86069051512067,299.5891595070858,298.66944607057405
28.225286676642735,1.5,302.86090394331916,299.5893370966654,298.6695829590545
28.22891227544513,1.5,302.86111736080005,299.5895146806811,298.66971985318145
28.232537874247523,1.5,302.8613307675639,299.5896922591342,298.66985675295183
28.236163473049917,1.5,302.8615441636116,299.5898698320263,298.66999365836296
28.23978907185231,1.5,302.8617575489437,299.59004739935887,298.67013056941175
28.243414670654705,1.5,302.8619709235609,299.59022496113334,298.6702674860952
28.2470402694571,1.5,302.8621842874639,299.59040251735127,298.6704044084107
28.250665868259492,1.5,302.86239764065346,299.5905800680141,298.67054133635514
28.254291467061886,1.5,302.8626109831303,299.5907576131233,298.67067826992565
28.25791706586428,1.5,302.862824314895,299.5909351526804,298.6708152091192
28.261542664666674,1.5,302.8630376359484,299.59111268668687,298.67095215393306
28.265168263469068,1.5,302.8632509462911,299.59129021514417,298.6710891043643
28.268793862271462,1.5,302.8634642459238,299.5914677380538,298.67122606041
28.272419461073856,1.5,302.8636775348473,299.5916452554172,298.6713630220673
28.27604505987625,1.5,302.8638908130622,299.5918227672358,298.6714999893332
28.279670658678643,1.5,302.86410408056923,299.59200027351113,298.67163696220484
28.283296257481037,1.5,302.86431733736913,299.5921777742447,298.6717739406793
28.28692185628343,1.5,302.86453058346257,299.5923552694379,298.67191092475383
28.290547455085825,1.5,302.86474381885023,299.5925327590923,298.6720479144254
28.29417305388822,1.5,302.8649570435329,299.5927102432093,298.6721849096911
28.297798652690613,1.5,302.86517025751124,299.59288772179036,298.6723219105481
28.301424251493007,1.5,302.86538346078595,299.593065194837,298.67245891699343
28.3050498502954,1.5,302.8655966533577,299.5932426623506,298.67259592902434
28.308675449097795,1.5,302.8658098352273,299.59342012433274,298.67273294663784
28.31230104790019,1.5,302.8660230063953,299.59359758078483,298.67286996983114
28.315926646702582,1.5,302.86623616686256,299.5937750317083,298.67300699860124
28.319552245504976,1.5,302.8664493166297,299.5939524771046,298.6731440329453
28.32317784430737,1.5,302.8666624556975,299.59412991697525,298.67328107286045
28.326803443109764,1.5,302.86687558406663,299.59430735132173,298.6734181183437
28.330429041912158,1.5,302.86708870173777,299.59448478014536,298.6735551693924
28.33405464071455,1.5,302.86730180871166,299.59466220344774,298.6736922260035
28.337680239516946,1.5,302.867514904989,299.5948396212303,298.67382928817415
28.34130583831934,1.5,302.8677279905705,299.59501703349446,298.6739663559015
28.344931437121733,1.5,302.8679410654568,299.59519444024164,298.67410342918265
28.348557035924127,1.5,302.86815412964876,299.59537184147337,298.67424050801475
28.35218263472652,1.5,302.8683671831471,299.5955492371911,298.6743775923948
28.355808233528915,1.5,302.86858022595237,299.59572662739623,298.67451468232025
28.35943383233131,1.5,302.86879325806535,299.59590401209016,298.6746517777879
28.363059431133703,1.5,302.8690062794868,299.5960813912745,298.6747888787951
28.366685029936097,1.5,302.8692192902175,299.59625876495045,298.67492598533886
28.37031062873849,1.5,302.8694322902579,299.5964361331197,298.6750630974163
28.373936227540884,1.5,302.86964527960896,299.5966134957836,298.67520021502463
28.37756182634328,1.5,302.8698582582713,299.5967908529435,298.675337338161
28.381187425145672,1.5,302.87007122624567,299.5969682046011,298.6754744668225
28.384813023948066,1.5,302.8702841835328,299.59714555075755,298.67561160100627
28.38843862275046,1.5,302.87049713013334,299.5973228914145,298.6757487407095
28.392064221552854,1.5,302.87071006604805,299.59750022657323,298.67588588592923
28.395689820355248,1.5,302.8709229912776,299.5976775562353,298.6760230366627
28.39931541915764,1.5,302.8711359058229,299.59785488040205,298.676160192907
28.402941017960035,1.5,302.87134880968443,299.598032199075,298.6762973546593
28.40656661676243,1.5,302.871561702863,299.59820951225555,298.6764345219168
28.410192215564823,1.5,302.8717745853593,299.5983868199451,298.67657169467657
28.413817814367217,1.5,302.8719874571741,299.5985641221452,298.67670887293576
28.41744341316961,1.5,302.8722003183081,299.59874141885706,298.6768460566916
28.421069011972005,1.5,302.872413168762,299.59891871008233,298.67698324594113
28.4246946107744,1.5,302.87262600853666,299.5990959958223,298.67712044068156
28.428320209576793,1.5,302.87283883763257,299.5992732760785,298.67725764091006
28.431945808379187,1.5,302.87305165605056,299.59945055085234,298.67739484662377
28.43557140718158,1.5,302.8732644637913,299.59962782014514,298.67753205781986
28.439197005983974,1.5,302.8734772608557,299.5998050839585,298.67766927449554
28.442822604786368,1.5,302.8736900472443,299.59998234229363,298.6778064966478
28.446448203588762,1.5,302.87390282295786,299.60015959515215,298.677943724274
28.450073802391156,1.5,302.87411558799715,299.60033684253534,298.6780809573712
28.45369940119355,1.5,302.8743283423629,299.6005140844447,298.6782181959366
28.457324999995944,1.5,302.8745410860558,299.6006913208816,298.67835543996733
28.460950598798338,1.5,302.87475381907655,299.60086855184755,298.67849268946054
28.46457619760073,1.5,302.8749665414258,299.6010457773438,298.6786299444135
28.468201796403125,1.5,302.87517925310453,299.60122299737196,298.6787672048232
28.47182739520552,1.5,302.87539195411324,299.6014002119333,298.678904470687
28.475452994007913,1.5,302.8756046444527,299.6015774210293,298.67904174200197
28.479078592810307,1.5,302.8758173241238,299.6017546246613,298.67917901876535
28.4827041916127,1.5,302.876029993127,299.6019318228308,298.6793163009743
28.486329790415095,1.5,302.87624265146326,299.6021090155392,298.6794535886259
28.48995538921749,1.5,302.8764552991332,299.6022862027879,298.6795908817174
28.493580988019882,1.5,302.87666793613755,299.6024633845783,298.67972818024595
28.497206586822276,1.5,302.8768805624771,299.6026405609118,298.67986548420885
28.50083218562467,1.5,302.87709317815245,299.6028177317898,298.680002793603
28.504457784427064,1.5,302.8773057831645,299.6029948972137,298.6801401084259
28.508083383229458,1.5,302.87751837751387,299.60317205718496,298.6802774286746
28.511708982031852,1.5,302.87773096120134,299.6033492117049,298.6804147543462
28.515334580834246,1.5,302.8779435342276,299.603526360775,298.680552085438
28.51896017963664,1.5,302.8781560965934,299.6037035043966,298.68068942194725
28.522585778439034,1.5,302.8783686482995,299.60388064257114,298.6808267638709
28.526211377241427,1.5,302.8785811893467,299.6040577753,298.6809641112064
28.52983697604382,1.5,302.87879371973554,299.60423490258455,298.68110146395077
28.533462574846215,1.5,302.87900623946683,299.60441202442627,298.68123882210125
28.53708817364861,1.5,302.8792187485414,299.6045891408264,298.681376185655
28.540713772451003,1.5,302.8794312469599,299.6047662517865,298.6815135546093
28.544339371253397,1.5,302.87964373472306,299.60494335730795,298.6816509289613
28.54796497005579,1.5,302.8798562118316,299.60512045739205,298.6817883087082
28.551590568858185,1.5,302.8800686782865,299.60529755204016,298.6819256938471
28.55521616766058,1.5,302.8802811340881,299.60547464125386,298.68206308437544
28.558841766462972,1.5,302.8804935792374,299.60565172503436,298.68220048029025
28.562467365265366,1.5,302.88070601373505,299.6058288033831,298.68233788158875
28.56609296406776,1.5,302.8809184375818,299.6060058763015,298.6824752882681
28.569718562870154,1.5,302.8811308507784,299.6061829437909,298.68261270032565
28.573344161672548,1.5,302.8813432533256,299.6063600058527,298.6827501177584
28.57696976047494,1.5,302.8815556452241,299.60653706248837,298.68288754056374
28.580595359277336,1.5,302.88176802647473,299.6067141136991,298.6830249687388
28.58422095807973,1.5,302.8819803970781,299.60689115948645,298.68316240228074
28.587846556882123,1.5,302.88219275703506,299.60706819985165,298.6832998411869
28.591472155684517,1.5,302.88240510634625,299.6072452347963,298.6834372854544
28.59509775448691,1.5,302.8826174450125,299.6074222643216,298.68357473508047
28.598723353289305,1.5,302.8828297730345,299.6075992884289,298.68371219006235
28.6023489520917,1.5,302.883042090413,299.6077763071197,298.68384965039724
28.605974550894093,1.5,302.88325439714885,299.6079533203953,298.68398711608233
28.609600149696487,1.5,302.8834666932426,299.6081303282572,298.68412458711487
28.61322574849888,1.5,302.8836789786951,299.6083073307065,298.68426206349204
28.616851347301274,1.5,302.88389125350716,299.6084843277448,298.68439954521114
28.62047694610367,1.5,302.88410351767936,299.6086613193734,298.68453703226925
28.624102544906062,1.5,302.8843157712126,299.6088383055937,298.68467452466376
28.627728143708456,1.5,302.8845280141075,299.60901528640704,298.68481202239184
28.63135374251085,1.5,302.8847402463649,299.60919226181477,298.6849495254507
28.634979341313244,1.5,302.88495246798544,299.60936923181833,298.68508703383753
28.638604940115638,1.5,302.88516467897006,299.609546196419,298.6852245475496
28.64223053891803,1.5,302.8853768793193,299.60972315561827,298.6853620665841
28.645856137720425,1.5,302.885589069034,299.6099001094173,298.6854995909383
28.64948173652282,1.5,302.88580124811494,299.6100770578176,298.68563712060944
28.653107335325213,1.5,302.8860134165628,299.61025400082053,298.68577465559474
28.656732934127607,1.5,302.88622557437833,299.61043093842744,298.68591219589143
28.66035853293,1.5,302.8864377215623,299.6106078706396,298.6860497414968
28.663984131732395,1.5,302.8866498581155,299.6107847974585,298.686187292408
28.66760973053479,1.5,302.8868619840386,299.6109617188854,298.68632484862235
28.671235329337183,1.5,302.8870740993324,299.6111386349217,298.686462410137
28.674860928139577,1.5,302.88728620399763,299.61131554556874,298.6865999769492
28.67848652694197,1.5,302.8874982980351,299.611492450828,298.6867375490562
28.682112125744364,1.5,302.88771038144546,299.61166935070054,298.6868751264554
28.685737724546758,1.5,302.88792245422957,299.61184624518796,298.68701270914386
28.689363323349152,1.5,302.8881345163881,299.6120231342915,298.6871502971189
28.692988922151546,1.5,302.8883465679219,299.61220001801263,298.6872878903777
28.69661452095394,1.5,302.8885586088316,299.61237689635254,298.68742548891754
28.700240119756334,1.5,302.888770639118,299.6125537693127,298.68756309273573
28.703865718558728,1.5,302.88898265878186,299.61273063689436,298.68770070182944
28.70749131736112,1.5,302.8891946678239,299.612907499099,298.687838316196
28.711116916163515,1.5,302.88940666624495,299.6130843559278,298.68797593583264
28.71474251496591,1.5,302.88961865404576,299.6132612073822,298.68811356073655
28.718368113768303,1.5,302.88983063122697,299.61343805346354,298.688251190905
28.721993712570697,1.5,302.8900425977895,299.61361489417317,298.6883888263353
28.72561931137309,1.5,302.89025455373394,299.6137917295124,298.68852646702476
28.729244910175485,1.5,302.8904664990612,299.6139685594826,298.6886641129705
28.73287050897788,1.5,302.8906784337719,299.614145384085,298.68880176416985
28.736496107780273,1.5,302.89089035786685,299.6143222033212,298.6889394206201
28.740121706582666,1.5,302.8911022713469,299.61449901719226,298.6890770823184
28.74374730538506,1.5,302.89131417421265,299.6146758256996,298.6892147492622
28.747372904187454,1.5,302.89152606646496,299.6148526288446,298.6893524214486
28.750998502989848,1.5,302.8917379481046,299.61502942662855,298.6894900988749
28.754624101792242,1.5,302.8919498191322,299.6152062190528,298.6896277815384
28.758249700594636,1.5,302.8921616795487,299.6153830061187,298.6897654694364
28.76187529939703,1.5,302.8923735293547,299.6155597878275,298.6899031625661
28.765500898199424,1.5,302.89258536855107,299.6157365641807,298.69004086092485
28.769126497001817,1.5,302.8927971971386,299.6159133351794,298.69017856450984
28.77275209580421,1.5,302.89300901511797,299.61609010082515,298.6903162733184
28.776377694606605,1.5,302.8932208224899,299.61626686111913,298.6904539873478
28.780003293409,1.5,302.8934326192552,299.61644361606267,298.6905917065952
28.783628892211393,1.5,302.8936444054147,299.6166203656571,298.6907294310582
28.787254491013787,1.5,302.89385618096907,299.6167971099039,298.69086716073366
28.79088008981618,1.5,302.8940679459191,299.61697384880426,298.69100489561913
28.794505688618575,1.5,302.8942797002656,299.6171505823594,298.69114263571174
28.79813128742097,1.5,302.89449144400925,299.61732731057083,298.69128038100894
28.801756886223362,1.5,302.89470317715086,299.6175040334398,298.6914181315079
28.805382485025756,1.5,302.89491489969123,299.6176807509675,298.69155588720594
28.80900808382815,1.5,302.895126611631,299.6178574631555,298.6916936481003
28.812633682630544,1.5,302.89533831297115,299.6180341700049,298.6918314141883
28.816259281432938,1.5,302.89555000371223,299.61821087151714,298.69196918546726
28.819884880235332,1.5,302.89576168385514,299.61838756769345,298.6921069619344
28.823510479037726,1.5,302.8959733534006,299.61856425853523,298.6922447435871
28.82713607784012,1.5,302.8961850123494,299.61874094404374,298.6923825304226
28.830761676642513,1.5,302.89639666070224,299.6189176242203,298.69252032243816
28.834387275444907,1.5,302.89660829845997,299.61909429906615,298.6926581196311
28.8380128742473,1.5,302.89681992562333,299.6192709685827,298.69279592199877
28.841638473049695,1.5,302.8970315421931,299.61944763277126,298.6929337295384
28.84526407185209,1.5,302.89724314817,299.61962429163304,298.6930715422473
28.848889670654483,1.5,302.89745474355476,299.61980094516946,298.6932093601228
28.852515269456877,1.5,302.8976663283483,299.61997759338175,298.6933471831622
28.85614086825927,1.5,302.89787790255133,299.6201542362712,298.6934850113628
28.859766467061664,1.5,302.89808946616455,299.62033087383924,298.6936228447218
28.86339206586406,1.5,302.8983010191888,299.62050750608694,298.69376068323663
28.867017664666452,1.5,302.8985125616248,299.62068413301586,298.69389852690455
28.870643263468846,1.5,302.8987240934734,299.62086075462713,298.69403637572293
28.87426886227124,1.5,302.8989356147353,299.6210373709221,298.6941742296889
28.877894461073634,1.5,302.89914712541133,299.6212139819021,298.69431208879996
28.881520059876028,1.5,302.8993586255022,299.62139058756844,298.6944499530534
28.88514565867842,1.5,302.8995701150087,299.62156718792227,298.6945878224464
28.888771257480816,1.5,302.8997815939316,299.6217437829651,298.6947256969763
28.89239685628321,1.5,302.8999930622718,299.62192037269807,298.69486357664056
28.896022455085603,1.5,302.9002045200299,299.62209695712244,298.6950014614364
28.899648053887997,1.5,302.9004159672067,299.6222735362397,298.6951393513611
28.90327365269039,1.5,302.90062740380307,299.62245011005086,298.695277246412
28.906899251492785,1.5,302.9008388298197,299.6226266785575,298.69541514658647
28.91052485029518,1.5,302.9010502452574,299.6228032417607,298.69555305188175
28.914150449097573,1.5,302.90126165011696,299.62297979966183,298.6956909622952
28.917776047899967,1.5,302.90147304439915,299.6231563522622,298.69582887782417
28.92140164670236,1.5,302.9016844281047,299.6233328995631,298.6959667984659
28.925027245504754,1.5,302.90189580123445,299.6235094415657,298.69610472421783
28.92865284430715,1.5,302.90210716378914,299.62368597827145,298.69624265507724
28.932278443109542,1.5,302.9023185157696,299.62386250968154,298.69638059104136
28.935904041911936,1.5,302.9025298571765,299.62403903579724,298.69651853210763
28.93952964071433,1.5,302.9027411880107,299.6242155566199,298.6966564782733
28.943155239516724,1.5,302.9029525082729,299.6243920721507,298.6967944295358
28.946780838319118,1.5,302.90316381796407,299.62456858239096,298.69693238589247
28.95040643712151,1.5,302.9033751170848,299.6247450873421,298.6970703473405
28.954032035923905,1.5,302.90358640563596,299.6249215870052,298.69720831387735
28.9576576347263,1.5,302.9037976836183,299.6250980813815,298.69734628550026
28.961283233528693,1.5,302.90400895103255,299.62527457047247,298.6974842622066
28.964908832331087,1.5,302.9042202078796,299.6254510542793,298.6976222439938
28.96853443113348,1.5,302.90443145416015,299.6256275328033,298.69776023085905
28.972160029935875,1.5,302.90464268987506,299.62580400604566,298.6978982227998
28.97578562873827,1.5,302.90485391502506,299.62598047400775,298.69803621981333
28.979411227540663,1.5,302.9050651296109,299.62615693669073,298.69817422189703
28.983036826343056,1.5,302.90527633363337,299.6263333940959,298.6983122290482
28.98666242514545,1.5,302.9054875270934,299.6265098462246,298.69845024126425
28.990288023947844,1.5,302.9056987099915,299.626686293078,298.6985882585424
28.993913622750238,1.5,302.9059098823287,299.6268627346575,298.6987262808801
28.997539221552632,1.5,302.90612104410565,299.6270391709643,298.69886430827466
29.001164820355026,1.5,302.90633219532316,299.6272156019995,298.6990023407235
29.00479041915742,1.5,302.90654333598206,299.62739202776464,298.69914037822383
29.008416017959814,1.5,302.90675446608316,299.6275684482609,298.69927842077306
29.012041616762207,1.5,302.9069655856272,299.6277448634894,298.69941646836867
29.0156672155646,1.5,302.9071766946149,299.62792127345153,298.6995545210078
29.019292814366995,1.5,302.9073877930472,299.6280976781485,298.69969257868803
29.02291841316939,1.5,302.9075988809247,299.6282740775815,298.6998306414065
29.026544011971783,1.5,302.9078099582483,299.628450471752,298.6999687091607
29.030169610774177,1.5,302.9080210250188,299.62862686066103,298.70010678194797
29.03379520957657,1.5,302.908232081237,299.62880324431,298.7002448597656
29.037420808378965,1.5,302.9084431269036,299.6289796227001,298.70038294261104
29.04104640718136,1.5,302.9086541620194,299.6291559958326,298.70052103048164
29.044672005983752,1.5,302.9088651865852,299.6293323637088,298.7006591233747
29.048297604786146,1.5,302.9090762006019,299.6295087263298,298.70079722128764
29.05192320358854,1.5,302.90928720407015,299.629685083697,298.7009353242178
29.055548802390934,1.5,302.90949819699085,299.6298614358116,298.7010734321625
29.059174401193328,1.5,302.9097091793647,299.6300377826749,298.70121154511924
29.062799999995722,1.5,302.9099201511925,299.63021412428805,298.70134966308524
29.066425598798116,1.5,302.91013111247514,299.63039046065234,298.70148778605795
29.07005119760051,1.5,302.9103420632133,299.630566791769,298.70162591403476
29.073676796402903,1.5,302.91055300340776,299.6307431176394,298.70176404701306
29.077302395205297,1.5,302.9107639330594,299.6309194382646,298.7019021849901
29.08092799400769,1.5,302.910974852169,299.6310957536459,298.7020403279634
29.084553592810085,1.5,302.91118576073734,299.63127206378465,298.70217847593017
29.08817919161248,1.5,302.91139665876517,299.63144836868196,298.70231662888796
29.091804790414873,1.5,302.9116075462533,299.63162466833916,298.702454786834
29.095430389217267,1.5,302.9118184232026,299.63180096275744,298.70259294976586
29.09905598801966,1.5,302.91202928961377,299.63197725193805,298.7027311176807
29.102681586822055,1.5,302.9122401454876,299.63215353588214,298.7028692905761
29.10630718562445,1.5,302.91245099082494,299.6323298145911,298.70300746844924
29.109932784426842,1.5,302.9126618256266,299.6325060880661,298.7031456512977
29.113558383229236,1.5,302.91287264989336,299.6326823563084,298.7032838391187
29.11718398203163,1.5,302.91308346362604,299.63285861931917,298.7034220319098
29.120809580834024,1.5,302.91329426682535,299.6330348770997,298.70356022966814
29.124435179636418,1.5,302.91350505949214,299.6332111296513,298.7036984323913
29.12806077843881,1.5,302.9137158416272,299.63338737697495,298.7038366400767
29.131686377241206,1.5,302.91392661323135,299.6335636190721,298.70397485272156
29.1353119760436,1.5,302.9141373743053,299.6337398559439,298.7041130703234
29.138937574845993,1.5,302.91434812485,299.63391608759156,298.70425129287963
29.142563173648387,1.5,302.91455886486614,299.6340923140164,298.70438952038756
29.14618877245078,1.5,302.91476959435454,299.6342685352196,298.7045277528446
29.149814371253175,1.5,302.914980313316,299.6344447512023,298.70466599024815
29.15343997005557,1.5,302.9151910217513,299.6346209619659,298.7048042325957
29.157065568857963,1.5,302.9154017196613,299.63479716751146,298.7049424798845
29.160691167660357,1.5,302.9156124070467,299.63497336784025,298.70508073211204
29.16431676646275,1.5,302.9158230839084,299.63514956295353,298.70521898927575
29.167942365265144,1.5,302.9160337502472,299.63532575285245,298.70535725137296
29.17156796406754,1.5,302.9162444060638,299.6355019375383,298.70549551840105
29.175193562869932,1.5,302.9164550513591,299.63567811701233,298.7056337903575
29.178819161672326,1.5,302.9166656861339,299.6358542912756,298.70577206723976
29.18244476047472,1.5,302.91687631038894,299.6360304603295,298.7059103490451
29.186070359277114,1.5,302.9170869241251,299.6362066241752,298.70604863577097
29.189695958079508,1.5,302.91729752734307,299.6363827828138,298.7061869274149
29.1933215568819,1.5,302.91750812004375,299.6365589362467,298.70632522397415
29.196947155684295,1.5,302.91771870222794,299.636735084475,298.70646352544617
29.20057275448669,1.5,302.9179292738964,299.63691122749987,298.7066018318284
29.204198353289083,1.5,302.91813983504994,299.6370873653226,298.7067401431182
29.207823952091477,1.5,302.9183503856894,299.63726349794445,298.70687845931303
29.21144955089387,1.5,302.91856092581554,299.6374396253664,298.70701678041036
29.215075149696265,1.5,302.9187714554292,299.63761574759,298.70715510640747
29.21870074849866,1.5,302.9189819745312,299.63779186461625,298.70729343730187
29.222326347301053,1.5,302.91919248312223,299.63796797644636,298.707431773091
29.225951946103446,1.5,302.9194029812033,299.63814408308156,298.7075701137722
29.22957754490584,1.5,302.9196134687751,299.638320184523,298.70770845934294
29.233203143708234,1.5,302.91982394583835,299.638496280772,298.7078468098007
29.236828742510628,1.5,302.92003441239405,299.63867237182967,298.7079851651428
29.240454341313022,1.5,302.9202448684428,299.63884845769724,298.70812352536666
29.244079940115416,1.5,302.92045531398554,299.63902453837596,298.7082618904698
29.24770553891781,1.5,302.92066574902304,299.639200613867,298.7084002604496
29.251331137720204,1.5,302.92087617355617,299.63937668417145,298.7085386353035
29.254956736522598,1.5,302.92108658758565,299.6395527492907,298.70867701502885
29.25858233532499,1.5,302.9212969911124,299.6397288092258,298.70881539962323
29.262207934127385,1.5,302.9215073841371,299.639904863978,298.708953789084
29.26583353292978,1.5,302.9217177666606,299.64008091354856,298.7090921834085
29.269459131732173,1.5,302.92192813868377,299.64025695793856,298.7092305825943
29.273084730534567,1.5,302.9221385002073,299.64043299714933,298.70936898663876
29.27671032933696,1.5,302.92234885123213,299.64060903118184,298.70950739553933
29.280335928139355,1.5,302.92255919175904,299.64078506003744,298.7096458092934
29.28396152694175,1.5,302.9227695217888,299.6409610837174,298.7097842278985
29.287587125744142,1.5,302.9229798413223,299.6411371022227,298.7099226513521
29.291212724546536,1.5,302.9231901503602,299.6413131155546,298.7100610796515
29.29483832334893,1.5,302.9234004489034,299.64148912371445,298.71019951279425
29.298463922151324,1.5,302.9236107369528,299.6416651267033,298.7103379507778
29.302089520953718,1.5,302.92382101450914,299.64184112452233,298.71047639359944
29.305715119756112,1.5,302.92403128157315,299.64201711717277,298.71061484125676
29.309340718558506,1.5,302.9242415381458,299.64219310465575,298.7107532937472
29.3129663173609,1.5,302.9244517842278,299.6423690869725,298.7108917510681
29.316591916163294,1.5,302.92466201982,299.64254506412425,298.7110302132171
29.320217514965687,1.5,302.92487224492316,299.64272103611205,298.7111686801915
29.32384311376808,1.5,302.9250824595382,299.64289700293716,298.71130715198876
29.327468712570475,1.5,302.9252926636658,299.6430729646008,298.7114456286063
29.33109431137287,1.5,302.92550285730687,299.64324892110403,298.71158411004177
29.334719910175263,1.5,302.9257130404623,299.6434248724481,298.71172259629236
29.338345508977657,1.5,302.92592321313276,299.64360081863424,298.7118610873557
29.34197110778005,1.5,302.9261333753191,299.6437767596636,298.7119995832292
29.345596706582445,1.5,302.9263435270222,299.6439526955372,298.7121380839103
29.34922230538484,1.5,302.9265536682428,299.6441286262565,298.7122765893965
29.352847904187232,1.5,302.92676379898177,299.6443045518224,298.7124150996852
29.356473502989626,1.5,302.9269739192399,299.64448047223624,298.7125536147739
29.36009910179202,1.5,302.92718402901806,299.64465638749914,298.71269213466
29.363724700594414,1.5,302.92739412831696,299.64483229761237,298.7128306593411
29.367350299396808,1.5,302.9276042171375,299.6450082025769,298.7129691888145
29.3709758981992,1.5,302.9278142954805,299.645184102394,298.7131077230778
29.374601497001596,1.5,302.9280243633468,299.6453599970649,298.7132462621284
29.37822709580399,1.5,302.92823442073717,299.64553588659066,298.71338480596376
29.381852694606383,1.5,302.9284444676524,299.6457117709725,298.71352335458135
29.385478293408777,1.5,302.9286545040934,299.64588765021165,298.71366190797875
29.38910389221117,1.5,302.92886453006093,299.6460635243091,298.71380046615326
29.392729491013565,1.5,302.92907454555586,299.6462393932663,298.7139390291024
29.39635508981596,1.5,302.9292845505789,299.64641525708413,298.7140775968237
29.399980688618353,1.5,302.92949454513104,299.64659111576384,298.7142161693146
29.403606287420747,1.5,302.929704529213,299.64676696930667,298.7143547465726
29.40723188622314,1.5,302.92991450282557,299.64694281771364,298.7144933285951
29.410857485025534,1.5,302.93012446596964,299.64711866098605,298.7146319153797
29.41448308382793,1.5,302.930334418646,299.647294499125,298.7147705069238
29.418108682630322,1.5,302.93054436085555,299.6474703321316,298.71490910322484
29.421734281432716,1.5,302.930754292599,299.6476461600071,298.7150477042803
29.42535988023511,1.5,302.9309642138772,299.64782198275265,298.7151863100878
29.428985479037504,1.5,302.931174124691,299.6479978003693,298.7153249206447
29.432611077839898,1.5,302.9313840250412,299.6481736128582,298.7154635359485
29.43623667664229,1.5,302.9315939149287,299.64834942022065,298.7156021559968
29.439862275444685,1.5,302.93180379435427,299.64852522245775,298.7157407807869
29.44348787424708,1.5,302.9320136633187,299.64870101957064,298.7158794103164
29.447113473049473,1.5,302.9322235218229,299.64887681156046,298.71601804458277
29.450739071851867,1.5,302.93243336986757,299.6490525984283,298.71615668358345
29.45436467065426,1.5,302.9326432074537,299.6492283801754,298.716295327316
29.457990269456655,1.5,302.93285303458197,299.6494041568028,298.7164339757779
29.46161586825905,1.5,302.9330628512533,299.6495799283118,298.71657262896656
29.465241467061443,1.5,302.9332726574684,299.64975569470346,298.71671128687956
29.468867065863837,1.5,302.93348245322835,299.64993145597896,298.7168499495144
29.47249266466623,1.5,302.9336922385337,299.6501072121394,298.71698861686855
29.476118263468624,1.5,302.9339020133854,299.65028296318593,298.7171272889395
29.479743862271018,1.5,302.93411177778427,299.6504587091197,298.7172659657247
29.483369461073412,1.5,302.93432153173114,299.65063444994183,298.71740464722177
29.486995059875806,1.5,302.9345312752268,299.65081018565354,298.7175433334281
29.4906206586782,1.5,302.93474100827217,299.6509859162559,298.7176820243413
29.494246257480594,1.5,302.934950730868,299.65116164175004,298.71782071995875
29.497871856282988,1.5,302.93516044301515,299.6513373621372,298.71795942027796
29.50149745508538,1.5,302.93537014471445,299.65151307741843,298.71809812529654
29.505123053887775,1.5,302.93557983596673,299.6516887875948,298.71823683501196
29.50874865269017,1.5,302.93578951677284,299.6518644926676,298.7183755494217
29.512374251492563,1.5,302.9359991871335,299.6520401926379,298.7185142685232
29.515999850294957,1.5,302.93620884704967,299.6522158875067,298.71865299231416
29.51962544909735,1.5,302.93641849652215,299.65239157727535,298.7187917207919
29.523251047899745,1.5,302.9366281355517,299.6525672619449,298.718930453954
29.52687664670214,1.5,302.9368377641393,299.65274294151646,298.719069191798
29.530502245504533,1.5,302.9370473822857,299.65291861599115,298.7192079343214
29.534127844306926,1.5,302.9372569899917,299.65309428537023,298.7193466815216
29.53775344310932,1.5,302.9374665872582,299.65326994965466,298.71948543339624
29.541379041911714,1.5,302.937676174086,299.6534456088456,298.71962418994286
29.545004640714108,1.5,302.93788575047586,299.6536212629442,298.71976295115894
29.548630239516502,1.5,302.93809531642864,299.65379691195164,298.719901717042
29.552255838318896,1.5,302.9383048719453,299.65397255586896,298.7200404875894
29.55588143712129,1.5,302.93851441702657,299.6541481946973,298.7201792627989
29.559507035923684,1.5,302.9387239516734,299.6543238284379,298.720318042668
29.563132634726077,1.5,302.9389334758864,299.65449945709173,298.7204568271941
29.56675823352847,1.5,302.9391429896666,299.65467508066,298.72059561637474
29.570383832330865,1.5,302.9393524930148,299.6548506991438,298.72073441020746
29.57400943113326,1.5,302.93956198593173,299.65502631254424,298.72087320868985
29.577635029935653,1.5,302.93977146841837,299.6552019208625,298.72101201181937
29.581260628738047,1.5,302.93998094047555,299.65537752409955,298.7211508195936
29.58488622754044,1.5,302.94019040210395,299.65555312225666,298.7212896320101
29.588511826342835,1.5,302.94039985330454,299.6557287153349,298.72142844906625
29.59213742514523,1.5,302.9406092940781,299.6559043033354,298.72156727075964
29.595763023947622,1.5,302.9408187244256,299.6560798862592,298.7217060970879
29.599388622750016,1.5,302.9410281443477,299.65625546410746,298.72184492804854
29.60301422155241,1.5,302.9412375538453,299.65643103688143,298.7219837636389
29.606639820354804,1.5,302.9414469529193,299.656606604582,298.7221226038567
29.610265419157198,1.5,302.9416563415704,299.65678216721034,298.7222614486995
29.613891017959592,1.5,302.9418657197996,299.65695772476766,298.7224002981648
29.617516616761986,1.5,302.94207508760763,299.657133277255,298.72253915225014
29.62114221556438,1.5,302.9422844449954,299.6573088246735,298.7226780109529
29.624767814366773,1.5,302.94249379196367,299.65748436702427,298.7228168742709
29.628393413169167,1.5,302.94270312851336,299.65765990430833,298.7229557422015
29.63201901197156,1.5,302.94291245464535,299.65783543652685,298.72309461474225
29.635644610773955,1.5,302.94312177036034,299.658010963681,298.7232334918907
29.63927020957635,1.5,302.9433310756592,299.6581864857718,298.72337237364445
29.642895808378743,1.5,302.94354037054285,299.65836200280035,298.7235112600011
29.646521407181137,1.5,302.9437496550121,299.65853751476783,298.723650150958
29.65014700598353,1.5,302.9439589290678,299.6587130216753,298.7237890465128
29.653772604785924,1.5,302.9441681927108,299.6588885235238,298.7239279466632
29.65739820358832,1.5,302.9443774459418,299.6590640203145,298.7240668514065
29.661023802390712,1.5,302.9445866887619,299.65923951204843,298.7242057607404
29.664649401193106,1.5,302.94479592117176,299.6594149987268,298.72434467466246
29.6682749999955,1.5,302.94500514317224,299.65959048035063,298.72448359317013
29.671900598797894,1.5,302.94521435476423,299.65976595692104,298.72462251626104
29.675526197600288,1.5,302.9454235559486,299.65994142843914,298.7247614439327
29.67915179640268,1.5,302.9456327467261,299.660116894906,298.7249003761827
29.682777395205076,1.5,302.9458419270977,299.66029235632277,298.7250393130086
29.68640299400747,1.5,302.94605109706407,299.6604678126904,298.725178254408
29.690028592809863,1.5,302.94626025662626,299.66064326401016,298.72531720037836
29.693654191612257,1.5,302.94646940578497,299.66081871028314,298.7254561509173
29.69727979041465,1.5,302.9466785445411,299.66099415151024,298.7255951060224
29.700905389217045,1.5,302.9468876728955,299.6611695876927,298.72573406569114
29.70453098801944,1.5,302.94709679084895,299.6613450188316,298.72587302992116
29.708156586821833,1.5,302.9473058984024,299.66152044492793,298.7260119987101
29.711782185624227,1.5,302.9475149955566,299.6616958659829,298.72615097205534
29.71540778442662,1.5,302.9477240823125,299.66187128199755,298.72628994995455
29.719033383229014,1.5,302.9479331586709,299.662046692973,298.7264289324053
29.722658982031408,1.5,302.9481422246326,299.66222209891026,298.7265679194051
29.726284580833802,1.5,302.94835128019844,299.6623974998104,298.72670691095163
29.729910179636196,1.5,302.9485603253694,299.6625728956747,298.7268459070424
29.73353577843859,1.5,302.9487693601462,299.66274828650404,298.726984907675
29.737161377240984,1.5,302.9489783845297,299.6629236722996,298.72712391284693
29.740786976043378,1.5,302.9491873985208,299.66309905306235,298.72726292255584
29.74441257484577,1.5,302.9493964021204,299.6632744287935,298.72740193679925
29.748038173648165,1.5,302.94960539532923,299.66344979949406,298.7275409555748
29.75166377245056,1.5,302.9498143781481,299.6636251651652,298.7276799788801
29.755289371252953,1.5,302.9500233505781,299.6638005258078,298.72781900671254
29.758914970055347,1.5,302.9502323126198,299.66397588142314,298.7279580390699
29.76254056885774,1.5,302.9504412642742,299.6641512320122,298.7280970759496
29.766166167660135,1.5,302.9506502055422,299.6643265775761,298.72823611734935
29.76979176646253,1.5,302.95085913642464,299.6645019181159,298.7283751632668
29.773417365264923,1.5,302.9510680569222,299.6646772536326,298.72851421369927
29.777042964067316,1.5,302.95127696703594,299.66485258412735,298.72865326864456
29.78066856286971,1.5,302.9514858667665,299.66502790960124,298.7287923281002
29.784294161672104,1.5,302.95169475611493,299.66520323005534,298.7289313920638
29.787919760474498,1.5,302.951903635082,299.6653785454906,298.7290704605329
29.791545359276892,1.5,302.9521125036685,299.6655538559083,298.7292095335051
29.795170958079286,1.5,302.9523213618754,299.6657291613093,298.72934861097804
29.79879655688168,1.5,302.9525302097036,299.6659044616948,298.72948769294925
29.802422155684074,1.5,302.95273904715367,299.66607975706586,298.72962677941626
29.806047754486467,1.5,302.95294787422677,299.6662550474235,298.72976587037687
29.80967335328886,1.5,302.9531566909236,299.6664303327687,298.72990496582844
29.813298952091255,1.5,302.95336549724504,299.6666056131027,298.7300440657687
29.81692455089365,1.5,302.95357429319193,299.6667808884265,298.7301831701953
29.820550149696043,1.5,302.9537830787652,299.6669561587412,298.73032227910574
29.824175748498437,1.5,302.95399185396565,299.66713142404774,298.73046139249755
29.82780134730083,1.5,302.9542006187941,299.66730668434724,298.73060051036845
29.831426946103225,1.5,302.9544093732515,299.6674819396408,298.73073963271605
29.83505254490562,1.5,302.9546181173386,299.6676571899295,298.73087875953786
29.838678143708012,1.5,302.95482685105634,299.66783243521434,298.73101789083154
29.842303742510406,1.5,302.95503557440554,299.66800767549637,298.73115702659464
29.8459293413128,1.5,302.9552442873871,299.6681829107767,298.7312961668249
29.849554940115194,1.5,302.95545299000173,299.66835814105633,298.7314353115197
29.853180538917588,1.5,302.9556616822504,299.66853336633636,298.7315744606769
29.856806137719982,1.5,302.95587036413406,299.6687085866178,298.73171361429394
29.860431736522376,1.5,302.95607903565343,299.6688838019018,298.7318527723684
29.86405733532477,1.5,302.95628769680934,299.66905901218934,298.7319919348981
29.867682934127163,1.5,302.9564963476028,299.66923421748146,298.73213110188044
29.871308532929557,1.5,302.9567049880345,299.6694094177792,298.73227027331313
29.87493413173195,1.5,302.9569136181055,299.6695846130837,298.73240944919377
29.878559730534345,1.5,302.9571222378164,299.66975980339595,298.7325486295199
29.88218532933674,1.5,302.95733084716824,299.669934988717,298.7326878142892
29.885810928139133,1.5,302.95753944616195,299.6701101690479,298.7328270034993
29.889436526941527,1.5,302.9577480347982,299.6702853443897,298.73296619714785
29.89306212574392,1.5,302.95795661307795,299.6704605147434,298.73310539523237
29.896687724546315,1.5,302.958165181002,299.6706356801102,298.73324459775046
29.90031332334871,1.5,302.9583737385713,299.67081084049096,298.7333838046999
29.903938922151102,1.5,302.95858228578663,299.67098599588684,298.73352301607815
29.907564520953496,1.5,302.95879082264895,299.6711611462988,298.733662231883
29.91119011975589,1.5,302.95899934915894,299.67133629172804,298.7338014521119
29.914815718558284,1.5,302.9592078653177,299.6715114321754,298.73394067676253
29.918441317360678,1.5,302.9594163711259,299.6716865676421,298.7340799058325
29.92206691616307,1.5,302.9596248665845,299.671861698129,298.7342191393195
29.925692514965466,1.5,302.9598333516943,299.6720368236373,298.73435837722116
29.92931811376786,1.5,302.96004182645623,299.672211944168,298.734497619535
29.932943712570253,1.5,302.96025029087104,299.6723870597221,298.7346368662587
29.936569311372647,1.5,302.96045874493973,299.67256217030064,298.73477611738997
29.94019491017504,1.5,302.9606671886631,299.67273727590464,298.73491537292637
29.943820508977435,1.5,302.960875622042,299.67291237653524,298.7350546328655
29.94744610777983,1.5,302.96108404507737,299.67308747219334,298.7351938972051
29.951071706582223,1.5,302.96129245777,299.67326256288004,298.7353331659426
29.954697305384617,1.5,302.9615008601208,299.6734376485964,298.7354724390759
29.95832290418701,1.5,302.96170925213056,299.6736127293434,298.7356117166025
29.961948502989404,1.5,302.9619176338002,299.6737878051221,298.73575099851996
29.9655741017918,1.5,302.96212600513053,299.6739628759335,298.73589028482604
29.969199700594192,1.5,302.96233436612255,299.6741379417787,298.7360295755184
29.972825299396586,1.5,302.962542716777,299.6743130026587,298.73616887059455
29.97645089819898,1.5,302.9627510570948,299.6744880585745,298.7363081700522
29.980076497001374,1.5,302.96295938707675,299.67466310952716,298.73644747388903
29.983702095803768,1.5,302.96316770672377,299.67483815551765,298.7365867821026
29.98732769460616,1.5,302.9633760160367,299.67501319654707,298.73672609469065
29.990953293408555,1.5,302.96358431501653,299.6751882326164,298.73686541165074
29.99457889221095,1.5,302.9637926036639,299.6753632637267,298.73700473298055
29.998204491013343,1.5,302.96400088197987,299.6755382898789,298.7371440586777
30.001830089815737,1.5,302.9642091499652,299.67571331107416,298.7372833887399
30.00545568861813,1.5,302.96441740762083,299.67588832731343,298.7374227231648
30.009081287420525,1.5,302.9646256549476,299.6760633385977,298.73756206195
30.01270688622292,1.5,302.96483389194645,299.6762383449281,298.7377014050931
30.016332485025313,1.5,302.9650421186181,299.6764133463056,298.7378407525918
30.019958083827706,1.5,302.96525033496346,299.6765883427311,298.73798010444386
30.0235836826301,1.5,302.96545854098355,299.67676333420576,298.73811946064683
30.027209281432494,1.5,302.965666736679,299.6769383207306,298.7382588211984
30.030834880234888,1.5,302.96587492205083,299.6771133023065,298.7383981860961
30.034460479037282,1.5,302.9660830970999,299.67728827893467,298.7385375553377
30.038086077839676,1.5,302.96629126182705,299.677463250616,298.73867692892094
30.04171167664207,1.5,302.96649941623315,299.6776382173515,298.7388163068433
30.045337275444464,1.5,302.96670756031915,299.6778131791422,298.7389556891026
30.048962874246858,1.5,302.96691569408574,299.6779881359892,298.7390950756964
30.05258847304925,1.5,302.967123817534,299.67816308789344,298.7392344666224
30.056214071851645,1.5,302.9673319306646,299.6783380348559,298.7393738618782
30.05983967065404,1.5,302.96754003347866,299.6785129768777,298.7395132614616
30.063465269456433,1.5,302.9677481259768,299.67868791395966,298.7396526653701
30.067090868258827,1.5,302.96795620816005,299.6788628461029,298.7397920736015
30.07071646706122,1.5,302.96816428002916,299.6790377733085,298.73993148615335
30.074342065863615,1.5,302.9683723415851,299.67921269557735,298.7400709030235
30.07796766466601,1.5,302.9685803928287,299.67938761291055,298.7402103242094
30.081593263468402,1.5,302.9687884337609,299.67956252530905,298.74034974970886
30.085218862270796,1.5,302.9689964643824,299.6797374327739,298.7404891795195
30.08884446107319,1.5,302.9692044846944,299.6799123353061,298.74062861363893
30.092470059875584,1.5,302.96941249469745,299.6800872329065,298.74076805206494
30.096095658677978,1.5,302.9696204943926,299.68026212557635,298.74090749479524
30.099721257480372,1.5,302.96982848378065,299.6804370133165,298.74104694182734
30.103346856282766,1.5,302.9700364628624,299.680611896128,298.741186393159
30.10697245508516,1.5,302.97024443163895,299.68078677401184,298.74132584878794
30.110598053887554,1.5,302.9704523901109,299.680961646969,298.7414653087118
30.114223652689947,1.5,302.97066033827934,299.6811365150005,298.74160477292816
30.11784925149234,1.5,302.97086827614504,299.6813113781073,298.74174424143484
30.121474850294735,1.5,302.97107620370895,299.6814862362904,298.7418837142295
30.12510044909713,1.5,302.97128412097186,299.6816610895509,298.74202319130984
30.128726047899523,1.5,302.9714920279347,299.68183593788973,298.74216267267343
30.132351646701917,1.5,302.97169992459834,299.6820107813079,298.742302158318
30.13597724550431,1.5,302.9719078109636,299.6821856198064,298.7424416482413
30.139602844306705,1.5,302.9721156870315,299.68236045338614,298.74258114244094
30.1432284431091,1.5,302.9723235528028,299.68253528204826,298.7427206409146
30.146854041911492,1.5,302.97253140827837,299.68271010579366,298.7428601436601
30.150479640713886,1.5,302.9727392534591,299.68288492462324,298.74299965067496
30.15410523951628,1.5,302.9729470883459,299.6830597385382,298.74313916195695
30.157730838318674,1.5,302.9731549129396,299.6832345475394,298.7432786775037
30.161356437121068,1.5,302.9733627272412,299.68340935162786,298.74341819731313
30.16498203592346,1.5,302.9735705312515,299.6835841508046,298.7435577213827
30.168607634725856,1.5,302.9737783249713,299.68375894507057,298.74369724971007
30.17223323352825,1.5,302.97398610840156,299.6839337344267,298.74383678229304
30.175858832330643,1.5,302.97419388154316,299.6841085188741,298.7439763191293
30.179484431133037,1.5,302.97440164439695,299.68428329841373,298.7441158602165
30.18311002993543,1.5,302.9746093969638,299.68445807304647,298.7442554055524
30.186735628737825,1.5,302.9748171392446,299.6846328427734,298.7443949551347
30.19036122754022,1.5,302.9750248712403,299.6848076075955,298.74453450896107
30.193986826342613,1.5,302.97523259295167,299.6849823675137,298.74467406702917
30.197612425145007,1.5,302.9754403043797,299.68515712252906,298.74481362933676
30.2012380239474,1.5,302.97564800552516,299.68533187264245,298.7449531958815
30.204863622749794,1.5,302.97585569638903,299.68550661785497,298.7450927666611
30.20848922155219,1.5,302.9760633769721,299.6856813581675,298.74523234167333
30.212114820354582,1.5,302.9762710472753,299.6858560935811,298.74537192091583
30.215740419156976,1.5,302.97647870729946,299.6860308240967,298.74551150438634
30.21936601795937,1.5,302.9766863570456,299.68620554971534,298.74565109208254
30.222991616761764,1.5,302.9768939965145,299.68638027043784,298.74579068400215
30.226617215564158,1.5,302.977101625707,299.6865549862654,298.74593028014283
30.23024281436655,1.5,302.9773092446241,299.68672969719876,298.7460698805023
30.233868413168945,1.5,302.9775168532666,299.6869044032391,298.7462094850784
30.23749401197134,1.5,302.97772445163537,299.68707910438724,298.74634909386873
30.241119610773733,1.5,302.97793203973134,299.68725380064427,298.74648870687093
30.244745209576127,1.5,302.97813961755537,299.68742849201107,298.74662832408285
30.24837080837852,1.5,302.97834718510836,299.68760317848876,298.74676794550214
30.251996407180915,1.5,302.97855474239117,299.6877778600781,298.7469075711266
30.25562200598331,1.5,302.97876228940464,299.6879525367802,298.74704720095383
30.259247604785703,1.5,302.97896982614975,299.6881272085959,298.7471868349816
30.262873203588097,1.5,302.9791773526274,299.6883018755264,298.74732647320764
30.26649880239049,1.5,302.9793848688384,299.68847653757246,298.74746611562966
30.270124401192884,1.5,302.9795923747836,299.6886511947351,298.7476057622453
30.273749999995278,1.5,302.979799870464,299.6888258470153,298.7477454130524
30.277375598797672,1.5,302.98000735588033,299.6890004944141,298.7478850680487
30.281001197600066,1.5,302.98021483103366,299.6891751369323,298.74802472723184
30.28462679640246,1.5,302.9804222959247,299.68934977457104,298.7481643905995
30.288252395204854,1.5,302.98062975055444,299.6895244073312,298.7483040581496
30.291877994007248,1.5,302.98083719492377,299.68969903521366,298.7484437298796
30.29550359280964,1.5,302.9810446290336,299.68987365821954,298.7485834057875
30.299129191612035,1.5,302.9812520528847,299.6900482763497,298.7487230858708
30.30275479041443,1.5,302.981459466478,299.6902228896052,298.7488627701273
30.306380389216823,1.5,302.98166686981443,299.6903974979868,298.74900245855474
30.310005988019217,1.5,302.9818742628949,299.69057210149566,298.74914215115086
30.31363158682161,1.5,302.9820816457203,299.6907467001326,298.7492818479135
30.317257185624005,1.5,302.9822890182914,299.6909212938987,298.7494215488402
30.3208827844264,1.5,302.9824963806092,299.69109588279485,298.7495612539288
30.324508383228792,1.5,302.9827037326745,299.69127046682206,298.74970096317696
30.328133982031186,1.5,302.9829110744882,299.6914450459812,298.74984067658255
30.33175958083358,1.5,302.98311840605135,299.69161962027323,298.74998039414317
30.335385179635974,1.5,302.9833257273646,299.6917941896992,298.7501201158567
30.339010778438368,1.5,302.983533038429,299.6919687542599,298.7502598417208
30.342636377240762,1.5,302.9837403392454,299.6921433139565,298.7503995717331
30.346261976043156,1.5,302.9839476298146,299.69231786878976,298.7505393058915
30.34988757484555,1.5,302.98415491013765,299.69249241876076,298.7506790441936
30.353513173647944,1.5,302.9843621802153,299.69266696387035,298.75081878663735
30.357138772450337,1.5,302.9845694400486,299.69284150411954,298.7509585332203
30.36076437125273,1.5,302.98477668963824,299.6930160395093,298.7510982839403
30.364389970055125,1.5,302.98498392898523,299.6931905700405,298.751238038795
30.36801556885752,1.5,302.98519115809046,299.6933650957141,298.75137779778225
30.371641167659913,1.5,302.98539837695483,299.69353961653115,298.75151756089974
30.375266766462307,1.5,302.9856055855791,299.69371413249246,298.75165732814526
30.3788923652647,1.5,302.9858127839644,299.6938886435991,298.75179709951647
30.382517964067095,1.5,302.98601997211136,299.6940631498519,298.75193687501127
30.38614356286949,1.5,302.986227150021,299.6942376512519,298.7520766546273
30.389769161671882,1.5,302.98643431769426,299.69441214779994,298.75221643836227
30.393394760474276,1.5,302.98664147513193,299.69458663949706,298.75235622621403
30.39702035927667,1.5,302.986848622335,299.69476112634413,298.75249601818024
30.400645958079064,1.5,302.98705575930427,299.6949356083421,298.75263581425884
30.404271556881458,1.5,302.9872628860407,299.69511008549205,298.75277561444733
30.40789715568385,1.5,302.9874700025452,299.6952845577947,298.75291541874367
30.411522754486246,1.5,302.98767710881856,299.6954590252511,298.7530552271455
30.41514835328864,1.5,302.98788420486176,299.6956334878622,298.7531950396507
30.418773952091033,1.5,302.9880912906756,299.6958079456289,298.7533348562568
30.422399550893427,1.5,302.98829836626106,299.6959823985522,298.7534746769618
30.42602514969582,1.5,302.988505431619,299.696156846633,298.75361450176337
30.429650748498215,1.5,302.98871248675033,299.6963312898722,298.75375433065926
30.43327634730061,1.5,302.988919531656,299.6965057282708,298.75389416364726
30.436901946103003,1.5,302.9891265663368,299.6966801618296,298.75403400072514
30.440527544905397,1.5,302.98933359079365,299.69685459054966,298.75417384189063
30.44415314370779,1.5,302.98954060502757,299.69702901443185,298.75431368714146
30.447778742510184,1.5,302.9897476090392,299.69720343347717,298.7544535364755
30.45140434131258,1.5,302.9899546028297,299.6973778476865,298.75459338989043
30.455029940114972,1.5,302.9901615863997,299.69755225706075,298.7547332473841
30.458655538917366,1.5,302.9903685597504,299.69772666160094,298.75487310895426
30.46228113771976,1.5,302.9905755228824,299.6979010613079,298.75501297459857
30.465906736522154,1.5,302.99078247579683,299.6980754561826,298.755152844315
30.469532335324548,1.5,302.9909894184945,299.69824984622596,298.75529271810103
30.47315793412694,1.5,302.9911963509762,299.6984242314389,298.75543259595474
30.476783532929336,1.5,302.9914032732431,299.6985986118224,298.7555724778737
30.48040913173173,1.5,302.9916101852958,299.69877298737725,298.75571236385576
30.484034730534123,1.5,302.9918170871353,299.69894735810453,298.7558522538988
30.487660329336517,1.5,302.9920239787626,299.69912172400507,298.75599214800036
30.49128592813891,1.5,302.9922308601784,299.6992960850799,298.7561320461585
30.494911526941305,1.5,302.9924377313838,299.69947044132977,298.75627194837074
30.4985371257437,1.5,302.9926445923796,299.69964479275575,298.756411854635
30.502162724546093,1.5,302.99285144316667,299.6998191393587,298.756551764949
30.505788323348487,1.5,302.99305828374594,299.69999348113953,298.75669167931056
30.50941392215088,1.5,302.99326511411834,299.7001678180992,298.75683159771745
30.513039520953274,1.5,302.9934719342847,299.70034215023855,298.7569715201675
30.516665119755668,1.5,302.9936787442459,299.7005164775586,298.7571114466584
30.520290718558062,1.5,302.993885544003,299.7006908000602,298.7572513771881
30.523916317360456,1.5,302.9940923335568,299.7008651177443,298.75739131175413
30.52754191616285,1.5,302.99429911290815,299.70103943061184,298.75753125035453
30.531167514965244,1.5,302.99450588205804,299.7012137386637,298.7576711929869
30.534793113767638,1.5,302.9947126410073,299.70138804190066,298.7578111396491
30.53841871257003,1.5,302.9949193897568,299.70156234032385,298.75795109033896
30.542044311372425,1.5,302.9951261283075,299.7017366339341,298.75809104505424
30.54566991017482,1.5,302.99533285666035,299.70191092273234,298.75823100379273
30.549295508977213,1.5,302.9955395748161,299.70208520671946,298.75837096655226
30.552921107779607,1.5,302.9957462827758,299.7022594858964,298.7585109333305
30.556546706582,1.5,302.9959529805404,299.702433760264,298.7586509041253
30.560172305384395,1.5,302.9961596681105,299.7026080298232,298.7587908789346
30.56379790418679,1.5,302.99636634548733,299.702782294575,298.7589308577561
30.567423502989183,1.5,302.9965730126716,299.7029565545202,298.7590708405875
30.571049101791576,1.5,302.9967796696643,299.7031308096597,298.7592108274267
30.57467470059397,1.5,302.9969863164663,299.7033050599945,298.7593508182715
30.578300299396364,1.5,302.9971929530785,299.7034793055254,298.75949081311967
30.581925898198758,1.5,302.9973995795018,299.70365354625335,298.759630811969
30.585551497001152,1.5,302.99760619573715,299.7038277821793,298.75977081481733
30.589177095803546,1.5,302.99781280178536,299.7040020133041,298.7599108216624
30.59280269460594,1.5,302.99801939764734,299.7041762396287,298.7600508325021
30.596428293408334,1.5,302.9982259833241,299.704350461154,298.7601908473342
30.600053892210727,1.5,302.99843255881643,299.70452467788084,298.76033086615644
30.60367949101312,1.5,302.9986391241253,299.7046988898102,298.7604708889667
30.607305089815515,1.5,302.9988456792516,299.70487309694283,298.7606109157628
30.61093068861791,1.5,302.99905222419625,299.70504729927984,298.7607509465425
30.614556287420303,1.5,302.9992587589601,299.705221496822,298.7608909813036
30.618181886222697,1.5,302.99946528354405,299.7053956895702,298.761031020044
30.62180748502509,1.5,302.99967179794913,299.7055698775254,298.7611710627614
30.625433083827485,1.5,302.99987830217606,299.7057440606885,298.76131110945363
30.62905868262988,1.5,303.0000847962259,299.7059182390604,298.76145116011855
30.632684281432272,1.5,303.0002912800995,299.7060924126419,298.761591214754
30.636309880234666,1.5,303.0004977537977,299.70626658143397,298.7617312733577
30.63993547903706,1.5,303.00070421732147,299.7064407454374,298.76187133592754
30.643561077839454,1.5,303.0009106706717,299.70661490465335,298.7620114024614
30.647186676641848,1.5,303.0011171138493,299.70678905908244,298.7621514729569
30.650812275444242,1.5,303.00132354685525,299.7069632087257,298.76229154741196
30.654437874246636,1.5,303.00152996969035,299.70713735358396,298.7624316258245
30.65806347304903,1.5,303.00173638235555,299.70731149365815,298.7625717081921
30.661689071851423,1.5,303.0019427848517,299.70748562894914,298.7627117945128
30.665314670653817,1.5,303.0021491771797,299.70765975945784,298.7628518847844
30.66894026945621,1.5,303.00235555934063,299.70783388518515,298.76299197900465
30.672565868258605,1.5,303.00256193133515,299.7080080061319,298.7631320771714
30.676191467061,1.5,303.00276829316437,299.708182122299,298.7632721792824
30.679817065863393,1.5,303.0029746448292,299.70835623368737,298.7634122853356
30.683442664665787,1.5,303.00318098633034,299.7085303402979,298.7635523953288
30.68706826346818,1.5,303.00338731766885,299.7087044421314,298.7636925092598
30.690693862270574,1.5,303.00359363884564,299.70887853918885,298.7638326271264
30.69431946107297,1.5,303.0037999498615,299.7090526314711,298.76397274892645
30.697945059875362,1.5,303.0040062507175,299.7092267189789,298.76411287465777
30.701570658677756,1.5,303.0042125414145,299.7094008017134,298.7642530043182
30.70519625748015,1.5,303.0044188219533,299.7095748796753,298.7643931379057
30.708821856282544,1.5,303.004625092335,299.70974895286554,298.7645332754179
30.712447455084938,1.5,303.0048313525603,299.70992302128496,298.76467341685265
30.71607305388733,1.5,303.00503760263024,299.7100970849345,298.76481356220796
30.719698652689726,1.5,303.0052438425457,299.7102711438149,298.7649537114815
30.72332425149212,1.5,303.00545007230767,299.7104451979272,298.76509386467114
30.726949850294513,1.5,303.0056562919168,299.71061924727223,298.7652340217748
30.730575449096907,1.5,303.0058625013744,299.71079329185085,298.7653741827902
30.7342010478993,1.5,303.00606870068094,299.71096733166394,298.7655143477152
30.737826646701695,1.5,303.00627488983764,299.71114136671235,298.7656545165478
30.74145224550409,1.5,303.00648106884535,299.71131539699707,298.76579468928554
30.745077844306483,1.5,303.0066872377049,299.71148942251887,298.76593486592657
30.748703443108877,1.5,303.0068933964173,299.7116634432786,298.76607504646853
30.75232904191127,1.5,303.00709954498336,299.71183745927726,298.7662152309094
30.755954640713664,1.5,303.007305683404,299.71201147051556,298.7663554192469
30.75958023951606,1.5,303.0075118116802,299.7121854769945,298.76649561147894
30.763205838318452,1.5,303.00771792981277,299.7123594787149,298.7666358076034
30.766831437120846,1.5,303.00792403780275,299.7125334756776,298.76677600761803
30.77045703592324,1.5,303.008130135651,299.7127074678835,298.76691621152077
30.774082634725634,1.5,303.0083362233584,299.7128814553335,298.7670564193094
30.777708233528028,1.5,303.0085423009259,299.7130554380285,298.76719663098186
30.78133383233042,1.5,303.0087483683544,299.7132294159693,298.7673368465359
30.784959431132815,1.5,303.0089544256448,299.71340338915667,298.7674770659694
30.78858502993521,1.5,303.009160472798,299.7135773575917,298.7676172892802
30.792210628737603,1.5,303.009366509815,299.7137513212751,298.76775751646625
30.795836227539997,1.5,303.0095725366965,299.7139252802078,298.7678977475253
30.79946182634239,1.5,303.0097785534437,299.7140992343906,298.76803798245527
30.803087425144785,1.5,303.0099845600573,299.7142731838245,298.76817822125395
30.80671302394718,1.5,303.0101905565383,299.71444712851024,298.76831846391923
30.810338622749573,1.5,303.01039654288763,299.7146210684487,298.76845871044895
30.813964221551966,1.5,303.01060251910616,299.71479500364075,298.76859896084096
30.81758982035436,1.5,303.0108084851948,299.7149689340873,298.7687392150932
30.821215419156754,1.5,303.01101444115443,299.7151428597891,298.7688794732034
30.824841017959148,1.5,303.01122038698605,299.7153167807471,298.7690197351696
30.828466616761542,1.5,303.01142632269045,299.71549069696226,298.76916000098953
30.832092215563936,1.5,303.01163224826877,299.7156646084352,298.769300270661
30.83571781436633,1.5,303.0118381637217,299.715838515167,298.76944054418203
30.839343413168724,1.5,303.01204406905026,299.71601241715825,298.76958082155033
30.842969011971118,1.5,303.0122499642554,299.7161863144101,298.7697211027639
30.84659461077351,1.5,303.01245584933787,299.7163602069233,298.7698613878206
30.850220209575905,1.5,303.0126617242987,299.7165340946986,298.7700016767182
30.8538458083783,1.5,303.01286758913886,299.716707977737,298.7701419694546
30.857471407180693,1.5,303.01307344385924,299.71688185603927,298.7702822660277
30.861097005983087,1.5,303.01327928846064,299.71705572960633,298.77042256643534
30.86472260478548,1.5,303.0134851229441,299.717229598439,298.7705628706754
30.868348203587875,1.5,303.0136909473105,299.7174034625381,298.77070317874575
30.87197380239027,1.5,303.0138967615607,299.71757732190446,298.77084349064427
30.875599401192662,1.5,303.0141025656957,299.7177511765391,298.77098380636886
30.879224999995056,1.5,303.0143083597164,299.71792502644263,298.7711241259173
30.88285059879745,1.5,303.01451414362356,299.7180988716161,298.77126444928757
30.886476197599844,1.5,303.01471991741835,299.71827271206024,298.77140477647754
30.890101796402238,1.5,303.01492568110154,299.71844654777595,298.77154510748505
30.893727395204632,1.5,303.01513143467406,299.71862037876406,298.771685442308
30.897352994007026,1.5,303.01533717813686,299.7187942050254,298.77182578094414
30.90097859280942,1.5,303.01554291149085,299.71896802656084,298.77196612339156
30.904604191611813,1.5,303.0157486347369,299.71914184337123,298.772106469648
30.908229790414207,1.5,303.015954347876,299.7193156554575,298.77224681971137
30.9118553892166,1.5,303.0161600509091,299.7194894628203,298.7723871735796
30.915480988018995,1.5,303.01636574383696,299.7196632654606,298.77252753125055
30.91910658682139,1.5,303.0165714266606,299.7198370633793,298.77266789272204
30.922732185623783,1.5,303.016777099381,299.7200108565772,298.772808257992
30.926357784426177,1.5,303.0169827619989,299.720184645055,298.7729486270583
30.92998338322857,1.5,303.01718841451543,299.72035842881365,298.77308899991885
30.933608982030965,1.5,303.0173940569313,299.720532207854,298.7732293765716
30.93723458083336,1.5,303.0175996892476,299.7207059821769,298.77336975701434
30.940860179635752,1.5,303.01780531146517,299.7208797517832,298.77351014124497
30.944485778438146,1.5,303.01801092358494,299.7210535166737,298.77365052926143
30.94811137724054,1.5,303.0182165256078,299.72122727684916,298.77379092106156
30.951736976042934,1.5,303.0184221175347,299.7214010323106,298.7739313166433
30.955362574845328,1.5,303.0186276993666,299.72157478305877,298.7740717160045
30.95898817364772,1.5,303.0188332711044,299.72174852909444,298.77421211914304
30.962613772450116,1.5,303.019038832749,299.7219222704186,298.7743525260569
30.96623937125251,1.5,303.01924438430126,299.72209600703195,298.77449293674385
30.969864970054903,1.5,303.0194499257622,299.7222697389353,298.7746333512019
30.973490568857297,1.5,303.01965545713267,299.7224434661297,298.7747737694288
30.97711616765969,1.5,303.01986097841365,299.7226171886157,298.7749141914227
30.980741766462085,1.5,303.02006648960605,299.72279090639427,298.77505461718124
30.98436736526448,1.5,303.02027199071074,299.72296461946627,298.7751950467025
30.987992964066873,1.5,303.0204774817287,299.7231383278325,298.7753354799842
30.991618562869267,1.5,303.02068296266077,299.72331203149383,298.7754759170244
30.99524416167166,1.5,303.02088843350793,299.723485730451,298.7756163578209
30.998869760474054,1.5,303.0210938942712,299.7236594247049,298.7757568023718
31.00249535927645,1.5,303.0212993449513,299.7238331142563,298.77589725067475
31.006120958078842,1.5,303.02150478554927,299.7240067991062,298.7760377027277
31.009746556881236,1.5,303.021710216066,299.7241804792552,298.7761781585287
31.01337215568363,1.5,303.0219156365025,299.72435415470426,298.77631861807555
31.016997754486024,1.5,303.0221210468596,299.7245278254542,298.77645908136617
31.020623353288418,1.5,303.0223264471382,299.7247014915058,298.77659954839845
31.02424895209081,1.5,303.0225318373392,299.72487515285985,298.77674001917035
31.027874550893205,1.5,303.0227372174637,299.7250488095174,298.77688049367976
31.0315001496956,1.5,303.0229425875125,299.72522246147895,298.77702097192457
31.035125748497993,1.5,303.0231479474865,299.72539610874554,298.7771614539027
31.038751347300387,1.5,303.02335329738673,299.72556975131795,298.7773019396121
31.04237694610278,1.5,303.02355863721397,299.72574338919696,298.7774424290506
31.046002544905175,1.5,303.02376396696917,299.72591702238344,298.7775829222162
31.04962814370757,1.5,303.0239692866533,299.7260906508782,298.77772341910674
31.053253742509963,1.5,303.02417459626736,299.72626427468197,298.7778639197202
31.056879341312357,1.5,303.02437989581216,299.7264378937957,298.77800442405453
31.06050494011475,1.5,303.0245851852887,299.7266115082202,298.77814493210747
31.064130538917144,1.5,303.02479046469784,299.7267851179561,298.7782854438771
31.067756137719538,1.5,303.0249957340405,299.7269587230045,298.7784259593613
31.071381736521932,1.5,303.02520099331764,299.727132323366,298.778566478558
31.075007335324326,1.5,303.02540624253015,299.72730591904156,298.7787070014651
31.07863293412672,1.5,303.02561148167905,299.7274795100319,298.77884752808046
31.082258532929114,1.5,303.0258167107651,299.7276530963378,298.77898805840215
31.085884131731508,1.5,303.0260219297894,299.7278266779603,298.779128592428
31.0895097305339,1.5,303.0262271387528,299.72800025489994,298.7792691301559
31.093135329336295,1.5,303.0264323376562,299.72817382715766,298.7794096715839
31.09676092813869,1.5,303.0266375265005,299.7283473947342,298.7795502167098
31.100386526941083,1.5,303.02684270528675,299.7285209576305,298.77969076553154
31.104012125743477,1.5,303.02704787401575,299.72869451584734,298.7798313180472
31.10763772454587,1.5,303.02725303268846,299.7288680693854,298.77997187425444
31.111263323348265,1.5,303.02745818130586,299.7290416182456,298.7801124341514
31.11488892215066,1.5,303.0276633198689,299.7292151624288,298.78025299773594
31.118514520953052,1.5,303.02786844837834,299.72938870193565,298.780393565006
31.122140119755446,1.5,303.02807356683525,299.7295622367671,298.7805341359595
31.12576571855784,1.5,303.02827867524053,299.7297357669239,298.78067471059444
31.129391317360234,1.5,303.0284837735951,299.7299092924069,298.7808152889087
31.133016916162628,1.5,303.0286888618998,299.7300828132168,298.7809558709001
31.136642514965022,1.5,303.02889394015574,299.7302563293546,298.78109645656673
31.140268113767416,1.5,303.0290990083637,299.7304298408209,298.78123704590655
31.14389371256981,1.5,303.0293040665247,299.7306033476166,298.7813776389173
31.147519311372204,1.5,303.02950911463955,299.7307768497424,298.78151823559716
31.151144910174597,1.5,303.0297141527093,299.7309503471993,298.7816588359439
31.15477050897699,1.5,303.0299191807348,299.731123839988,298.78179943995553
31.158396107779385,1.5,303.030124198717,299.7312973281093,298.78194004763
31.16202170658178,1.5,303.03032920665686,299.731470811564,298.7820806589652
31.165647305384173,1.5,303.0305342045553,299.73164429035285,298.78222127395907
31.169272904186567,1.5,303.03073919241314,299.7318177644767,298.7823618926095
31.17289850298896,1.5,303.0309441702315,299.73199123393636,298.7825025149146
31.176524101791355,1.5,303.0311491380112,299.7321646987327,298.78264314087227
31.18014970059375,1.5,303.03135409575316,299.7323381588663,298.78278377048036
31.183775299396142,1.5,303.03155904345823,299.7325116143382,298.78292440373684
31.187400898198536,1.5,303.0317639811275,299.73268506514904,298.7830650406397
31.19102649700093,1.5,303.0319689087618,299.7328585112997,298.7832056811869
31.194652095803324,1.5,303.0321738263622,299.73303195279095,298.78334632537633
31.198277694605718,1.5,303.0323787339295,299.73320538962355,298.78348697320604
31.20190329340811,1.5,303.0325836314646,299.7333788217984,298.7836276246738
31.205528892210506,1.5,303.0327885189685,299.7335522493162,298.7837682797777
31.2091544910129,1.5,303.0329933964421,299.73372567217774,298.78390893851565
31.212780089815293,1.5,303.0331982638863,299.73389909038383,298.7840496008856
31.216405688617687,1.5,303.0334031213021,299.7340725039353,298.7841902668856
31.22003128742008,1.5,303.0336079686905,299.7342459128329,298.7843309365135
31.223656886222475,1.5,303.0338128060522,299.7344193170774,298.7844716097672
31.22728248502487,1.5,303.0340176333883,299.7345927166696,298.7846122866448
31.230908083827263,1.5,303.03422245069976,299.73476611161044,298.7847529671442
31.234533682629657,1.5,303.03442725798743,299.7349395019005,298.7848936512633
31.23815928143205,1.5,303.0346320552522,299.73511288754065,298.7850343390001
31.241784880234444,1.5,303.03483684249505,299.73528626853175,298.7851750303526
31.24541047903684,1.5,303.03504161971694,299.7354596448744,298.7853157253187
31.249036077839232,1.5,303.03524638691874,299.7356330165696,298.78545642389633
31.252661676641626,1.5,303.0354511441015,299.735806383618,298.78559712608353
31.25628727544402,1.5,303.03565589126606,299.73597974602046,298.78573783187824
31.259912874246414,1.5,303.03586062841333,299.73615310377767,298.7858785412784
31.263538473048808,1.5,303.03606535554434,299.7363264568905,298.78601925428205
31.2671640718512,1.5,303.03627007265993,299.7364998053597,298.78615997088707
31.270789670653595,1.5,303.0364747797611,299.7366731491861,298.78630069109147
31.27441526945599,1.5,303.0366794768487,299.7368464883705,298.78644141489315
31.278040868258383,1.5,303.0368841639236,299.73701982291357,298.7865821422902
31.281666467060777,1.5,303.03708884098694,299.7371931528162,298.7867228732805
31.28529206586317,1.5,303.03729350803957,299.7373664780791,298.786863607862
31.288917664665565,1.5,303.03749816508235,299.737539798703,298.78700434603275
31.29254326346796,1.5,303.0377028121164,299.7377131146888,298.78714508779063
31.296168862270353,1.5,303.0379074491424,299.73788642603716,298.7872858331337
31.299794461072747,1.5,303.0381120761614,299.73805973274904,298.7874265820599
31.30342005987514,1.5,303.03831669317435,299.7382330348251,298.78756733456714
31.307045658677534,1.5,303.0385213001822,299.7384063322661,298.7877080906535
31.310671257479928,1.5,303.0387258971859,299.7385796250728,298.78784885031683
31.314296856282322,1.5,303.03893048418627,299.73875291324606,298.7879896135552
31.317922455084716,1.5,303.0391350611843,299.7389261967866,298.7881303803666
31.32154805388711,1.5,303.039339628181,299.7390994756953,298.788271150749
31.325173652689504,1.5,303.0395441851772,299.73927274997277,298.7884119247003
31.328799251491898,1.5,303.0397487321739,299.7394460196199,298.7885527022185
31.33242485029429,1.5,303.039953269172,299.7396192846374,298.78869348330164
31.336050449096685,1.5,303.0401577961724,299.7397925450261,298.78883426794766
31.33967604789908,1.5,303.04036231317616,299.7399658007867,298.7889750561546
31.343301646701473,1.5,303.04056682018404,299.74013905192004,298.78911584792036
31.346927245503867,1.5,303.04077131719714,299.74031229842683,298.7892566432429
31.35055284430626,1.5,303.04097580421626,299.7404855403078,298.7893974421203
31.354178443108655,1.5,303.0411802812424,299.7406587775639,298.7895382445505
31.35780404191105,1.5,303.0413847482766,299.74083201019573,298.78967905053145
31.361429640713443,1.5,303.0415892053196,299.74100523820414,298.7898198600612
31.365055239515836,1.5,303.04179365237246,299.74117846158987,298.7899606731377
31.36868083831823,1.5,303.04199808943605,299.7413516803537,298.79010148975897
31.372306437120624,1.5,303.04220251651134,299.7415248944964,298.79024230992303
31.375932035923018,1.5,303.0424069335993,299.7416981040187,298.7903831336277
31.379557634725412,1.5,303.0426113407008,299.7418713089214,298.7905239608712
31.383183233527806,1.5,303.0428157378168,299.7420445092053,298.79066479165135
31.3868088323302,1.5,303.04302012494827,299.7422177048711,298.7908056259662
31.390434431132594,1.5,303.0432245020961,299.7423908959196,298.7909464638137
31.394060029934987,1.5,303.0434288692613,299.7425640823516,298.791087305192
31.39768562873738,1.5,303.0436332264446,299.7427372641677,298.7912281500989
31.401311227539775,1.5,303.04383757364724,299.74291044136885,298.79136899853245
31.40493682634217,1.5,303.0440419108699,299.7430836139557,298.7915098504908
31.408562425144563,1.5,303.0442462381137,299.74325678192906,298.79165070597173
31.412188023946957,1.5,303.04445055537946,299.7434299452897,298.79179156497327
31.41581362274935,1.5,303.04465486266815,299.7436031040383,298.79193242749346
31.419439221551745,1.5,303.0448591599807,299.7437762581757,298.7920732935304
31.42306482035414,1.5,303.04506344731806,299.7439494077027,298.79221416308195
31.426690419156532,1.5,303.04526772468125,299.74412255261996,298.7923550361462
31.430316017958926,1.5,303.04547199207104,299.74429569292823,298.7924959127211
31.43394161676132,1.5,303.0456762494885,299.7444688286284,298.7926367928047
31.437567215563714,1.5,303.04588049693456,299.7446419597211,298.7927776763949
31.441192814366108,1.5,303.04608473441,299.7448150862071,298.7929185634898
31.444818413168502,1.5,303.046288961916,299.7449882080872,298.7930594540874
31.448444011970896,1.5,303.0464931794533,299.7451613253621,298.7932003481857
31.45206961077329,1.5,303.04669738702296,299.7453344380326,298.79334124578264
31.455695209575683,1.5,303.0469015846258,299.7455075460995,298.79348214687633
31.459320808378077,1.5,303.04710577226297,299.74568064956344,298.7936230514647
31.46294640718047,1.5,303.0473099499352,299.74585374842525,298.79376395954574
31.466572005982865,1.5,303.0475141176435,299.7460268426856,298.79390487111755
31.47019760478526,1.5,303.0477182753888,299.74619993234535,298.79404578617806
31.473823203587653,1.5,303.04792242317205,299.7463730174052,298.79418670472535
31.477448802390047,1.5,303.0481265609942,299.74654609786586,298.7943276267574
31.48107440119244,1.5,303.04833068885614,299.7467191737282,298.7944685522722
31.484699999994834,1.5,303.0485348067589,299.7468922449928,298.7946094812678
31.48832559879723,1.5,303.04873891470334,299.74706531166055,298.7947504137422
31.491951197599622,1.5,303.0489430126905,299.74723837373216,298.7948913496934
31.495576796402016,1.5,303.04914710072114,299.7474114312084,298.7950322891194
31.49920239520441,1.5,303.04935117879637,299.7475844840898,298.7951732320182
31.502827994006804,1.5,303.049555246917,299.7477575323775,298.7953141783879
31.506453592809198,1.5,303.0497593050841,299.7479305760719,298.79545512822654
31.51007919161159,1.5,303.0499633532985,299.74810361517393,298.79559608153204
31.513704790413986,1.5,303.05016739156116,299.74827664968427,298.79573703830243
31.51733038921638,1.5,303.05037141987304,299.7484496796037,298.79587799853584
31.520955988018773,1.5,303.0505754382352,299.74862270493287,298.79601896223016
31.524581586821167,1.5,303.0507794466484,299.7487957256726,298.79615992938346
31.52820718562356,1.5,303.0509834451137,299.7489687418237,298.7963008999938
31.531832784425955,1.5,303.0511874336319,299.7491417533868,298.79644187405916
31.53545838322835,1.5,303.0513914122041,299.7493147603627,298.7965828515775
31.539083982030743,1.5,303.0515953808312,299.7494877627521,298.796723832547
31.542709580833137,1.5,303.0517993395141,299.74966076055574,298.7968648169656
31.54633517963553,1.5,303.05200328825373,299.7498337537744,298.7970058048313
31.549960778437924,1.5,303.05220722705104,299.7500067424088,298.79714679614216
31.55358637724032,1.5,303.05241115590707,299.7501797264597,298.79728779089623
31.557211976042712,1.5,303.0526150748226,299.75035270592775,298.79742878909155
31.560837574845106,1.5,303.0528189837987,299.7505256808137,298.7975697907261
31.5644631736475,1.5,303.0530228828363,299.75069865111846,298.79771079579785
31.568088772449894,1.5,303.0532267719362,299.7508716168426,298.79785180430497
31.571714371252288,1.5,303.0534306510995,299.7510445779869,298.79799281624537
31.57533997005468,1.5,303.05363452032714,299.75121753455204,298.79813383161724
31.578965568857075,1.5,303.05383837961995,299.7513904865388,298.7982748504185
31.58259116765947,1.5,303.054042228979,299.75156343394804,298.79841587264724
31.586216766461863,1.5,303.0542460684052,299.75173637678034,298.7985568983014
31.589842365264257,1.5,303.0544498978994,299.75190931503647,298.79869792737907
31.59346796406665,1.5,303.0546537174626,299.75208224871704,298.79883895987837
31.597093562869045,1.5,303.05485752709575,299.75225517782303,298.7989799957972
31.60071916167144,1.5,303.05506132679983,299.75242810235505,298.7991210351337
31.604344760473833,1.5,303.0552651165757,299.7526010223138,298.7992620778859
31.607970359276226,1.5,303.0554688964244,299.7527739377,298.7994031240517
31.61159595807862,1.5,303.05567266634677,299.7529468485144,298.7995441736294
31.615221556881014,1.5,303.05587642634384,299.7531197547578,298.79968522661676
31.618847155683408,1.5,303.0560801764165,299.75329265643086,298.79982628301195
31.622472754485802,1.5,303.0562839165658,299.7534655535343,298.7999673428131
31.626098353288196,1.5,303.0564876467925,299.75363844606886,298.8001084060182
31.62972395209059,1.5,303.05669136709764,299.7538113340353,298.8002494726251
31.633349550892984,1.5,303.05689507748224,299.75398421743427,298.80039054263216
31.636975149695377,1.5,303.0570987779471,299.7541570962665,298.8005316160373
31.64060074849777,1.5,303.0573024684933,299.75432997053286,298.8006726928385
31.644226347300165,1.5,303.05750614912165,299.75450284023395,298.80081377303384
31.64785194610256,1.5,303.0577098198332,299.7546757053705,298.80095485662144
31.651477544904953,1.5,303.0579134806288,299.75484856594323,298.80109594359925
31.655103143707347,1.5,303.05811713150945,299.75502142195296,298.8012370339654
31.65872874250974,1.5,303.0583207724762,299.75519427340026,298.8013781277179
31.662354341312135,1.5,303.0585244035298,299.75536712028594,298.80151922485476
31.66597994011453,1.5,303.0587280246714,299.7555399626107,298.8016603253741
31.669605538916922,1.5,303.05893163590173,299.7557128003753,298.801801429274
31.673231137719316,1.5,303.0591352372219,299.7558856335804,298.8019425365524
31.67685673652171,1.5,303.0593388286327,299.7560584622268,298.8020836472075
31.680482335324104,1.5,303.05954241013524,299.7562312863151,298.80222476123726
31.684107934126498,1.5,303.0597459817304,299.7564041058462,298.80236587863976
31.687733532928892,1.5,303.05994954341907,299.7565769208206,298.802506999413
31.691359131731286,1.5,303.0601530952022,299.7567497312391,298.8026481235552
31.69498473053368,1.5,303.06035663708093,299.75692253710247,298.8027892510642
31.698610329336073,1.5,303.060560169056,299.7570953384114,298.80293038193827
31.702235928138467,1.5,303.0607636911284,299.75726813516667,298.8030715161753
31.70586152694086,1.5,303.06096720329907,299.75744092736886,298.8032126537734
31.709487125743255,1.5,303.061170705569,299.75761371501875,298.80335379473075
31.71311272454565,1.5,303.06137419793913,299.75778649811707,298.80349493904527
31.716738323348043,1.5,303.0615776804104,299.75795927666445,298.8036360867151
31.720363922150437,1.5,303.06178115298366,299.75813205066174,298.80377723773825
31.72398952095283,1.5,303.06198461566004,299.7583048201096,298.8039183921128
31.727615119755225,1.5,303.0621880684403,299.7584775850087,298.80405954983684
31.73124071855762,1.5,303.06239151132553,299.75865034535974,298.8042007109084
31.734866317360012,1.5,303.06259494431663,299.75882310116344,298.80434187532563
31.738491916162406,1.5,303.06279836741453,299.75899585242064,298.80448304308646
31.7421175149648,1.5,303.0630017806202,299.7591685991319,298.80462421418906
31.745743113767194,1.5,303.06320518393454,299.759341341298,298.80476538863155
31.749368712569588,1.5,303.0634085773586,299.7595140789196,298.80490656641183
31.75299431137198,1.5,303.0636119608931,299.7596868119974,298.80504774752814
31.756619910174376,1.5,303.0638153345393,299.7598595405322,298.8051889319785
31.76024550897677,1.5,303.06401869829796,299.7600322645247,298.8053301197609
31.763871107779163,1.5,303.06422205217007,299.7602049839754,298.80547131087354
31.767496706581557,1.5,303.06442539615654,299.7603776988853,298.8056125053144
31.77112230538395,1.5,303.06462873025833,299.7605504092549,298.8057537030816
31.774747904186345,1.5,303.0648320544764,299.760723115085,298.8058949041732
31.77837350298874,1.5,303.0650353688118,299.76089581637626,298.80603610858725
31.781999101791133,1.5,303.06523867326524,299.76106851312943,298.8061773163219
31.785624700593527,1.5,303.0654419678379,299.76124120534513,298.8063185273752
31.78925029939592,1.5,303.06564525253066,299.76141389302416,298.8064597417452
31.792875898198314,1.5,303.06584852734443,299.76158657616713,298.80660095942994
31.79650149700071,1.5,303.06605179228006,299.7617592547748,298.8067421804276
31.800127095803102,1.5,303.06625504733876,299.7619319288479,298.8068834047362
31.803752694605496,1.5,303.06645829252125,299.7621045983871,298.80702463235383
31.80737829340789,1.5,303.0666615278286,299.76227726339306,298.8071658632786
31.811003892210284,1.5,303.0668647532617,299.76244992386654,298.80730709750856
31.814629491012678,1.5,303.06706796882156,299.7626225798082,298.8074483350418
31.81825508981507,1.5,303.067271174509,299.7627952312187,298.8075895758764
31.821880688617465,1.5,303.0674743703252,299.76296787809883,298.80773082001053
31.82550628741986,1.5,303.06767755627084,299.76314052044927,298.8078720674422
31.829131886222253,1.5,303.06788073234713,299.76331315827065,298.8080133181694
31.832757485024647,1.5,303.06808389855485,299.76348579156377,298.80815457219035
31.83638308382704,1.5,303.06828705489494,299.7636584203292,298.80829582950315
31.840008682629435,1.5,303.06849020136843,299.7638310445677,298.8084370901059
31.84363428143183,1.5,303.0686933379762,299.76400366428004,298.80857835399655
31.847259880234223,1.5,303.0688964647192,299.76417627946677,298.8087196211733
31.850885479036616,1.5,303.0690995815985,299.76434889012864,298.80886089163425
31.85451107783901,1.5,303.069302688615,299.7645214962664,298.80900216537736
31.858136676641404,1.5,303.0695057857695,299.7646940978807,298.8091434424009
31.861762275443798,1.5,303.0697088730631,299.7648666949722,298.8092847227029
31.865387874246192,1.5,303.0699119504967,299.76503928754164,298.80942600628146
31.869013473048586,1.5,303.07011501807136,299.7652118755897,298.80956729313465
31.87263907185098,1.5,303.07031807578784,299.7653844591171,298.80970858326054
31.876264670653374,1.5,303.07052112364727,299.7655570381244,298.8098498766573
31.879890269455768,1.5,303.07072416165045,299.7657296126125,298.809991173323
31.88351586825816,1.5,303.07092718979845,299.76590218258195,298.81013247325575
31.887141467060555,1.5,303.07113020809214,299.7660747480334,298.8102737764536
31.89076706586295,1.5,303.07133321653254,299.7662473089676,298.8104150829147
31.894392664665343,1.5,303.0715362151205,299.7664198653853,298.8105563926371
31.898018263467737,1.5,303.0717392038571,299.7665924172871,298.81069770561896
31.90164386227013,1.5,303.07194218274316,299.7667649646737,298.8108390218583
31.905269461072525,1.5,303.07214515177975,299.76693750754583,298.8109803413534
31.90889505987492,1.5,303.07234811096777,299.76711004590413,298.8111216641021
31.912520658677312,1.5,303.0725510603082,299.7672825797493,298.8112629901027
31.916146257479706,1.5,303.07275399980193,299.767455109082,298.81140431935324
31.9197718562821,1.5,303.0729569294499,299.7676276339029,298.8115456518519
31.923397455084494,1.5,303.0731598492531,299.76780015421275,298.8116869875966
31.927023053886888,1.5,303.07336275921256,299.7679726700122,298.81182832658567
31.930648652689282,1.5,303.0735656593291,299.768145181302,298.8119696688171
31.934274251491676,1.5,303.07376854960376,299.76831768808273,298.81211101428903
31.93789985029407,1.5,303.0739714300375,299.7684901903551,298.8122523629995
31.941525449096464,1.5,303.07417430063117,299.76866268811983,298.8123937149468
31.945151047898857,1.5,303.0743771613858,299.76883518137754,298.81253507012883
31.94877664670125,1.5,303.07458001230236,299.76900767012893,298.8126764285438
31.952402245503645,1.5,303.0747828533818,299.76918015437474,298.8128177901898
31.95602784430604,1.5,303.074985684625,299.7693526341156,298.812959155065
31.959653443108433,1.5,303.07518850603293,299.7695251093521,298.81310052316746
31.963279041910827,1.5,303.07539131760666,299.76969758008505,298.8132418944953
31.96690464071322,1.5,303.075594119347,299.7698700463151,298.81338326904665
31.970530239515615,1.5,303.07579691125494,299.7700425080429,298.8135246468196
31.97415583831801,1.5,303.0759996933314,299.7702149652691,298.81366602781225
31.977781437120402,1.5,303.07620246557747,299.77038741799447,298.8138074120228
31.981407035922796,1.5,303.076405227994,299.77055986621957,298.81394879944935
31.98503263472519,1.5,303.07660798058197,299.77073230994523,298.81409019009
31.988658233527584,1.5,303.0768107233423,299.77090474917196,298.8142315839428
31.992283832329978,1.5,303.07701345627595,299.7710771839005,298.81437298100593
31.99590943113237,1.5,303.0772161793839,299.7712496141315,298.8145143812776
31.999535029934766,1.5,303.07741889266714,299.7714220398656,298.81465578475576
32.00316062873716,1.5,303.0776215961265,299.7715944611036,298.8147971914387
32.00678622753956,1.5,303.0778242897631,299.77176687784606,298.8149386013244
32.01041182634195,1.5,303.0780269735777,299.77193929009377,298.8150800144111
32.014037425144345,1.5,303.07822964757145,299.77211169784727,298.81522143069685
32.01766302394674,1.5,303.0784323117452,299.77228410110723,298.8153628501798
32.02128862274913,1.5,303.07863496609986,299.7724564998744,298.81550427285805
32.024914221551526,1.5,303.0788376106365,299.7726288941494,298.8156456987298
32.02853982035392,1.5,303.079040245356,299.772801283933,298.81578712779304
32.032165419156314,1.5,303.07924287025935,299.77297366922573,298.8159285600461
32.03579101795871,1.5,303.07944548534743,299.7731460500283,298.81606999548694
32.0394166167611,1.5,303.0796480906213,299.7733184263414,298.81621143411377
32.043042215563496,1.5,303.0798506860818,299.77349079816565,298.8163528759247
32.04666781436589,1.5,303.08005327173,299.77366316550183,298.81649432091785
32.05029341316828,1.5,303.0802558475668,299.77383552835045,298.81663576909136
32.05391901197068,1.5,303.0804584135931,299.7740078867123,298.8167772204434
32.05754461077307,1.5,303.0806609698099,299.77418024058795,298.81691867497204
32.061170209575465,1.5,303.08086351621824,299.77435258997815,298.8170601326755
32.06479580837786,1.5,303.081066052819,299.7745249348835,298.8172015935519
32.06842140718025,1.5,303.08126857961304,299.7746972753048,298.81734305759926
32.07204700598265,1.5,303.08147109660155,299.7748696112425,298.8174845248158
32.07567260478504,1.5,303.08167360378525,299.77504194269727,298.8176259951997
32.079298203587435,1.5,303.0818761011652,299.77521426966996,298.81776746874897
32.08292380238983,1.5,303.0820785887424,299.77538659216117,298.81790894546185
32.08654940119222,1.5,303.0822810665177,299.7755589101715,298.8180504253365
32.090174999994616,1.5,303.0824835344921,299.77573122370165,298.81819190837103
32.09380059879701,1.5,303.0826859926666,299.77590353275224,298.8183333945636
32.097426197599404,1.5,303.0828884410421,299.776075837324,298.81847488391224
32.1010517964018,1.5,303.0830908796196,299.7762481374175,298.81861637641526
32.10467739520419,1.5,303.0832933084,299.7764204330334,298.8187578720707
32.108302994006586,1.5,303.08349572738433,299.77659272417253,298.81889937087675
32.11192859280898,1.5,303.08369813657345,299.77676501083533,298.81904087283147
32.11555419161137,1.5,303.0839005359684,299.77693729302246,298.81918237793315
32.11917979041377,1.5,303.0841029255701,299.77710957073475,298.8193238861798
32.12280538921616,1.5,303.08430530537953,299.77728184397273,298.8194653975696
32.126430988018555,1.5,303.0845076753976,299.77745411273713,298.81960691210077
32.13005658682095,1.5,303.08471003562533,299.7776263770285,298.8197484297714
32.13368218562334,1.5,303.0849123860636,299.7777986368476,298.81988995057964
32.13730778442574,1.5,303.0851147267134,299.777970892195,298.82003147452366
32.14093338322813,1.5,303.0853170575757,299.7781431430715,298.8201730016015
32.144558982030524,1.5,303.0855193786515,299.7783153894776,298.82031453181156
32.14818458083292,1.5,303.0857216899417,299.77848763141395,298.82045606515175
32.15181017963531,1.5,303.08592399144726,299.7786598688813,298.8205976016203
32.155435778437706,1.5,303.0861262831691,299.7788321018802,298.8207391412154
32.1590613772401,1.5,303.08632856510826,299.77900433041134,298.8208806839353
32.162686976042494,1.5,303.0865308372656,299.7791765544754,298.8210222297779
32.16631257484489,1.5,303.0867330996422,299.7793487740731,298.82116377874155
32.16993817364728,1.5,303.0869353522389,299.77952098920497,298.8213053308243
32.173563772449675,1.5,303.0871375950568,299.7796931998716,298.82144688602443
32.17718937125207,1.5,303.0873398280966,299.77986540607384,298.82158844433997
32.18081497005446,1.5,303.08754205135955,299.7800376078121,298.82173000576915
32.18444056885686,1.5,303.0877442648465,299.7802098050872,298.8218715703101
32.18806616765925,1.5,303.0879464685583,299.7803819978998,298.822013137961
32.191691766461645,1.5,303.08814866249605,299.7805541862504,298.82215470872
32.19531736526404,1.5,303.08835084666055,299.78072637013986,298.82229628258534
32.19894296406643,1.5,303.088553021053,299.7808985495686,298.822437859555
32.20256856286883,1.5,303.08875518567413,299.78107072453736,298.82257943962736
32.20619416167122,1.5,303.088957340525,299.78124289504683,298.82272102280047
32.209819760473614,1.5,303.08915948560656,299.78141506109756,298.8228626090724
32.21344535927601,1.5,303.08936162091976,299.78158722269023,298.8230041984415
32.2170709580784,1.5,303.08956374646556,299.7817593798256,298.82314579090576
32.220696556880796,1.5,303.0897658622449,299.78193153250413,298.8232873864635
32.22432215568319,1.5,303.0899679682588,299.78210368072655,298.82342898511286
32.227947754485584,1.5,303.09017006450813,299.7822758244935,298.8235705868519
32.23157335328798,1.5,303.0903721509939,299.78244796380557,298.82371219167885
32.23519895209037,1.5,303.09057422771707,299.78262009866353,298.8238537995919
32.238824550892765,1.5,303.0907762946786,299.7827922290678,298.8239954105893
32.24245014969516,1.5,303.0909783518794,299.78296435501926,298.824137024669
32.24607574849755,1.5,303.09118039932054,299.7831364765184,298.8242786418294
32.24970134729995,1.5,303.0913824370029,299.7833085935659,298.82442026206854
32.25332694610234,1.5,303.0915844649274,299.7834807061624,298.8245618853847
32.256952544904735,1.5,303.091786483095,299.78365281430854,298.82470351177585
32.26057814370713,1.5,303.09198849150675,299.783824918005,298.8248451412405
32.26420374250952,1.5,303.0921904901636,299.7839970172523,298.8249867737764
32.267829341311916,1.5,303.09239247906635,299.78416911205113,298.82512840938205
32.27145494011431,1.5,303.0925944582162,299.7843412024022,298.82527004805553
32.275080538916704,1.5,303.0927964276139,299.784513288306,298.82541168979503
32.2787061377191,1.5,303.0929983872606,299.78468536976334,298.8255533345986
32.28233173652149,1.5,303.09320033715704,299.7848574467747,298.82569498246465
32.285957335323886,1.5,303.0934022773044,299.78502951934087,298.8258366333912
32.28958293412628,1.5,303.0936042077035,299.7852015874624,298.8259782873764
32.29320853292867,1.5,303.09380612835537,299.7853736511398,298.8261199444186
32.29683413173107,1.5,303.0940080392608,299.78554571037387,298.82626160451576
32.30045973053346,1.5,303.094209940421,299.7857177651652,298.8264032676663
32.304085329335855,1.5,303.0944118318368,299.7858898155144,298.8265449338682
32.30771092813825,1.5,303.09461371350915,299.78606186142207,298.82668660311975
32.31133652694064,1.5,303.09481558543905,299.78623390288897,298.82682827541913
32.31496212574304,1.5,303.09501744762747,299.7864059399156,298.8269699507645
32.31858772454543,1.5,303.0952193000753,299.78657797250264,298.8271116291541
32.322213323347825,1.5,303.0954211427836,299.7867500006506,298.827253310586
32.32583892215022,1.5,303.09562297575326,299.7869220243603,298.8273949950585
32.32946452095261,1.5,303.0958247989852,299.7870940436323,298.82753668256976
32.333090119755006,1.5,303.09602661248044,299.7872660584672,298.8276783731179
32.3367157185574,1.5,303.09622841623997,299.78743806886564,298.8278200667012
32.340341317359794,1.5,303.09643021026466,299.78761007482825,298.8279617633178
32.34396691616219,1.5,303.0966319945556,299.7877820763556,298.8281034629658
32.34759251496458,1.5,303.09683376911363,299.7879540734484,298.8282451656437
32.351218113766976,1.5,303.09703553393973,299.78812606610734,298.8283868713494
32.35484371256937,1.5,303.0972372890349,299.78829805433287,298.8285285800811
32.35846931137176,1.5,303.09743903440017,299.7884700381257,298.8286702918371
32.36209491017416,1.5,303.09764077003626,299.78864201748644,298.8288120066156
32.36572050897655,1.5,303.09784249594446,299.78881399241567,298.8289537244148
32.369346107778945,1.5,303.0980442121255,299.78898596291407,298.82909544523284
32.37297170658134,1.5,303.09824591858035,299.7891579289823,298.8292371690679
32.37659730538373,1.5,303.09844761531,299.789329890621,298.8293788959182
32.38022290418613,1.5,303.0986493023155,299.7895018478306,298.8295206257819
32.38384850298852,1.5,303.0988509795977,299.7896738006119,298.8296623586573
32.387474101790914,1.5,303.0990526471577,299.7898457489655,298.8298040945425
32.39109970059331,1.5,303.09925430499624,299.790017692892,298.82994583343583
32.3947252993957,1.5,303.0994559531145,299.7901896323919,298.83008757533537
32.398350898198096,1.5,303.0996575915133,299.79036156746605,298.83022932023937
32.40197649700049,1.5,303.09985922019365,299.7905334981148,298.830371068146
32.405602095802884,1.5,303.10006083915647,299.790705424339,298.8305128190534
32.40922769460528,1.5,303.1002624484029,299.7908773461392,298.83065457296
32.41285329340767,1.5,303.10046404793366,299.79104926351596,298.8307963298638
32.416478892210066,1.5,303.1006656377498,299.79122117646995,298.83093808976304
32.42010449101246,1.5,303.10086721785234,299.79139308500174,298.831079852656
32.42373008981485,1.5,303.10106878824223,299.79156498911203,298.8312216185407
32.42735568861725,1.5,303.1012703489203,299.7917368888014,298.83136338741565
32.43098128741964,1.5,303.1014718998877,299.79190878407036,298.8315051592788
32.434606886222035,1.5,303.1016734411453,299.7920806749197,298.8316469341284
32.43823248502443,1.5,303.1018749726941,299.79225256134987,298.83178871196276
32.44185808382682,1.5,303.10207649453486,299.7924244433616,298.83193049278003
32.44548368262922,1.5,303.1022780066688,299.7925963209555,298.83207227657846
32.44910928143161,1.5,303.10247950909684,299.79276819413207,298.8322140633561
32.452734880234004,1.5,303.10268100181986,299.792940062892,298.83235585311144
32.4563604790364,1.5,303.1028824848388,299.79311192723594,298.83249764584247
32.45998607783879,1.5,303.1030839581548,299.79328378716446,298.8326394415474
32.463611676641186,1.5,303.1032854217686,299.79345564267817,298.8327812402246
32.46723727544358,1.5,303.1034868756813,299.7936274937777,298.83292304187216
32.470862874245974,1.5,303.1036883198939,299.7937993404636,298.8330648464884
32.47448847304837,1.5,303.10388975440713,299.7939711827365,298.83320665407143
32.47811407185076,1.5,303.1040911792222,299.79414302059706,298.83334846461946
32.481739670653155,1.5,303.10429259434,299.79431485404587,298.8334902781308
32.48536526945555,1.5,303.1044939997614,299.7944866830835,298.83363209460356
32.48899086825794,1.5,303.1046953954875,299.79465850771055,298.83377391403604
32.49261646706034,1.5,303.10489678151924,299.7948303279277,298.83391573642643
32.49624206586273,1.5,303.10509815785747,299.79500214373553,298.834057561773
32.499867664665125,1.5,303.1052995245032,299.79517395513454,298.83419939007393
32.50349326346752,1.5,303.1055008814575,299.7953457621256,298.8343412213274
32.50711886226991,1.5,303.10570222872127,299.79551756470903,298.8344830555317
32.510744461072306,1.5,303.1059035662954,299.7956893628856,298.834624892685
32.5143700598747,1.5,303.10610489418093,299.79586115665575,298.83476673278557
32.517995658677094,1.5,303.1063062123788,299.7960329460203,298.8349085758316
32.52162125747949,1.5,303.10650752089,299.7962047309797,298.8350504218213
32.52524685628188,1.5,303.1067088197154,299.7963765115347,298.83519227075294
32.528872455084276,1.5,303.1069101088561,299.7965482876857,298.8353341226247
32.53249805388667,1.5,303.1071113883129,299.7967200594335,298.8354759774348
32.536123652689064,1.5,303.107312658087,299.7968918267785,298.8356178351816
32.53974925149146,1.5,303.10751391817905,299.7970635897214,298.83575969586315
32.54337485029385,1.5,303.1077151685903,299.79723534826286,298.8359015594778
32.547000449096245,1.5,303.10791640932155,299.79740710240344,298.8360434260237
32.55062604789864,1.5,303.10811764037385,299.79757885214366,298.83618529549915
32.55425164670103,1.5,303.1083188617481,299.7977505974843,298.83632716790225
32.55787724550343,1.5,303.10852007344533,299.7979223384258,298.8364690432314
32.56150284430582,1.5,303.10872127546645,299.79809407496884,298.83661092148475
32.565128443108215,1.5,303.10892246781236,299.7982658071139,298.8367528026605
32.56875404191061,1.5,303.1091236504842,299.79843753486176,298.836894686757
32.572379640713,1.5,303.1093248234828,299.7986092582129,298.83703657377237
32.576005239515396,1.5,303.1095259868091,299.79878097716784,298.8371784637049
32.57963083831779,1.5,303.1097271404642,299.7989526917274,298.83732035655277
32.583256437120184,1.5,303.1099282844489,299.799124401892,298.83746225231425
32.58688203592258,1.5,303.11012941876436,299.79929610766226,298.83760415098766
32.59050763472497,1.5,303.1103305434114,299.79946780903873,298.8377460525711
32.594133233527366,1.5,303.110531658391,299.7996395060222,298.83788795706283
32.59775883232976,1.5,303.11073276370416,299.7998111986131,298.8380298644612
32.60138443113215,1.5,303.11093385935175,299.799982886812,298.8381717747643
32.60501002993455,1.5,303.1111349453349,299.8001545706196,298.83831368797047
32.60863562873694,1.5,303.1113360216545,299.80032625003645,298.8384556040779
32.612261227539335,1.5,303.1115370883115,299.80049792506315,298.83859752308496
32.61588682634173,1.5,303.1117381453068,299.80066959570024,298.83873944498976
32.61951242514412,1.5,303.11193919264144,299.8008412619484,298.8388813697905
32.62313802394652,1.5,303.11214023031636,299.8010129238082,298.8390232974855
32.62676362274891,1.5,303.1123412583326,299.8011845812801,298.83916522807306
32.630389221551305,1.5,303.11254227669104,299.80135623436485,298.8393071615513
32.6340148203537,1.5,303.11274328539264,299.801527883063,298.8394490979186
32.63764041915609,1.5,303.1129442844384,299.80169952737504,298.8395910371731
32.641266017958486,1.5,303.1131452738293,299.8018711673017,298.83973297931306
32.64489161676088,1.5,303.1133462535662,299.8020428028435,298.83987492433675
32.648517215563274,1.5,303.1135472236503,299.80221443400103,298.8400168722425
32.65214281436567,1.5,303.11374818408234,299.8023860607749,298.8401588230284
32.65576841316806,1.5,303.1139491348633,299.8025576831657,298.84030077669274
32.659394011970456,1.5,303.11415007599425,299.80272930117394,298.8404427332339
32.66301961077285,1.5,303.1143510074761,299.8029009148002,298.84058469265
32.66664520957524,1.5,303.1145519293098,299.80307252404526,298.8407266549393
32.67027080837764,1.5,303.1147528414964,299.8032441289095,298.84086862010014
32.67389640718003,1.5,303.11495374403677,299.8034157293936,298.84101058813064
32.677522005982425,1.5,303.11515463693195,299.8035873254981,298.8411525590292
32.68114760478482,1.5,303.1153555201828,299.80375891722366,298.84129453279394
32.68477320358721,1.5,303.11555639379037,299.80393050457076,298.8414365094232
32.68839880238961,1.5,303.11575725775555,299.80410208754,298.8415784889153
32.692024401192,1.5,303.1159581120794,299.804273666132,298.8417204712683
32.695649999994394,1.5,303.1161589567629,299.8044452403474,298.84186245648056
32.69927559879679,1.5,303.11635979180693,299.80461681018664,298.8420044445504
32.70290119759918,1.5,303.11656061721243,299.80478837565045,298.84214643547597
32.706526796401576,1.5,303.11676143298047,299.80495993673924,298.84228842925563
32.71015239520397,1.5,303.11696223911196,299.8051314934538,298.8424304258875
32.713777994006364,1.5,303.1171630356078,299.8053030457945,298.84257242537
32.71740359280876,1.5,303.1173638224691,299.8054745937621,298.84271442770137
32.72102919161115,1.5,303.1175645996968,299.8056461373571,298.8428564328797
32.724654790413545,1.5,303.1177653672917,299.80581767658003,298.84299844090344
32.72828038921594,1.5,303.11796612525495,299.80598921143155,298.84314045177086
32.73190598801833,1.5,303.1181668735875,299.8061607419122,298.84328246548006
32.73553158682073,1.5,303.11836761229017,299.80633226802246,298.8434244820294
32.73915718562312,1.5,303.11856834136404,299.8065037897631,298.8435665014171
32.742782784425515,1.5,303.1187690608101,299.80667530713464,298.84370852364157
32.74640838322791,1.5,303.1189697706293,299.80684682013754,298.8438505487009
32.7500339820303,1.5,303.11917047082244,299.8070183287724,298.8439925765935
32.7536595808327,1.5,303.11937116139075,299.8071898330399,298.84413460731747
32.75728517963509,1.5,303.1195718423351,299.8073613329406,298.8442766408712
32.760910778437484,1.5,303.11977251365636,299.8075328284751,298.844418677253
32.76453637723988,1.5,303.11997317535554,299.8077043196438,298.844560716461
32.76816197604227,1.5,303.1201738274337,299.8078758064474,298.84470275849355
32.771787574844666,1.5,303.1203744698917,299.8080472888865,298.84484480334896
32.77541317364706,1.5,303.1205751027306,299.80821876696155,298.8449868510254
32.779038772449454,1.5,303.12077572595126,299.8083902406733,298.8451289015212
32.78266437125185,1.5,303.1209763395547,299.80856171002216,298.84527095483463
32.78628997005424,1.5,303.1211769435419,299.80873317500874,298.845413010964
32.789915568856635,1.5,303.1213775379138,299.8089046356337,298.84555506990756
32.79354116765903,1.5,303.1215781226714,299.8090760918975,298.8456971316635
32.79716676646142,1.5,303.12177869781556,299.8092475438008,298.8458391962302
32.80079236526382,1.5,303.12197926334744,299.80941899134405,298.8459812636059
32.80441796406621,1.5,303.12217981926784,299.80959043452793,298.84612333378885
32.808043562868605,1.5,303.1223803655778,299.809761873353,298.8462654067774
32.811669161671,1.5,303.12258090227823,299.8099333078198,298.84640748256976
32.81529476047339,1.5,303.1227814293702,299.8101047379289,298.84654956116424
32.818920359275786,1.5,303.12298194685457,299.81027616368084,298.8466916425591
32.82254595807818,1.5,303.1231824547323,299.8104475850762,298.84683372675266
32.826171556880574,1.5,303.12338295300447,299.8106190021156,298.8469758137432
32.82979715568297,1.5,303.12358344167194,299.8107904147995,298.84711790352895
32.83342275448536,1.5,303.1237839207358,299.8109618231286,298.8472599961082
32.837048353287756,1.5,303.1239843901969,299.81113322710337,298.8474020914792
32.84067395209015,1.5,303.1241848500562,299.81130462672445,298.84754418964036
32.84429955089254,1.5,303.12438530031477,299.81147602199223,298.8476862905899
32.84792514969494,1.5,303.12458574097343,299.8116474129075,298.84782839432603
32.85155074849733,1.5,303.1247861720333,299.8118187994707,298.84797050084705
32.855176347299725,1.5,303.1249865934953,299.8119901816824,298.8481126101514
32.85880194610212,1.5,303.1251870053603,299.8121615595432,298.84825472223724
32.86242754490451,1.5,303.12538740762943,299.8123329330536,298.8483968371028
32.86605314370691,1.5,303.12558780030355,299.8125043022142,298.84853895474646
32.8696787425093,1.5,303.12578818338363,299.81267566702564,298.8486810751665
32.873304341311695,1.5,303.1259885568707,299.8128470274884,298.84882319836123
32.87692994011409,1.5,303.1261889207657,299.813018383603,298.8489653243289
32.88055553891648,1.5,303.1263892750695,299.81318973537003,298.8491074530678
32.884181137718876,1.5,303.1265896197832,299.81336108279004,298.8492495845763
32.88780673652127,1.5,303.12678995490774,299.8135324258637,298.84939171885253
32.891432335323664,1.5,303.12699028044403,299.8137037645914,298.84953385589495
32.89505793412606,1.5,303.1271905963931,299.81387509897394,298.8496759957017
32.89868353292845,1.5,303.12739090275585,299.81404642901157,298.8498181382712
32.902309131730846,1.5,303.12759119953336,299.81421775470506,298.84996028360166
32.90593473053324,1.5,303.1277914867265,299.81438907605485,298.8501024316914
32.90956032933563,1.5,303.12799176433623,299.8145603930616,298.8502445825388
32.91318592813803,1.5,303.1281920323636,299.81473170572576,298.85038673614207
32.91681152694042,1.5,303.1283922908094,299.814903014048,298.8505288924995
32.920437125742815,1.5,303.12859253967486,299.8150743180288,298.85067105160937
32.92406272454521,1.5,303.1287927789608,299.8152456176688,298.8508132134701
32.9276883233476,1.5,303.12899300866815,299.81541691296843,298.85095537807973
32.93131392215,1.5,303.129193228798,299.8155882039283,298.8510975454369
32.93493952095239,1.5,303.1293934393512,299.81575949054894,298.8512397155397
32.938565119754784,1.5,303.1295936403287,299.81593077283094,298.8513818883864
32.94219071855718,1.5,303.12979383173166,299.8161020507749,298.85152406397543
32.94581631735957,1.5,303.12999401356086,299.81627332438126,298.8516662423051
32.949441916161966,1.5,303.13019418581734,299.81644459365066,298.8518084233736
32.95306751496436,1.5,303.130394348502,299.81661585858365,298.8519506071793
32.956693113766754,1.5,303.130594501616,299.8167871191807,298.85209279372043
32.96031871256915,1.5,303.13079464516,299.8169583754424,298.8522349829954
32.96394431137154,1.5,303.1309947791353,299.81712962736935,298.85237717500246
32.967569910173935,1.5,303.1311949035426,299.8173008749621,298.85251936973987
32.97119550897633,1.5,303.131395018383,299.8174721182211,298.85266156720604
32.97482110777872,1.5,303.13159512365746,299.81764335714695,298.8528037673992
32.97844670658112,1.5,303.13179521936695,299.8178145917403,298.8529459703177
32.98207230538351,1.5,303.1319953055125,299.81798582200156,298.85308817595984
32.985697904185905,1.5,303.13219538209484,299.8181570479313,298.85323038432387
32.9893235029883,1.5,303.13239544911517,299.8183282695302,298.85337259540825
32.99294910179069,1.5,303.1325955065744,299.81849948679854,298.8535148092111
32.99657470059309,1.5,303.1327955544735,299.8186706997372,298.8536570257308
33.00020029939548,1.5,303.13299559281336,299.8188419083464,298.8537992449657
33.003825898197874,1.5,303.133195621595,299.819013112627,298.8539414669142
33.00745149700027,1.5,303.13339564081946,299.81918431257924,298.8540836915744
33.01107709580266,1.5,303.1335956504877,299.8193555082039,298.85422591894473
33.014702694605056,1.5,303.1337956506006,299.8195266995014,298.85436814902357
33.01832829340745,1.5,303.13399564115906,299.8196978864724,298.85451038180906
33.021953892209844,1.5,303.13419562216427,299.8198690691173,298.85465261729973
33.02557949101224,1.5,303.13439559361706,299.8200402474368,298.8547948554937
33.02920508981463,1.5,303.13459555551844,299.8202114214313,298.85493709638945
33.032830688617025,1.5,303.1347955078693,299.82038259110135,298.8550793399852
33.03645628741942,1.5,303.1349954506707,299.82055375644757,298.85522158627924
33.04008188622181,1.5,303.1351953839236,299.82072491747044,298.8553638352699
33.04370748502421,1.5,303.13539530762887,299.82089607417055,298.85550608695553
33.0473330838266,1.5,303.1355952217876,299.8210672265485,298.85564834133453
33.050958682628995,1.5,303.1357951264007,299.82123837460466,298.8557905984051
33.05458428143139,1.5,303.13599502146917,299.8214095183397,298.8559328581656
33.05820988023378,1.5,303.136194906994,299.82158065775417,298.8560751206144
33.061835479036176,1.5,303.1363947829761,299.8217517928485,298.8562173857497
33.06546107783857,1.5,303.13659464941645,299.82192292362333,298.85635965356994
33.069086676640964,1.5,303.136794506316,299.82209405007916,298.85650192407337
33.07271227544336,1.5,303.13699435367585,299.82226517221653,298.85664419725833
33.07633787424575,1.5,303.1371941914968,299.82243629003597,298.85678647312324
33.079963473048146,1.5,303.13739401977983,299.8226074035381,298.85692875166626
33.08358907185054,1.5,303.137593838526,299.82277851272323,298.85707103288587
33.08721467065293,1.5,303.13779364773626,299.82294961759214,298.8572133167803
33.09084026945533,1.5,303.13799344741153,299.8231207181453,298.8573556033479
33.09446586825772,1.5,303.13819323755285,299.8232918143832,298.8574978925871
33.098091467060115,1.5,303.13839301816114,299.8234629063064,298.85764018449606
33.10171706586251,1.5,303.1385927892373,299.82363399391545,298.8577824790732
33.1053426646649,1.5,303.13879255078245,299.8238050772108,298.8579247763168
33.1089682634673,1.5,303.1389923027975,299.82397615619317,298.85806707622527
33.11259386226969,1.5,303.1391920452834,299.8241472308629,298.85820937879686
33.116219461072085,1.5,303.13939177824113,299.8243183012206,298.85835168402997
33.11984505987448,1.5,303.13959150167165,299.82448936726684,298.8584939919229
33.12347065867687,1.5,303.13979121557594,299.82466042900205,298.85863630247394
33.127096257479266,1.5,303.1399909199549,299.82483148642694,298.8587786156815
33.13072185628166,1.5,303.1401906148096,299.82500253954186,298.85892093154393
33.134347455084054,1.5,303.14039030014095,299.8251735883474,298.8590632500594
33.13797305388645,1.5,303.14058997595,299.8253446328441,298.8592055712264
33.14159865268884,1.5,303.1407896422377,299.8255156730325,298.8593478950433
33.145224251491236,1.5,303.14098929900484,299.82568670891317,298.8594902215083
33.14884985029363,1.5,303.1411889462526,299.8258577404866,298.8596325506198
33.15247544909602,1.5,303.1413885839819,299.82602876775326,298.85977488237614
33.15610104789842,1.5,303.14158821219365,299.82619979071376,298.85991721677567
33.15972664670081,1.5,303.14178783088886,299.8263708093686,298.8600595538167
33.163352245503205,1.5,303.14198744006853,299.8265418237183,298.8602018934976
33.1669778443056,1.5,303.1421870397336,299.8267128337634,298.86034423581674
33.17060344310799,1.5,303.1423866298849,299.82688383950443,298.8604865807724
33.17422904191039,1.5,303.14258621052375,299.8270548409419,298.86062892836287
33.17785464071278,1.5,303.14278578165073,299.8272258380764,298.86077127858664
33.181480239515174,1.5,303.14298534326707,299.82739683090836,298.8609136314419
33.18510583831757,1.5,303.1431848953736,299.82756781943834,298.8610559869272
33.18873143711996,1.5,303.1433844379714,299.82773880366693,298.8611983450407
33.192357035922356,1.5,303.1435839710614,299.8279097835946,298.8613407057807
33.19598263472475,1.5,303.1437834946445,299.82808075922185,298.8614830691457
33.199608233527144,1.5,303.14398300872176,299.82825173054925,298.86162543513404
33.20323383232954,1.5,303.1441825132941,299.8284226975773,298.861767803744
33.20685943113193,1.5,303.14438200836247,299.8285936603066,298.86191017497396
33.210485029934325,1.5,303.1445814939279,299.8287646187375,298.8620525488222
33.21411062873672,1.5,303.1447809699913,299.8289355728707,298.8621949252871
33.21773622753911,1.5,303.1449804365536,299.82910652270664,298.86233730436714
33.22136182634151,1.5,303.145179893616,299.82927746824583,298.86247968606045
33.2249874251439,1.5,303.1453793411792,299.8294484094888,298.86262207036555
33.228613023946295,1.5,303.1455787792443,299.8296193464361,298.86276445728066
33.23223862274869,1.5,303.14577820781227,299.82979027908823,298.86290684680426
33.23586422155108,1.5,303.145977626884,299.8299612074457,298.86304923893465
33.23948982035348,1.5,303.14617703646064,299.83013213150906,298.86319163367017
33.24311541915587,1.5,303.146376436543,299.83030305127886,298.8633340310092
33.246741017958264,1.5,303.1465758271321,299.83047396675556,298.86347643095
33.25036661676066,1.5,303.1467752082288,299.8306448779397,298.86361883349105
33.25399221556305,1.5,303.14697457983425,299.83081578483177,298.8637612386307
33.257617814365446,1.5,303.1471739419493,299.8309866874323,298.8639036463672
33.26124341316784,1.5,303.147373294575,299.8311575857418,298.864046056699
33.264869011970234,1.5,303.14757263771224,299.8313284797609,298.8641884696244
33.26849461077263,1.5,303.14777197136203,299.83149936948996,298.86433088514184
33.27212020957502,1.5,303.1479712955254,299.8316702549296,298.86447330324955
33.275745808377415,1.5,303.1481706102032,299.83184113608024,298.86461572394603
33.27937140717981,1.5,303.1483699153964,299.83201201294247,298.8647581472295
33.2829970059822,1.5,303.1485692111061,299.83218288551683,298.8649005730984
33.2866226047846,1.5,303.14876849733315,299.8323537538038,298.86504300155116
33.29024820358699,1.5,303.14896777407864,299.83252461780376,298.865185432586
33.293873802389385,1.5,303.1491670413434,299.8326954775175,298.8653278662013
33.29749940119178,1.5,303.1493662991286,299.83286633294534,298.8654703023955
33.30112499999417,1.5,303.1495655474349,299.8330371840878,298.86561274116696
33.304750598796566,1.5,303.14976478626363,299.8332080309455,298.865755182514
33.30837619759896,1.5,303.1499640156154,299.8333788735189,298.865897626435
33.312001796401354,1.5,303.15016323549145,299.8335497118085,298.86604007292834
33.31562739520375,1.5,303.1503624458926,299.83372054581474,298.86618252199236
33.31925299400614,1.5,303.15056164682,299.83389137553826,298.8663249736254
33.322878592808536,1.5,303.1507608382744,299.8340622009795,298.86646742782597
33.32650419161093,1.5,303.1509600202569,299.83423302213896,298.86660988459226
33.330129790413324,1.5,303.1511591927684,299.8344038390172,298.8667523439227
33.33375538921572,1.5,303.1513583558099,299.8345746516147,298.86689480581566
33.33738098801811,1.5,303.1515575093825,299.8347454599319,298.8670372702696
33.341006586820505,1.5,303.1517566534869,299.8349162639695,298.8671797372827
33.3446321856229,1.5,303.15195578812427,299.8350870637279,298.8673222068535
33.34825778442529,1.5,303.1521549132956,299.8352578592076,298.8674646789803
33.35188338322769,1.5,303.15235402900174,299.8354286504091,298.8676071536614
33.35550898203008,1.5,303.1525531352437,299.83559943733286,298.8677496308954
33.359134580832475,1.5,303.15275223202246,299.8357702199795,298.86789211068043
33.36276017963487,1.5,303.15295131933897,299.83594099834943,298.868034593015
33.36638577843726,1.5,303.1531503971942,299.83611177244325,298.86817707789737
33.370011377239656,1.5,303.1533494655892,299.8362825422614,298.86831956532615
33.37363697604205,1.5,303.15354852452487,299.8364533078044,298.8684620552994
33.377262574844444,1.5,303.15374757400224,299.8366240690728,298.86860454781566
33.38088817364684,1.5,303.1539466140222,299.83679482606703,298.8687470428734
33.38451377244923,1.5,303.15414564458575,299.83696557878767,298.86888954047083
33.388139371251626,1.5,303.1543446656939,299.8371363272351,298.8690320406064
33.39176497005402,1.5,303.15454367734753,299.83730707141,298.86917454327846
33.39539056885641,1.5,303.1547426795477,299.8374778113127,298.8693170484854
33.39901616765881,1.5,303.1549416722953,299.83764854694385,298.86945955622565
33.4026417664612,1.5,303.15514065559137,299.83781927830387,298.8696020664976
33.406267365263595,1.5,303.1553396294368,299.8379900053933,298.8697445792995
33.40989296406599,1.5,303.15553859383266,299.8381607282126,298.8698870946298
33.41351856286838,1.5,303.15573754877994,299.83833144676225,298.8700296124869
33.41714416167078,1.5,303.1559364942795,299.8385021610428,298.87017213286924
33.42076976047317,1.5,303.1561354303323,299.8386728710548,298.87031465577513
33.424395359275564,1.5,303.15633435693945,299.83884357679875,298.87045718120294
33.42802095807796,1.5,303.1565332741018,299.83901427827504,298.87059970915107
33.43164655688035,1.5,303.15673218182036,299.8391849754842,298.8707422396179
33.435272155682746,1.5,303.15693108009606,299.83935566842683,298.8708847726018
33.43889775448514,1.5,303.15712996893,299.8395263571033,298.87102730810125
33.442523353287534,1.5,303.157328848323,299.83969704151417,298.8711698461145
33.44614895208993,1.5,303.1575277182761,299.83986772166,298.8713123866401
33.44977455089232,1.5,303.1577265787903,299.84003839754115,298.8714549296763
33.453400149694716,1.5,303.15792542986645,299.8402090691583,298.87159747522156
33.45702574849711,1.5,303.15812427150564,299.84037973651175,298.8717400232742
33.4606513472995,1.5,303.1583231037089,299.84055039960214,298.8718825738327
33.4642769461019,1.5,303.15852192647696,299.8407210584298,298.8720251268954
33.46790254490429,1.5,303.158720739811,299.8408917129955,298.8721676824607
33.471528143706685,1.5,303.15891954371193,299.84106236329944,298.87231024052693
33.47515374250908,1.5,303.15911833818075,299.84123300934226,298.8724528010926
33.47877934131147,1.5,303.1593171232183,299.8414036511245,298.87259536415604
33.48240494011387,1.5,303.1595158988257,299.8415742886466,298.8727379297157
33.48603053891626,1.5,303.15971466500383,299.841744921909,298.8728804977698
33.489656137718654,1.5,303.15991342175374,299.84191555091235,298.87302306831697
33.49328173652105,1.5,303.16011216907634,299.84208617565696,298.8731656413554
33.49690733532344,1.5,303.16031090697265,299.84225679614343,298.87330821688363
33.500532934125836,1.5,303.16050963544353,299.8424274123722,298.87345079489995
33.50415853292823,1.5,303.16070835449005,299.84259802434383,298.87359337540283
33.507784131730624,1.5,303.16090706411325,299.8427686320588,298.8737359583907
33.51140973053302,1.5,303.1611057643139,299.8429392355175,298.87387854386185
33.51503532933541,1.5,303.16130445509316,299.8431098347206,298.87402113181474
33.518660928137805,1.5,303.16150313645187,299.8432804296685,298.8741637222478
33.5222865269402,1.5,303.16170180839106,299.84345102036167,298.8743063151594
33.52591212574259,1.5,303.1619004709117,299.84362160680047,298.87444891054787
33.52953772454499,1.5,303.1620991240148,299.8437921889857,298.8745915084117
33.53316332334738,1.5,303.1622977677012,299.8439627669175,298.8747341087493
33.536788922149775,1.5,303.162496401972,299.8441333405967,298.874876711559
33.54041452095217,1.5,303.16269502682815,299.8443039100236,298.87501931683926
33.54404011975456,1.5,303.1628936422706,299.8444744751987,298.87516192458844
33.54766571855696,1.5,303.1630922483003,299.84464503612253,298.875304534805
33.55129131735935,1.5,303.1632908449182,299.84481559279556,298.87544714748736
33.554916916161744,1.5,303.16348943212535,299.84498614521823,298.8755897626338
33.55854251496414,1.5,303.1636880099227,299.84515669339106,298.87573238024294
33.56216811376653,1.5,303.1638865783112,299.84532723731456,298.87587500031293
33.565793712568926,1.5,303.16408513729175,299.8454977769892,298.8760176228423
33.56941931137132,1.5,303.1642836868654,299.8456683124155,298.8761602478295
33.573044910173714,1.5,303.16448222703315,299.8458388435939,298.87630287527287
33.57667050897611,1.5,303.16468075779596,299.8460093705249,298.87644550517086
33.5802961077785,1.5,303.1648792791548,299.846179893209,298.87658813752176
33.583921706580895,1.5,303.1650777911105,299.8463504116467,298.8767307723242
33.58754730538329,1.5,303.1652762936642,299.84652092583843,298.87687340957643
33.59117290418568,1.5,303.1654747868168,299.84669143578463,298.87701604927696
33.59479850298808,1.5,303.16567327056924,299.8468619414859,298.87715869142414
33.59842410179047,1.5,303.16587174492264,299.8470324429427,298.8773013360163
33.602049700592865,1.5,303.16607020987783,299.84720294015546,298.877443983052
33.60567529939526,1.5,303.16626866543584,299.84737343312474,298.87758663252964
33.60930089819765,1.5,303.16646711159757,299.8475439218509,298.87772928444747
33.612926497000046,1.5,303.16666554836405,299.8477144063345,298.8778719388041
33.61655209580244,1.5,303.1668639757363,299.847884886576,298.8780145955979
33.620177694604834,1.5,303.1670623937151,299.84805536257596,298.8781572548272
33.62380329340723,1.5,303.16726080230166,299.84822583433476,298.8782999164905
33.62742889220962,1.5,303.16745920149685,299.848396301853,298.8784425805862
33.631054491012016,1.5,303.16765759130163,299.84856676513095,298.87858524711265
33.63468008981441,1.5,303.16785597171685,299.8487372241693,298.8787279160683
33.6383056886168,1.5,303.16805434274374,299.84890767896843,298.8788705874517
33.6419312874192,1.5,303.16825270438306,299.84907812952883,298.8790132612611
33.64555688622159,1.5,303.1684510566359,299.849248575851,298.87915593749494
33.649182485023985,1.5,303.1686493995031,299.84941901793536,298.87929861615174
33.65280808382638,1.5,303.16884773298585,299.84958945578245,298.87944129722985
33.65643368262877,1.5,303.1690460570849,299.8497598893927,298.8795839807277
33.66005928143117,1.5,303.16924437180137,299.8499303187667,298.8797266666437
33.66368488023356,1.5,303.1694426771361,299.8501007439048,298.87986935497634
33.667310479035955,1.5,303.16964097309017,299.8502711648075,298.88001204572396
33.67093607783835,1.5,303.1698392596645,299.85044158147537,298.88015473888504
33.67456167664074,1.5,303.1700375368601,299.85061199390873,298.880297434458
33.678187275443136,1.5,303.1702358046779,299.85078240210817,298.88044013244115
33.68181287424553,1.5,303.1704340631188,299.8509528060741,298.88058283283306
33.685438473047924,1.5,303.17063231218395,299.8511232058071,298.8807255356321
33.68906407185032,1.5,303.17083055187425,299.8512936013075,298.8808682408368
33.69268967065271,1.5,303.17102878219055,299.8514639925759,298.88101094844535
33.696315269455106,1.5,303.171227003134,299.8516343796127,298.88115365845647
33.6999408682575,1.5,303.1714252147054,299.85180476241834,298.8812963708683
33.70356646705989,1.5,303.17162341690585,299.8519751409934,298.8814390856795
33.70719206586229,1.5,303.1718216097363,299.85214551533824,298.8815818028884
33.71081766466468,1.5,303.17201979319765,299.85231588545344,298.88172452249336
33.714443263467075,1.5,303.172217967291,299.85248625133937,298.881867244493
33.71806886226947,1.5,303.17241613201713,299.8526566129966,298.88200996888554
33.72169446107186,1.5,303.1726142873772,299.85282697042555,298.8821526956695
33.72532005987426,1.5,303.17281243337203,299.8529973236267,298.88229542484345
33.72894565867665,1.5,303.1730105700027,299.85316767260053,298.8824381564056
33.732571257479044,1.5,303.1732086972701,299.8533380173475,298.8825808903545
33.73619685628144,1.5,303.1734068151753,299.853508357868,298.8827236266886
33.73982245508383,1.5,303.1736049237192,299.8536786941627,298.88286636540624
33.743448053886226,1.5,303.1738030229028,299.8538490262318,298.88300910650594
33.74707365268862,1.5,303.17400111272707,299.854019354076,298.8831518499861
33.750699251491014,1.5,303.1741991931929,299.8541896776957,298.8832945958452
33.75432485029341,1.5,303.1743972643014,299.8543599970913,298.8834373440817
33.7579504490958,1.5,303.1745953260534,299.85453031226336,298.88358009469385
33.761576047898195,1.5,303.17479337845,299.85470062321224,298.8837228476803
33.76520164670059,1.5,303.174991421492,299.8548709299385,298.88386560303945
33.76882724550298,1.5,303.17518945518054,299.8550412324426,298.88400836076966
33.77245284430538,1.5,303.1753874795165,299.855211530725,298.8841511208694
33.77607844310777,1.5,303.1755854945009,299.8553818247861,298.8842938833371
33.779704041910165,1.5,303.17578350013474,299.85555211462645,298.88443664817123
33.78332964071256,1.5,303.1759814964189,299.8557224002464,298.88457941537024
33.78695523951495,1.5,303.1761794833544,299.85589268164665,298.88472218493257
33.79058083831735,1.5,303.17637746094215,299.8560629588274,298.8848649568567
33.79420643711974,1.5,303.17657542918323,299.8562332317893,298.8850077311409
33.797832035922134,1.5,303.1767733880786,299.8564035005327,298.8851505077838
33.80145763472453,1.5,303.1769713376291,299.8565737650581,298.8852932867838
33.80508323352692,1.5,303.1771692778358,299.85674402536597,298.8854360681393
33.808708832329316,1.5,303.17736720869965,299.85691428145674,298.8855788518488
33.81233443113171,1.5,303.17756513022164,299.857084533331,298.88572163791065
33.815960029934104,1.5,303.17776304240266,299.857254780989,298.88586442632345
33.8195856287365,1.5,303.1779609452438,299.8574250244314,298.88600721708553
33.82321122753889,1.5,303.17815883874596,299.8575952636585,298.8861500101953
33.826836826341285,1.5,303.17835672291017,299.8577654986709,298.88629280565135
33.83046242514368,1.5,303.17855459773733,299.857935729469,298.886435603452
33.83408802394607,1.5,303.1787524632284,299.8581059560532,298.8865784035959
33.83771362274847,1.5,303.17895031938446,299.8582761784241,298.8867212060813
33.84133922155086,1.5,303.17914816620635,299.858446396582,298.88686401090666
33.844964820353255,1.5,303.1793460036951,299.85861661052746,298.88700681807046
33.84859041915565,1.5,303.17954383185173,299.85878682026095,298.88714962757126
33.85221601795804,1.5,303.1797416506771,299.85895702578296,298.88729243940736
33.855841616760436,1.5,303.17993946017225,299.8591272270938,298.8874352535773
33.85946721556283,1.5,303.1801372603382,299.859297424194,298.8875780700795
33.863092814365224,1.5,303.1803350511758,299.8594676170841,298.88772088891244
33.86671841316762,1.5,303.1805328326861,299.8596378057644,298.88786371007456
33.87034401197001,1.5,303.18073060487,299.85980799023554,298.8880065335643
33.873969610772406,1.5,303.1809283677286,299.8599781704978,298.8881493593801
33.8775952095748,1.5,303.18112612126276,299.86014834655174,298.88829218752045
33.88122080837719,1.5,303.18132386547353,299.86031851839783,298.88843501798385
33.88484640717959,1.5,303.18152160036175,299.8604886860365,298.88857785076874
33.88847200598198,1.5,303.1817193259285,299.8606588494681,298.88872068587347
33.892097604784375,1.5,303.18191704217475,299.8608290086933,298.88886352329666
33.89572320358677,1.5,303.18211474910146,299.8609991637124,298.88900636303663
33.89934880238916,1.5,303.18231244670955,299.86116931452597,298.88914920509194
33.90297440119156,1.5,303.182510135,299.8613394611343,298.88929204946095
33.90659999999395,1.5,303.1827078139738,299.86150960353797,298.88943489614223
33.910225598796345,1.5,303.182905483632,299.8616797417373,298.8895777451342
33.91385119759874,1.5,303.1831031439755,299.8618498757329,298.88972059643527
33.91747679640113,1.5,303.18330079500515,299.86202000552515,298.889863450044
33.921102395203526,1.5,303.1834984367222,299.8621901311146,298.89000630595876
33.92472799400592,1.5,303.18369606912734,299.86236025250145,298.89014916417807
33.928353592808314,1.5,303.18389369222166,299.86253036968645,298.89029202470033
33.93197919161071,1.5,303.18409130600617,299.8627004826699,298.8904348875241
33.9356047904131,1.5,303.18428891048177,299.86287059145224,298.8905777526478
33.939230389215496,1.5,303.1844865056495,299.8630406960339,298.89072062006994
33.94285598801789,1.5,303.18468409151023,299.86321079641544,298.89086348978884
33.94648158682028,1.5,303.184881668065,299.86338089259726,298.89100636180314
33.95010718562268,1.5,303.18507923531473,299.8635509845798,298.8911492361112
33.95373278442507,1.5,303.18527679326047,299.8637210723635,298.89129211271154
33.957358383227465,1.5,303.18547434190316,299.86389115594875,298.8914349916026
33.96098398202986,1.5,303.18567188124376,299.8640612353362,298.8915778727829
33.96460958083225,1.5,303.1858694112832,299.86423131052607,298.89172075625083
33.96823517963465,1.5,303.18606693202247,299.8644013815189,298.8918636420049
33.97186077843704,1.5,303.1862644434626,299.8645714483152,298.8920065300436
33.975486377239434,1.5,303.18646194560455,299.8647415109153,298.8921494203654
33.97911197604183,1.5,303.18665943844917,299.8649115693197,298.89229231296866
33.98273757484422,1.5,303.1868569219976,299.8650816235289,298.89243520785203
33.986363173646616,1.5,303.1870543962507,299.8652516735433,298.8925781050139
33.98998877244901,1.5,303.18725186120946,299.8654217193633,298.8927210044527
33.993614371251404,1.5,303.18744931687485,299.86559176098945,298.89286390616707
33.9972399700538,1.5,303.1876467632478,299.8657617984221,298.89300681015527
34.00086556885619,1.5,303.1878442003294,299.8659318316617,298.8931497164159
34.004491167658585,1.5,303.1880416281205,299.8661018607088,298.8932926249474
34.00811676646098,1.5,303.18823904662224,299.8662718855637,298.8934355357482
34.01174236526337,1.5,303.18843645583536,299.86644190622695,298.89357844881687
34.01536796406577,1.5,303.18863385576094,299.866611922699,298.8937213641518
34.01899356286816,1.5,303.18883124639996,299.86678193498017,298.8938642817516
34.022619161670555,1.5,303.18902862775343,299.866951943071,298.8940072016146
34.02624476047295,1.5,303.18922599982216,299.86712194697196,298.89415012373934
34.02987035927534,1.5,303.1894233626073,299.86729194668345,298.8942930481244
34.03349595807774,1.5,303.18962071610974,299.8674619422059,298.8944359747681
34.03712155688013,1.5,303.1898180603304,299.86763193353977,298.894578903669
34.040747155682524,1.5,303.1900153952704,299.86780192068545,298.89472183482553
34.04437275448492,1.5,303.19021272093056,299.86797190364354,298.89486476823623
34.04799835328731,1.5,303.1904100373119,299.86814188241425,298.8950077038996
34.051623952089706,1.5,303.1906073444154,299.8683118569982,298.895150641814
34.0552495508921,1.5,303.190804642242,299.8684818273958,298.8952935819781
34.058875149694494,1.5,303.19100193079277,299.8686517936074,298.8954365243902
34.06250074849689,1.5,303.19119921006853,299.8688217556335,298.89557946904887
34.06612634729928,1.5,303.1913964800704,299.8689917134746,298.89572241595266
34.069751946101675,1.5,303.1915937407992,299.86916166713104,298.8958653650999
34.07337754490407,1.5,303.191790992256,299.8693316166033,298.8960083164892
34.07700314370646,1.5,303.19198823444174,299.86950156189175,298.896151270119
34.08062874250886,1.5,303.19218546735743,299.869671502997,298.8962942259878
34.08425434131125,1.5,303.19238269100396,299.8698414399193,298.8964371840941
34.087879940113645,1.5,303.19257990538233,299.87001137265923,298.8965801444364
34.09150553891604,1.5,303.1927771104936,299.87018130121714,298.89672310701314
34.09513113771843,1.5,303.19297430633856,299.8703512255935,298.89686607182284
34.098756736520826,1.5,303.19317149291834,299.8705211457887,298.89700903886404
34.10238233532322,1.5,303.19336867023384,299.87069106180326,298.8971520081351
34.106007934125614,1.5,303.193565838286,299.87086097363755,298.8972949796346
34.10963353292801,1.5,303.1937629970759,299.871030881292,298.89743795336096
34.1132591317304,1.5,303.1939601466044,299.8712007847671,298.8975809293128
34.116884730532796,1.5,303.19415728687255,299.8713706840632,298.89772390748857
34.12051032933519,1.5,303.19435441788124,299.8715405791808,298.8978668878868
34.124135928137584,1.5,303.1945515396315,299.87171047012043,298.89800987050575
34.12776152693998,1.5,303.1947486521242,299.8718803568823,298.89815285534416
34.13138712574237,1.5,303.19494575536044,299.87205023946706,298.89829584240044
34.135012724544765,1.5,303.19514284934115,299.8722201178749,298.8984388316731
34.13863832334716,1.5,303.19533993406725,299.87238999210655,298.89858182316067
34.14226392214955,1.5,303.19553700953975,299.87255986216223,298.8987248168616
34.14588952095195,1.5,303.1957340757596,299.87272972804243,298.89886781277437
34.14951511975434,1.5,303.1959311327279,299.8728995897476,298.8990108108975
34.153140718556735,1.5,303.1961281804454,299.8730694472781,298.89915381122955
34.15676631735913,1.5,303.1963252189131,299.8732393006345,298.8992968137689
34.16039191616152,1.5,303.19652224813217,299.87340914981706,298.8994398185141
34.164017514963916,1.5,303.19671926810344,299.87357899482635,298.89958282546377
34.16764311376631,1.5,303.1969162788278,299.87374883566275,298.89972583461616
34.171268712568704,1.5,303.1971132803063,299.8739186723266,298.89986884597
34.1748943113711,1.5,303.19731027254005,299.87408850481853,298.9000118595237
34.17851991017349,1.5,303.1975072555298,299.8742583331388,298.9001548752758
34.182145508975886,1.5,303.1977042292766,299.8744281572879,298.9002978932247
34.18577110777828,1.5,303.1979011937814,299.8745979772663,298.900440913369
34.18939670658067,1.5,303.1980981490453,299.8747677930744,298.9005839357072
34.19302230538307,1.5,303.19829509506906,299.87493760471256,298.90072696023765
34.19664790418546,1.5,303.19849203185373,299.87510741218125,298.9008699869591
34.200273502987855,1.5,303.1986889594004,299.87527721548093,298.90101301587
34.20389910179025,1.5,303.19888587770987,299.87544701461195,298.9011560469687
34.20752470059264,1.5,303.1990827867832,299.8756168095749,298.90129908025386
34.21115029939504,1.5,303.1992796866213,299.87578660037,298.9014421157239
34.21477589819743,1.5,303.19947657722525,299.8759563869978,298.9015851533774
34.218401496999824,1.5,303.1996734585959,299.87612616945876,298.90172819321276
34.22202709580222,1.5,303.19987033073426,299.87629594775325,298.9018712352286
34.22565269460461,1.5,303.2000671936413,299.87646572188163,298.9020142794234
34.229278293407006,1.5,303.20026404731794,299.87663549184435,298.90215732579566
34.2329038922094,1.5,303.20046089176526,299.87680525764193,298.9023003743439
34.236529491011794,1.5,303.20065772698416,299.8769750192747,298.90244342506656
34.24015508981419,1.5,303.20085455297567,299.87714477674314,298.9025864779622
34.24378068861658,1.5,303.20105136974064,299.8773145300476,298.9027295330293
34.247406287418976,1.5,303.2012481772801,299.8774842791887,298.90287259026644
34.25103188622137,1.5,303.20144497559505,299.8776540241666,298.90301564967217
34.25465748502376,1.5,303.2016417646865,299.8778237649819,298.9031587112448
34.25828308382616,1.5,303.20183854455524,299.87799350163493,298.9033017749831
34.26190868262855,1.5,303.2020353152024,299.87816323412613,298.90344484088547
34.265534281430945,1.5,303.2022320766289,299.878332962456,298.9035879089504
34.26915988023334,1.5,303.20242882883565,299.87850268662487,298.90373097917643
34.27278547903573,1.5,303.2026255718237,299.8786724066332,298.903874051562
34.27641107783813,1.5,303.20282230559405,299.8788421224814,298.9040171261058
34.28003667664052,1.5,303.2030190301476,299.87901183416983,298.90416020280617
34.283662275442914,1.5,303.20321574548524,299.87918154169904,298.9043032816618
34.28728787424531,1.5,303.20341245160813,299.87935124506936,298.904446362671
34.2909134730477,1.5,303.2036091485171,299.8795209442813,298.90458944583247
34.294539071850096,1.5,303.2038058362131,299.87969063933514,298.9047325311447
34.29816467065249,1.5,303.20400251469727,299.8798603302314,298.90487561860607
34.301790269454884,1.5,303.2041991839704,299.88003001697047,298.90501870821527
34.30541586825728,1.5,303.2043958440335,299.8801996995527,298.90516179997076
34.30904146705967,1.5,303.20459249488755,299.88036937797864,298.90530489387095
34.312667065862065,1.5,303.2047891365336,299.8805390522487,298.9054479899146
34.31629266466446,1.5,303.2049857689725,299.8807087223632,298.90559108810004
34.31991826346685,1.5,303.20518239220524,299.88087838832257,298.90573418842587
34.32354386226925,1.5,303.2053790062328,299.8810480501272,298.90587729089054
34.32716946107164,1.5,303.2055756110562,299.8812177077777,298.90602039549265
34.330795059874035,1.5,303.2057722066764,299.88138736127434,298.9061635022307
34.33442065867643,1.5,303.2059687930943,299.8815570106175,298.90630661110316
34.33804625747882,1.5,303.2061653703109,299.88172665580765,298.9064497221087
34.341671856281216,1.5,303.2063619383271,299.8818962968452,298.9065928352457
34.34529745508361,1.5,303.20655849714404,299.8820659337305,298.9067359505128
34.348923053886004,1.5,303.2067550467626,299.88223556646403,298.9068790679084
34.3525486526884,1.5,303.20695158718365,299.88240519504626,298.9070221874312
34.35617425149079,1.5,303.2071481184083,299.8825748194775,298.90716530907963
34.359799850293186,1.5,303.20734464043744,299.88274443975826,298.9073084328522
34.36342544909558,1.5,303.20754115327213,299.88291405588893,298.9074515587474
34.367051047897974,1.5,303.2077376569132,299.88308366786987,298.90759468676384
34.37067664670037,1.5,303.2079341513617,299.88325327570146,298.90773781690007
34.37430224550276,1.5,303.2081306366186,299.88342287938417,298.9078809491545
34.377927844305155,1.5,303.2083271126848,299.8835924789185,298.9080240835258
34.38155344310755,1.5,303.20852357956136,299.8837620743048,298.9081672200124
34.38517904190994,1.5,303.20872003724924,299.8839316655434,298.908310358613
34.38880464071234,1.5,303.2089164857492,299.88410125263476,298.90845349932584
34.39243023951473,1.5,303.2091129250626,299.8842708355793,298.9085966421497
34.396055838317125,1.5,303.2093093551901,299.8844404143775,298.90873978708305
34.39968143711952,1.5,303.2095057761328,299.8846099890295,298.9088829341244
34.40330703592191,1.5,303.2097021878916,299.8847795595361,298.9090260832723
34.406932634724306,1.5,303.20989859046745,299.8849491258975,298.9091692345252
34.4105582335267,1.5,303.2100949838614,299.88511868811406,298.9093123878818
34.414183832329094,1.5,303.2102913680744,299.88528824618635,298.9094555433405
34.41780943113149,1.5,303.21048774310736,299.88545780011464,298.9095987009
34.42143502993388,1.5,303.2106841089613,299.8856273498994,298.9097418605586
34.425060628736276,1.5,303.21088046563716,299.8857968955411,298.90988502231505
34.42868622753867,1.5,303.21107681313583,299.88596643704,298.9100281861677
34.43231182634106,1.5,303.2112731514585,299.88613597439655,298.91017135211536
34.43593742514346,1.5,303.21146948060596,299.88630550761127,298.9103145201563
34.43956302394585,1.5,303.2116658005792,299.8864750366845,298.9104576902892
34.443188622748245,1.5,303.2118621113793,299.88664456161655,298.9106008625125
34.44681422155064,1.5,303.21205841300707,299.886814082408,298.91074403682484
34.45043982035303,1.5,303.21225470546347,299.88698359905914,298.9108872132247
34.45406541915543,1.5,303.2124509887496,299.88715311157046,298.91103039171077
34.45769101795782,1.5,303.2126472628663,299.88732261994215,298.91117357228137
34.461316616760215,1.5,303.2128435278147,299.88749212417497,298.91131675493517
34.46494221556261,1.5,303.21303978359566,299.887661624269,298.9114599396707
34.468567814365,1.5,303.21323603021006,299.88783112022486,298.9116031264865
34.472193413167396,1.5,303.2134322676591,299.8880006120428,298.9117463153811
34.47581901196979,1.5,303.2136284959435,299.8881700997233,298.9118895063531
34.479444610772184,1.5,303.21382471506445,299.88833958326677,298.9120326994009
34.48307020957458,1.5,303.21402092502274,299.8885090626737,298.9121758945233
34.48669580837697,1.5,303.2142171258194,299.88867853794426,298.91231909171853
34.490321407179366,1.5,303.21441331745535,299.8888480090791,298.9124622909854
34.49394700598176,1.5,303.21460949993167,299.88901747607844,298.9126054923223
34.49757260478415,1.5,303.21480567324926,299.8891869389428,298.9127486957279
34.50119820358655,1.5,303.2150018374091,299.8893563976725,298.9128919012007
34.50482380238894,1.5,303.2151979924121,299.88952585226804,298.9130351087392
34.508449401191335,1.5,303.2153941382592,299.8896953027297,298.91317831834203
34.51207499999373,1.5,303.2155902749516,299.88986474905795,298.9133215300077
34.51570059879612,1.5,303.21578640249004,299.8900341912532,298.9134647437347
34.51932619759852,1.5,303.21598252087557,299.89020362931586,298.9136079595217
34.52295179640091,1.5,303.21617863010914,299.8903730632463,298.9137511773672
34.526577395203304,1.5,303.2163747301917,299.89054249304485,298.9138943972697
34.5302029940057,1.5,303.21657082112426,299.8907119187121,298.9140376192278
34.53382859280809,1.5,303.21676690290775,299.8908813402483,298.9141808432401
34.537454191610486,1.5,303.21696297554314,299.89105075765383,298.9143240693051
34.54107979041288,1.5,303.21715903903134,299.8912201709293,298.91446729742137
34.544705389215274,1.5,303.21735509337344,299.8913895800748,298.91461052758746
34.54833098801767,1.5,303.21755113857034,299.8915589850909,298.91475375980195
34.55195658682006,1.5,303.217747174623,299.89172838597807,298.91489699406327
34.555582185622455,1.5,303.2179432015324,299.8918977827365,298.91504023037015
34.55920778442485,1.5,303.2181392192996,299.8920671753668,298.91518346872107
34.56283338322724,1.5,303.2183352279253,299.89223656386923,298.91532670911465
34.56645898202964,1.5,303.2185312274108,299.89240594824423,298.9154699515493
34.57008458083203,1.5,303.21872721775674,299.89257532849217,298.91561319602374
34.573710179634425,1.5,303.2189231989644,299.8927447046135,298.9157564425364
34.57733577843682,1.5,303.2191191710345,299.89291407660863,298.91589969108594
34.58096137723921,1.5,303.2193151339681,299.89308344447784,298.91604294167087
34.58458697604161,1.5,303.2195110877662,299.8932528082217,298.91618619428976
34.588212574844,1.5,303.2197070324297,299.89342216784036,298.91632944894116
34.591838173646394,1.5,303.2199029679596,299.89359152333446,298.9164727056237
34.59546377244879,1.5,303.2200988943569,299.89376087470424,298.91661596433585
34.59908937125118,1.5,303.2202948116225,299.8939302219502,298.9167592250762
34.602714970053576,1.5,303.2204907197575,299.8940995650727,298.9169024878433
34.60634056885597,1.5,303.22068661876267,299.8942689040721,298.9170457526358
34.609966167658364,1.5,303.2208825086391,299.8944382389488,298.91718901945217
34.61359176646076,1.5,303.22107838938774,299.8946075697032,298.917332288291
34.61721736526315,1.5,303.2212742610095,299.89477689633566,298.91747555915083
34.620842964065545,1.5,303.2214701235054,299.89494621884666,298.91761883203026
34.62446856286794,1.5,303.2216659768764,299.8951155372365,298.9177621069279
34.62809416167033,1.5,303.2218618211234,299.8952848515057,298.91790538384237
34.63171976047273,1.5,303.22205765624744,299.8954541616545,298.91804866277204
34.63534535927512,1.5,303.2222534822495,299.8956234676834,298.91819194371556
34.638970958077515,1.5,303.2224492991305,299.89579276959273,298.91833522667156
34.64259655687991,1.5,303.2226451068915,299.8959620673829,298.91847851163857
34.6462221556823,1.5,303.2228409055333,299.89613136105436,298.9186217986151
34.649847754484696,1.5,303.223036695057,299.8963006506074,298.9187650875998
34.65347335328709,1.5,303.2232324754635,299.89646993604237,298.91890837859125
34.657098952089484,1.5,303.2234282467537,299.89663921735985,298.919051671588
34.66072455089188,1.5,303.2236240089287,299.89680849456005,298.9191949665886
34.66435014969427,1.5,303.2238197619895,299.8969777676435,298.9193382635916
34.667975748496666,1.5,303.22401550593685,299.8971470366104,298.9194815625956
34.67160134729906,1.5,303.2242112407718,299.8973163014614,298.9196248635992
34.67522694610145,1.5,303.2244069664955,299.89748556219666,298.9197681666009
34.67885254490385,1.5,303.2246026831087,299.8976548188167,298.91991147159933
34.68247814370624,1.5,303.2247983906125,299.89782407132185,298.92005477859306
34.686103742508635,1.5,303.22499408900774,299.89799331971255,298.9201980875807
34.68972934131103,1.5,303.2251897782955,299.8981625639891,298.9203413985608
34.69335494011342,1.5,303.22538545847664,299.89833180415184,298.9204847115319
34.69698053891582,1.5,303.2255811295522,299.89850104020144,298.9206280264926
34.70060613771821,1.5,303.2257767915231,299.89867027213796,298.9207713434415
34.704231736520605,1.5,303.2259724443904,299.89883949996204,298.9209146623772
34.707857335323,1.5,303.2261680881549,299.89900872367383,298.9210579832981
34.71148293412539,1.5,303.2263637228177,299.8991779432739,298.92120130620305
34.715108532927786,1.5,303.22655934837974,299.89934715876257,298.9213446310905
34.71873413173018,1.5,303.2267549648419,299.8995163701402,298.92148795795896
34.722359730532574,1.5,303.2269505722053,299.8996855774072,298.9216312868071
34.72598532933497,1.5,303.2271461704708,299.89985478056394,298.92177461763345
34.72961092813736,1.5,303.22734175963933,299.9000239796109,298.9219179504366
34.733236526939756,1.5,303.22753733971194,299.9001931745483,298.9220612852152
34.73686212574215,1.5,303.2277329106896,299.9003623653767,298.92220462196775
34.74048772454454,1.5,303.2279284725732,299.9005315520963,298.92234796069283
34.74411332334694,1.5,303.2281240253637,299.90070073470764,298.92249130138913
34.74773892214933,1.5,303.22831956906214,299.900869913211,298.92263464405505
34.751364520951725,1.5,303.2285151036694,299.9010390876068,298.92277798868935
34.75499011975412,1.5,303.22871062918654,299.90120825789546,298.92292133529054
34.75861571855651,1.5,303.2289061456145,299.9013774240772,298.9230646838572
34.76224131735891,1.5,303.22910165295417,299.9015465861527,298.923208034388
34.7658669161613,1.5,303.22929715120665,299.9017157441221,298.92335138688134
34.769492514963694,1.5,303.2294926403727,299.90188489798584,298.923494741336
34.77311811376609,1.5,303.2296881204535,299.9020540477443,298.9236380977505
34.77674371256848,1.5,303.2298835914499,299.90222319339784,298.9237814561233
34.780369311370876,1.5,303.23007905336283,299.9023923349469,298.9239248164533
34.78399491017327,1.5,303.2302745061933,299.9025614723919,298.92406817873876
34.787620508975664,1.5,303.23046994994235,299.9027306057331,298.9242115429784
34.79124610777806,1.5,303.23066538461086,299.9028997349709,298.9243549091709
34.79487170658045,1.5,303.2308608101998,299.9030688601057,298.9244982773147
34.798497305382845,1.5,303.2310562267101,299.9032379811379,298.9246416474084
34.80212290418524,1.5,303.2312516341428,299.9034070980679,298.9247850194507
34.80574850298763,1.5,303.23144703249886,299.903576210896,298.92492839344015
34.80937410179003,1.5,303.23164242177916,299.90374531962266,298.92507176937534
34.81299970059242,1.5,303.23183780198474,299.90391442424817,298.9252151472548
34.816625299394815,1.5,303.2320331731165,299.904083524773,298.9253585270772
34.82025089819721,1.5,303.2322285351755,299.9042526211975,298.9255019088411
34.8238764969996,1.5,303.2324238881626,299.90442171352197,298.9256452925451
34.827502095802,1.5,303.2326192320789,299.9045908017469,298.92578867818776
34.83112769460439,1.5,303.2328145669252,299.9047598858726,298.9259320657677
34.834753293406784,1.5,303.2330098927025,299.9049289658994,298.92607545528364
34.83837889220918,1.5,303.2332052094119,299.90509804182784,298.92621884673395
34.84200449101157,1.5,303.23340051705424,299.90526711365817,298.9263622401174
34.845630089813966,1.5,303.23359581563045,299.90543618139077,298.9265056354325
34.84925568861636,1.5,303.23379110514156,299.90560524502604,298.92664903267786
34.852881287418754,1.5,303.2339863855886,299.9057743045644,298.92679243185205
34.85650688622115,1.5,303.23418165697245,299.90594336000606,298.92693583295375
34.86013248502354,1.5,303.234376919294,299.9061124113516,298.92707923598164
34.863758083825935,1.5,303.23457217255435,299.9062814586013,298.9272226409341
34.86738368262833,1.5,303.23476741675444,299.9064505017555,298.92736604780976
34.87100928143072,1.5,303.23496265189516,299.9066195408146,298.92750945660737
34.87463488023312,1.5,303.23515787797754,299.90678857577905,298.92765286732543
34.87826047903551,1.5,303.2353530950025,299.9069576066491,298.9277962799626
34.881886077837905,1.5,303.23554830297104,299.9071266334252,298.9279396945174
34.8855116766403,1.5,303.23574350188403,299.90729565610764,298.9280831109885
34.88913727544269,1.5,303.23593869174255,299.90746467469694,298.92822652937446
34.892762874245086,1.5,303.2361338725475,299.90763368919335,298.9283699496739
34.89638847304748,1.5,303.23632904429985,299.90780269959726,298.92851337188534
34.900014071849874,1.5,303.2365242070006,299.90797170590906,298.9286567960076
34.90363967065227,1.5,303.2367193606507,299.9081407081291,298.9288002220391
34.90726526945466,1.5,303.2369145052511,299.90830970625785,298.9289436499785
34.910890868257056,1.5,303.23710964080277,299.9084787002955,298.92908707982446
34.91451646705945,1.5,303.2373047673066,299.9086476902426,298.92923051157544
34.91814206586184,1.5,303.2374998847637,299.9088166760994,298.92937394523017
34.92176766466424,1.5,303.2376949931749,299.9089856578663,298.9295173807872
34.92539326346663,1.5,303.23789009254125,299.90915463554364,298.9296608182452
34.929018862269025,1.5,303.2380851828637,299.90932360913195,298.9298042576028
34.93264446107142,1.5,303.2382802641431,299.9094925786314,298.92994769885854
34.93627005987381,1.5,303.23847533638053,299.9096615440424,298.93009114201095
34.93989565867621,1.5,303.2386703995769,299.90983050536545,298.9302345870588
34.9435212574786,1.5,303.23886545373324,299.90999946260075,298.9303780340007
34.947146856280995,1.5,303.2390604988504,299.9101684157488,298.93052148283505
34.95077245508339,1.5,303.23925553492944,299.91033736480983,298.93066493356065
34.95439805388578,1.5,303.23945056197135,299.9105063097843,298.930808386176
34.958023652688176,1.5,303.239645579977,299.9106752506726,298.9309518406799
34.96164925149057,1.5,303.23984058894735,299.91084418747505,298.93109529707084
34.965274850292964,1.5,303.2400355888834,299.911013120192,298.9312387553474
34.96890044909536,1.5,303.2402305797861,299.9111820488239,298.93138221550817
34.97252604789775,1.5,303.2404255616565,299.911350973371,298.93152567755186
34.976151646700146,1.5,303.24062053449546,299.9115198938337,298.931669141477
34.97977724550254,1.5,303.24081549830385,299.91168881021247,298.9318126072823
34.98340284430493,1.5,303.2410104530828,299.9118577225076,298.9319560749663
34.98702844310733,1.5,303.24120539883324,299.91202663071937,298.9320995445277
34.99065404190972,1.5,303.2414003355561,299.9121955348483,298.93224301596507
34.994279640712115,1.5,303.24159526325235,299.91236443489464,298.9323864892769
34.99790523951451,1.5,303.24179018192297,299.9125333308588,298.932529964462
35.0015308383169,1.5,303.24198509156884,299.9127022227412,298.9326734415189
35.0051564371193,1.5,303.2421799921911,299.9128711105421,298.93281692044627
35.00878203592169,1.5,303.2423748837905,299.91303999426185,298.9329604012426
35.012407634724084,1.5,303.24256976636815,299.9132088739008,298.93310388390665
35.01603323352648,1.5,303.2427646399249,299.9133777494595,298.933247368437
35.01965883232887,1.5,303.2429595044618,299.9135466209382,298.9333908548323
35.023284431131266,1.5,303.24315435997977,299.91371548833723,298.93353434309097
35.02691002993366,1.5,303.2433492064798,299.913884351657,298.93367783321196
35.030535628736054,1.5,303.24354404396286,299.9140532108978,298.9338213251936
35.03416122753845,1.5,303.24373887242984,299.91422206606,298.9339648190347
35.03778682634084,1.5,303.24393369188175,299.9143909171441,298.9341083147338
35.041412425143236,1.5,303.24412850231954,299.9145597641503,298.9342518122896
35.04503802394563,1.5,303.2443233037442,299.914728607079,298.9343953117006
35.04866362274802,1.5,303.24451809615664,299.91489744593065,298.9345388129655
35.05228922155042,1.5,303.2447128795579,299.9150662807055,298.9346823160829
35.05591482035281,1.5,303.2449076539488,299.91523511140406,298.9348258210515
35.059540419155205,1.5,303.2451024193305,299.9154039380265,298.93496932786985
35.0631660179576,1.5,303.2452971757038,299.91557276057324,298.9351128365366
35.06679161675999,1.5,303.2454919230697,299.9157415790447,298.93525634705026
35.07041721556239,1.5,303.2456866614292,299.91591039344115,298.9353998594096
35.07404281436478,1.5,303.2458813907832,299.916079203763,298.93554337361326
35.077668413167174,1.5,303.2460761111327,299.91624801001063,298.9356868896598
35.08129401196957,1.5,303.24627082247866,299.91641681218437,298.9358304075478
35.08491961077196,1.5,303.24646552482204,299.91658561028464,298.93597392727605
35.088545209574356,1.5,303.2466602181638,299.9167544043117,298.93611744884305
35.09217080837675,1.5,303.2468549025048,299.91692319426596,298.93626097224757
35.095796407179144,1.5,303.2470495778462,299.9170919801478,298.93640449748807
35.09942200598154,1.5,303.24724424418883,299.9172607619575,298.9365480245632
35.10304760478393,1.5,303.24743890153377,299.91742953969543,298.9366915534717
35.106673203586325,1.5,303.2476335498818,299.917598313362,298.93683508421213
35.11029880238872,1.5,303.24782818923387,299.91776708295754,298.9369786167831
35.11392440119111,1.5,303.24802281959114,299.91793584848244,298.9371221511833
35.11754999999351,1.5,303.2482174409544,299.91810460993696,298.93726568741135
35.1211755987959,1.5,303.2484120533248,299.9182733673216,298.9374092254659
35.124801197598295,1.5,303.2486066567031,299.9184421206366,298.93755276534546
35.12842679640069,1.5,303.2488012510903,299.91861086988234,298.93769630704884
35.13205239520308,1.5,303.2489958364875,299.9187796150592,298.9378398505746
35.135677994005476,1.5,303.2491904128955,299.9189483561675,298.9379833959214
35.13930359280787,1.5,303.2493849803153,299.9191170932076,298.9381269430878
35.142929191610264,1.5,303.2495795387478,299.9192858261799,298.9382704920725
35.14655479041266,1.5,303.24977408819416,299.91945455508466,298.9384140428741
35.15018038921505,1.5,303.24996862865515,299.91962327992235,298.9385575954913
35.153805988017446,1.5,303.2501631601318,299.91979200069323,298.9387011499227
35.15743158681984,1.5,303.25035768262507,299.91996071739777,298.9388447061669
35.161057185622234,1.5,303.2505521961359,299.9201294300362,298.9389882642226
35.16468278442463,1.5,303.2507467006653,299.92029813860887,298.9391318240884
35.16830838322702,1.5,303.25094119621417,299.9204668431162,298.939275385763
35.171933982029415,1.5,303.2511356827835,299.9206355435585,298.939418949245
35.17555958083181,1.5,303.2513301603742,299.92080423993616,298.939562514533
35.1791851796342,1.5,303.25152462898734,299.9209729322495,298.93970608162573
35.1828107784366,1.5,303.2517190886237,299.92114162049893,298.93984965052175
35.18643637723899,1.5,303.2519135392844,299.92131030468465,298.9399932212197
35.190061976041385,1.5,303.2521079809703,299.9214789848072,298.94013679371824
35.19368757484378,1.5,303.25230241368246,299.9216476608668,298.94028036801615
35.19731317364617,1.5,303.25249683742175,299.9218163328639,298.94042394411184
35.200938772448566,1.5,303.2526912521892,299.92198500079877,298.9405675220041
35.20456437125096,1.5,303.2528856579857,299.9221536646717,298.94071110169153
35.208189970053354,1.5,303.25308005481224,299.92232232448316,298.9408546831728
35.21181556885575,1.5,303.25327444266986,299.92249098023353,298.9409982664466
35.21544116765814,1.5,303.25346882155935,299.922659631923,298.9411418515115
35.219066766460536,1.5,303.25366319148173,299.92282827955205,298.94128543836615
35.22269236526293,1.5,303.25385755243803,299.92299692312093,298.9414290270092
35.22631796406532,1.5,303.2540519044291,299.9231655626301,298.9415726174393
35.22994356286772,1.5,303.254246247456,299.9233341980799,298.9417162096551
35.23356916167011,1.5,303.25444058151965,299.9235028294705,298.9418598036553
35.237194760472505,1.5,303.254634906621,299.9236714568025,298.9420033994385
35.2408203592749,1.5,303.2548292227611,299.92384008007605,298.9421469970033
35.24444595807729,1.5,303.25502352994073,299.92400869929156,298.9422905963484
35.24807155687969,1.5,303.255217828161,299.9241773144494,298.9424341974725
35.25169715568208,1.5,303.2554121174228,299.9243459255499,298.94257780037424
35.255322754484475,1.5,303.25560639772704,299.92451453259343,298.94272140505217
35.25894835328687,1.5,303.2558006690748,299.9246831355804,298.9428650115051
35.26257395208926,1.5,303.2559949314669,299.9248517345109,298.94300861973153
35.266199550891656,1.5,303.25618918490443,299.9250203293856,298.9431522297302
35.26982514969405,1.5,303.2563834293883,299.92518892020456,298.94329584149966
35.273450748496444,1.5,303.2565776649194,299.92535750696834,298.9434394550387
35.27707634729884,1.5,303.2567718914988,299.92552608967713,298.9435830703459
35.28070194610123,1.5,303.25696610912735,299.9256946683314,298.94372668741994
35.284327544903626,1.5,303.25716031780615,299.9258632429314,298.94387030625944
35.28795314370602,1.5,303.257354517536,299.92603181347755,298.94401392686314
35.29157874250841,1.5,303.2575487083179,299.9262003799701,298.9441575492295
35.29520434131081,1.5,303.2577428901529,299.9263689424095,298.9443011733574
35.2988299401132,1.5,303.2579370630418,299.92653750079603,298.9444447992455
35.302455538915595,1.5,303.25813122698577,299.92670605513,298.94458842689227
35.30608113771799,1.5,303.25832538198557,299.92687460541185,298.94473205629646
35.30970673652038,1.5,303.2585195280422,299.92704315164184,298.9448756874568
35.31333233532278,1.5,303.2587136651567,299.92721169382037,298.9450193203718
35.31695793412517,1.5,303.25890779332997,299.92738023194767,298.9451629550402
35.320583532927564,1.5,303.259101912563,299.92754876602424,298.9453065914606
35.32420913172996,1.5,303.2592960228567,299.92771729605033,298.9454502296318
35.32783473053235,1.5,303.259490124212,299.9278858220263,298.9455938695524
35.331460329334746,1.5,303.25968421663,299.9280543439525,298.94573751122107
35.33508592813714,1.5,303.2598783001115,299.9282228618292,298.9458811546363
35.338711526939534,1.5,303.2600723746575,299.9283913756569,298.946024799797
35.34233712574193,1.5,303.260266440269,299.92855988543573,298.9461684467017
35.34596272454432,1.5,303.26046049694696,299.9287283911662,298.94631209534907
35.349588323346715,1.5,303.2606545446923,299.92889689284857,298.94645574573786
35.35321392214911,1.5,303.2608485835059,299.92906539048323,298.94659939786663
35.3568395209515,1.5,303.2610426133889,299.92923388407036,298.9467430517341
35.3604651197539,1.5,303.2612366343421,299.92940237361057,298.9468867073389
35.36409071855629,1.5,303.26143064636653,299.929570859104,298.9470303646796
35.367716317358685,1.5,303.26162464946316,299.929739340551,298.9471740237551
35.37134191616108,1.5,303.2618186436329,299.929907817952,298.9473176845639
35.37496751496347,1.5,303.26201262887673,299.93007629130733,298.94746134710476
35.37859311376587,1.5,303.2622066051956,299.93024476061726,298.94760501137625
35.38221871256826,1.5,303.2624005725905,299.9304132258821,298.9477486773771
35.385844311370654,1.5,303.2625945310623,299.9305816871023,298.94789234510597
35.38946991017305,1.5,303.26278848061196,299.9307501442781,298.94803601456147
35.39309550897544,1.5,303.26298242124057,299.93091859740986,298.9481796857423
35.396721107777836,1.5,303.26317635294896,299.93108704649796,298.9483233586472
35.40034670658023,1.5,303.2633702757381,299.9312554915427,298.94846703327477
35.403972305382624,1.5,303.26356418960904,299.9314239325444,298.9486107096237
35.40759790418502,1.5,303.26375809456266,299.93159236950345,298.94875438769265
35.41122350298741,1.5,303.2639519905999,299.9317608024201,298.9488980674803
35.414849101789805,1.5,303.2641458777217,299.9319292312948,298.94904174898534
35.4184747005922,1.5,303.26433975592914,299.93209765612784,298.94918543220643
35.42210029939459,1.5,303.264533625223,299.93226607691946,298.9493291171422
35.42572589819699,1.5,303.26472748560445,299.9324344936701,298.94947280379137
35.42935149699938,1.5,303.2649213370742,299.9326029063801,298.9496164921526
35.432977095801775,1.5,303.26511517963337,299.93277131504976,298.94976018222457
35.43660269460417,1.5,303.2653090132829,299.9329397196794,298.94990387400594
35.44022829340656,1.5,303.2655028380237,299.93310812026937,298.9500475674954
35.443853892208956,1.5,303.2656966538567,299.93327651682,298.9501912626916
35.44747949101135,1.5,303.26589046078294,299.9334449093316,298.9503349595932
35.451105089813744,1.5,303.2660842588033,299.9336132978046,298.95047865819896
35.45473068861614,1.5,303.2662780479188,299.9337816822392,298.9506223585075
35.45835628741853,1.5,303.2664718281303,299.93395006263586,298.9507660605175
35.461981886220926,1.5,303.2666655994389,299.9341184389948,298.9509097642276
35.46560748502332,1.5,303.26685936184543,299.9342868113163,298.95105346963663
35.46923308382571,1.5,303.2670531153509,299.93445517960095,298.95119717674305
35.47285868262811,1.5,303.2672468599563,299.93462354384883,298.95134088554573
35.4764842814305,1.5,303.26744059566244,299.9347919040604,298.9514845960432
35.480109880232895,1.5,303.26763432247037,299.9349602602359,298.9516283082342
35.48373547903529,1.5,303.2678280403811,299.9351286123757,298.9517720221174
35.48736107783768,1.5,303.2680217493956,299.93529696048023,298.9519157376916
35.49098667664008,1.5,303.2682154495146,299.93546530454967,298.95205945495525
35.49461227544247,1.5,303.2684091407393,299.93563364458447,298.9522031739072
35.498237874244865,1.5,303.2686028230706,299.93580198058487,298.95234689454617
35.50186347304726,1.5,303.2687964965093,299.93597031255126,298.9524906168707
35.50548907184965,1.5,303.26899016105654,299.9361386404839,298.95263434087957
35.509114670652046,1.5,303.2691838167132,299.93630696438316,298.95277806657134
35.51274026945444,1.5,303.2693774634803,299.93647528424935,298.9529217939448
35.516365868256834,1.5,303.2695711013587,299.9366436000829,298.9530655229987
35.51999146705923,1.5,303.2697647303494,299.93681191188404,298.9532092537316
35.52361706586162,1.5,303.26995835045324,299.9369802196531,298.9533529861422
35.527242664664016,1.5,303.2701519616714,299.9371485233904,298.9534967202292
35.53086826346641,1.5,303.2703455640046,299.9373168230963,298.9536404559913
35.5344938622688,1.5,303.2705391574539,299.9374851187712,298.9537841934273
35.5381194610712,1.5,303.2707327420204,299.93765341041524,298.95392793253563
35.54174505987359,1.5,303.27092631770483,299.9378216980289,298.9540716733152
35.545370658675985,1.5,303.27111988450827,299.9379899816125,298.9542154157646
35.54899625747838,1.5,303.27131344243156,299.9381582611662,298.9543591598826
35.55262185628077,1.5,303.27150699147575,299.93832653669057,298.9545029056677
35.55624745508317,1.5,303.2717005316417,299.93849480818574,298.95464665311874
35.55987305388556,1.5,303.2718940629306,299.9386630756522,298.9547904022344
35.563498652687954,1.5,303.27208758534306,299.9388313390901,298.9549341530133
35.56712425149035,1.5,303.2722810988803,299.93899959849983,298.95507790545435
35.57074985029274,1.5,303.2724746035431,299.9391678538819,298.9552216595559
35.574375449095136,1.5,303.2726680993325,299.93933610523635,298.9553654153169
35.57800104789753,1.5,303.2728615862495,299.9395043525637,298.95550917273596
35.581626646699924,1.5,303.27305506429497,299.9396725958641,298.95565293181176
35.58525224550232,1.5,303.27324853346994,299.93984083513806,298.955796692543
35.58887784430471,1.5,303.27344199377535,299.9400090703858,298.9559404549283
35.592503443107105,1.5,303.27363544521205,299.9401773016077,298.9560842189665
35.5961290419095,1.5,303.273828887781,299.9403455288041,298.9562279846562
35.59975464071189,1.5,303.27402232148324,299.9405137519752,298.9563717519962
35.60338023951429,1.5,303.2742157463197,299.94068197112136,298.95651552098496
35.60700583831668,1.5,303.27440916229136,299.940850186243,298.95665929162146
35.610631437119075,1.5,303.2746025693991,299.9410183973403,298.9568030639042
35.61425703592147,1.5,303.27479596764397,299.94118660441376,298.95694683783205
35.61788263472386,1.5,303.2749893570268,299.94135480746354,298.95709061340347
35.62150823352626,1.5,303.2751827375486,299.94152300649,298.95723439061726
35.62513383232865,1.5,303.27537610921036,299.9416912014936,298.95737816947224
35.628759431131044,1.5,303.275569472013,299.9418593924745,298.957521949967
35.63238502993344,1.5,303.2757628259575,299.9420275794331,298.9576657321002
35.63601062873583,1.5,303.27595617104475,299.94219576236964,298.9578095158706
35.639636227538226,1.5,303.2761495072757,299.9423639412845,298.9579533012769
35.64326182634062,1.5,303.2763428346514,299.942532116178,298.9580970883178
35.646887425143014,1.5,303.27653615317274,299.94270028705046,298.958240876992
35.65051302394541,1.5,303.27672946284065,299.9428684539022,298.9583846672982
35.6541386227478,1.5,303.2769227636561,299.9430366167335,298.958528459235
35.657764221550195,1.5,303.27711605562007,299.94320477554476,298.95867225280125
35.66138982035259,1.5,303.27730933873346,299.94337293033624,298.9588160479956
35.66501541915498,1.5,303.2775026129973,299.94354108110826,298.9589598448168
35.66864101795738,1.5,303.27769587841243,299.9437092278611,298.95910364326335
35.67226661675977,1.5,303.2778891349799,299.9438773705952,298.9592474433342
35.675892215562165,1.5,303.27808238270063,299.9440455093108,298.959391245028
35.67951781436456,1.5,303.2782756215755,299.9442136440083,298.9595350483433
35.68314341316695,1.5,303.27846885160557,299.9443817746879,298.95967885327894
35.686769011969346,1.5,303.27866207279175,299.9445499013499,298.9598226598336
35.69039461077174,1.5,303.27885528513497,299.94471802399477,298.95996646800603
35.694020209574134,1.5,303.27904848863625,299.94488614262264,298.9601102777949
35.69764580837653,1.5,303.27924168329645,299.945054257234,298.9602540891988
35.70127140717892,1.5,303.2794348691166,299.94522236782905,298.9603979022167
35.704897005981316,1.5,303.27962804609757,299.9453904744082,298.9605417168471
35.70852260478371,1.5,303.27982121424037,299.9455585769716,298.96068553308874
35.7121482035861,1.5,303.2800143735459,299.9457266755198,298.96082935094034
35.7157738023885,1.5,303.28020752401517,299.945894770053,298.9609731704006
35.71939940119089,1.5,303.2804006656491,299.94606286057143,298.9611169914683
35.723024999993285,1.5,303.28059379844865,299.9462309470755,298.96126081414207
35.72665059879568,1.5,303.28078692241473,299.94639902956555,298.9614046384206
35.73027619759807,1.5,303.28098003754843,299.9465671080419,298.9615484643027
35.73390179640047,1.5,303.2811731438505,299.94673518250477,298.9616922917871
35.73752739520286,1.5,303.281366241322,299.94690325295454,298.96183612087236
35.741152994005255,1.5,303.2815593299639,299.9470713193915,298.9619799515572
35.74477859280765,1.5,303.28175240977714,299.947239381816,298.96212378384047
35.74840419161004,1.5,303.28194548076266,299.9474074402283,298.96226761772084
35.752029790412436,1.5,303.28213854292136,299.9475754946288,298.96241145319703
35.75565538921483,1.5,303.2823315962542,299.94774354501766,298.9625552902677
35.759280988017224,1.5,303.28252464076223,299.9479115913954,298.9626991289315
35.76290658681962,1.5,303.2827176764463,299.9480796337621,298.96284296918725
35.76653218562201,1.5,303.2829107033073,299.9482476721183,298.96298681103366
35.770157784424406,1.5,303.2831037213464,299.94841570646423,298.96313065446947
35.7737833832268,1.5,303.2832967305643,299.9485837368001,298.9632744994933
35.77740898202919,1.5,303.2834897309622,299.9487517631263,298.96341834610394
35.78103458083159,1.5,303.28368272254073,299.9489197854432,298.96356219430015
35.78466017963398,1.5,303.2838757053011,299.94908780375107,298.96370604408054
35.788285778436375,1.5,303.2840686792443,299.9492558180502,298.96384989544384
35.79191137723877,1.5,303.2842616443711,299.94942382834085,298.9639937483889
35.79553697604116,1.5,303.2844546006824,299.9495918346235,298.96413760291426
35.79916257484356,1.5,303.28464754817946,299.9497598368983,298.9642814590187
35.80278817364595,1.5,303.2848404868629,299.94992783516557,298.964425316701
35.806413772448344,1.5,303.2850334167339,299.9500958294257,298.9645691759598
35.81003937125074,1.5,303.28522633779323,299.95026381967904,298.9647130367939
35.81366497005313,1.5,303.2854192500419,299.9504318059257,298.964856899202
35.817290568855526,1.5,303.28561215348094,299.9505997881662,298.9650007631828
35.82091616765792,1.5,303.28580504811123,299.9507677664007,298.965144628735
35.824541766460314,1.5,303.2859979339337,299.95093574062963,298.9652884958573
35.82816736526271,1.5,303.28619081094934,299.9511037108532,298.96543236454846
35.8317929640651,1.5,303.28638367915903,299.9512716770718,298.96557623480726
35.835418562867495,1.5,303.2865765385638,299.95143963928564,298.9657201066324
35.83904416166989,1.5,303.2867693891646,299.9516075974952,298.96586398002245
35.84266976047228,1.5,303.2869622309623,299.9517755517006,298.96600785497634
35.84629535927468,1.5,303.2871550639579,299.9519435019023,298.96615173149274
35.84992095807707,1.5,303.2873478881524,299.9521114481005,298.9662956095703
35.853546556879465,1.5,303.2875407035467,299.9522793902955,298.9664394892078
35.85717215568186,1.5,303.2877335101417,299.9524473284876,298.966583370404
35.86079775448425,1.5,303.28792630793845,299.9526152626772,298.96672725315744
35.86442335328665,1.5,303.2881190969378,299.9527831928646,298.9668711374671
35.86804895208904,1.5,303.28831187714076,299.95295111905006,298.9670150233316
35.871674550891434,1.5,303.2885046485482,299.95311904123383,298.9671589107497
35.87530014969383,1.5,303.28869741116114,299.95328695941635,298.96730279972
35.87892574849622,1.5,303.28889016498056,299.9534548735978,298.9674466902414
35.882551347298616,1.5,303.2890829100073,299.9536227837786,298.9675905823125
35.88617694610101,1.5,303.2892756462424,299.953790689959,298.96773447593205
35.889802544903404,1.5,303.28946837368676,299.9539585921393,298.96787837109883
35.8934281437058,1.5,303.2896610923413,299.9541264903198,298.96802226781153
35.89705374250819,1.5,303.2898538022071,299.9542943845008,298.96816616606895
35.900679341310585,1.5,303.29004650328494,299.9544622746827,298.9683100658698
35.90430494011298,1.5,303.29023919557585,299.95463016086563,298.9684539672127
35.90793053891537,1.5,303.2904318790808,299.95479804305006,298.96859787009646
35.91155613771777,1.5,303.2906245538007,299.9549659212362,298.96874177451986
35.91518173652016,1.5,303.29081721973654,299.9551337954244,298.9688856804816
35.918807335322555,1.5,303.2910098768891,299.95530166561485,298.96902958798034
35.92243293412495,1.5,303.2912025252596,299.955469531808,298.96917349701494
35.92605853292734,1.5,303.2913951648488,299.9556373940041,298.969317407584
35.929684131729736,1.5,303.2915877956576,299.95580525220345,298.9694613196864
35.93330973053213,1.5,303.2917804176871,299.95597310640636,298.9696052333207
35.936935329334524,1.5,303.29197303093827,299.95614095661307,298.96974914848585
35.94056092813692,1.5,303.2921656354119,299.956308802824,298.9698930651804
35.94418652693931,1.5,303.292358231109,299.95647664503934,298.97003698340313
35.947812125741706,1.5,303.2925508180306,299.9566444832595,298.9701809031528
35.9514377245441,1.5,303.29274339617746,299.9568123174847,298.9703248244282
35.955063323346494,1.5,303.2929359655507,299.9569801477153,298.9704687472279
35.95868892214889,1.5,303.29312852615124,299.9571479739515,298.9706126715509
35.96231452095128,1.5,303.2933210779799,299.9573157961937,298.9707565973957
35.965940119753675,1.5,303.29351362103773,299.9574836144422,298.9709005247611
35.96956571855607,1.5,303.2937061553257,299.9576514286972,298.9710444536459
35.97319131735846,1.5,303.29389868084473,299.95781923895913,298.97118838404884
35.97681691616086,1.5,303.2940911975957,299.9579870452282,298.9713323159686
35.98044251496325,1.5,303.2942837055797,299.9581548475048,298.97147624940396
35.984068113765645,1.5,303.29447620479755,299.9583226457891,298.97162018435364
35.98769371256804,1.5,303.29466869525015,299.9584904400815,298.97176412081643
35.99131931137043,1.5,303.2948611769386,299.95865823038224,298.9719080587909
35.994944910172826,1.5,303.2950536498638,299.9588260166917,298.9720519982761
35.99857050897522,1.5,303.2952461140266,299.95899379901016,298.9721959392705
36.002196107777614,1.5,303.29543856942803,299.95916157733785,298.9723398817729
36.00582170658001,1.5,303.2956310160691,299.9593293516751,298.9724838257821
36.0094473053824,1.5,303.29582345395056,299.9594971220222,298.9726277712968
36.013072904184796,1.5,303.29601588307355,299.9596648883795,298.9727717183158
36.01669850298719,1.5,303.2962083034389,299.9598326507472,298.9729156668379
36.02032410178958,1.5,303.29640071504764,299.96000040912577,298.97305961686163
36.02394970059198,1.5,303.2965931179006,299.9601681635152,298.9732035683859
36.02757529939437,1.5,303.29678551199885,299.96033591391614,298.97334752140944
36.031200898196765,1.5,303.29697789734325,299.96050366032864,298.97349147593087
36.03482649699916,1.5,303.29717027393474,299.96067140275323,298.9736354319491
36.03845209580155,1.5,303.2973626417743,299.96083914119,298.9737793894629
36.04207769460395,1.5,303.29755500086287,299.96100687563927,298.9739233484708
36.04570329340634,1.5,303.29774735120145,299.9611746061014,298.97406730897177
36.049328892208734,1.5,303.2979396927909,299.96134233257663,298.9742112709644
36.05295449101113,1.5,303.2981320256322,299.9615100550653,298.9743552344476
36.05658008981352,1.5,303.2983243497262,299.9616777735677,298.97449919941994
36.060205688615916,1.5,303.2985166650741,299.9618454880841,298.97464316588037
36.06383128741831,1.5,303.2987089716766,299.9620131986149,298.9747871338274
36.067456886220704,1.5,303.29890126953467,299.9621809051602,298.97493110325996
36.0710824850231,1.5,303.29909355864936,299.9623486077205,298.9750750741768
36.07470808382549,1.5,303.29928583902154,299.962516306296,298.97521904657657
36.078333682627886,1.5,303.2994781106522,299.9626840008869,298.975363020458
36.08195928143028,1.5,303.2996703735422,299.9628516914937,298.97550699582
36.08558488023267,1.5,303.29986262769256,299.96301937811654,298.9756509726613
36.08921047903507,1.5,303.3000548731042,299.9631870607557,298.9757949509805
36.09283607783746,1.5,303.30024710977807,299.96335473941156,298.97593893077646
36.096461676639855,1.5,303.30043933771515,299.9635224140844,298.9760829120479
36.10008727544225,1.5,303.3006315569163,299.96369008477456,298.9762268947936
36.10371287424464,1.5,303.30082376738255,299.96385775148224,298.9763708790123
36.10733847304704,1.5,303.30101596911487,299.9640254142077,298.9765148647027
36.11096407184943,1.5,303.30120816211405,299.9641930729513,298.9766588518637
36.114589670651824,1.5,303.30140034638106,299.9643607277133,298.976802840494
36.11821526945422,1.5,303.30159252191703,299.96452837849415,298.9769468305922
36.12184086825661,1.5,303.3017846887227,299.9646960252939,298.9770908221573
36.125466467059006,1.5,303.3019768467991,299.964863668113,298.97723481518796
36.1290920658614,1.5,303.3021689961471,299.96503130695174,298.9773788096828
36.132717664663794,1.5,303.3023611367678,299.96519894181034,298.9775228056408
36.13634326346619,1.5,303.302553268662,299.96536657268905,298.9776668030605
36.13996886226858,1.5,303.3027453918307,299.96553419958826,298.97781080194085
36.143594461070975,1.5,303.3029375062748,299.96570182250827,298.9779548022805
36.14722005987337,1.5,303.3031296119953,299.9658694414494,298.9780988040783
36.15084565867576,1.5,303.30332170899317,299.96603705641166,298.97824280733295
36.15447125747816,1.5,303.30351379726926,299.9662046673957,298.97838681204314
36.15809685628055,1.5,303.3037058768245,299.96637227440164,298.97853081820773
36.161722455082945,1.5,303.30389794765995,299.9665398774298,298.97867482582546
36.16534805388534,1.5,303.30409000977653,299.9667074764804,298.97881883489515
36.16897365268773,1.5,303.30428206317504,299.9668750715539,298.9789628454154
36.17259925149013,1.5,303.30447410785655,299.9670426626504,298.97910685738515
36.17622485029252,1.5,303.30466614382203,299.96721024977023,298.97925087080296
36.179850449094914,1.5,303.30485817107234,299.96737783291377,298.9793948856678
36.18347604789731,1.5,303.30505018960844,299.9675454120812,298.97953890197834
36.1871016466997,1.5,303.3052421994313,299.967712987273,298.97968291973336
36.190727245502096,1.5,303.30543420054187,299.9678805584892,298.9798269389316
36.19435284430449,1.5,303.30562619294096,299.96804812573026,298.97997095957186
36.197978443106884,1.5,303.30581817662966,299.9682156889964,298.9801149816529
36.20160404190928,1.5,303.30601015160886,299.9683832482879,298.9802590051735
36.20522964071167,1.5,303.30620211787954,299.9685508036051,298.9804030301324
36.208855239514065,1.5,303.3063940754426,299.9687183549483,298.9805470565282
36.21248083831646,1.5,303.306586024299,299.96888590231777,298.98069108436
36.21610643711885,1.5,303.3067779644496,299.96905344571366,298.9808351136263
36.21973203592125,1.5,303.3069698958955,299.9692209851364,298.9809791443261
36.22335763472364,1.5,303.30716181863755,299.9693885205863,298.98112317645797
36.226983233526035,1.5,303.30735373267663,299.9695560520635,298.9812672100207
36.23060883232843,1.5,303.3075456380138,299.9697235795685,298.98141124501313
36.23423443113082,1.5,303.3077375346499,299.9698911031014,298.981555281434
36.237860029933216,1.5,303.307929422586,299.9700586226625,298.98169931928214
36.24148562873561,1.5,303.30812130182295,299.97022613825214,298.9818433585562
36.245111227538004,1.5,303.30831317236164,299.97039364987063,298.98198739925505
36.2487368263404,1.5,303.3085050342031,299.97056115751826,298.9821314413774
36.25236242514279,1.5,303.3086968873482,299.97072866119527,298.98227548492207
36.255988023945186,1.5,303.308888731798,299.9708961609019,298.9824195298878
36.25961362274758,1.5,303.30908056755334,299.97106365663853,298.9825635762734
36.26323922154997,1.5,303.3092723946151,299.9712311484054,298.9827076240776
36.26686482035237,1.5,303.30946421298444,299.97139863620276,298.9828516732992
36.27049041915476,1.5,303.30965602266207,299.97156612003096,298.98299572393694
36.274116017957155,1.5,303.3098478236491,299.97173359989023,298.9831397759896
36.27774161675955,1.5,303.31003961594627,299.9719010757809,298.983283829456
36.28136721556194,1.5,303.31023139955465,299.9720685477032,298.9834278843349
36.28499281436434,1.5,303.3104231744752,299.97223601565753,298.983571940625
36.28861841316673,1.5,303.3106149407089,299.972403479644,298.9837159983252
36.292244011969125,1.5,303.31080669825656,299.97257093966306,298.98386005743413
36.29586961077152,1.5,303.3109984471192,299.9727383957148,298.98400411795075
36.29949520957391,1.5,303.31119018729777,299.9729058477997,298.98414817987367
36.303120808376306,1.5,303.31138191879313,299.97307329591797,298.9842922432017
36.3067464071787,1.5,303.31157364160634,299.9732407400698,298.9844363079337
36.310372005981094,1.5,303.3117653557382,299.9734081802556,298.9845803740684
36.31399760478349,1.5,303.31195706118973,299.97357561647556,298.98472444160456
36.31762320358588,1.5,303.3121487579619,299.97374304873006,298.984868510541
36.321248802388276,1.5,303.31234044605554,299.9739104770193,298.98501258087646
36.32487440119067,1.5,303.3125321254717,299.9740779013435,298.9851566526097
36.32849999999306,1.5,303.3127237962113,299.9742453217031,298.98530072573953
36.33212559879546,1.5,303.3129154582752,299.9744127380983,298.98544480026476
36.33575119759785,1.5,303.31310711166435,299.97458015052933,298.9855888761842
36.339376796400245,1.5,303.3132987563799,299.97474755899657,298.9857329534965
36.34300239520264,1.5,303.31349039242247,299.9749149635002,298.98587703220056
36.34662799400503,1.5,303.31368201979313,299.9750823640406,298.98602111229513
36.35025359280743,1.5,303.3138736384929,299.975249760618,298.98616519377896
36.35387919160982,1.5,303.31406524852275,299.9754171532327,298.9863092766508
36.357504790412214,1.5,303.31425684988346,299.9755845418849,298.9864533609096
36.36113038921461,1.5,303.314448442576,299.975751926575,298.98659744655396
36.364755988017,1.5,303.31464002660135,299.97591930730323,298.98674153358274
36.368381586819396,1.5,303.3148316019604,299.97608668406986,298.98688562199476
36.37200718562179,1.5,303.31502316865414,299.97625405687506,298.98702971178875
36.375632784424184,1.5,303.3152147266835,299.97642142571925,298.98717380296347
36.37925838322658,1.5,303.3154062760494,299.97658879060276,298.98731789551783
36.38288398202897,1.5,303.31559781675287,299.9767561515257,298.9874619894505
36.386509580831365,1.5,303.3157893487947,299.9769235084884,298.9876060847602
36.39013517963376,1.5,303.31598087217594,299.9770908614912,298.9877501814459
36.39376077843615,1.5,303.31617238689745,299.9772582105344,298.98789427950635
36.39738637723855,1.5,303.31636389296017,299.97742555561814,298.98803837894025
36.40101197604094,1.5,303.3165553903651,299.97759289674275,298.98818247974646
36.404637574843335,1.5,303.3167468791131,299.97776023390867,298.9883265819237
36.40826317364573,1.5,303.3169383592052,299.97792756711596,298.98847068547076
36.41188877244812,1.5,303.31712983064233,299.97809489636495,298.9886147903865
36.41551437125052,1.5,303.3173212934253,299.97826222165594,298.98875889666976
36.41913997005291,1.5,303.3175127475552,299.9784295429892,298.9889030043191
36.422765568855304,1.5,303.31770419303285,299.97859686036503,298.9890471133336
36.4263911676577,1.5,303.31789562985927,299.9787641737837,298.9891912237119
36.43001676646009,1.5,303.31808705803536,299.9789314832454,298.98933533545267
36.433642365262486,1.5,303.31827847756216,299.97909878875055,298.98947944855496
36.43726796406488,1.5,303.31846988844035,299.97926609029935,298.98962356301735
36.440893562867274,1.5,303.3186612906711,299.979433387892,298.98976767883875
36.44451916166967,1.5,303.3188526842553,299.97960068152895,298.98991179601796
36.44814476047206,1.5,303.3190440691938,299.97976797121026,298.9900559145537
36.451770359274455,1.5,303.31923544548766,299.9799352569364,298.99020003444474
36.45539595807685,1.5,303.3194268131377,299.98010253870757,298.99034415568997
36.45902155687924,1.5,303.3196181721449,299.98026981652396,298.9904882782882
36.46264715568164,1.5,303.3198095225102,299.980437090386,298.99063240223813
36.46627275448403,1.5,303.32000086423454,299.9806043602938,298.99077652753857
36.469898353286425,1.5,303.3201921973189,299.98077162624776,298.99092065418836
36.47352395208882,1.5,303.32038352176414,299.98093888824815,298.9910647821863
36.47714955089121,1.5,303.3205748375712,299.98110614629513,298.9912089115311
36.480775149693606,1.5,303.32076614474107,299.98127340038906,298.99135304222165
36.484400748496,1.5,303.32095744327466,299.9814406505302,298.9914971742568
36.488026347298394,1.5,303.3211487331729,299.9816078967188,298.9916413076352
36.49165194610079,1.5,303.3213400144367,299.9817751389552,298.99178544235565
36.49527754490318,1.5,303.32153128706705,299.98194237723953,298.99192957841706
36.498903143705576,1.5,303.3217225510649,299.9821096115722,298.9920737158182
36.50252874250797,1.5,303.3219138064311,299.9822768419535,298.9922178545579
36.50615434131036,1.5,303.3221050531667,299.9824440683836,298.99236199463485
36.50977994011276,1.5,303.3222962912725,299.9826112908628,298.99250613604795
36.51340553891515,1.5,303.32248752074946,299.9827785093914,298.99265027879596
36.517031137717545,1.5,303.3226787415986,299.9829457239696,298.99279442287764
36.52065673651994,1.5,303.3228699538208,299.98311293459767,298.9929385682919
36.52428233532233,1.5,303.32306115741704,299.983280141276,298.99308271503736
36.52790793412473,1.5,303.32325235238824,299.9834473440048,298.993226863113
36.53153353292712,1.5,303.3234435387352,299.9836145427843,298.99337101251757
36.535159131729515,1.5,303.32363471645914,299.9837817376148,298.9935151632499
36.53878473053191,1.5,303.3238258855607,299.98394892849655,298.9936593153087
36.5424103293343,1.5,303.324017046041,299.98411611542986,298.9938034686929
36.546035928136696,1.5,303.3242081979009,299.984283298415,298.99394762340114
36.54966152693909,1.5,303.32439934114126,299.9844504774521,298.9940917794323
36.553287125741484,1.5,303.3245904757632,299.9846176525417,298.9942359367853
36.55691272454388,1.5,303.3247816017675,299.9847848236838,298.99438009545884
36.56053832334627,1.5,303.3249727191552,299.98495199087887,298.99452425545167
36.564163922148666,1.5,303.3251638279271,299.98511915412706,298.99466841676275
36.56778952095106,1.5,303.32535492808427,299.9852863134286,298.9948125793907
36.57141511975345,1.5,303.3255460196276,299.98545346878393,298.9949567433345
36.57504071855585,1.5,303.325737102558,299.9856206201931,298.99510090859286
36.57866631735824,1.5,303.3259281768764,299.98578776765663,298.9952450751646
36.582291916160635,1.5,303.3261192425838,299.98595491117453,298.9953892430486
36.58591751496303,1.5,303.32631029968104,299.98612205074716,298.99553341224356
36.58954311376542,1.5,303.3265013481692,299.9862891863749,298.99567758274827
36.59316871256782,1.5,303.32669238804897,299.9864563180579,298.9958217545617
36.59679431137021,1.5,303.3268834193215,299.98662344579645,298.9959659276825
36.600419910172604,1.5,303.32707444198763,299.9867905695908,298.9961101021096
36.604045508975,1.5,303.3272654560483,299.9869576894413,298.9962542778417
36.60767110777739,1.5,303.3274564615044,299.9871248053481,298.9963984548777
36.611296706579786,1.5,303.327647458357,299.9872919173115,298.99654263321634
36.61492230538218,1.5,303.3278384466069,299.9874590253319,298.99668681285647
36.618547904184574,1.5,303.32802942625517,299.98762612940936,298.9968309937969
36.62217350298697,1.5,303.3282203973026,299.9877932295442,298.9969751760365
36.62579910178936,1.5,303.32841135975013,299.9879603257367,298.997119359574
36.629424700591755,1.5,303.32860231359876,299.98812741798724,298.9972635444082
36.63305029939415,1.5,303.32879325884943,299.988294506296,298.997407730538
36.63667589819654,1.5,303.32898419550304,299.9884615906632,298.99755191796214
36.64030149699894,1.5,303.3291751235605,299.9886286710891,298.9976961066795
36.64392709580133,1.5,303.3293660430228,299.98879574757404,298.9978402966888
36.647552694603725,1.5,303.32955695389086,299.9889628201183,298.9979844879889
36.65117829340612,1.5,303.32974785616557,299.98912988872195,298.99812868057865
36.65480389220851,1.5,303.3299387498479,299.98929695338546,298.99827287445686
36.65842949101091,1.5,303.3301296349387,299.98946401410905,298.99841706962235
36.6620550898133,1.5,303.3303205114391,299.9896310708929,298.99856126607386
36.665680688615694,1.5,303.33051137934973,299.98979812373744,298.99870546381027
36.66930628741809,1.5,303.33070223867185,299.98996517264277,298.99884966283037
36.67293188622048,1.5,303.3308930894062,299.99013221760924,298.998993863133
36.676557485022876,1.5,303.3310839315537,299.9902992586371,298.99913806471704
36.68018308382527,1.5,303.3312747651153,299.99046629572655,298.9992822675812
36.683808682627664,1.5,303.33146559009197,299.99063332887783,298.99942647172435
36.68743428143006,1.5,303.3316564064847,299.9908003580914,298.99957067714524
36.69105988023245,1.5,303.33184721429427,299.9909673833673,298.99971488384284
36.694685479034845,1.5,303.3320380135217,299.9911344047059,298.99985909181584
36.69831107783724,1.5,303.3322288041679,299.9913014221074,299.00000330106315
36.70193667663963,1.5,303.33241958623387,299.9914684355722,299.00014751158346
36.70556227544203,1.5,303.3326103597205,299.9916354451004,299.0002917233757
36.70918787424442,1.5,303.33280112462865,299.9918024506924,299.00043593643863
36.712813473046815,1.5,303.3329918809593,299.99196945234837,299.0005801507712
36.71643907184921,1.5,303.33318262871336,299.99213645006853,299.0007243663721
36.7200646706516,1.5,303.33337336789185,299.99230344385325,299.00086858324016
36.723690269453996,1.5,303.3335640984956,299.9924704337027,299.0010128013743
36.72731586825639,1.5,303.3337548205256,299.99263741961715,299.00115702077323
36.730941467058784,1.5,303.3339455339827,299.99280440159697,299.00130124143584
36.73456706586118,1.5,303.334136238868,299.9929713796423,299.00144546336094
36.73819266466357,1.5,303.3343269351822,299.99313835375347,299.00158968654733
36.741818263465966,1.5,303.33451762292646,299.99330532393066,299.0017339109939
36.74544386226836,1.5,303.3347083021015,299.9934722901742,299.0018781366994
36.749069461070754,1.5,303.33489897270834,299.9936392524843,299.0020223636627
36.75269505987315,1.5,303.335089634748,299.9938062108613,299.00216659188266
36.75632065867554,1.5,303.33528028822127,299.99397316530536,299.00231082135804
36.759946257477935,1.5,303.3354709331291,299.9941401158168,299.0024550520876
36.76357185628033,1.5,303.3356615694725,299.9943070623959,299.00259928407036
36.76719745508272,1.5,303.3358521972524,299.9944740050427,299.002743517305
36.77082305388512,1.5,303.3360428164696,299.9946409437578,299.00288775179047
36.77444865268751,1.5,303.3362334271252,299.9948078785413,299.00303198752545
36.778074251489905,1.5,303.33642402922,299.9949748093934,299.0031762245089
36.7816998502923,1.5,303.33661462275495,299.9951417363144,299.00332046273957
36.78532544909469,1.5,303.33680520773095,299.99530865930456,299.00346470221626
36.788951047897086,1.5,303.33699578414905,299.99547557836416,299.0036089429379
36.79257664669948,1.5,303.3371863520101,299.9956424934934,299.00375318490325
36.796202245501874,1.5,303.3373769113151,299.99580940469264,299.0038974281112
36.79982784430427,1.5,303.33756746206484,299.995976311962,299.00404167256045
36.80345344310666,1.5,303.33775800426037,299.9961432153019,299.00418591825
36.807079041909056,1.5,303.3379485379025,299.9963101147124,299.0043301651786
36.81070464071145,1.5,303.3381390629923,299.9964770101939,299.00447441334506
36.81433023951384,1.5,303.3383295795305,299.99664390174667,299.00461866274827
36.81795583831624,1.5,303.3385200875183,299.9968107893709,299.0047629133871
36.82158143711863,1.5,303.33871058695644,299.9969776730668,299.0049071652602
36.825207035921025,1.5,303.33890107784595,299.9971445528347,299.0050514183666
36.82883263472342,1.5,303.3390915601876,299.99731142867483,299.005195672705
36.83245823352581,1.5,303.33928203398244,299.99747830058743,299.00533992827434
36.83608383232821,1.5,303.33947249923136,299.9976451685729,299.0054841850734
36.8397094311306,1.5,303.3396629559354,299.99781203263126,299.00562844310105
36.843335029932994,1.5,303.3398534040953,299.99797889276294,299.005772702356
36.84696062873539,1.5,303.3400438437121,299.9981457489681,299.00591696283726
36.85058622753778,1.5,303.3402342747867,299.99831260124705,299.0060612245436
36.854211826340176,1.5,303.34042469732003,299.9984794496,299.0062054874739
36.85783742514257,1.5,303.34061511131307,299.9986462940272,299.00634975162683
36.861463023944964,1.5,303.34080551676664,299.9988131345289,299.00649401700144
36.86508862274736,1.5,303.3409959136818,299.9989799711054,299.00663828359643
36.86871422154975,1.5,303.3411863020593,299.99914680375696,299.0067825514107
36.872339820352146,1.5,303.3413766819003,299.9993136324838,299.0069268204431
36.87596541915454,1.5,303.3415670532055,299.99948045728615,299.00707109069236
36.87959101795693,1.5,303.341757415976,299.99964727816433,299.0072153621574
36.88321661675933,1.5,303.34194777021264,299.99981409511855,299.00735963483714
36.88684221556172,1.5,303.34213811591627,299.99998090814904,299.0075039087303
36.890467814364115,1.5,303.342328453088,300.00014771725614,299.0076481838357
36.89409341316651,1.5,303.34251878172853,300.00031452243996,299.0077924601523
36.8977190119689,1.5,303.342709101839,300.00048132370085,299.0079367376789
36.9013446107713,1.5,303.34289941342024,300.0006481210391,299.00808101641434
36.90497020957369,1.5,303.3430897164732,300.0008149144548,299.0082252963574
36.908595808376084,1.5,303.34328001099874,300.00098170394836,299.00836957750704
36.91222140717848,1.5,303.3434702969979,300.00114848952,299.008513859862
36.91584700598087,1.5,303.3436605744716,300.0013152711699,299.0086581434211
36.919472604783266,1.5,303.3438508434206,300.0014820488984,299.0088024281833
36.92309820358566,1.5,303.34404110384605,300.00164882270576,299.0089467141474
36.926723802388054,1.5,303.34423135574866,300.00181559259204,299.0090910013122
36.93034940119045,1.5,303.3444215991295,300.0019823585577,299.0092352896766
36.93397499999284,1.5,303.3446118339895,300.00214912060295,299.00937957923935
36.937600598795235,1.5,303.34480206032947,300.002315878728,299.0095238699995
36.94122619759763,1.5,303.34499227815047,300.00248263293304,299.00966816195563
36.94485179640002,1.5,303.3451824874533,300.00264938321845,299.0098124551068
36.94847739520242,1.5,303.34537268823897,300.0028161295844,299.0099567494517
36.95210299400481,1.5,303.34556288050834,300.00298287203117,299.0101010449893
36.955728592807205,1.5,303.34575306426245,300.003149610559,299.0102453417184
36.9593541916096,1.5,303.34594323950216,300.0033163451681,299.0103896396379
36.96297979041199,1.5,303.3461334062284,300.00348307585875,299.0105339387465
36.966605389214386,1.5,303.346323564442,300.00364980263123,299.0106782390432
36.97023098801678,1.5,303.346513714144,300.00381652548583,299.0108225405268
36.973856586819174,1.5,303.3467038553353,300.00398324442267,299.0109668431962
36.97748218562157,1.5,303.34689398801675,300.004149959442,299.01111114705014
36.98110778442396,1.5,303.3470841121894,300.00431667054414,299.0112554520875
36.984733383226356,1.5,303.3472742278541,300.0044833777294,299.01139975830716
36.98835898202875,1.5,303.34746433501175,300.004650080998,299.011544065708
36.991984580831144,1.5,303.3476544336634,300.00481678035,299.0116883742888
36.99561017963354,1.5,303.34784452380984,300.0049834757858,299.01183268404844
36.99923577843593,1.5,303.3480346054521,300.0051501673056,299.0119769949858
37.002861377238325,1.5,303.3482246785909,300.0053168549098,299.01212130709973
37.00648697604072,1.5,303.3484147432274,300.0054835385984,299.01226562038903
37.01011257484311,1.5,303.3486047993624,300.0056502183718,299.0124099348526
37.01373817364551,1.5,303.3487948469969,300.0058168942303,299.0125542504893
37.0173637724479,1.5,303.3489848861318,300.00598356617405,299.012698567298
37.020989371250295,1.5,303.349174916768,300.00615023420323,299.01284288527756
37.02461497005269,1.5,303.3493649389064,300.00631689831823,299.0129872044267
37.02824056885508,1.5,303.34955495254786,300.0064835585193,299.01313152474444
37.031866167657476,1.5,303.34974495769353,300.0066502148065,299.01327584622953
37.03549176645987,1.5,303.3499349543441,300.0068168671802,299.0134201688809
37.039117365262264,1.5,303.3501249425006,300.0069835156407,299.01356449269724
37.04274296406466,1.5,303.350314922164,300.00715016018813,299.01370881767775
37.04636856286705,1.5,303.3505048933351,300.00731680082276,299.013853143821
37.049994161669446,1.5,303.3506948560149,300.0074834375449,299.0139974711259
37.05361976047184,1.5,303.35088481020426,300.00765007035477,299.0141417995913
37.05724535927423,1.5,303.3510747559042,300.0078166992526,299.0142861292161
37.06087095807663,1.5,303.3512646931156,300.00798332423864,299.0144304599991
37.06449655687902,1.5,303.35145462183937,300.0081499453131,299.01457479193925
37.068122155681415,1.5,303.3516445420765,300.0083165624763,299.01471912503536
37.07174775448381,1.5,303.35183445382773,300.0084831757284,299.0148634592863
37.0753733532862,1.5,303.35202435709425,300.0086497850697,299.0150077946909
37.0789989520886,1.5,303.3522142518767,300.00881639050044,299.0151521312481
37.08262455089099,1.5,303.35240413817627,300.00898299202083,299.01529646895665
37.086250149693385,1.5,303.35259401599365,300.0091495896311,299.01544080781554
37.08987574849578,1.5,303.35278388532987,300.0093161833315,299.01558514782346
37.09350134729817,1.5,303.35297374618585,300.00948277312244,299.01572948897945
37.097126946100566,1.5,303.3531635985625,300.00964935900396,299.01587383128225
37.10075254490296,1.5,303.35335344246073,300.0098159409763,299.0160181747308
37.104378143705354,1.5,303.3535432778815,300.0099825190398,299.0161625193238
37.10800374250775,1.5,303.3537331048257,300.0101490931946,299.0163068650603
37.11162934131014,1.5,303.3539229232943,300.0103156634411,299.01645121193917
37.115254940112536,1.5,303.35411273328816,300.01048222977937,299.0165955599591
37.11888053891493,1.5,303.35430253480826,300.0106487922098,299.01673990911917
37.12250613771732,1.5,303.35449232785544,300.01081535073257,299.0168842594181
37.12613173651972,1.5,303.3546821124307,300.0109819053478,299.0170286108547
37.12975733532211,1.5,303.35487188853483,300.0111484560559,299.0171729634281
37.133382934124505,1.5,303.3550616561689,300.0113150028571,299.0173173171369
37.1370085329269,1.5,303.3552514153338,300.0114815457516,299.01746167198
37.14063413172929,1.5,303.3554411660304,300.01164808473953,299.01760602795645
37.14425973053169,1.5,303.3556309082597,300.01181461982134,299.01775038506486
37.14788532933408,1.5,303.3558206420225,300.01198115099714,299.01789474330434
37.151510928136474,1.5,303.3560103673198,300.0121476782672,299.01803910267364
37.15513652693887,1.5,303.3562000841525,300.01231420163174,299.01818346317157
37.15876212574126,1.5,303.35638979252155,300.01248072109104,299.0183278247971
37.162387724543656,1.5,303.35657949242784,300.0126472366453,299.01847218754904
37.16601332334605,1.5,303.35676918387236,300.0128137482947,299.0186165514263
37.169638922148444,1.5,303.3569588668559,300.0129802560397,299.0187609164277
37.17326452095084,1.5,303.35714854137944,300.01314675988027,299.0189052825522
37.17689011975323,1.5,303.35733820744395,300.01331325981687,299.01904964979855
37.180515718555625,1.5,303.35752786505026,300.0134797558496,299.01919401816576
37.18414131735802,1.5,303.35771751419935,300.0136462479787,299.0193383876526
37.18776691616041,1.5,303.35790715489213,300.0138127362045,299.01948275825794
37.19139251496281,1.5,303.35809678712957,300.01397922052723,299.0196271299806
37.1950181137652,1.5,303.3582864109125,300.01414570094704,299.01977150281965
37.198643712567595,1.5,303.3584760262418,300.0143121774642,299.01991587677384
37.20226931136999,1.5,303.35866563311856,300.01447865007896,299.020060251842
37.20589491017238,1.5,303.35885523154354,300.0146451187916,299.020204628023
37.20952050897478,1.5,303.3590448215178,300.0148115836022,299.0203490053158
37.21314610777717,1.5,303.3592344030421,300.0149780445113,299.02049338371927
37.216771706579564,1.5,303.35942397611745,300.0151445015188,299.0206377632322
37.22039730538196,1.5,303.3596135407448,300.0153109546252,299.0207821438536
37.22402290418435,1.5,303.359803096925,300.0154774038305,299.0209265255821
37.227648502986746,1.5,303.359992644659,300.01564384913513,299.02107090841685
37.23127410178914,1.5,303.36018218394764,300.0158102905392,299.02121529235654
37.234899700591534,1.5,303.360371714792,300.01597672804303,299.02135967740014
37.23852529939393,1.5,303.3605612371929,300.0161431616469,299.02150406354656
37.24215089819632,1.5,303.3607507511512,300.01630959135093,299.0216484507946
37.245776496998715,1.5,303.36094025666796,300.0164760171554,299.0217928391431
37.24940209580111,1.5,303.361129753744,300.0166424390605,299.021937228591
37.2530276946035,1.5,303.36131924238026,300.01680885706656,299.02208161913717
37.2566532934059,1.5,303.3615087225777,300.0169752711738,299.02222601078057
37.26027889220829,1.5,303.3616981943372,300.0171416813824,299.02237040351986
37.263904491010685,1.5,303.36188765765957,300.01730808769264,299.0225147973542
37.26753008981308,1.5,303.36207711254593,300.01747449010475,299.02265919228216
37.27115568861547,1.5,303.362266558997,300.0176408886189,299.0228035883029
37.274781287417866,1.5,303.3624559970139,300.01780728323536,299.0229479854151
37.27840688622026,1.5,303.3626454265974,300.01797367395443,299.02309238361784
37.282032485022654,1.5,303.3628348477484,300.01814006077626,299.0232367829098
37.28565808382505,1.5,303.36302426046797,300.01830644370114,299.02338118329004
37.28928368262744,1.5,303.36321366475687,300.01847282272934,299.02352558475724
37.292909281429836,1.5,303.3634030606161,300.0186391978609,299.0236699873105
37.29653488023223,1.5,303.3635924480466,300.0188055690963,299.02381439094853
37.30016047903462,1.5,303.3637818270492,300.0189719364356,299.02395879567024
37.30378607783702,1.5,303.3639711976249,300.01913829987916,299.02410320147465
37.30741167663941,1.5,303.3641605597745,300.01930465942706,299.0242476083605
37.311037275441805,1.5,303.3643499134991,300.0194710150797,299.02439201632666
37.3146628742442,1.5,303.3645392587994,300.01963736683723,299.02453642537216
37.31828847304659,1.5,303.3647285956765,300.01980371469983,299.0246808354957
37.32191407184899,1.5,303.36491792413125,300.0199700586678,299.0248252466963
37.32553967065138,1.5,303.36510724416456,300.02013639874133,299.02496965897285
37.329165269453775,1.5,303.3652965557773,300.0203027349208,299.02511407232413
37.33279086825617,1.5,303.36548585897043,300.0204690672062,299.02525848674907
37.33641646705856,1.5,303.3656751537449,300.020635395598,299.02540290224664
37.340042065860956,1.5,303.3658644401016,300.02080172009624,299.0255473188156
37.34366766466335,1.5,303.36605371804137,300.0209680407013,299.0256917364549
37.347293263465744,1.5,303.3662429875652,300.0211343574133,299.02583615516346
37.35091886226814,1.5,303.366432248674,300.0213006702325,299.02598057494015
37.35454446107053,1.5,303.36662150136874,300.0214669791592,299.02612499578373
37.358170059872926,1.5,303.3668107456502,300.0216332841935,299.0262694176933
37.36179565867532,1.5,303.36699998151937,300.0217995853358,299.0264138406676
37.36542125747771,1.5,303.36718920897727,300.02196588258624,299.0265582647056
37.36904685628011,1.5,303.3673784280246,300.022132175945,299.02670268980603
37.3726724550825,1.5,303.3675676386625,300.02229846541235,299.02684711596805
37.376298053884895,1.5,303.3677568408917,300.02246475098855,299.0269915431904
37.37992365268729,1.5,303.36794603471316,300.0226310326738,299.02713597147186
37.38354925148968,1.5,303.3681352201279,300.0227973104684,299.02728040081155
37.38717485029208,1.5,303.3683243971367,300.02296358437246,299.0274248312082
37.39080044909447,1.5,303.3685135657406,300.0231298543863,299.0275692626607
37.394426047896864,1.5,303.36870272594035,300.02329612051005,299.02771369516796
37.39805164669926,1.5,303.36889187773704,300.0234623827441,299.027858128729
37.40167724550165,1.5,303.3690810211314,300.0236286410885,299.02800256334257
37.405302844304046,1.5,303.3692701561245,300.02379489554363,299.0281469990076
37.40892844310644,1.5,303.3694592827173,300.0239611461096,299.028291435723
37.412554041908834,1.5,303.3696484009105,300.0241273927868,299.02843587348764
37.41617964071123,1.5,303.36983751070517,300.0242936355753,299.0285803123005
37.41980523951362,1.5,303.37002661210215,300.0244598744753,299.0287247521603
37.423430838316015,1.5,303.3702157051024,300.0246261094872,299.02886919306616
37.42705643711841,1.5,303.3704047897068,300.02479234061116,299.0290136350167
37.4306820359208,1.5,303.37059386591636,300.02495856784736,299.02915807801105
37.4343076347232,1.5,303.37078293373185,300.02512479119605,299.02930252204806
37.43793323352559,1.5,303.3709719931542,300.0252910106575,299.02944696712655
37.441558832327985,1.5,303.3711610441845,300.0254572262318,299.02959141324544
37.44518443113038,1.5,303.37135008682344,300.02562343791936,299.02973586040366
37.44881002993277,1.5,303.37153912107203,300.0257896457203,299.02988030860007
37.45243562873517,1.5,303.3717281469312,300.02595584963484,299.03002475783364
37.45606122753756,1.5,303.37191716440185,300.0261220496633,299.03016920810313
37.459686826339954,1.5,303.37210617348495,300.0262882458058,299.03031365940757
37.46331242514235,1.5,303.37229517418126,300.0264544380626,299.0304581117458
37.46693802394474,1.5,303.3724841664918,300.026620626434,299.0306025651168
37.470563622747136,1.5,303.3726731504175,300.0267868109201,299.03074701951937
37.47418922154953,1.5,303.3728621259592,300.0269529915212,299.03089147495234
37.477814820351924,1.5,303.37305109311785,300.02711916823756,299.0310359314148
37.48144041915432,1.5,303.37324005189436,300.0272853410693,299.03118038890557
37.48506601795671,1.5,303.37342900228964,300.02745151001676,299.03132484742355
37.488691616759105,1.5,303.37361794430456,300.02761767508014,299.0314693069676
37.4923172155615,1.5,303.3738068779401,300.02778383625963,299.0316137675366
37.49594281436389,1.5,303.3739958031972,300.0279499935554,299.0317582291296
37.49956841316629,1.5,303.3741847200767,300.02811614696776,299.0319026917453
37.50319401196868,1.5,303.3743736285794,300.0282822964969,299.03204715538277
37.506819610771075,1.5,303.3745625287065,300.02844844214314,299.03219162004086
37.51044520957347,1.5,303.3747514204587,300.0286145839066,299.03233608571844
37.51407080837586,1.5,303.374940303837,300.0287807217875,299.0324805524145
37.517696407178256,1.5,303.37512917884226,300.02894685578605,299.0326250201278
37.52132200598065,1.5,303.37531804547535,300.0291129859026,299.0327694888574
37.524947604783044,1.5,303.3755069037373,300.0292791121372,299.0329139586021
37.52857320358544,1.5,303.375695753629,300.02944523449025,299.03305842936084
37.53219880238783,1.5,303.3758845951512,300.0296113529618,299.03320290113254
37.535824401190226,1.5,303.376073428305,300.02977746755226,299.03334737391606
37.53944999999262,1.5,303.3762622530912,300.0299435782617,299.03349184771037
37.54307559879501,1.5,303.3764510695108,300.0301096850904,299.0336363225143
37.54670119759741,1.5,303.3766398775646,300.0302757880386,299.0337807983268
37.5503267963998,1.5,303.3768286772536,300.03044188710646,299.0339252751468
37.553952395202195,1.5,303.3770174685787,300.0306079822943,299.03406975297315
37.55757799400459,1.5,303.37720625154077,300.0307740736023,299.03421423180487
37.56120359280698,1.5,303.3773950261408,300.0309401610306,299.0343587116407
37.56482919160938,1.5,303.3775837923796,300.03110624457963,299.0345031924797
37.56845479041177,1.5,303.37777255025804,300.03127232424936,299.0346476743207
37.572080389214165,1.5,303.37796129977727,300.03143840004014,299.03479215716254
37.57570598801656,1.5,303.3781500409379,300.0316044719522,299.03493664100426
37.57933158681895,1.5,303.37833877374106,300.03177053998576,299.0350811258448
37.582957185621346,1.5,303.37852749818757,300.03193660414104,299.03522561168296
37.58658278442374,1.5,303.37871621427837,300.0321026644183,299.03537009851766
37.590208383226134,1.5,303.3789049220143,300.03226872081757,299.03551458634786
37.59383398202853,1.5,303.3790936213963,300.0324347733393,299.0356590751724
37.59745958083092,1.5,303.37928231242535,300.0326008219836,299.0358035649903
37.601085179633316,1.5,303.37947099510234,300.0327668667507,299.03594805580036
37.60471077843571,1.5,303.379659669428,300.0329329076409,299.0360925476016
37.6083363772381,1.5,303.3798483354035,300.0330989446542,299.0362370403928
37.6119619760405,1.5,303.3800369930296,300.0332649777911,299.03638153417296
37.61558757484289,1.5,303.38022564230727,300.0334310070516,299.036526028941
37.619213173645285,1.5,303.3804142832373,300.03359703243615,299.0366705246958
37.62283877244768,1.5,303.3806029158208,300.03376305394477,299.0368150214363
37.62646437125007,1.5,303.3807915400585,300.0339290715777,299.0369595191614
37.63008997005247,1.5,303.38098015595136,300.03409508533525,299.03710401787004
37.63371556885486,1.5,303.38116876350034,300.0342610952176,299.0372485175611
37.637341167657254,1.5,303.3813573627063,300.0344271012249,299.0373930182335
37.64096676645965,1.5,303.3815459535702,300.0345931033575,299.0375375198862
37.64459236526204,1.5,303.38173453609284,300.0347591016155,299.037682022518
37.648217964064436,1.5,303.3819231102752,300.0349250959992,299.037826526128
37.65184356286683,1.5,303.38211167611814,300.0350910865088,299.03797103071497
37.655469161669224,1.5,303.3823002336227,300.0352570731445,299.03811553627787
37.65909476047162,1.5,303.38248878278966,300.03542305590656,299.0382600428156
37.66272035927401,1.5,303.38267732362,300.0355890347952,299.03840455032713
37.666345958076406,1.5,303.38286585611456,300.03575500981054,299.0385490588113
37.6699715568788,1.5,303.3830543802743,300.0359209809529,299.0386935682671
37.67359715568119,1.5,303.3832428961001,300.0360869482224,299.0388380786934
37.67722275448359,1.5,303.3834314035928,300.03625291161933,299.0389825900892
37.68084835328598,1.5,303.3836199027535,300.03641887114395,299.0391271024533
37.684473952088375,1.5,303.38380839358285,300.03658482679634,299.0392716157847
37.68809955089077,1.5,303.38399687608194,300.0367507785769,299.0394161300823
37.69172514969316,1.5,303.38418535025164,300.03691672648563,299.03956064534503
37.69535074849556,1.5,303.3843738160928,300.0370826705229,299.03970516157176
37.69897634729795,1.5,303.3845622736065,300.03724861068895,299.0398496787615
37.702601946100344,1.5,303.38475072279346,300.03741454698394,299.03999419691314
37.70622754490274,1.5,303.3849391636546,300.03758047940806,299.04013871602547
37.70985314370513,1.5,303.38512759619096,300.03774640796155,299.0402832360976
37.713478742507526,1.5,303.38531602040325,300.0379123326446,299.0404277571284
37.71710434130992,1.5,303.38550443629254,300.0380782534575,299.0405722791168
37.720729940112314,1.5,303.38569284385966,300.0382441704004,299.04071680206164
37.72435553891471,1.5,303.38588124310553,300.0384100834736,299.0408613259619
37.7279811377171,1.5,303.38606963403106,300.0385759926772,299.04100585081653
37.731606736519495,1.5,303.3862580166372,300.0387418980115,299.0411503766244
37.73523233532189,1.5,303.3864463909248,300.03890779947665,299.04129490338454
37.73885793412428,1.5,303.3866347568947,300.0390736970729,299.04143943109574
37.74248353292668,1.5,303.386823114548,300.0392395908005,299.0415839597571
37.74610913172907,1.5,303.3870114638854,300.0394054806596,299.04172848936724
37.749734730531465,1.5,303.38719980490794,300.0395713666505,299.0418730199254
37.75336032933386,1.5,303.3873881376164,300.0397372487733,299.0420175514303
37.75698592813625,1.5,303.3875764620119,300.03990312702825,299.04216208388095
37.760611526938646,1.5,303.38776477809506,300.04006900141565,299.0423066172764
37.76423712574104,1.5,303.387953085867,300.04023487193564,299.0424511516154
37.767862724543434,1.5,303.38814138532854,300.04040073858846,299.04259568689696
37.77148832334583,1.5,303.3883296764806,300.0405666013743,299.04274022311984
37.77511392214822,1.5,303.38851795932413,300.0407324602934,299.0428847602832
37.778739520950616,1.5,303.38870623386,300.0408983153459,299.0430292983859
37.78236511975301,1.5,303.388894500089,300.0410641665321,299.0431738374268
37.785990718555404,1.5,303.3890827580122,300.04123001385227,299.04331837740494
37.7896163173578,1.5,303.3892710076305,300.0413958573065,299.04346291831916
37.79324191616019,1.5,303.38945924894466,300.04156169689503,299.04360746016835
37.796867514962585,1.5,303.38964748195565,300.0417275326181,299.0437520029516
37.80049311376498,1.5,303.38983570666437,300.041893364476,299.0438965466677
37.80411871256737,1.5,303.3900239230719,300.0420591924687,299.04404109131565
37.80774431136977,1.5,303.3902121311789,300.0422250165966,299.0441856368943
37.81136991017216,1.5,303.3904003309864,300.0423908368599,299.04433018340274
37.814995508974555,1.5,303.3905885224952,300.04255665325877,299.04447473083974
37.81862110777695,1.5,303.3907767057063,300.04272246579353,299.0446192792043
37.82224670657934,1.5,303.3909648806206,300.04288827446425,299.0447638284953
37.825872305381736,1.5,303.3911530472389,300.04305407927126,299.0449083787118
37.82949790418413,1.5,303.3913412055623,300.0432198802147,299.0450529298526
37.833123502986524,1.5,303.3915293555915,300.0433856772947,299.0451974819167
37.83674910178892,1.5,303.3917174973275,300.0435514705116,299.0453420349031
37.84037470059131,1.5,303.3919056307712,300.0437172598656,299.0454865888106
37.844000299393706,1.5,303.3920937559235,300.0438830453569,299.04563114363816
37.8476258981961,1.5,303.3922818727852,300.0440488269857,299.04577569938476
37.85125149699849,1.5,303.3924699813574,300.04421460475226,299.0459202560493
37.85487709580089,1.5,303.39265808164083,300.0443803786567,299.04606481363084
37.85850269460328,1.5,303.3928461736365,300.0445461486992,299.0462093721282
37.862128293405675,1.5,303.3930342573452,300.0447119148801,299.04635393154024
37.86575389220807,1.5,303.393222332768,300.0448776771996,299.0464984918661
37.86937949101046,1.5,303.3934103999057,300.0450434356578,299.0466430531045
37.87300508981286,1.5,303.3935984587592,300.045209190255,299.0467876152545
37.87663068861525,1.5,303.3937865093294,300.04537494099134,299.0469321783151
37.880256287417645,1.5,303.39397455161725,300.04554068786706,299.0470767422851
37.88388188622004,1.5,303.3941625856236,300.0457064308825,299.04722130716357
37.88750748502243,1.5,303.3943506113493,300.0458721700377,299.0473658729493
37.891133083824826,1.5,303.3945386287953,300.0460379053329,299.0475104396413
37.89475868262722,1.5,303.3947266379626,300.0462036367683,299.0476550072386
37.898384281429614,1.5,303.394914638852,300.04636936434423,299.04779957574
37.90200988023201,1.5,303.3951026314644,300.04653508806075,299.04794414514447
37.9056354790344,1.5,303.3952906158007,300.0467008079181,299.04808871545106
37.909261077836796,1.5,303.39547859186183,300.04686652391666,299.0482332866585
37.91288667663919,1.5,303.3956665596487,300.04703223605645,299.048377858766
37.91651227544158,1.5,303.39585451916224,300.04719794433765,299.04852243177226
37.92013787424398,1.5,303.3960424704032,300.0473636487606,299.04866700567635
37.92376347304637,1.5,303.3962304133726,300.04752934932543,299.0488115804772
37.927389071848765,1.5,303.3964183480714,300.0476950460324,299.04895615617374
37.93101467065116,1.5,303.3966062745004,300.0478607388817,299.0491007327649
37.93464026945355,1.5,303.39679419266054,300.04802642787354,299.04924531024966
37.93826586825595,1.5,303.3969821025526,300.04819211300804,299.04938988862693
37.94189146705834,1.5,303.39717000417767,300.04835779428555,299.0495344678956
37.945517065860734,1.5,303.3973578975365,300.04852347170623,299.04967904805477
37.94914266466313,1.5,303.3975457826301,300.04868914527015,299.04982362910323
37.95276826346552,1.5,303.39773365945933,300.04885481497774,299.04996821104004
37.956393862267916,1.5,303.39792152802505,300.0490204808291,299.05011279386406
37.96001946107031,1.5,303.3981093883282,300.0491861428244,299.0502573775742
37.963645059872704,1.5,303.3982972403697,300.0493518009639,299.05040196216953
37.9672706586751,1.5,303.3984850841504,300.04951745524784,299.05054654764893
37.97089625747749,1.5,303.39867291967124,300.04968310567637,299.05069113401134
37.974521856279885,1.5,303.39886074693305,300.04984875224966,299.05083572125574
37.97814745508228,1.5,303.3990485659368,300.05001439496795,299.0509803093811
37.98177305388467,1.5,303.3992363766834,300.0501800338315,299.0511248983863
37.98539865268707,1.5,303.3994241791737,300.0503456688405,299.05126948827035
37.98902425148946,1.5,303.3996119734086,300.05051129999515,299.0514140790321
37.992649850291855,1.5,303.399799759389,300.0506769272955,299.05155867067054
37.99627544909425,1.5,303.39998753711586,300.05084255074206,299.05170326318466
37.99990104789664,1.5,303.40017530659003,300.0510081703348,299.0518478565735
38.00352664669904,1.5,303.40036306781235,300.051173786074,299.0519924508358
38.00715224550143,1.5,303.4005508207838,300.05133939795985,299.0521370459706
38.010777844303824,1.5,303.40073856550526,300.0515050059926,299.0522816419769
38.01440344310622,1.5,303.4009263019776,300.0516706101724,299.05242623885357
38.01802904190861,1.5,303.4011140302018,300.0518362104995,299.0525708365996
38.021654640711006,1.5,303.4013017501787,300.052001806974,299.052715435214
38.0252802395134,1.5,303.40148946190914,300.05216739959627,299.05286003469564
38.028905838315794,1.5,303.4016771653941,300.0523329883664,299.05300463504346
38.03253143711819,1.5,303.4018648606344,300.0524985732846,299.05314923625644
38.03615703592058,1.5,303.40205254763106,300.0526641543511,299.05329383833356
38.039782634722975,1.5,303.40224022638483,300.05282973156613,299.0534384412738
38.04340823352537,1.5,303.40242789689677,300.0529953049298,299.05358304507604
38.04703383232776,1.5,303.40261555916766,300.0531608744425,299.05372764973924
38.05065943113016,1.5,303.4028032131984,300.05332644010423,299.0538722552624
38.05428502993255,1.5,303.4029908589899,300.0534920019153,299.0540168616444
38.057910628734945,1.5,303.4031784965431,300.0536575598759,299.05416146888433
38.06153622753734,1.5,303.4033661258589,300.0538231139862,299.054306076981
38.06516182633973,1.5,303.4035537469381,300.05398866424645,299.05445068593343
38.068787425142126,1.5,303.40374135978175,300.05415421065675,299.05459529574057
38.07241302394452,1.5,303.40392896439056,300.0543197532174,299.0547399064014
38.076038622746914,1.5,303.40411656076554,300.0544852919286,299.0548845179148
38.07966422154931,1.5,303.40430414890756,300.0546508267906,299.05502913027976
38.0832898203517,1.5,303.4044917288175,300.05481635780353,299.05517374349535
38.086915419154096,1.5,303.40467930049635,300.05498188496756,299.0553183575604
38.09054101795649,1.5,303.40486686394496,300.05514740828295,299.05546297247383
38.09416661675888,1.5,303.4050544191642,300.0553129277499,299.05560758823475
38.09779221556128,1.5,303.4052419661549,300.0554784433686,299.05575220484195
38.10141781436367,1.5,303.40542950491806,300.05564395513926,299.0558968222945
38.105043413166065,1.5,303.4056170354545,300.055809463062,299.0560414405914
38.10866901196846,1.5,303.4058045577652,300.0559749671372,299.0561860597315
38.11229461077085,1.5,303.405992071851,300.0561404673649,299.0563306797137
38.11592020957325,1.5,303.4061795777128,300.05630596374533,299.0564753005372
38.11954580837564,1.5,303.40636707535157,300.0564714562788,299.0566199222008
38.123171407178035,1.5,303.40655456476804,300.05663694496536,299.0567645447034
38.12679700598043,1.5,303.40674204596326,300.0568024298054,299.0569091680441
38.13042260478282,1.5,303.406929518938,300.05696791079885,299.0570537922218
38.134048203585216,1.5,303.4071169836933,300.05713338794607,299.05719841723544
38.13767380238761,1.5,303.4073044402299,300.0572988612473,299.057343043084
38.141299401190004,1.5,303.40749188854886,300.05746433070266,299.0574876697665
38.1449249999924,1.5,303.40767932865094,300.0576297963124,299.0576322972818
38.14855059879479,1.5,303.40786676053705,300.0577952580768,299.05777692562896
38.152176197597186,1.5,303.4080541842081,300.0579607159959,299.05792155480685
38.15580179639958,1.5,303.408241599665,300.0581261700699,299.05806618481455
38.15942739520197,1.5,303.4084290069087,300.0582916202991,299.0582108156509
38.16305299400437,1.5,303.40861640594,300.0584570666837,299.0583554473149
38.16667859280676,1.5,303.40880379675974,300.05862250922377,299.0585000798055
38.170304191609155,1.5,303.4089911793691,300.05878794791965,299.0586447131218
38.17392979041155,1.5,303.4091785537686,300.0589533827715,299.0587893472626
38.17755538921394,1.5,303.4093659199594,300.05911881377955,299.05893398222696
38.18118098801634,1.5,303.4095532779423,300.05928424094395,299.05907861801376
38.18480658681873,1.5,303.4097406277181,300.0594496642649,299.05922325462205
38.188432185621124,1.5,303.4099279692879,300.0596150837426,299.0593678920508
38.19205778442352,1.5,303.41011530265246,300.05978049937715,299.0595125302989
38.19568338322591,1.5,303.41030262781265,300.05994591116894,299.0596571693653
38.199308982028306,1.5,303.41048994476944,300.0601113191181,299.05980180924905
38.2029345808307,1.5,303.4106772535237,300.06027672322483,299.05994644994917
38.206560179633094,1.5,303.41086455407634,300.0604421234893,299.0600910914645
38.21018577843549,1.5,303.4110518464282,300.0606075199116,299.06023573379406
38.21381137723788,1.5,303.4112391305802,300.0607729124922,299.0603803769368
38.217436976040275,1.5,303.4114264065332,300.06093830123115,299.0605250208917
38.22106257484267,1.5,303.41161367428816,300.0611036861285,299.06066966565777
38.22468817364506,1.5,303.41180093384594,300.06126906718464,299.0608143112339
38.22831377244746,1.5,303.41198818520746,300.0614344443997,299.06095895761916
38.23193937124985,1.5,303.41217542837353,300.0615998177739,299.06110360481244
38.235564970052245,1.5,303.4123626633451,300.0617651873075,299.0612482528128
38.23919056885464,1.5,303.41254989012305,300.06193055300054,299.06139290161906
38.24281616765703,1.5,303.41273710870826,300.06209591485333,299.06153755123034
38.24644176645943,1.5,303.41292431910165,300.06226127286607,299.0616822016455
38.25006736526182,1.5,303.41311152130413,300.0624266270389,299.0618268528636
38.253692964064214,1.5,303.4132987153165,300.062591977372,299.06197150488356
38.25731856286661,1.5,303.4134859011398,300.06275732386575,299.06211615770434
38.260944161669,1.5,303.4136730787747,300.0629226665201,299.06226081132496
38.264569760471396,1.5,303.41386024822236,300.0630880053353,299.0624054657444
38.26819535927379,1.5,303.4140474094835,300.0632533403117,299.06255012096153
38.271820958076184,1.5,303.414234562559,300.06341867144937,299.06269477697543
38.27544655687858,1.5,303.4144217074498,300.06358399874847,299.06283943378503
38.27907215568097,1.5,303.4146088441568,300.0637493222093,299.06298409138935
38.282697754483365,1.5,303.41479597268085,300.06391464183196,299.0631287497873
38.28632335328576,1.5,303.4149830930229,300.06407995761674,299.0632734089779
38.28994895208815,1.5,303.4151702051838,300.0642452695638,299.0634180689601
38.29357455089055,1.5,303.41535730916445,300.06441057767324,299.0635627297329
38.29720014969294,1.5,303.4155444049658,300.0645758819455,299.0637073912953
38.300825748495335,1.5,303.4157314925886,300.06474118238043,299.0638520536462
38.30445134729773,1.5,303.41591857203383,300.0649064789785,299.06399671678463
38.30807694610012,1.5,303.4161056433024,300.06507177173984,299.06414138070954
38.311702544902516,1.5,303.4162927063951,300.0652370606646,299.0642860454199
38.31532814370491,1.5,303.416479761313,300.06540234575294,299.06443071091473
38.318953742507304,1.5,303.41666680805673,300.0655676270052,299.06457537719297
38.3225793413097,1.5,303.4168538466275,300.0657329044214,299.06472004425365
38.32620494011209,1.5,303.4170408770259,300.0658981780018,299.0648647120957
38.329830538914486,1.5,303.417227899253,300.0660634477467,299.0650093807181
38.33345613771688,1.5,303.4174149133096,300.0662287136562,299.0651540501198
38.33708173651927,1.5,303.41760191919667,300.06639397573036,299.0652987202999
38.34070733532167,1.5,303.417788916915,300.06655923396966,299.06544339125725
38.34433293412406,1.5,303.41797590646564,300.06672448837406,299.06558806299086
38.347958532926455,1.5,303.41816288784923,300.06688973894387,299.06573273549975
38.35158413172885,1.5,303.41834986106693,300.06705498567925,299.0658774087829
38.35520973053124,1.5,303.4185368261194,300.06722022858037,299.06602208283925
38.35883532933364,1.5,303.41872378300764,300.06738546764745,299.0661667576678
38.36246092813603,1.5,303.4189107317326,300.06755070288074,299.0663114332676
38.366086526938425,1.5,303.41909767229504,300.0677159342803,299.0664561096375
38.36971212574082,1.5,303.4192846046959,300.0678811618464,299.0666007867765
38.37333772454321,1.5,303.41947152893607,300.06804638557924,299.0667454646837
38.376963323345606,1.5,303.41965844501647,300.068211605479,299.066890143358
38.380588922148,1.5,303.4198453529379,300.0683768215458,299.06703482279846
38.384214520950394,1.5,303.4200322527013,300.06854203378003,299.06717950300396
38.38784011975279,1.5,303.4202191443076,300.0687072421817,299.0673241839735
38.39146571855518,1.5,303.4204060277577,300.06887244675096,299.0674688657061
38.395091317357576,1.5,303.4205929030524,300.06903764748813,299.06761354820077
38.39871691615997,1.5,303.4207797701926,300.0692028443934,299.0677582314564
38.40234251496236,1.5,303.42096662917925,300.069368037467,299.067902915472
38.40596811376476,1.5,303.4211534800131,300.0695332267089,299.0680476002467
38.40959371256715,1.5,303.4213403226952,300.06969841211964,299.06819228577933
38.413219311369545,1.5,303.42152715722636,300.06986359369904,299.0683369720689
38.41684491017194,1.5,303.4217139836075,300.07002877144754,299.0684816591144
38.42047050897433,1.5,303.42190080183946,300.07019394536525,299.0686263469149
38.42409610777673,1.5,303.4220876119232,300.07035911545233,299.0687710354693
38.42772170657912,1.5,303.4222744138595,300.070524281709,299.0689157247766
38.431347305381514,1.5,303.4224612076493,300.07068944413555,299.06906041483586
38.43497290418391,1.5,303.42264799329354,300.07085460273197,299.06920510564584
38.4385985029863,1.5,303.4228347707931,300.0710197574986,299.06934979720586
38.442224101788696,1.5,303.4230215401487,300.0711849084356,299.0694944895147
38.44584970059109,1.5,303.4232083013614,300.0713500555431,299.06963918257134
38.449475299393484,1.5,303.42339505443204,300.07151519882143,299.06978387637486
38.45310089819588,1.5,303.42358179936156,300.0716803382706,299.0699285709242
38.45672649699827,1.5,303.42376853615076,300.0718454738909,299.07007326621846
38.460352095800665,1.5,303.42395526480055,300.0720106056825,299.0702179622564
38.46397769460306,1.5,303.42414198531173,300.0721757336456,299.0703626590372
38.46760329340545,1.5,303.4243286976854,300.07234085778043,299.07050735655974
38.47122889220785,1.5,303.42451540192224,300.07250597808707,299.0706520548231
38.47485449101024,1.5,303.4247020980232,300.0726710945658,299.0707967538262
38.478480089812635,1.5,303.42488878598925,300.07283620721677,299.07094145356814
38.48210568861503,1.5,303.4250754658212,300.0730013160402,299.0710861540478
38.48573128741742,1.5,303.4252621375199,300.0731664210362,299.07123085526416
38.48935688621982,1.5,303.4254488010863,300.0733315222051,299.0713755572163
38.49298248502221,1.5,303.4256354565212,300.073496619547,299.0715202599032
38.496608083824604,1.5,303.4258221038256,300.07366171306205,299.0716649633238
38.500233682627,1.5,303.42600874300035,300.07382680275043,299.0718096674771
38.50385928142939,1.5,303.4261953740463,300.07399188861245,299.07195437236214
38.507484880231786,1.5,303.4263819969643,300.07415697064823,299.0720990779779
38.51111047903418,1.5,303.42656861175533,300.07432204885794,299.0722437843234
38.514736077836574,1.5,303.42675521842017,300.07448712324174,299.07238849139753
38.51836167663897,1.5,303.4269418169598,300.0746521937999,299.0725331991994
38.52198727544136,1.5,303.42712840737505,300.0748172605326,299.072677907728
38.525612874243755,1.5,303.42731498966685,300.07498232343994,299.0728226169822
38.52923847304615,1.5,303.427501563836,300.0751473825221,299.0729673269612
38.53286407184854,1.5,303.42768812988345,300.0753124377795,299.0731120376638
38.53648967065094,1.5,303.4278746878101,300.07547748921195,299.0732567490891
38.54011526945333,1.5,303.42806123761676,300.07564253682,299.073401461236
38.543740868255725,1.5,303.42824777930434,300.0758075806036,299.0735461741037
38.54736646705812,1.5,303.4284343128738,300.07597262056305,299.073690887691
38.55099206586051,1.5,303.4286208383259,300.0761376566985,299.07383560199696
38.554617664662906,1.5,303.4288073556616,300.07630268901016,299.0739803170206
38.5582432634653,1.5,303.4289938648818,300.0764677174982,299.0741250327609
38.561868862267694,1.5,303.42918036598735,300.0766327421627,299.07426974921685
38.56549446107009,1.5,303.4293668589791,300.076797763004,299.07441446638745
38.56912005987248,1.5,303.42955334385795,300.07696278002226,299.0745591842718
38.572745658674876,1.5,303.42973982062483,300.0771277932176,299.0747039028687
38.57637125747727,1.5,303.42992628928056,300.0772928025903,299.07484862217734
38.579996856279664,1.5,303.4301127498261,300.0774578081404,299.07499334219665
38.58362245508206,1.5,303.4302992022622,300.0776228098683,299.0751380629256
38.58724805388445,1.5,303.4304856465899,300.0777878077739,299.07528278436314
38.590873652686845,1.5,303.43067208280996,300.0779528018577,299.0754275065084
38.59449925148924,1.5,303.4308585109234,300.07811779211966,299.0755722293604
38.59812485029163,1.5,303.43104493093085,300.07828277856004,299.075716952918
38.60175044909403,1.5,303.4312313428335,300.078447761179,299.0758616771803
38.60537604789642,1.5,303.43141774663195,300.0786127399768,299.0760064021462
38.609001646698815,1.5,303.4316041423273,300.0787777149535,299.07615112781485
38.61262724550121,1.5,303.43179052992036,300.0789426861094,299.07629585418516
38.6162528443036,1.5,303.43197690941196,300.07910765344457,299.07644058125624
38.619878443105996,1.5,303.432163280803,300.0792726169593,299.07658530902694
38.62350404190839,1.5,303.4323496440944,300.0794375766538,299.0767300374963
38.627129640710784,1.5,303.43253599928704,300.07960253252816,299.0768747666634
38.63075523951318,1.5,303.4327223463818,300.0797674845826,299.07701949652716
38.63438083831557,1.5,303.4329086853795,300.07993243281726,299.07716422708666
38.638006437117966,1.5,303.4330950162811,300.08009737723233,299.0773089583409
38.64163203592036,1.5,303.4332813390874,300.0802623178281,299.0774536902888
38.64525763472275,1.5,303.4334676537993,300.0804272546046,299.07759842292944
38.64888323352515,1.5,303.43365396041776,300.0805921875622,299.0777431562619
38.65250883232754,1.5,303.4338402589436,300.0807571167009,299.07788789028496
38.656134431129935,1.5,303.4340265493777,300.080922042021,299.07803262499783
38.65976002993233,1.5,303.43421283172086,300.0810869635226,299.0781773603994
38.66338562873472,1.5,303.43439910597414,300.0812518812059,299.0783220964889
38.66701122753712,1.5,303.43458537213826,300.08141679507116,299.078466833265
38.67063682633951,1.5,303.4347716302142,300.0815817051185,299.07861157072693
38.674262425141904,1.5,303.43495788020283,300.0817466113481,299.0787563088736
38.6778880239443,1.5,303.435144122105,300.08191151376013,299.0789010477041
38.68151362274669,1.5,303.4353303559215,300.0820764123548,299.0790457872174
38.685139221549086,1.5,303.43551658165336,300.0822413071324,299.07919052741255
38.68876482035148,1.5,303.4357027993014,300.0824061980928,299.0793352682885
38.692390419153874,1.5,303.4358890088665,300.08257108523657,299.07948000984425
38.69601601795627,1.5,303.43607521034954,300.08273596856355,299.07962475207887
38.69964161675866,1.5,303.43626140375136,300.0829008480742,299.07976949499135
38.703267215561056,1.5,303.43644758907294,300.0830657237685,299.0799142385806
38.70689281436345,1.5,303.436633766315,300.0832305956468,299.08005898284586
38.71051841316584,1.5,303.4368199354786,300.0833954637091,299.08020372778594
38.71414401196824,1.5,303.43700609656446,300.08356032795564,299.08034847339997
38.71776961077063,1.5,303.4371922495736,300.0837251883868,299.0804932196869
38.721395209573025,1.5,303.43737839450677,300.0838900450025,299.0806379666457
38.72502080837542,1.5,303.43756453136496,300.0840548978029,299.0807827142755
38.72864640717781,1.5,303.43775066014894,300.0842197467884,299.0809274625752
38.73227200598021,1.5,303.4379367808597,300.08438459195906,299.08107221154387
38.7358976047826,1.5,303.438122893498,300.0845494333151,299.08121696118053
38.739523203584994,1.5,303.4383089980648,300.08471427085664,299.08136171148413
38.74314880238739,1.5,303.43849509456095,300.08487910458393,299.08150646245383
38.74677440118978,1.5,303.4386811829873,300.08504393449715,299.0816512140885
38.750399999992176,1.5,303.4388672633448,300.0852087605964,299.0817959663872
38.75402559879457,1.5,303.43905333563424,300.0853735828819,299.08194071934895
38.757651197596964,1.5,303.4392393998566,300.08553840135386,299.0820854729727
38.76127679639936,1.5,303.43942545601266,300.0857032160124,299.08223022725764
38.76490239520175,1.5,303.4396115041033,300.0858680268578,299.0823749822026
38.768527994004145,1.5,303.4397975441295,300.0860328338901,299.08251973780676
38.77215359280654,1.5,303.43998357609206,300.0861976371096,299.082664494069
38.77577919160893,1.5,303.4401695999918,300.0863624365164,299.08280925098836
38.77940479041133,1.5,303.44035561582973,300.08652723211077,299.08295400856395
38.78303038921372,1.5,303.44054162360663,300.0866920238928,299.0830987667947
38.786655988016115,1.5,303.4407276233234,300.08685681186273,299.0832435256796
38.79028158681851,1.5,303.44091361498096,300.08702159602075,299.0833882852178
38.7939071856209,1.5,303.44109959858014,300.0871863763669,299.0835330454082
38.7975327844233,1.5,303.44128557412176,300.08735115290153,299.08367780624985
38.80115838322569,1.5,303.44147154160686,300.0875159256247,299.0838225677417
38.804783982028084,1.5,303.44165750103616,300.0876806945367,299.08396732988297
38.80840958083048,1.5,303.4418434524106,300.0878454596376,299.0841120926725
38.81203517963287,1.5,303.442029395731,300.08801022092763,299.0842568561094
38.815660778435266,1.5,303.44221533099835,300.088174978407,299.08440162019264
38.81928637723766,1.5,303.4424012582134,300.0883397320757,299.0845463849213
