0,1,2,3,4
0.0,0.0,298.15,298.15,298.15
0.003625598802395209,1.0,298.1542649743248,298.15,298.15
0.007251197604790418,1.0,298.1585298504236,298.15,298.15
0.010876796407185627,1.0,298.1627946282986,298.15,298.15
0.014502395209580837,1.0,298.1670593079521,298.15,298.15
0.018127994011976047,1.0,298.1713238893864,298.15,298.15
0.021753592814371257,1.0,298.17558837260367,298.15,298.15
0.025379191616766467,1.0,298.17985274155564,298.15,298.15
0.029004790419161677,1.0,298.18411667886494,298.15,298.15
0.03263038922155689,1.0,298.18837947642777,298.15,298.15
0.03625598802395209,1.0,298.19264006654515,298.15,298.15
0.0398815868263473,1.0,298.1968970944778,298.15,298.15
0.043507185628742506,1.0,298.2011489964845,298.15,298.15
0.04713278443113771,1.0,298.20539407046374,298.15,298.15
0.05075838323353292,1.0,298.2096305373551,298.15,298.15
0.054383982035928126,1.0,298.21385659074525,298.15,298.15
0.05800958083832333,1.0,298.2180704375184,298.15,298.15
0.06163517964071854,1.0,298.22227032917266,298.15,298.15
0.06526077844311375,1.0,298.22645458593263,298.15,298.15
0.06888637724550896,1.0,298.2306216142079,298.15,298.15
0.07251197604790417,1.0,298.23476991877175,298.15,298.15
0.07613757485029939,1.0,298.2388981104379,298.15,298.15
0.0797631736526946,1.0,298.2430049101781,298.15,298.15
0.08338877245508981,1.0,298.2470891503741,298.15,298.15
0.08701437125748503,1.0,298.25114977386426,298.15,298.15
0.09063997005988024,1.0,298.2551858313105,298.15,298.15
0.09426556886227545,1.0,298.2591964773369,298.15,298.15
0.09789116766467067,1.0,298.26318096580127,298.15,298.15
0.10151676646706588,1.0,298.2671386444957,298.15,298.15
0.1051423652694611,1.0,298.27106894950765,298.15,298.15
0.10876796407185631,1.0,298.2749713994258,298.15,298.15
0.11239356287425152,1.0,298.2788455895274,298.15,298.15
0.11601916167664673,1.0,298.282691186055,298.15,298.15
0.11964476047904195,1.0,298.2865079206579,298.15,298.15
0.12327035928143716,1.0,298.29029558505306,298.15,298.15
0.12689595808383236,1.0,298.29405402594136,298.15,298.15
0.13052155688622757,1.0,298.29778314020257,298.15,298.15
0.1341471556886228,1.0,298.3014828703805,298.15,298.15
0.137772754491018,1.0,298.3051532004613,298.15,298.15
0.14139835329341321,1.0,298.30879415194346,298.15,298.15
0.14502395209580843,1.0,298.3124057801915,298.15,298.15
0.14864955089820364,1.0,298.31598817106345,298.15,298.15
0.15227514970059886,1.0,298.3195414378003,298.15,298.15
0.15590074850299407,1.0,298.32306571816326,298.15,298.15
0.15952634730538928,1.0,298.3265611718042,298.15,298.15
0.1631519461077845,1.0,298.33002797785514,298.15,298.15
0.1667775449101797,1.0,298.3334663327219,298.15,298.15
0.17040314371257492,1.0,298.33687644806736,298.15,298.15
0.17402874251497014,1.0,298.3402585489705,298.15,298.15
0.17765434131736535,1.0,298.3436128722482,298.15,298.15
0.18127994011976056,1.0,298.34693966492716,298.15,298.15
0.18490553892215578,1.0,298.3502391828534,298.15,298.15
0.188531137724551,1.0,298.3535116894291,298.15,298.15
0.1921567365269462,1.0,298.3567574544661,298.15,298.15
0.19578233532934142,1.0,298.3599767531454,298.15,298.15
0.19940793413173663,1.0,298.3631698650754,298.15,298.15
0.20303353293413184,1.0,298.3663370734393,298.15,298.15
0.20665913173652706,1.0,298.3694786642243,298.15,298.15
0.21028473053892227,1.0,298.37259492552545,298.15,298.15
0.21391032934131748,1.0,298.37568614691827,298.15,298.15
0.2175359281437127,1.0,298.37875261889326,298.15,298.15
0.2211615269461079,1.0,298.38179463234707,298.15,298.15
0.22478712574850312,1.0,298.38481247812643,298.15,298.15
0.22841272455089834,1.0,298.3878064466178,298.15,298.15
0.23203832335329355,1.0,298.39077682738144,298.15,298.15
0.23566392215568877,1.0,298.3937239088241,298.15,298.15
0.23928952095808398,1.0,298.39664797790704,298.15,298.15
0.2429151197604792,1.0,298.39954931988706,298.15,298.15
0.2465407185628744,1.0,298.40242821808664,298.15,298.15
0.2501663173652696,1.0,298.405284953691,298.15,298.15
0.25379191616766483,1.0,298.4081198055699,298.15000000000003,298.15
0.25741751497006005,1.0,298.4109330501209,298.1500000000001,298.15
0.26104311377245526,1.0,298.4137249611333,298.15000000000015,298.15
0.2646687125748505,1.0,298.41649580967027,298.1500000000002,298.15
0.2682943113772457,1.0,298.41924586396743,298.1500000000003,298.15
0.2719199101796409,1.0,298.42197538934624,298.1500000000005,298.15
0.2755455089820361,1.0,298.4246846481415,298.1500000000007,298.15
0.2791711077844313,1.0,298.42737389964094,298.150000000001,298.15
0.28279670658682654,1.0,298.4300434000356,298.15000000000146,298.15
0.28642230538922175,1.0,298.43269340238106,298.150000000002,298.15
0.29004790419161697,1.0,298.4353241565673,298.15000000000276,298.15
0.2936735029940122,1.0,298.4379359092963,298.15000000000373,298.15
0.2972991017964074,1.0,298.4405289040686,298.150000000005,298.15
0.3009247005988026,1.0,298.44310338117447,298.15000000000657,298.15
0.3045502994011978,1.0,298.4456595776929,298.1500000000087,298.15
0.30817589820359303,1.0,298.44819772749474,298.1500000000113,298.15
0.31180149700598825,1.0,298.45071806125145,298.1500000000146,298.15
0.31542709580838346,1.0,298.4532208064477,298.15000000001874,298.15
0.3190526946107787,1.0,298.45570618739765,298.15000000002397,298.15
0.3226782934131739,1.0,298.45817442526584,298.1500000000304,298.15
0.3263038922155691,1.0,298.46062573808905,298.15000000003835,298.15
0.3299294910179643,1.0,298.4630603408031,298.1500000000481,298.15
0.33355508982035953,1.0,298.46547844527004,298.15000000006006,298.15
0.33718068862275474,1.0,298.4678802603091,298.1500000000746,298.15
0.34080628742514996,1.0,298.47026599172796,298.1500000000922,298.15
0.34443188622754517,1.0,298.4726358423568,298.1500000001134,298.15
0.3480574850299404,1.0,298.47499001208286,298.1500000001388,298.15
0.3516830838323356,1.0,298.4773286978865,298.1500000001692,298.15
0.3553086826347308,1.0,298.47965209387826,298.1500000002054,298.15
0.358934281437126,1.0,298.48196039133654,298.15000000024827,298.15
0.36255988023952124,1.0,298.484253778746,298.150000000299,298.15
0.36618547904191645,1.0,298.4865324418366,298.1500000003586,298.15
0.36981107784431166,1.0,298.48879656362277,298.1500000004286,298.15
0.3734366766467069,1.0,298.49104632444323,298.1500000005104,298.15
0.3770622754491021,1.0,298.49328190200043,298.1500000006057,298.15
0.3806878742514973,1.0,298.49550347140064,298.1500000007164,298.15
0.3843134730538925,1.0,298.49771120519387,298.1500000008445,298.15
0.38793907185628773,1.0,298.49990527341356,298.15000000099246,298.15
0.39156467065868295,1.0,298.5020858436164,298.15000000116277,298.15
0.39519026946107816,1.0,298.50425308092144,298.1500000013583,298.15
0.39881586826347337,1.0,298.5064071480499,298.1500000015821,298.15
0.4024414670658686,1.0,298.50854820536375,298.15000000183767,298.15
0.4060670658682638,1.0,298.5106764109045,298.1500000021287,298.15
0.409692664670659,1.0,298.51279192043137,298.15000000245936,298.15
0.4133182634730542,1.0,298.51489488745915,298.1500000028341,298.15
0.41694386227544944,1.0,298.516985463296,298.15000000325784,298.15
0.42056946107784465,1.0,298.5190637970798,298.15000000373584,298.15
0.42419505988023987,1.0,298.52113003581536,298.15000000427386,298.15
0.4278206586826351,1.0,298.5231843244099,298.1500000048783,298.15
0.4314462574850303,1.0,298.525226805709,298.1500000055557,298.15
0.4350718562874255,1.0,298.5272576205313,298.1500000063136,298.15
0.4386974550898207,1.0,298.5292769077032,298.1500000071596,298.15
0.44232305389221593,1.0,298.5312848040928,298.1500000081023,298.15
0.44594865269461115,1.0,298.5332814446433,298.1500000091508,298.15
0.44957425149700636,1.0,298.5352669624055,298.1500000103147,298.15
0.4531998502994016,1.0,298.5372414885708,298.1500000116047,298.15
0.4568254491017968,1.0,298.5392051525024,298.1500000130316,298.15
0.460451047904192,1.0,298.5411580817668,298.15000001460766,298.15
0.4640766467065872,1.0,298.54310040216416,298.1500000163453,298.15
0.46770224550898243,1.0,298.5450322377588,298.15000001825814,298.15
0.47132784431137764,1.0,298.5469537109083,298.15000002036066,298.15
0.47495344311377286,1.0,298.548864942293,298.15000002266794,298.15
0.47857904191616807,1.0,298.55076605094405,298.15000002519633,298.15
0.4822046407185633,1.0,298.5526571542714,298.1500000279629,298.15
0.4858302395209585,1.0,298.5545383680916,298.15000003098584,298.15
0.4894558383233537,1.0,298.5564098066539,298.1500000342843,298.15
0.4930814371257489,1.0,298.5582715826675,298.15000003787867,298.15
0.49670703592814414,1.0,298.5601238073266,298.1500000417902,298.15
0.5003326347305393,1.0,298.5619665903363,298.1500000460413,298.15
0.5039582335329346,1.0,298.56380003993695,298.1500000506558,298.15
0.5075838323353298,1.0,298.565624262929,298.15000005565867,298.15
0.511209431137725,1.0,298.56743936469644,298.15000006107584,298.15
0.5148350299401202,1.0,298.56924544923027,298.150000066935,298.15
0.5184606287425154,1.0,298.5710426191517,298.15000007326466,298.15
0.5220862275449106,1.0,298.57283097573406,298.1500000800951,298.15
0.5257118263473058,1.0,298.5746106189255,298.1500000874578,298.15
0.5293374251497011,1.0,298.5763816473698,298.1500000953857,298.15
0.5329630239520963,1.0,298.5781441584279,298.15000010391304,298.15
0.5365886227544915,1.0,298.57989824819896,298.150000113076,298.15
0.5402142215568867,1.0,298.58164401153977,298.1500001229117,298.15
0.5438398203592819,1.0,298.58338154208525,298.1500001334594,298.15
0.5474654191616771,1.0,298.5851109322679,298.15000014475964,298.15
0.5510910179640723,1.0,298.5868322733365,298.15000015685456,298.15
0.5547166167664676,1.0,298.5885456553751,298.15000016978814,298.15
0.5583422155688628,1.0,298.5902511673216,298.150000183606,298.15
0.561967814371258,1.0,298.5919488969847,298.1500001983554,298.15
0.5655934131736532,1.0,298.59363893106286,298.1500002140855,298.15
0.5692190119760484,1.0,298.5953213551603,298.150000230847,298.15
0.5728446107784436,1.0,298.5969962538048,298.1500002486928,298.15
0.5764702095808388,1.0,298.5986637104636,298.1500002676774,298.15
0.580095808383234,1.0,298.60032380756,298.15000028785727,298.15
0.5837214071856293,1.0,298.6019766264893,298.1500003092906,298.15
0.5873470059880245,1.0,298.603622247634,298.15000033203785,298.15
0.5909726047904197,1.0,298.60526075037933,298.15000035616106,298.15
0.5945982035928149,1.0,298.60689221312845,298.1500003817246,298.15
0.5982238023952101,1.0,298.6085167133165,298.1500004087946,298.15
0.6018494011976053,1.0,298.61013432742584,298.15000043743925,298.15
0.6054750000000005,1.0,298.61174513099945,298.15000046772906,298.15
0.6091005988023958,1.0,298.61334919865504,298.15000049973617,298.15
0.612726197604791,1.0,298.6149466040987,298.1500005335353,298.15
0.6163517964071862,1.0,298.616537420138,298.1500005692029,298.15
0.6199773952095814,1.0,298.6181217186954,298.15000060681774,298.15
0.6236029940119766,1.0,298.61969957082067,298.15000064646085,298.15
0.6272285928143718,1.0,298.6212710467036,298.15000068821513,298.15
0.630854191616767,1.0,298.6228362156864,298.15000073216595,298.15
0.6344797904191622,1.0,298.62439514627573,298.15000077840074,298.15
0.6381053892215575,1.0,298.62594790615464,298.15000082700936,298.15
0.6417309880239527,1.0,298.62749456219393,298.1500008780836,298.15
0.6453565868263479,1.0,298.6290351804642,298.15000093171767,298.15
0.6489821856287431,1.0,298.6305698262463,298.1500009880082,298.15
0.6526077844311383,1.0,298.6320985640429,298.15000104705376,298.15
0.6562333832335335,1.0,298.63362145758913,298.1500011089554,298.15
0.6598589820359287,1.0,298.6351385698631,298.15000117381646,298.15
0.663484580838324,1.0,298.63664996309643,298.15000124174253,298.15
0.6671101796407192,1.0,298.6381556987845,298.15000131284177,298.15
0.6707357784431144,1.0,298.63965583769635,298.1500013872242,298.15
0.6743613772455096,1.0,298.641150439885,298.15000146500256,298.15
0.6779869760479048,1.0,298.6426395646965,298.15000154629166,298.15
0.6816125748503,1.0,298.64412327077986,298.1500016312088,298.15
0.6852381736526952,1.0,298.64560161609637,298.15000171987367,298.15
0.6888637724550905,1.0,298.6470746579287,298.1500018124081,298.15
0.6924893712574857,1.0,298.6485424528903,298.15000190893653,298.15
0.6961149700598809,1.0,298.65000505693365,298.1500020095854,298.15
0.6997405688622761,1.0,298.6514625253594,298.15000211448387,298.15
0.7033661676646713,1.0,298.6529149128251,298.15000222376307,298.15
0.7069917664670665,1.0,298.65436227335323,298.1500023375569,298.15
0.7106173652694617,1.0,298.65580466033975,298.1500024560011,298.15
0.714242964071857,1.0,298.6572421265623,298.1500025792343,298.15
0.7178685628742522,1.0,298.6586747241881,298.15000270739694,298.15
0.7214941616766474,1.0,298.6601025047818,298.1500028406321,298.15
0.7251197604790426,1.0,298.66152551931344,298.1500029790852,298.15
0.7287453592814378,1.0,298.662943818166,298.15000312290374,298.15
0.732370958083833,1.0,298.66435745114285,298.1500032722377,298.15
0.7359965568862282,1.0,298.6657664674751,298.15000342723937,298.15
0.7396221556886234,1.0,298.66717091582916,298.15000358806327,298.15
0.7432477544910187,1.0,298.6685708443134,298.1500037548662,298.15
0.7468733532934139,1.0,298.66996630048567,298.1500039278073,298.15
0.7504989520958091,1.0,298.6713573313602,298.1500041070479,298.15
0.7541245508982043,1.0,298.67274398341397,298.15000429275153,298.15
0.7577501497005995,1.0,298.67412630259395,298.1500044850842,298.15
0.7613757485029947,1.0,298.6755043343234,298.1500046842138,298.15
0.7650013473053899,1.0,298.67687812350863,298.1500048903107,298.15
0.7686269461077851,1.0,298.67824771454514,298.15000510354736,298.15
0.7722525449101804,1.0,298.679613151324,298.1500053240984,298.15
0.7758781437125756,1.0,298.6809744772384,298.1500055521407,298.15
0.7795037425149708,1.0,298.6823317351893,298.15000578785316,298.15
0.783129341317366,1.0,298.6836849675917,298.150006031417,298.15
0.7867549401197612,1.0,298.6850342163807,298.15000628301533,298.15
0.7903805389221564,1.0,298.6863795230171,298.1500065428335,298.15
0.7940061377245516,1.0,298.6877209284934,298.150006811059,298.15
0.7976317365269469,1.0,298.6890584733392,298.1500070878812,298.15
0.8012573353293421,1.0,298.69039219762726,298.1500073734917,298.15
0.8048829341317373,1.0,298.69172214097864,298.150007668084,298.15
0.8085085329341325,1.0,298.69304834256815,298.1500079718536,298.15
0.8121341317365277,1.0,298.69437084112997,298.15000828499814,298.15
0.8157597305389229,1.0,298.6956896749628,298.15000860771704,298.15
0.8193853293413181,1.0,298.69700488193496,298.15000894021176,298.15
0.8230109281437133,1.0,298.69831649948975,298.1500092826857,298.15
0.8266365269461086,1.0,298.6996245646503,298.15000963534396,298.15
0.8302621257485038,1.0,298.7009291140248,298.1500099983939,298.15
0.833887724550899,1.0,298.70223018381114,298.1500103720444,298.15
0.8375133233532942,1.0,298.70352780980215,298.15001075650633,298.15
0.8411389221556894,1.0,298.7048220273901,298.1500111519922,298.15
0.8447645209580846,1.0,298.7061128715714,298.15001155871664,298.15
0.8483901197604798,1.0,298.7074003769515,298.15001197689566,298.15
0.8520157185628751,1.0,298.7086845777493,298.1500124067472,298.15
0.8556413173652703,1.0,298.70996550780177,298.1500128484909,298.15
0.8592669161676655,1.0,298.71124320056845,298.15001330234816,298.15
0.8628925149700607,1.0,298.7125176891357,298.15001376854184,298.15
0.8665181137724559,1.0,298.7137890062213,298.15001424729667,298.15
0.8701437125748511,1.0,298.71505718417853,298.1500147388389,298.15
0.8737693113772463,1.0,298.71632225500065,298.15001524339607,298.15
0.8773949101796416,1.0,298.71758425032476,298.1500157611979,298.15
0.8810205089820368,1.0,298.71884320143624,298.1500162924751,298.15
0.884646107784432,1.0,298.72009913927275,298.15001683746016,298.15
0.8882717065868272,1.0,298.721352094428,298.150017396387,298.15
0.8918973053892224,1.0,298.7226020971562,298.15001796949093,298.15
0.8955229041916176,1.0,298.7238491773755,298.1500185570087,298.15
0.8991485029940128,1.0,298.72509336467226,298.1500191591786,298.15
0.902774101796408,1.0,298.7263346883045,298.1500197762402,298.15
0.9063997005988033,1.0,298.72757317720607,298.1500204084344,298.15
0.9100252994011985,1.0,298.72880885998995,298.15002105600337,298.15
0.9136508982035937,1.0,298.73004176495215,298.15002171919076,298.15
0.9172764970059889,1.0,298.7312719200755,298.1500223982413,298.15
0.9209020958083841,1.0,298.7324993530329,298.150023093401,298.15
0.9245276946107793,1.0,298.7337240911911,298.15002380491717,298.15
0.9281532934131745,1.0,298.7349461616141,298.15002453303833,298.15
0.9317788922155698,1.0,298.7361655910666,298.150025278014,298.15
0.935404491017965,1.0,298.73738240601733,298.150026040095,298.15
0.9390300898203602,1.0,298.7385966326427,298.15002681953314,298.15
0.9426556886227554,1.0,298.73980829682984,298.1500276165813,298.15
0.9462812874251506,1.0,298.7410174241799,298.15002843149347,298.15
0.9499068862275458,1.0,298.7422240400116,298.1500292645248,298.15
0.953532485029941,1.0,298.74342816936377,298.1500301159311,298.15
0.9571580838323362,1.0,298.74462983699937,298.1500309859694,298.15
0.9607836826347315,1.0,298.745829067408,298.1500318748978,298.15
0.9644092814371267,1.0,298.7470258848092,298.15003278297485,298.15
0.9680348802395219,1.0,298.74822031315546,298.15003371046055,298.15
0.9716604790419171,1.0,298.74941237613524,298.15003465761527,298.15
0.9752860778443123,1.0,298.750602097176,298.15003562470054,298.15
0.9789116766467075,1.0,298.75178949944706,298.1500366119787,298.15
0.9825372754491027,1.0,298.7529746058624,298.1500376197126,298.15
0.986162874251498,1.0,298.754157439084,298.15003864816606,298.15
0.9897884730538932,1.0,298.755338021524,298.15003969760363,298.15
0.9934140718562884,1.0,298.75651637534804,298.1500407682905,298.15
0.9970396706586836,1.0,298.7576925224777,298.1500418604927,298.15
1.0006652694610787,1.0,298.7588664845935,298.15004297447666,298.15
1.004290868263474,1.0,298.7600382831374,298.1500441105095,298.15
1.0079164670658691,1.0,298.7612079393155,298.1500452688591,298.15
1.0115420658682643,1.0,298.7623754741008,298.1500464497938,298.15
1.0151676646706596,1.0,298.76354090823565,298.15004765358253,298.15
1.0187932634730548,1.0,298.7647042622345,298.15004888049475,298.15
1.02241886227545,1.0,298.7658655563861,298.1500501308003,298.15
1.0260444610778452,1.0,298.76702481075665,298.1500514047697,298.15
1.0296700598802404,1.0,298.76818204519157,298.1500527026738,298.15
1.0332956586826356,1.0,298.76933727931845,298.15005402478386,298.15
1.0369212574850308,1.0,298.7704905325493,298.1500553713716,298.15
1.040546856287426,1.0,298.77164182408296,298.1500567427092,298.15
1.0441724550898213,1.0,298.77279117290755,298.15005813906885,298.15
1.0477980538922165,1.0,298.77393859780256,298.15005956072355,298.15
1.0514236526946117,1.0,298.7750841173416,298.15006100794636,298.15
1.055049251497007,1.0,298.7762277498942,298.1500624810106,298.15
1.0586748502994021,1.0,298.7773695136286,298.1500639801899,298.15
1.0623004491017973,1.0,298.77850942651355,298.15006550575805,298.15
1.0659260479041925,1.0,298.77964750632066,298.15006705798925,298.15
1.0695516467065878,1.0,298.7807837706268,298.1500686371578,298.15
1.073177245508983,1.0,298.7819182368158,298.1500702435381,298.15
1.0768028443113782,1.0,298.7830509220811,298.15007187740474,298.15
1.0804284431137734,1.0,298.78418184342746,298.15007353903246,298.15
1.0840540419161686,1.0,298.7853110176734,298.15007522869615,298.15
1.0876796407185638,1.0,298.786438461453,298.15007694667065,298.15
1.091305239520959,1.0,298.78756419121794,298.150078693231,298.15
1.0949308383233542,1.0,298.7886882232397,298.15008046865233,298.15
1.0985564371257495,1.0,298.7898105736114,298.1500822732096,298.15000000000003
1.1021820359281447,1.0,298.7909312582499,298.15008410717786,298.1500000000001
1.10580763473054,1.0,298.7920502928976,298.1500859708322,298.1500000000001
1.109433233532935,1.0,298.7931676931245,298.15008786444764,298.1500000000001
1.1130588323353303,1.0,298.79428347433003,298.1500897882991,298.1500000000001
1.1166844311377255,1.0,298.7953976517449,298.15009174266146,298.1500000000001
1.1203100299401207,1.0,298.7965102404332,298.1500937278096,298.15000000000015
1.123935628742516,1.0,298.79762125529385,298.1500957440181,298.1500000000002
1.1275612275449112,1.0,298.79873071106266,298.1500977915614,298.1500000000002
1.1311868263473064,1.0,298.79983862231427,298.1500998707141,298.15000000000026
1.1348124251497016,1.0,298.8009450034636,298.1501019817503,298.15000000000026
1.1384380239520968,1.0,298.8020498687678,298.15010412494405,298.1500000000003
1.142063622754492,1.0,298.80315323232804,298.1501063005691,298.1500000000003
1.1456892215568872,1.0,298.80425510809107,298.1501085088992,298.1500000000004
1.1493148203592825,1.0,298.8053555098509,298.15011075020766,298.15000000000043
1.1529404191616777,1.0,298.8064544512509,298.1501130247675,298.1500000000005
1.1565660179640729,1.0,298.8075519457848,298.1501153328517,298.15000000000055
1.160191616766468,1.0,298.80864800679893,298.15011767473266,298.1500000000006
1.1638172155688633,1.0,298.80974264749335,298.15012005068274,298.15000000000066
1.1674428143712585,1.0,298.810835880924,298.1501224609738,298.1500000000007
1.1710684131736537,1.0,298.8119277200037,298.15012490587736,298.1500000000008
1.174694011976049,1.0,298.81301817750426,298.1501273856648,298.15000000000083
1.1783196107784442,1.0,298.81410726605765,298.1501299006068,298.1500000000009
1.1819452095808394,1.0,298.8151949981576,298.15013245097396,298.150000000001
1.1855708083832346,1.0,298.81628138616145,298.1501350370363,298.15000000000106
1.1891964071856298,1.0,298.8173664422912,298.1501376590635,298.1500000000011
1.192822005988025,1.0,298.81845017863515,298.1501403173248,298.1500000000012
1.1964476047904202,1.0,298.81953260714954,298.15014301208896,298.15000000000134
1.2000732035928154,1.0,298.8206137396598,298.1501457436244,298.15000000000146
1.2036988023952107,1.0,298.82169358786206,298.15014851219894,298.15000000000157
1.2073244011976059,1.0,298.8227721633246,298.1501513180799,298.1500000000017
1.210950000000001,1.0,298.82384947748926,298.1501541615342,298.1500000000018
1.2145755988023963,1.0,298.82492554167277,298.15015704282837,298.15000000000197
1.2182011976047915,1.0,298.826000367068,298.15015996222814,298.15000000000214
1.2218267964071867,1.0,298.82707396474575,298.1501629199989,298.1500000000023
1.225452395209582,1.0,298.82814634565545,298.1501659164054,298.1500000000025
1.2290779940119771,1.0,298.82921752062714,298.1501689517119,298.15000000000265
1.2327035928143724,1.0,298.8302875003724,298.1501720261821,298.1500000000028
1.2363291916167676,1.0,298.8313562954857,298.15017514007894,298.15000000000305
1.2399547904191628,1.0,298.83242391644575,298.1501782936651,298.1500000000033
1.243580389221558,1.0,298.8334903736167,298.15018148720236,298.1500000000035
1.2472059880239532,1.0,298.8345556772495,298.150184720952,298.15000000000373
1.2508315868263484,1.0,298.8356198374831,298.15018799517475,298.150000000004
1.2544571856287436,1.0,298.83668286434545,298.15019131013054,298.1500000000043
1.2580827844311389,1.0,298.8377447677553,298.15019466607885,298.1500000000046
1.261708383233534,1.0,298.8388055575226,298.15019806327837,298.15000000000487
1.2653339820359293,1.0,298.8398652433505,298.15020150198717,298.1500000000052
1.2689595808383245,1.0,298.8409238348358,298.15020498246264,298.1500000000056
1.2725851796407197,1.0,298.84198134147067,298.1502085049614,298.150000000006
1.276210778443115,1.0,298.84303777264347,298.15021206973955,298.1500000000064
1.2798363772455101,1.0,298.8440931376401,298.1502156770524,298.1500000000068
1.2834619760479054,1.0,298.84514744564484,298.1502193271546,298.15000000000725
1.2870875748503006,1.0,298.8462007057418,298.1502230203001,298.15000000000776
1.2907131736526958,1.0,298.84725292691587,298.15022675674186,298.1500000000083
1.294338772455091,1.0,298.8483041180536,298.1502305367326,298.1500000000088
1.2979643712574862,1.0,298.84935428794466,298.1502343605237,298.15000000000936
1.3015899700598814,1.0,298.8504034452825,298.15023822836645,298.1500000000099
1.3052155688622766,1.0,298.85145159866596,298.1502421405109,298.15000000001055
1.3088411676646718,1.0,298.8524987565997,298.1502460972064,298.15000000001123
1.312466766467067,1.0,298.8535449274954,298.1502500987017,298.1500000000119
1.3160923652694623,1.0,298.8545901196732,298.15025414524473,298.1500000000127
1.3197179640718575,1.0,298.8556343413621,298.1502582370826,298.1500000000135
1.3233435628742527,1.0,298.85667760070123,298.1502623744616,298.1500000000143
1.326969161676648,1.0,298.857719905741,298.1502665576273,298.15000000001515
1.3305947604790431,1.0,298.8587612644438,298.15027078682436,298.15000000001606
1.3342203592814383,1.0,298.85980168468495,298.1502750622967,298.15000000001703
1.3378459580838336,1.0,298.86084117425406,298.15027938428756,298.15000000001805
1.3414715568862288,1.0,298.8618797408554,298.1502837530391,298.1500000000191
1.345097155688624,1.0,298.8629173921093,298.1502881687929,298.1500000000202
1.3487227544910192,1.0,298.86395413555266,298.15029263178957,298.15000000002135
1.3523483532934144,1.0,298.8649899786403,298.1502971422688,298.1500000000226
1.3559739520958096,1.0,298.8660249287455,298.15030170046987,298.1500000000239
1.3595995508982048,1.0,298.8670589931611,298.15030630663057,298.1500000000253
1.3632251497006,1.0,298.86809217910024,298.1503109609885,298.1500000000267
1.3668507485029953,1.0,298.8691244936974,298.1503156637799,298.15000000002823
1.3704763473053905,1.0,298.8701559440091,298.15032041524046,298.1500000000298
1.3741019461077857,1.0,298.8711865370147,298.1503252156049,298.15000000003147
1.377727544910181,1.0,298.8722162796176,298.15033006510697,298.1500000000332
1.3813531437125761,1.0,298.87324517864556,298.1503349639798,298.150000000035
1.3849787425149713,1.0,298.874273240852,298.15033991245554,298.1500000000369
1.3886043413173665,1.0,298.8753004729164,298.15034491076534,298.1500000000389
1.3922299401197618,1.0,298.8763268814456,298.15034995913976,298.1500000000411
1.395855538922157,1.0,298.87735247297405,298.15035505780816,298.15000000004324
1.3994811377245522,1.0,298.878377253965,298.15036020699927,298.15000000004557
1.4031067365269474,1.0,298.87940123081114,298.15036540694075,298.150000000048
1.4067323353293426,1.0,298.8804244098352,298.1503706578597,298.1500000000505
1.4103579341317378,1.0,298.88144679729106,298.1503759599818,298.15000000005324
1.413983532934133,1.0,298.88246839936426,298.1503813135323,298.150000000056
1.4176091317365282,1.0,298.8834892221728,298.1503867187354,298.1500000000589
1.4212347305389235,1.0,298.8845092717679,298.1503921758144,298.150000000062
1.4248603293413187,1.0,298.8855285541348,298.1503976849916,298.1500000000652
1.428485928143714,1.0,298.88654707519316,298.1504032464887,298.15000000006853
1.432111526946109,1.0,298.88756484079835,298.1504088605261,298.150000000072
1.4357371257485043,1.0,298.88858185674155,298.1504145273238,298.1500000000757
1.4393627245508995,1.0,298.88959812875083,298.1504202471003,298.1500000000795
1.4429883233532947,1.0,298.8906136624917,298.1504260200737,298.15000000008354
1.44661392215569,1.0,298.8916284635679,298.150431846461,298.1500000000877
1.4502395209580852,1.0,298.8926425375218,298.1504377264783,298.15000000009206
1.4538651197604804,1.0,298.8936558898356,298.1504436603407,298.1500000000966
1.4574907185628756,1.0,298.89466852593125,298.1504496482627,298.1500000001014
1.4611163173652708,1.0,298.8956804511718,298.1504556904575,298.15000000010633
1.464741916167666,1.0,298.89669167086174,298.1504617871376,298.1500000001115
1.4683675149700612,1.0,298.8977021902475,298.15046793851474,298.15000000011696
1.4719931137724565,1.0,298.89871201451837,298.15047414479943,298.15000000012265
1.4756187125748517,1.0,298.89972114880686,298.1504804062015,298.1500000001285
1.4792443113772469,1.0,298.9007295981897,298.15048672292977,298.1500000001347
1.482869910179642,1.0,298.9017373676879,298.15049309519225,298.1500000001411
1.4864955089820373,1.0,298.90274446226783,298.15049952319595,298.15000000014777
1.4901211077844325,1.0,298.9037508868418,298.15050600714704,298.15000000015476
1.4937467065868277,1.0,298.904756646268,298.1505125472507,298.15000000016204
1.497372305389223,1.0,298.90576174535227,298.1505191437112,298.15000000016954
1.5009979041916182,1.0,298.90676618884737,298.15052579673215,298.15000000017744
1.5046235029940134,1.0,298.9077699814545,298.15053250651596,298.1500000001856
1.5082491017964086,1.0,298.90877312782357,298.15053927326426,298.15000000019415
1.5118747005988038,1.0,298.9097756325536,298.1505460971777,298.1500000002031
1.515500299401199,1.0,298.91077750019343,298.1505529784563,298.1500000002123
1.5191258982035942,1.0,298.9117787352423,298.1505599172987,298.15000000022195
1.5227514970059894,1.0,298.9127793421503,298.15056691390316,298.15000000023196
1.5263770958083847,1.0,298.913779325319,298.15057396846663,298.15000000024236
1.5300026946107799,1.0,298.9147786891018,298.1505810811855,298.1500000002532
1.533628293413175,1.0,298.91577743780476,298.1505882522549,298.15000000026447
1.5372538922155703,1.0,298.91677557568676,298.15059548186946,298.1500000002762
1.5408794910179655,1.0,298.91777310696034,298.15060277022263,298.15000000028834
1.5445050898203607,1.0,298.9187700357919,298.1506101175071,298.150000000301
1.548130688622756,1.0,298.9197663663025,298.1506175239146,298.15000000031415
1.5517562874251511,1.0,298.92076210256823,298.15062498963596,298.1500000003278
1.5553818862275464,1.0,298.9217572486205,298.1506325148613,298.150000000342
1.5590074850299416,1.0,298.92275180844695,298.15064009977965,298.1500000003567
1.5626330838323368,1.0,298.9237457859915,298.1506477445793,298.150000000372
1.566258682634732,1.0,298.9247391851552,298.15065544944764,298.1500000003879
1.5698842814371272,1.0,298.9257320097964,298.15066321457107,298.15000000040436
1.5735098802395224,1.0,298.9267242637313,298.1506710401353,298.1500000004214
1.5771354790419176,1.0,298.92771595073464,298.15067892632493,298.1500000004392
1.5807610778443129,1.0,298.92870707453966,298.15068687332393,298.15000000045757
1.584386676646708,1.0,298.9296976388392,298.15069488131525,298.15000000047667
1.5880122754491033,1.0,298.9306876472854,298.1507029504811,298.15000000049645
1.5916378742514985,1.0,298.9316771034909,298.1507110810026,298.15000000051697
1.5952634730538937,1.0,298.9326660110288,298.15071927306036,298.1500000005382
1.598889071856289,1.0,298.933654373433,298.15072752683386,298.1500000005603
1.6025146706586841,1.0,298.93464219419906,298.1507358425018,298.1500000005831
1.6061402694610794,1.0,298.9356294767844,298.150744220242,298.1500000006068
1.6097658682634746,1.0,298.93661622460843,298.1507526602315,298.1500000006313
1.6133914670658698,1.0,298.9376024410535,298.15076116264646,298.15000000065663
1.617017065868265,1.0,298.938588129465,298.1507697276622,298.1500000006829
1.6206426646706602,1.0,298.9395732931518,298.1507783554532,298.1500000007101
1.6242682634730554,1.0,298.94055793538655,298.1507870461931,298.1500000007383
1.6278938622754506,1.0,298.94154205940623,298.1507958000547,298.1500000007675
1.6315194610778458,1.0,298.9425256684126,298.15080461721,298.15000000079766
1.635145059880241,1.0,298.94350876557235,298.15081349783014,298.1500000008289
1.6387706586826363,1.0,298.9444913540176,298.15082244208537,298.15000000086127
1.6423962574850315,1.0,298.94547343684644,298.1508314501453,298.1500000008947
1.6460218562874267,1.0,298.946455017123,298.1508405221785,298.15000000092925
1.649647455089822,1.0,298.947436097878,298.15084965835297,298.15000000096506
1.6532730538922171,1.0,298.9484166821091,298.1508588588357,298.150000001002
1.6568986526946123,1.0,298.9493967727812,298.1508681237929,298.15000000104027
1.6605242514970076,1.0,298.95037637282684,298.1508774533901,298.1500000010798
1.6641498502994028,1.0,298.95135548514673,298.15088684779187,298.15000000112065
1.667775449101798,1.0,298.95233411260966,298.1508963071621,298.1500000011628
1.6714010479041932,1.0,298.95331225805336,298.15090583166375,298.1500000012065
1.6750266467065884,1.0,298.95428992428435,298.1509154214592,298.15000000125156
1.6786522455089836,1.0,298.95526711407865,298.1509250767099,298.15000000129805
1.6822778443113788,1.0,298.95624383018213,298.15093479757644,298.1500000013461
1.685903443113774,1.0,298.95722007531043,298.1509445842188,298.15000000139577
1.6895290419161693,1.0,298.9581958521496,298.15095443679604,298.15000000144704
1.6931546407185645,1.0,298.9591711633565,298.1509643554666,298.15000000149996
1.6967802395209597,1.0,298.96014601155895,298.150974340388,298.1500000015546
1.700405838323355,1.0,298.9611203993561,298.1509843917171,298.1500000016109
1.7040314371257501,1.0,298.96209432931875,298.1509945096099,298.1500000016691
1.7076570359281453,1.0,298.9630678039896,298.1510046942216,298.15000000172915
1.7112826347305405,1.0,298.96404082588356,298.151014945707,298.15000000179106
1.7149082335329358,1.0,298.96501339748824,298.15102526421964,298.15000000185495
1.718533832335331,1.0,298.96598552126403,298.15103564991267,298.15000000192083
1.7221594311377262,1.0,298.96695719964447,298.1510461029383,298.1500000019888
1.7257850299401214,1.0,298.9679284350366,298.1510566234482,298.1500000020589
1.7294106287425166,1.0,298.96889922982103,298.15106721159304,298.1500000021311
1.7330362275449118,1.0,298.9698695863526,298.15107786752304,298.15000000220556
1.736661826347307,1.0,298.9708395069605,298.1510885913874,298.15000000228235
1.7402874251497022,1.0,298.97180899394823,298.1510993833349,298.1500000023615
1.7439130239520975,1.0,298.97277804959435,298.1511102435133,298.150000002443
1.7475386227544927,1.0,298.9737466761526,298.1511211720699,298.15000000252695
1.751164221556888,1.0,298.97471487585204,298.151132169151,298.1500000026135
1.754789820359283,1.0,298.97568265089745,298.15114323490263,298.1500000027026
1.7584154191616783,1.0,298.9766500034696,298.1511543694695,298.1500000027944
1.7620410179640735,1.0,298.97761693572534,298.1511655729962,298.15000000288893
1.7656666167664687,1.0,298.9785834497982,298.15117684562637,298.1500000029863
1.769292215568864,1.0,298.97954954779823,298.1511881875028,298.15000000308646
1.7729178143712592,1.0,298.98051523181255,298.1511995987679,298.15000000318963
1.7765434131736544,1.0,298.9814805039056,298.1512110795632,298.1500000032958
1.7801690119760496,1.0,298.9824453661192,298.15122263002957,298.1500000034051
1.7837946107784448,1.0,298.98340982047296,298.1512342503072,298.15000000351756
1.78742020958084,1.0,298.98437386896444,298.15124594053566,298.1500000036333
1.7910458083832352,1.0,298.9853375135694,298.1512577008538,298.1500000037523
1.7946714071856305,1.0,298.98630075624214,298.15126953139986,298.15000000387477
1.7982970059880257,1.0,298.98726359891555,298.15128143231135,298.15000000400073
1.8019226047904209,1.0,298.9882260435015,298.15129340372505,298.1500000041303
1.805548203592816,1.0,298.98918809189115,298.15130544577727,298.1500000042635
1.8091738023952113,1.0,298.9901497459546,298.15131755860347,298.1500000044005
1.8127994011976065,1.0,298.99111100754214,298.15132974233865,298.15000000454137
1.8164250000000017,1.0,298.99207187848356,298.151341997117,298.15000000468615
1.820050598802397,1.0,298.99303236058864,298.15135432307227,298.15000000483496
1.8236761976047922,1.0,298.99399245564774,298.1513667203373,298.15000000498793
1.8273017964071874,1.0,298.9949521654314,298.1513791890445,298.1500000051451
1.8309273952095826,1.0,298.99591149169106,298.1513917293256,298.15000000530665
1.8345529940119778,1.0,298.996870436159,298.15140434131166,298.15000000547263
1.838178592814373,1.0,298.9978290005486,298.15141702513324,298.1500000056431
1.8418041916167682,1.0,298.9987871865547,298.1514297809201,298.15000000581824
1.8454297904191634,1.0,298.99974499585346,298.1514426088015,298.15000000599815
1.8490553892215587,1.0,299.000702430103,298.1514555089061,298.15000000618284
1.8526809880239539,1.0,299.00165949094327,298.15146848136186,298.1500000063725
1.856306586826349,1.0,299.0026161799963,298.15148152629627,298.15000000656727
1.8599321856287443,1.0,299.0035724988666,298.15149464383614,298.15000000676724
1.8635577844311395,1.0,299.00452844914116,298.15150783410763,298.1500000069725
1.8671833832335347,1.0,299.00548403238963,298.15152109723647,298.1500000071832
1.87080898203593,1.0,299.00643925016453,298.1515344333476,298.1500000073995
1.8744345808383251,1.0,299.00739410400166,298.1515478425656,298.15000000762143
1.8780601796407204,1.0,299.0083485954199,298.1515613250142,298.1500000078492
1.8816857784431156,1.0,299.0093027259217,298.15157488081684,298.1500000080829
1.8853113772455108,1.0,299.01025649699324,298.15158851009613,298.15000000832265
1.888936976047906,1.0,299.01120991010436,298.15160221297435,298.15000000856855
1.8925625748503012,1.0,299.0121629667089,298.15161598957303,298.1500000088208
1.8961881736526964,1.0,299.01311566824506,298.15162984001324,298.1500000090795
1.8998137724550916,1.0,299.01406801613535,298.15164376441544,298.1500000093448
1.9034393712574869,1.0,299.0150200117866,298.15165776289945,298.15000000961686
1.907064970059882,1.0,299.0159716565906,298.1516718355848,298.1500000098958
1.9106905688622773,1.0,299.01692295192373,298.15168598259027,298.1500000101818
1.9143161676646725,1.0,299.01787389914773,298.151700204034,298.15000001047497
1.9179417664670677,1.0,299.0188244996093,298.1517145000339,298.15000001077556
1.921567365269463,1.0,299.0197747546406,298.1517288707071,298.1500000110836
1.9251929640718581,1.0,299.0207246655592,298.15174331617015,298.1500000113993
1.9288185628742534,1.0,299.02167423366853,298.1517578365394,298.15000001172274
1.9324441616766486,1.0,299.0226234602577,298.15177243193034,298.1500000120542
1.9360697604790438,1.0,299.0235723466018,298.1517871024581,298.15000001239383
1.939695359281439,1.0,299.02452089396223,298.15180184823726,298.15000001274177
1.9433209580838342,1.0,299.02546910358654,298.1518166693818,298.1500000130981
1.9469465568862294,1.0,299.0264169767088,298.15183156600534,298.1500000134632
1.9505721556886246,1.0,299.0273645145497,298.1518465382209,298.15000001383714
1.9541977544910198,1.0,299.0283117183165,298.15186158614097,298.15000001422
1.957823353293415,1.0,299.0292585892036,298.1518767098776,298.15000001461203
1.9614489520958103,1.0,299.03020512839237,298.1518919095423,298.15000001501346
1.9650745508982055,1.0,299.03115133705126,298.15190718524616,298.1500000154245
1.9687001497006007,1.0,299.0320972163361,298.1519225370996,298.1500000158453
1.972325748502996,1.0,299.0330427673902,298.1519379652128,298.15000001627607
1.9759513473053911,1.0,299.03398799134453,298.15195346969534,298.1500000167169
1.9795769461077863,1.0,299.03493288931764,298.1519690506562,298.15000001716805
1.9832025449101816,1.0,299.035877462416,298.15198470820405,298.15000001762985
1.9868281437125768,1.0,299.0368217117342,298.152000442447,298.15000001810233
1.990453742514972,1.0,299.03776563835487,298.1520162534927,298.1500000185859
1.9940793413173672,1.0,299.038709243349,298.15203214144844,298.1500000190805
1.9977049401197624,1.0,299.0396525277758,298.15204810642086,298.1500000195865
2.0013305389221574,1.0,299.04059549268317,298.1520641485163,298.1500000201042
2.0049561377245526,1.0,299.0415381391076,298.15208026784046,298.1500000206337
2.008581736526948,1.0,299.0424804680745,298.15209646449875,298.1500000211753
2.012207335329343,1.0,299.0434224805978,298.1521127385961,298.1500000217291
2.0158329341317383,1.0,299.04436417768096,298.1521290902369,298.1500000222955
2.0194585329341335,1.0,299.0453055603163,298.1521455195252,298.1500000228746
2.0230841317365287,1.0,299.0462466294854,298.1521620265645,298.1500000234668
2.026709730538924,1.0,299.0471873861593,298.15217861145806,298.15000002407214
2.030335329341319,1.0,299.04812783129853,298.1521952743084,298.15000002469105
2.0339609281437143,1.0,299.0490679658532,298.1522120152179,298.15000002532366
2.0375865269461095,1.0,299.0500077907633,298.15222883428834,298.1500000259703
2.0412121257485047,1.0,299.05094730695845,298.152245731621,298.1500000266311
2.0448377245509,1.0,299.0518865153584,298.152262707317,298.1500000273065
2.048463323353295,1.0,299.05282541687285,298.1522797614768,298.1500000279966
2.0520889221556904,1.0,299.05376401240187,298.15229689420056,298.15000002870187
2.0557145209580856,1.0,299.0547023028357,298.152314105588,298.15000002942236
2.059340119760481,1.0,299.0556402890549,298.1523313957384,298.1500000301584
2.062965718562876,1.0,299.0565779719307,298.15234876475057,298.15000003091046
2.0665913173652712,1.0,299.05751535232486,298.1523662127231,298.1500000316786
2.0702169161676665,1.0,299.0584524310898,298.15238373975404,298.15000003246325
2.0738425149700617,1.0,299.05938920906885,298.15240134594103,298.15000003326463
2.077468113772457,1.0,299.0603256870962,298.1524190313813,298.15000003408306
2.081093712574852,1.0,299.0612618659972,298.15243679617186,298.1500000349188
2.0847193113772473,1.0,299.0621977465881,298.1524546404091,298.1500000357721
2.0883449101796425,1.0,299.0631333296766,298.15247256418905,298.1500000366435
2.0919705089820377,1.0,299.06406861606155,298.1524905676075,298.15000003753306
2.095596107784433,1.0,299.0650036065333,298.15250865075984,298.1500000384413
2.099221706586828,1.0,299.06593830187364,298.15252681374085,298.1500000393683
2.1028473053892234,1.0,299.0668727028561,298.1525450566451,298.15000004031464
2.1064729041916186,1.0,299.06780681024566,298.1525633795669,298.1500000412805
2.110098502994014,1.0,299.06874062479943,298.15258178259995,298.1500000422663
2.113724101796409,1.0,299.06967414726614,298.15260026583775,298.1500000432723
2.1173497005988042,1.0,299.07060737838657,298.1526188293732,298.1500000442989
2.1209752994011994,1.0,299.0715403188936,298.1526374732991,298.1500000453465
2.1246008982035947,1.0,299.07247296951226,298.1526561977078,298.1500000464153
2.12822649700599,1.0,299.0734053309597,298.15267500269124,298.1500000475057
2.131852095808385,1.0,299.07433740394555,298.15269388834105,298.15000004861815
2.1354776946107803,1.0,299.0752691891718,298.15271285474853,298.150000049753
2.1391032934131755,1.0,299.07620068733297,298.1527319020044,298.15000005091053
2.1427288922155707,1.0,299.077131899116,298.15275103019934,298.1500000520912
2.146354491017966,1.0,299.07806282520073,298.15277023942355,298.15000005329534
2.149980089820361,1.0,299.0789934662596,298.1527895297667,298.15000005452333
2.1536056886227564,1.0,299.0799238229578,298.15280890131856,298.15000005577565
2.1572312874251516,1.0,299.0808538959537,298.1528283541681,298.1500000570526
2.160856886227547,1.0,299.08178368589836,298.15284788840415,298.1500000583547
2.164482485029942,1.0,299.08271319343606,298.1528675041152,298.15000005968216
2.168108083832337,1.0,299.08364241920424,298.15288720138943,298.1500000610356
2.1717336826347324,1.0,299.08457136383345,298.1529069803146,298.1500000624153
2.1753592814371276,1.0,299.0855000279477,298.1529268409783,298.1500000638217
2.178984880239523,1.0,299.0864284121642,298.15294678346754,298.15000006525526
2.182610479041918,1.0,299.08735651709367,298.1529668078691,298.15000006671636
2.1862360778443133,1.0,299.0882843433404,298.15298691426966,298.15000006820554
2.1898616766467085,1.0,299.0892118915022,298.1530071027552,298.15000006972303
2.1934872754491037,1.0,299.09013916217066,298.15302737341176,298.1500000712696
2.197112874251499,1.0,299.09106615593083,298.15304772632476,298.15000007284533
2.200738473053894,1.0,299.09199287336196,298.15306816157937,298.15000007445093
2.2043640718562894,1.0,299.09291931503674,298.15308867926063,298.1500000760869
2.2079896706586846,1.0,299.0938454815223,298.15310927945296,298.15000007775353
2.21161526946108,1.0,299.09477137337933,298.15312996224077,298.15000007945133
2.215240868263475,1.0,299.09569699116287,298.153150727708,298.1500000811809
2.21886646706587,1.0,299.096622335422,298.1531715759383,298.1500000829426
2.2224920658682654,1.0,299.0975474067001,298.1531925070151,298.150000084737
2.2261176646706606,1.0,299.0984722055346,298.1532135210213,298.15000008656455
2.229743263473056,1.0,299.09939673245754,298.15323461803985,298.15000008842577
2.233368862275451,1.0,299.1003209879953,298.15325579815305,298.15000009032116
2.2369944610778463,1.0,299.10124497266867,298.15327706144313,298.15000009225116
2.2406200598802415,1.0,299.1021686869929,298.15329840799194,298.15000009421647
2.2442456586826367,1.0,299.10309213147815,298.1533198378811,298.15000009621747
2.247871257485032,1.0,299.1040153066288,298.1533413511919,298.1500000982547
2.251496856287427,1.0,299.1049382129443,298.1533629480053,298.1500001003287
2.2551224550898223,1.0,299.10586085091865,298.15338462840197,298.15000010244006
2.2587480538922176,1.0,299.1067832210408,298.1534063924624,298.1500001045893
2.2623736526946128,1.0,299.1077053237947,298.15342824026675,298.15000010677704
2.265999251497008,1.0,299.1086271596588,298.1534501718948,298.1500001090038
2.269624850299403,1.0,299.1095487291072,298.1534721874262,298.1500001112701
2.2732504491017984,1.0,299.1104700326086,298.15349428694014,298.1500001135766
2.2768760479041936,1.0,299.1113910706269,298.1535164705158,298.1500001159237
2.280501646706589,1.0,299.11231184362146,298.1535387382318,298.1500001183122
2.284127245508984,1.0,299.1132323520464,298.1535610901667,298.15000012074256
2.2877528443113793,1.0,299.11415259635163,298.1535835263986,298.1500001232154
2.2913784431137745,1.0,299.11507257698196,298.15360604700555,298.1500001257315
2.2950040419161697,1.0,299.11599229437786,298.15362865206515,298.1500001282912
2.298629640718565,1.0,299.1169117489752,298.15365134165484,298.15000013089525
2.30225523952096,1.0,299.1178309412053,298.1536741158517,298.15000013354427
2.3058808383233553,1.0,299.11874987149497,298.1536969747326,298.1500001362389
2.3095064371257505,1.0,299.1196685402668,298.1537199183742,298.15000013897975
2.3131320359281458,1.0,299.1205869479389,298.1537429468528,298.1500001417675
2.316757634730541,1.0,299.12150509492506,298.15376606024455,298.1500001446028
2.320383233532936,1.0,299.1224229816349,298.1537892586252,298.15000014748625
2.3240088323353314,1.0,299.12334060847377,298.15381254207034,298.1500001504186
2.3276344311377266,1.0,299.124257975843,298.1538359106553,298.1500001534004
2.331260029940122,1.0,299.12517508413964,298.1538593644552,298.1500001564325
2.334885628742517,1.0,299.1260919337568,298.15388290354474,298.15000015951546
2.3385112275449123,1.0,299.12700852508345,298.1539065279985,298.15000016265
2.3421368263473075,1.0,299.12792485850474,298.15393023789096,298.1500001658368
2.3457624251497027,1.0,299.12884093440175,298.15395403329603,298.15000016907663
2.349388023952098,1.0,299.1297567531519,298.1539779142875,298.15000017237014
2.353013622754493,1.0,299.13067231512855,298.1540018809391,298.1500001757181
2.3566392215568883,1.0,299.13158762070145,298.154025933324,298.1500001791212
2.3602648203592835,1.0,299.1325026702364,298.15405007151537,298.15000018258024
2.3638904191616787,1.0,299.13341746409577,298.15407429558604,298.1500001860959
2.367516017964074,1.0,299.1343320026381,298.1540986056087,298.15000018966896
2.371141616766469,1.0,299.1352462862182,298.1541230016556,298.1500001933001
2.3747672155688644,1.0,299.13616031518757,298.1541474837989,298.1500001969902
2.3783928143712596,1.0,299.13707408989404,298.1541720521106,298.15000020074
2.382018413173655,1.0,299.137987610682,298.1541967066623,298.1500002045502
2.38564401197605,1.0,299.1389008778923,298.1542214475253,298.1500002084217
2.3892696107784452,1.0,299.13981389186245,298.15424627477097,298.15000021235534
2.3928952095808405,1.0,299.1407266529265,298.1542711884702,298.1500002163517
2.3965208083832357,1.0,299.1416391614154,298.1542961886937,298.15000022041175
2.400146407185631,1.0,299.14255141765653,298.154321275512,298.1500002245363
2.403772005988026,1.0,299.1434634219741,298.1543464489954,298.1500002287261
2.4073976047904213,1.0,299.14437517468923,298.154371709214,298.1500002329821
2.4110232035928165,1.0,299.1452866761197,298.15439705623754,298.1500002373051
2.4146488023952117,1.0,299.1461979265802,298.15442249013574,298.1500002416959
2.418274401197607,1.0,299.1471089263823,298.1544480109778,298.1500002461554
2.421900000000002,1.0,299.1480196758346,298.154473618833,298.15000025068446
2.4255255988023974,1.0,299.1489301752425,298.1544993137702,298.1500002552839
2.4291511976047926,1.0,299.1498404249086,298.1545250958582,298.15000025995477
2.432776796407188,1.0,299.1507504251323,298.15455096516547,298.1500002646977
2.436402395209583,1.0,299.1516601762102,298.1545769217603,298.1500002695138
2.4400279940119782,1.0,299.1525696784361,298.1546029657107,298.1500002744039
2.4436535928143734,1.0,299.15347893210077,298.1546290970845,298.1500002793689
2.4472791916167687,1.0,299.1543879374922,298.1546553159494,298.15000028440977
2.450904790419164,1.0,299.1552966948957,298.15468162237283,298.1500002895273
2.454530389221559,1.0,299.15620520459356,298.1547080164219,298.1500002947227
2.4581559880239543,1.0,299.1571134668656,298.15473449816375,298.1500002999967
2.4617815868263495,1.0,299.1580214819889,298.15476106766505,298.15000030535026
2.4654071856287447,1.0,299.15892925023775,298.15478772499233,298.1500003107845
2.46903278443114,1.0,299.1598367718839,298.15481447021205,298.15000031630024
2.472658383233535,1.0,299.1607440471964,298.15484130339024,298.1500003218985
2.4762839820359304,1.0,299.1616510764419,298.1548682245929,298.15000032758036
2.4799095808383256,1.0,299.1625578598844,298.1548952338859,298.15000033334667
2.483535179640721,1.0,299.16346439778533,298.15492233133455,298.1500003391986
2.487160778443116,1.0,299.1643706904038,298.1549495170043,298.150000345137
2.490786377245511,1.0,299.1652767379963,298.1549767909603,298.150000351163
2.4944119760479064,1.0,299.16618254081703,298.1550041532673,298.15000035727763
2.4980375748503016,1.0,299.1670880991177,298.15503160399027,298.15000036348187
2.501663173652697,1.0,299.1679934131477,298.1550591431935,298.1500003697769
2.505288772455092,1.0,299.16889848315407,298.15508677094135,298.1500003761636
2.5089143712574873,1.0,299.16980330938156,298.15511448729796,298.1500003826432
2.5125399700598825,1.0,299.1707078920726,298.1551422923273,298.1500003892167
2.5161655688622777,1.0,299.1716122314674,298.1551701860929,298.1500003958852
2.519791167664673,1.0,299.1725163278039,298.1551981686585,298.1500004026498
2.523416766467068,1.0,299.1734201813179,298.1552262400872,298.1500004095117
2.5270423652694634,1.0,299.174323792243,298.1552544004423,298.1500004164718
2.5306679640718586,1.0,299.17522716081055,298.15528264978656,298.1500004235314
2.534293562874254,1.0,299.17613028725,298.15531098818286,298.1500004306916
2.537919161676649,1.0,299.1770331717884,298.1553394156936,298.15000043795345
2.541544760479044,1.0,299.177935814651,298.1553679323812,298.1500004453183
2.5451703592814394,1.0,299.1788382160609,298.15539653830774,298.1500004527871
2.5487959580838346,1.0,299.1797403762392,298.15542523353525,298.1500004603612
2.55242155688623,1.0,299.1806422954049,298.15545401812545,298.1500004680415
2.556047155688625,1.0,299.18154397377515,298.1554828921399,298.1500004758296
2.5596727544910203,1.0,299.182445411565,298.15551185563993,298.1500004837264
2.5632983532934155,1.0,299.1833466089878,298.1555409086868,298.1500004917332
2.5669239520958107,1.0,299.1842475662548,298.1555700513415,298.1500004998512
2.570549550898206,1.0,299.1851482835755,298.15559928366474,298.15000050808163
2.574175149700601,1.0,299.1860487611573,298.15562860571725,298.15000051642585
2.5778007485029963,1.0,299.18694899920615,298.1556580175595,298.15000052488494
2.5814263473053916,1.0,299.1878489979259,298.1556875192516,298.1500005334602
2.5850519461077868,1.0,299.1887487575187,298.1557171108537,298.15000054215295
2.588677544910182,1.0,299.18964827818485,298.15574679242553,298.1500005509644
2.592303143712577,1.0,299.190547560123,298.15577656402695,298.150000559896
2.5959287425149724,1.0,299.19144660353004,298.15580642571734,298.1500005689488
2.5995543413173676,1.0,299.19234540860117,298.1558363775561,298.15000057812426
2.603179940119763,1.0,299.1932439755299,298.1558664196023,298.15000058742373
2.606805538922158,1.0,299.1941423045081,298.1558965519149,298.1500005968485
2.6104311377245533,1.0,299.19504039572587,298.15592677455265,298.15000060639983
2.6140567365269485,1.0,299.1959382493719,298.15595708757417,298.1500006160792
2.6176823353293437,1.0,299.19683586563303,298.15598749103776,298.1500006258878
2.621307934131739,1.0,299.1977332446947,298.15601798500177,298.15000063582715
2.624933532934134,1.0,299.1986303867407,298.15604856952416,298.1500006458986
2.6285591317365293,1.0,299.1995272919534,298.15607924466275,298.1500006561035
2.6321847305389245,1.0,299.20042396051343,298.15611001047535,298.1500006664433
2.6358103293413198,1.0,299.20132039260017,298.15614086701925,298.15000067691943
2.639435928143715,1.0,299.20221658839125,298.15617181435186,298.15000068753324
2.64306152694611,1.0,299.203112548063,298.1562028525304,298.1500006982861
2.6466871257485054,1.0,299.2040082717902,298.15623398161165,298.15000070917966
2.6503127245509006,1.0,299.20490375974634,298.15626520165256,298.1500007202152
2.653938323353296,1.0,299.2057990121034,298.1562965127096,298.15000073139424
2.657563922155691,1.0,299.2066940290319,298.15632791483927,298.1500007427183
2.6611895209580863,1.0,299.20758881070105,298.1563594080977,298.1500007541888
2.6648151197604815,1.0,299.2084833572788,298.15639099254116,298.15000076580725
2.6684407185628767,1.0,299.20937766893144,298.15642266822533,298.15000077757526
2.672066317365272,1.0,299.2102717458243,298.15645443520606,298.15000078949413
2.675691916167667,1.0,299.2111655881212,298.1564862935388,298.15000080156557
2.6793175149700623,1.0,299.21205919598475,298.156518243279,298.15000081379105
2.6829431137724575,1.0,299.2129525695761,298.1565502844818,298.1500008261721
2.6865687125748527,1.0,299.21384570905536,298.1565824172021,298.1500008387104
2.690194311377248,1.0,299.21473861458134,298.156614641495,298.1500008514074
2.693819910179643,1.0,299.21563128631146,298.156646957415,298.15000086426477
2.6974455089820384,1.0,299.2165237244021,298.1566793650165,298.150000877284
2.7010711077844336,1.0,299.2174159290084,298.15671186435395,298.1500008904668
2.704696706586829,1.0,299.21830790028423,298.15674445548154,298.1500009038147
2.708322305389224,1.0,299.21919963838246,298.1567771384531,298.1500009173294
2.7119479041916192,1.0,299.2200911434547,298.1568099133225,298.15000093101247
2.7155735029940145,1.0,299.2209824156512,298.1568427801434,298.1500009448656
2.7191991017964097,1.0,299.22187345512157,298.1568757389692,298.1500009588905
2.722824700598805,1.0,299.2227642620138,298.15690878985316,298.15000097308877
2.7264502994012,1.0,299.2236548364753,298.15694193284844,298.1500009874622
2.7300758982035953,1.0,299.22454517865197,298.15697516800793,298.15000100201235
2.7337014970059905,1.0,299.22543528868874,298.15700849538456,298.150001016741
2.7373270958083857,1.0,299.2263251667297,298.15704191503073,298.1500010316499
2.740952694610781,1.0,299.22721481291757,298.1570754269989,298.15000104674067
2.744578293413176,1.0,299.2281042273943,298.15710903134146,298.1500010620152
2.7482038922155714,1.0,299.22899341030063,298.15714272811033,298.1500010774751
2.7518294910179666,1.0,299.2298823617765,298.1571765173575,298.1500010931223
2.755455089820362,1.0,299.23077108196077,298.1572103991348,298.1500011089584
2.759080688622757,1.0,299.23165957099127,298.1572443734937,298.15000112498535
2.7627062874251522,1.0,299.23254782900494,298.15727844048564,298.1500011412048
2.7663318862275474,1.0,299.2334358561377,298.1573126001619,298.15000115761876
2.7699574850299427,1.0,299.2343236525246,298.1573468525735,298.15000117422886
2.773583083832338,1.0,299.2352112182998,298.1573811977713,298.150001191037
2.777208682634733,1.0,299.2360985535964,298.15741563580616,298.15000120804507
2.7808342814371283,1.0,299.2369856585467,298.15745016672855,298.150001225255
2.7844598802395235,1.0,299.23787253328214,298.15748479058897,298.1500012426685
2.7880854790419187,1.0,299.23875917793316,298.1575195074375,298.1500012602876
2.791711077844314,1.0,299.2396455926294,298.1575543173243,298.15000127811396
2.795336676646709,1.0,299.24053177749977,298.1575892202993,298.15000129614975
2.7989622754491044,1.0,299.2414177326722,298.15762421641216,298.15000131439683
2.8025878742514996,1.0,299.2423034582737,298.15765930571246,298.150001332857
2.806213473053895,1.0,299.2431889544307,298.15769448824966,298.1500013515324
2.80983907185629,1.0,299.2440742212686,298.15772976407294,298.1500013704249
2.813464670658685,1.0,299.2449592589121,298.1577651332313,298.1500013895365
2.8170902694610804,1.0,299.2458440674851,298.1578005957737,298.1500014088691
2.8207158682634756,1.0,299.24672864711084,298.15783615174894,298.1500014284248
2.824341467065871,1.0,299.2476129979116,298.1578718012055,298.1500014482055
2.827967065868266,1.0,299.2484971200089,298.15790754419174,298.1500014682133
2.8315926646706613,1.0,299.24938101352365,298.15794338075597,298.15000148845024
2.8352182634730565,1.0,299.25026467857606,298.1579793109462,298.1500015089183
2.8388438622754517,1.0,299.25114811528545,298.1580153348104,298.15000152961966
2.842469461077847,1.0,299.2520313237704,298.15805145239625,298.1500015505562
2.846095059880242,1.0,299.25291430414904,298.1580876637514,298.15000157173023
2.8497206586826374,1.0,299.25379705653853,298.1581239689231,298.1500015931436
2.8533462574850326,1.0,299.2546795810555,298.1581603679588,298.15000161479867
2.856971856287428,1.0,299.2555618778158,298.1581968609054,298.1500016366974
2.860597455089823,1.0,299.2564439469348,298.15823344780995,298.15000165884203
2.864223053892218,1.0,299.25732578852694,298.15827012871904,298.1500016812346
2.8678486526946134,1.0,299.25820740270626,298.1583069036794,298.15000170387725
2.8714742514970086,1.0,299.259088789586,298.1583437727373,298.1500017267723
2.875099850299404,1.0,299.25996994927874,298.1583807359391,298.1500017499218
2.878725449101799,1.0,299.26085088189666,298.1584177933309,298.15000177332803
2.8823510479041943,1.0,299.26173158755114,298.1584549449586,298.15000179699325
2.8859766467065895,1.0,299.2626120663528,298.1584921908679,298.1500018209195
2.8896022455089847,1.0,299.2634923184121,298.15852953110453,298.1500018451091
2.89322784431138,1.0,299.26437234383855,298.1585669657138,298.1500018695644
2.896853443113775,1.0,299.2652521427412,298.158604494741,298.15000189428764
2.9004790419161703,1.0,299.26613171522854,298.1586421182312,298.150001919281
2.9041046407185656,1.0,299.2670110614084,298.15867983622957,298.15000194454683
2.9077302395209608,1.0,299.26789018138834,298.1587176487806,298.15000197008743
2.911355838323356,1.0,299.2687690752749,298.1587555559291,298.15000199590514
2.914981437125751,1.0,299.2696477431746,298.1587935577194,298.15000202200224
2.9186070359281464,1.0,299.2705261851929,298.15883165419575,298.15000204838117
2.9222326347305416,1.0,299.2714044014353,298.1588698454025,298.1500020750442
2.925858233532937,1.0,299.2722823920062,298.1589081313833,298.15000210199366
2.929483832335332,1.0,299.2731601570099,298.1589465121822,298.150002129232
2.9331094311377273,1.0,299.2740376965501,298.15898498784276,298.1500021567617
2.9367350299401225,1.0,299.27491501073007,298.15902355840836,298.150002184585
2.9403606287425177,1.0,299.2757920996523,298.15906222392243,298.15000221270446
2.943986227544913,1.0,299.2766689634191,298.15910098442805,298.15000224112237
2.947611826347308,1.0,299.2775456021322,298.15913983996825,298.15000226984137
2.9512374251497033,1.0,299.2784220158929,298.1591787905858,298.1500022988638
2.9548630239520985,1.0,299.279298204802,298.1592178363234,298.1500023281923
2.9584886227544938,1.0,299.2801741689598,298.15925697722355,298.15000235782907
2.962114221556889,1.0,299.2810499084663,298.1592962133285,298.1500023877768
2.965739820359284,1.0,299.28192542342083,298.1593355446804,298.150002418038
2.9693654191616794,1.0,299.28280071392265,298.1593749713215,298.1500024486152
2.9729910179640746,1.0,299.2836757800701,298.15941449329335,298.150002479511
2.97661661676647,1.0,299.28455062196167,298.15945411063774,298.15000251072786
2.980242215568865,1.0,299.2854252396949,298.1594938233962,298.1500025422684
2.9838678143712603,1.0,299.28629963336726,298.1595336316101,298.15000257413527
2.9874934131736555,1.0,299.28717380307575,298.15957353532065,298.15000260633093
2.9911190119760507,1.0,299.2880477489169,298.1596135345688,298.15000263885815
2.994744610778446,1.0,299.28892147098685,298.15965362939556,298.1500026717195
2.998370209580841,1.0,299.2897949693815,298.15969381984144,298.1500027049176
3.0019958083832363,1.0,299.2906682441962,298.1597341059471,298.15000273845504
3.0056214071856315,1.0,299.2915412955261,298.15977448775294,298.15000277233463
3.0092470059880267,1.0,299.29241412346573,298.15981496529906,298.15000280655903
3.012872604790422,1.0,299.29328672810965,298.15985553862566,298.1500028411309
3.016498203592817,1.0,299.2941591095516,298.15989620777253,298.150002876053
3.0201238023952124,1.0,299.2950312678853,298.1599369727795,298.15000291132804
3.0237494011976076,1.0,299.2959032032041,298.159977833686,298.1500029469587
3.027375000000003,1.0,299.29677491560085,298.1600187905316,298.15000298294785
3.031000598802398,1.0,299.2976464051682,298.16005984335544,298.1500030192982
3.0346261976047932,1.0,299.29851767199847,298.16010099219665,298.1500030560126
3.0382517964071885,1.0,299.29938871618356,298.1601422370941,298.15000309309374
3.0418773952095837,1.0,299.3002595378152,298.1601835780866,298.1500031305446
3.045502994011979,1.0,299.3011301369846,298.1602250152127,298.1500031683678
3.049128592814374,1.0,299.30200051378296,298.16026654851083,298.1500032065663
3.0527541916167693,1.0,299.3028706683009,298.1603081780193,298.15000324514295
3.0563797904191645,1.0,299.3037406006289,298.16034990377625,298.1500032841006
3.0600053892215597,1.0,299.3046103108571,298.1603917258196,298.1500033234422
3.063630988023955,1.0,299.3054797990753,298.16043364418704,298.1500033631706
3.06725658682635,1.0,299.3063490653731,298.16047565891625,298.15000340328874
3.0708821856287454,1.0,299.30721810983977,298.1605177700448,298.15000344379956
3.0745077844311406,1.0,299.3080869325644,298.1605599776099,298.150003484706
3.078133383233536,1.0,299.3089555336357,298.1606022816487,298.15000352601095
3.081758982035931,1.0,299.30982391314217,298.1606446821982,298.1500035677175
3.0853845808383262,1.0,299.3106920711721,298.16068717929517,298.1500036098285
3.0890101796407214,1.0,299.3115600078134,298.1607297729762,298.15000365234715
3.0926357784431167,1.0,299.3124277231538,298.1607724632779,298.1500036952763
3.096261377245512,1.0,299.3132952172808,298.16081525023657,298.1500037386191
3.099886976047907,1.0,299.31416249028166,298.16085813388844,298.1500037823785
3.1035125748503023,1.0,299.31502954224334,298.16090111426934,298.1500038265577
3.1071381736526975,1.0,299.3158963732526,298.16094419141524,298.15000387115964
3.1107637724550927,1.0,299.316762983396,298.16098736536173,298.1500039161874
3.114389371257488,1.0,299.31762937276,298.1610306361445,298.1500039616442
3.118014970059883,1.0,299.3184955414305,298.1610740037987,298.15000400753314
3.1216405688622784,1.0,299.3193614894934,298.16111746835963,298.1500040538573
3.1252661676646736,1.0,299.32022721703447,298.16116102986234,298.1500041006199
3.128891766467069,1.0,299.3210927241391,298.1612046883417,298.1500041478241
3.132517365269464,1.0,299.32195801089244,298.16124844383233,298.150004195473
3.136142964071859,1.0,299.3228230773797,298.16129229636886,298.1500042435699
3.1397685628742544,1.0,299.3236879236857,298.16133624598564,298.15000429211807
3.1433941616766496,1.0,299.32455254989503,298.16138029271684,298.1500043411205
3.147019760479045,1.0,299.32541695609217,298.16142443659663,298.15000439058065
3.15064535928144,1.0,299.3262811423614,298.1614686776589,298.1500044405017
3.1542709580838353,1.0,299.3271451087868,298.1615130159373,298.15000449088694
3.1578965568862305,1.0,299.32800885545237,298.1615574514655,298.15000454173963
3.1615221556886257,1.0,299.3288723824417,298.16160198427684,298.1500045930632
3.165147754491021,1.0,299.3297356898385,298.16164661440456,298.15000464486076
3.168773353293416,1.0,299.3305987777261,298.1616913418818,298.15000469713584
3.1723989520958114,1.0,299.3314616461877,298.16173616674155,298.15000474989165
3.1760245508982066,1.0,299.33232429530636,298.1617810890164,298.1500048031317
3.179650149700602,1.0,299.33318672516504,298.16182610873915,298.1500048568592
3.183275748502997,1.0,299.33404893584645,298.1618712259421,298.1500049110777
3.186901347305392,1.0,299.3349109274331,298.1619164406576,298.1500049657905
3.1905269461077874,1.0,299.3357727000076,298.1619617529177,298.15000502100116
3.1941525449101826,1.0,299.33663425365205,298.1620071627545,298.150005076713
3.197778143712578,1.0,299.33749558844875,298.16205267019967,298.1500051329295
3.201403742514973,1.0,299.3383567044796,298.1620982752848,298.15000518965417
3.2050293413173683,1.0,299.3392176018266,298.16214397804146,298.1500052468905
3.2086549401197635,1.0,299.3400782805714,298.16218977850093,298.150005304642
3.2122805389221587,1.0,299.3409387407955,298.16223567669437,298.15000536291217
3.215906137724554,1.0,299.3417989825804,298.16228167265274,298.1500054217045
3.219531736526949,1.0,299.3426590060076,298.16232776640686,298.1500054810226
3.2231573353293443,1.0,299.34351881115816,298.1623739579874,298.1500055408701
3.2267829341317396,1.0,299.34437839811324,298.16242024742496,298.1500056012505
3.2304085329341348,1.0,299.3452377669538,298.16246663474976,298.1500056621674
3.23403413173653,1.0,299.34609691776063,298.16251311999196,298.1500057236245
3.237659730538925,1.0,299.3469558506146,298.1625597031816,298.1500057856253
3.2412853293413204,1.0,299.34781456559625,298.1626063843486,298.1500058481735
3.2449109281437156,1.0,299.3486730627861,298.16265316352263,298.15000591127284
3.248536526946111,1.0,299.3495313422646,298.16270004073317,298.1500059749269
3.252162125748506,1.0,299.35038940411204,298.16274701600963,298.1500060391394
3.2557877245509013,1.0,299.35124724840864,298.1627940893812,298.150006103914
3.2594133233532965,1.0,299.3521048752345,298.1628412608769,298.1500061692546
3.2630389221556917,1.0,299.3529622846697,298.1628885305257,298.15000623516477
3.266664520958087,1.0,299.35381947679394,298.16293589835624,298.1500063016484
3.270290119760482,1.0,299.35467645168734,298.16298336439706,298.1500063687091
3.2739157185628773,1.0,299.35553320942955,298.1630309286767,298.1500064363508
3.2775413173652725,1.0,299.3563897501001,298.16307859122315,298.1500065045772
3.2811669161676678,1.0,299.35724607377864,298.16312635206475,298.15000657339226
3.284792514970063,1.0,299.3581021805446,298.16317421122926,298.1500066427997
3.288418113772458,1.0,299.3589580704775,298.1632221687445,298.1500067128034
3.2920437125748534,1.0,299.35981374365656,298.163270224638,298.1500067834072
3.2956693113772486,1.0,299.3606692001611,298.16331837893716,298.1500068546151
3.299294910179644,1.0,299.3615244400702,298.1633666316694,298.15000692643093
3.302920508982039,1.0,299.36237946346307,298.16341498286175,298.1500069988586
3.3065461077844343,1.0,299.3632342704186,298.1634634325411,298.150007071902
3.3101717065868295,1.0,299.3640888610159,298.16351198073426,298.1500071455652
3.3137973053892247,1.0,299.3649432353337,298.16356062746786,298.15000721985206
3.31742290419162,1.0,299.365797393451,298.1636093727684,298.1500072947667
3.321048502994015,1.0,299.3666513354464,298.1636582166621,298.1500073703129
3.3246741017964103,1.0,299.3675050613987,298.1637071591752,298.15000744649484
3.3282997005988055,1.0,299.3683585713865,298.1637562003336,298.1500075233165
3.3319252994012007,1.0,299.36921186548847,298.1638053401631,298.150007600782
3.335550898203596,1.0,299.3700649437831,298.1638545786894,298.15000767889524
3.339176497005991,1.0,299.37091780634887,298.163903915938,298.1500077576605
3.3428020958083864,1.0,299.3717704532641,298.1639533519342,298.1500078370817
3.3464276946107816,1.0,299.3726228846073,298.16400288670314,298.1500079171631
3.350053293413177,1.0,299.37347510045686,298.16405252027,298.15000799790874
3.353678892215572,1.0,299.3743271008909,298.16410225265946,298.1500080793228
3.3573044910179672,1.0,299.3751788859878,298.1641520838962,298.15000816140946
3.3609300898203625,1.0,299.3760304558256,298.16420201400484,298.15000824417285
3.3645556886227577,1.0,299.3768818104826,298.16425204300975,298.1500083276172
3.368181287425153,1.0,299.3777329500367,298.16430217093506,298.1500084117467
3.371806886227548,1.0,299.3785838745663,298.1643523978048,298.1500084965656
3.3754324850299433,1.0,299.3794345841492,298.1644027236429,298.1500085820781
3.3790580838323385,1.0,299.3802850788635,298.16445314847306,298.1500086682885
3.3826836826347337,1.0,299.38113535878705,298.1645036723189,298.15000875520104
3.386309281437129,1.0,299.3819854239979,298.1645542952038,298.1500088428201
3.389934880239524,1.0,299.3828352745739,298.16460501715096,298.1500089311499
3.3935604790419194,1.0,299.38368491059293,298.16465583818353,298.15000902019483
3.3971860778443146,1.0,299.3845343321329,298.1647067583243,298.1500091099592
3.40081167664671,1.0,299.38538353927146,298.16475777759615,298.1500092004474
3.404437275449105,1.0,299.3862325320866,298.16480889602167,298.15000929166376
3.4080628742515002,1.0,299.38708131065596,298.16486011362315,298.1500093836127
3.4116884730538954,1.0,299.3879298750573,298.1649114304231,298.1500094762987
3.4153140718562907,1.0,299.3887782253684,298.1649628464435,298.15000956972614
3.418939670658686,1.0,299.38962636166696,298.1650143617062,298.15000966389937
3.422565269461081,1.0,299.39047428403063,298.1650659762332,298.15000975882293
3.4261908682634763,1.0,299.39132199253703,298.1651176900461,298.1500098545013
3.4298164670658715,1.0,299.39216948726386,298.1651695031662,298.15000995093897
3.4334420658682667,1.0,299.3930167682888,298.1652214156151,298.1500100481405
3.437067664670662,1.0,299.39386383568944,298.16527342741375,298.1500101461103
3.440693263473057,1.0,299.3947106895434,298.1653255385831,298.150010244853
3.4443188622754524,1.0,299.3955573299282,298.16537774914417,298.1500103443731
3.4479444610778476,1.0,299.3964037569215,298.1654300591175,298.1500104446752
3.451570059880243,1.0,299.3972499706008,298.16548246852363,298.150010545764
3.455195658682638,1.0,299.3980959710438,298.165534977383,298.15001064764397
3.458821257485033,1.0,299.39894175832785,298.1655875857156,298.15001075031984
3.4624468562874284,1.0,299.3997873325307,298.16564029354174,298.1500108537962
3.4660724550898236,1.0,299.40063269372985,298.16569310088113,298.1500109580777
3.469698053892219,1.0,299.4014778420028,298.16574600775357,298.150011063169
3.473323652694614,1.0,299.4023227774271,298.16579901417845,298.15001116907496
3.4769492514970093,1.0,299.40316750008026,298.1658521201754,298.15001127580007
3.4805748502994045,1.0,299.40401201003976,298.16590532576345,298.1500113833492
3.4842004491017997,1.0,299.40485630738334,298.16595863096177,298.15001149172707
3.487826047904195,1.0,299.4057003921884,298.1660120357893,298.15001160093834
3.49145164670659,1.0,299.4065442645325,298.1660655402648,298.150011710988
3.4950772455089854,1.0,299.40738792449315,298.1661191444069,298.1500118218807
3.4987028443113806,1.0,299.40823137214795,298.16617284823394,298.1500119336213
3.502328443113776,1.0,299.4090746075744,298.1662266517643,298.15001204621456
3.505954041916171,1.0,299.40991763085,298.16628055501604,298.1500121596654
3.509579640718566,1.0,299.41076044205244,298.1663345580071,298.1500122739787
3.5132052395209614,1.0,299.4116030412592,298.1663886607554,298.1500123891593
3.5168308383233566,1.0,299.4124454285478,298.1664428632785,298.15001250521215
3.520456437125752,1.0,299.41328760399597,298.16649716559397,298.15001262214207
3.524082035928147,1.0,299.4141295676812,298.16655156771907,298.15001273995415
3.5277076347305423,1.0,299.41497131968106,298.16660606967093,298.15001285865316
3.5313332335329375,1.0,299.4158128600733,298.1666606714667,298.1500129782442
3.5349588323353327,1.0,299.4166541889354,298.1667153731231,298.15001309873224
3.538584431137728,1.0,299.417495306345,298.16677017465696,298.1500132201222
3.542210029940123,1.0,299.41833621237987,298.1668250760847,298.1500133424192
3.5458356287425183,1.0,299.4191769071175,298.1668800774228,298.15001346562815
3.5494612275449136,1.0,299.42001739063573,298.16693517868737,298.1500135897542
3.5530868263473088,1.0,299.42085766301216,298.1669903798946,298.1500137148025
3.556712425149704,1.0,299.4216977243245,298.16704568106036,298.150013840778
3.560338023952099,1.0,299.42253757465045,298.1671010822004,298.1500139676859
3.5639636227544944,1.0,299.42337721406784,298.1671565833303,298.1500140955312
3.5675892215568896,1.0,299.4242166426543,298.1672121844655,298.15001422431914
3.571214820359285,1.0,299.4250558604877,298.16726788562124,298.15001435405486
3.57484041916168,1.0,299.4258948676458,298.16732368681267,298.1500144847435
3.5784660179640753,1.0,299.4267336642065,298.16737958805487,298.1500146163903
3.5820916167664705,1.0,299.42757225024747,298.16743558936247,298.1500147490005
3.5857172155688657,1.0,299.4284106258467,298.1674916907502,298.1500148825792
3.589342814371261,1.0,299.42924879108205,298.16754789223256,298.15001501713175
3.592968413173656,1.0,299.43008674603124,298.1676041938238,298.1500151526634
3.5965940119760513,1.0,299.43092449077244,298.1676605955382,298.1500152891794
3.6002196107784465,1.0,299.4317620253834,298.1677170973898,298.15001542668494
3.6038452095808418,1.0,299.4325993499422,298.1677736993924,298.1500155651856
3.607470808383237,1.0,299.43343646452684,298.16783040155974,298.1500157046865
3.611096407185632,1.0,299.43427336921525,298.1678872039054,298.150015845193
3.6147220059880274,1.0,299.43511006408556,298.16794410644275,298.1500159867106
3.6183476047904226,1.0,299.4359465492157,298.168001109185,298.15001612924453
3.621973203592818,1.0,299.4367828246839,298.1680582121453,298.1500162728003
3.625598802395213,1.0,299.4376188905682,298.16811541533656,298.15001641738326
3.6292244011976083,1.0,299.4384547469468,298.1681727187715,298.1500165629988
3.6328500000000035,1.0,299.4392903938978,298.1682301224628,298.1500167096525
3.6364755988023987,1.0,299.4401258314994,298.16828762642285,298.1500168573498
3.640101197604794,1.0,299.4409610598299,298.1683452306641,298.15001700609605
3.643726796407189,1.0,299.44179607896746,298.1684029351986,298.15001715589693
3.6473523952095843,1.0,299.44263088899044,298.16846074003837,298.15001730675783
3.6509779940119795,1.0,299.44346548997714,298.16851864519526,298.1500174586844
3.6546035928143747,1.0,299.44429988200585,298.16857665068085,298.1500176116821
3.65822919161677,1.0,299.445134065155,298.1686347565069,298.1500177657565
3.661854790419165,1.0,299.445968039503,298.16869296268453,298.1500179209133
3.6654803892215604,1.0,299.4468018051282,298.16875126922514,298.15001807715805
3.6691059880239556,1.0,299.4476353621091,298.1688096761398,298.1500182344964
3.672731586826351,1.0,299.44846871052425,298.1688681834393,298.1500183929339
3.676357185628746,1.0,299.4493018504522,298.1689267911345,298.15001855247624
3.6799827844311412,1.0,299.4501347819713,298.16898549923604,298.15001871312916
3.6836083832335365,1.0,299.4509675051604,298.16904430775423,298.15001887489836
3.6872339820359317,1.0,299.451800020098,298.1691032166995,298.15001903778955
3.690859580838327,1.0,299.4526323268628,298.16916222608205,298.1500192018084
3.694485179640722,1.0,299.4534644255334,298.16922133591163,298.15001936696063
3.6981107784431173,1.0,299.4542963161886,298.1692805461983,298.15001953325213
3.7017363772455125,1.0,299.4551279989072,298.16933985695164,298.15001970068863
3.7053619760479077,1.0,299.4559594737679,298.1693992681812,298.1500198692759
3.708987574850303,1.0,299.4567907408496,298.16945877989633,298.15002003901986
3.712613173652698,1.0,299.4576218002311,298.1695183921064,298.1500202099262
3.7162387724550934,1.0,299.45845265199125,298.1695781048203,298.15002038200083
3.7198643712574886,1.0,299.45928329620904,298.169637918047,298.1500205552496
3.723489970059884,1.0,299.4601137329635,298.1696978317953,298.15002072967854
3.727115568862279,1.0,299.46094396233366,298.1697578460738,298.1500209052934
3.7307411676646742,1.0,299.46177398439835,298.16981796089107,298.1500210821001
3.7343667664670694,1.0,299.4626037992368,298.16987817625534,298.15002126010467
3.7379923652694647,1.0,299.46343340692806,298.16993849217465,298.15002143931304
3.74161796407186,1.0,299.4642628075514,298.16999890865713,298.1500216197312
3.745243562874255,1.0,299.4650920011858,298.17005942571063,298.150021801365
3.7488691616766503,1.0,299.4659209879106,298.1701200433428,298.1500219842207
3.7524947604790455,1.0,299.466749767805,298.17018076156126,298.15002216830425
3.7561203592814407,1.0,299.46757834094836,298.1702415803734,298.1500223536215
3.759745958083836,1.0,299.46840670741994,298.17030249978643,298.1500225401787
3.763371556886231,1.0,299.46923486729924,298.1703635198075,298.150022727982
3.7669971556886264,1.0,299.4700628206655,298.17042464044346,298.1500229170373
3.7706227544910216,1.0,299.47089056759813,298.17048586170125,298.1500231073509
3.774248353293417,1.0,299.47171810817684,298.1705471835875,298.1500232989288
3.777873952095812,1.0,299.47254544248096,298.17060860610854,298.1500234917772
3.781499550898207,1.0,299.4733725705901,298.1706701292709,298.1500236859022
3.7851251497006024,1.0,299.4741994925839,298.1707317530807,298.1500238813101
3.7887507485029976,1.0,299.47502620854186,298.17079347754407,298.1500240780071
3.792376347305393,1.0,299.47585271854376,298.1708553026667,298.15002427599933
3.796001946107788,1.0,299.4766790226693,298.1709172284546,298.15002447529315
3.7996275449101833,1.0,299.4775051209982,298.1709792549132,298.15002467589477
3.8032531437125785,1.0,299.4783310136103,298.171041382048,298.1500248778104
3.8068787425149737,1.0,299.4791567005853,298.17110360986425,298.1500250810464
3.810504341317369,1.0,299.47998218200314,298.17116593836715,298.1500252856091
3.814129940119764,1.0,299.4808074579437,298.17122836756175,298.1500254915047
3.8177555389221594,1.0,299.481632528487,298.1712908974529,298.1500256987398
3.8213811377245546,1.0,299.482457393713,298.17135352804513,298.1500259073205
3.82500673652695,1.0,299.4832820537016,298.1714162593432,298.1500261172533
3.828632335329345,1.0,299.48410650853293,298.17147909135144,298.15002632854464
3.83225793413174,1.0,299.48493075828713,298.17154202407414,298.1500265412008
3.8358835329341354,1.0,299.4857548030443,298.17160505751536,298.15002675522834
3.8395091317365306,1.0,299.48657864288464,298.1716681916791,298.1500269706337
3.843134730538926,1.0,299.4874022778883,298.1717314265692,298.1500271874233
3.846760329341321,1.0,299.48822570813553,298.1717947621893,298.1500274056037
3.8503859281437163,1.0,299.4890489337068,298.17185819854285,298.1500276251812
3.8540115269461115,1.0,299.48987195468214,298.1719217356334,298.15002784616263
3.8576371257485067,1.0,299.49069477114216,298.17198537346405,298.1500280685543
3.861262724550902,1.0,299.4915173831672,298.172049112038,298.1500282923629
3.864888323353297,1.0,299.4923397908377,298.17211295135803,298.15002851759493
3.8685139221556923,1.0,299.4931619942342,298.1721768914271,298.150028744257
3.8721395209580876,1.0,299.49398399343715,298.17224093224775,298.1500289723557
3.8757651197604828,1.0,299.49480578852723,298.17230507382243,298.1500292018977
3.879390718562878,1.0,299.49562737958485,298.1723693161536,298.15002943288965
3.883016317365273,1.0,299.4964487666909,298.17243365924344,298.15002966533825
3.8866419161676684,1.0,299.49726994992585,298.17249810309403,298.1500298992501
3.8902675149700636,1.0,299.49809092937056,298.17256264770725,298.1500301346319
3.893893113772459,1.0,299.49891170510574,298.1726272930849,298.1500303714904
3.897518712574854,1.0,299.4997322772122,298.17269203922854,298.15003060983236
3.9011443113772493,1.0,299.5005526457709,298.1727568861397,298.15003084966446
3.9047699101796445,1.0,299.5013728108625,298.17282183381974,298.15003109099354
3.9083955089820397,1.0,299.5021927725681,298.1728868822699,298.15003133382635
3.912021107784435,1.0,299.50301253096853,298.17295203149115,298.1500315781697
3.91564670658683,1.0,299.5038320861449,298.1730172814844,298.1500318240304
3.9192723053892253,1.0,299.50465143817826,298.1730826322505,298.15003207141535
3.9228979041916205,1.0,299.5054705871496,298.1731480837899,298.1500323203314
3.9265235029940158,1.0,299.50628953314003,298.1732136361032,298.1500325707853
3.930149101796411,1.0,299.5071082762307,298.1732792891907,298.15003282278406
3.933774700598806,1.0,299.5079268165029,298.1733450430527,298.1500330763346
3.9374002994012014,1.0,299.50874515403785,298.17341089768905,298.1500333314438
3.9410258982035966,1.0,299.50956328891675,298.1734768530998,298.1500335881186
3.944651497005992,1.0,299.5103812212209,298.17354290928466,298.150033846366
3.948277095808387,1.0,299.5111989510317,298.1736090662433,298.15003410619306
3.9519026946107823,1.0,299.51201647843055,298.1736753239751,298.15003436760657
3.9555282934131775,1.0,299.51283380349884,298.17374168247943,298.1500346306138
3.9591538922155727,1.0,299.51365092631806,298.17380814175556,298.15003489522155
3.962779491017968,1.0,299.5144678469697,298.1738747018025,298.150035161437
3.966405089820363,1.0,299.5152845655353,298.17394136261913,298.1500354292672
3.9700306886227583,1.0,299.5161010820964,298.1740081242043,298.1500356987192
3.9736562874251535,1.0,299.51691739673464,298.1740749865566,298.1500359698002
3.9772818862275487,1.0,299.5177335095317,298.17414194967444,298.1500362425172
3.980907485029944,1.0,299.51854942056923,298.17420901355626,298.15003651687744
3.984533083832339,1.0,299.51936512992893,298.1742761782003,298.15003679288805
3.9881586826347344,1.0,299.52018063769265,298.1743434436045,298.15003707055615
3.9917842814371296,1.0,299.5209959439421,298.1744108097669,298.15003734988903
3.995409880239525,1.0,299.5218110487592,298.1744782766853,298.15003763089385
3.99903547904192,1.0,299.5226259522259,298.1745458443573,298.15003791357776
4.002661077844315,1.0,299.52344065442395,298.17461351278035,298.15003819794816
4.00628667664671,1.0,299.5242551554353,298.1746812819519,298.1500384840122
4.009912275449104,1.0,299.525069455342,298.17474915186926,298.1500387717772
4.013537874251499,1.0,299.52588355422614,298.1748171225293,298.1500390612505
4.017163473053894,1.0,299.5266974521696,298.17488519392924,298.1500393524393
4.020789071856289,1.0,299.52751114925474,298.1749533660658,298.1500396453511
4.024414670658683,1.0,299.52832464556343,298.17502163893556,298.15003993999306
4.028040269461078,1.0,299.52913794117796,298.17509001253524,298.1500402363728
4.031665868263473,1.0,299.5299510361806,298.17515848686105,298.1500405344974
4.035291467065868,1.0,299.53076393065345,298.1752270619094,298.15004083437447
4.0389170658682625,1.0,299.53157662467885,298.1752957376764,298.15004113601134
4.042542664670657,1.0,299.5323891183391,298.175364514158,298.15004143941553
4.046168263473052,1.0,299.53320141171656,298.17543339135005,298.15004174459443
4.049793862275447,1.0,299.5340135048936,298.1755023692484,298.1500420515556
4.053419461077842,1.0,299.5348253979527,298.1755714478485,298.1500423603064
4.057045059880236,1.0,299.53563709097625,298.17564062714575,298.1500426708544
4.060670658682631,1.0,299.5364485840467,298.1757099071357,298.1500429832072
4.064296257485026,1.0,299.53725987724664,298.17577928781327,298.1500432973723
4.067921856287421,1.0,299.5380709706586,298.17584876917357,298.1500436133571
4.071547455089815,1.0,299.5388818643652,298.17591835121164,298.1500439311695
4.07517305389221,1.0,299.5396925584491,298.17598803392207,298.15004425081685
4.078798652694605,1.0,299.54050305299273,298.17605781729964,298.1500445723068
4.082424251497,1.0,299.54131334807903,298.1761277013387,298.1500448956471
4.0860498502993945,1.0,299.5421234437906,298.17619768603385,298.1500452208453
4.089675449101789,1.0,299.5429333402103,298.1762677713791,298.15004554790903
4.093301047904184,1.0,299.5437430374209,298.1763379573687,298.1500458768461
4.096926646706579,1.0,299.5445525355051,298.1764082439965,298.15004620766405
4.100552245508974,1.0,299.5453618345459,298.1764786312564,298.15004654037074
4.104177844311368,1.0,299.54617093462605,298.1765491191421,298.15004687497384
4.107803443113763,1.0,299.54697983582867,298.17661970764715,298.15004721148114
4.111429041916158,1.0,299.5477885382366,298.17669039676497,298.15004754990036
4.115054640718553,1.0,299.5485970419328,298.1767611864889,298.1500478902393
4.118680239520947,1.0,299.5494053470003,298.17683207681205,298.1500482325058
4.122305838323342,1.0,299.55021345352225,298.17690306772755,298.15004857670766
4.125931437125737,1.0,299.55102136158166,298.1769741592282,298.15004892285276
4.129557035928132,1.0,299.55182907126164,298.17704535130684,298.15004927094884
4.1331826347305265,1.0,299.55263658264533,298.1771166439561,298.1500496210039
4.136808233532921,1.0,299.5534438958159,298.1771880371685,298.15004997302583
4.140433832335316,1.0,299.5542510108566,298.17725953093634,298.15005032702254
4.144059431137711,1.0,299.5550579278507,298.17733112525195,298.1500506830019
4.147685029940106,1.0,299.55586464688145,298.1774028201075,298.15005104097185
4.1513106287425,1.0,299.5566711680321,298.1774746154948,298.15005140094036
4.154936227544895,1.0,299.55747749138607,298.17754651140586,298.15005176291544
4.15856182634729,1.0,299.55828361702663,298.1776185078324,298.1500521269051
4.162187425149685,1.0,299.5590895450372,298.177690604766,298.1500524929173
4.165813023952079,1.0,299.55989527550116,298.17776280219806,298.15005286096016
4.169438622754474,1.0,299.5607008085021,298.17783510012,298.1500532310416
4.173064221556869,1.0,299.5615061441233,298.177907498523,298.15005360316985
4.176689820359264,1.0,299.5623112824485,298.1779799973981,298.15005397735285
4.1803154191616585,1.0,299.5631162235611,298.17805259673634,298.1500543535987
4.183941017964053,1.0,299.5639209675447,298.1781252965285,298.1500547319157
4.187566616766448,1.0,299.5647255144828,298.17819809676524,298.1500551123118
4.191192215568843,1.0,299.5655298644592,298.1782709974372,298.1500554947952
4.194817814371238,1.0,299.5663340175574,298.1783439985348,298.15005587937407
4.198443413173632,1.0,299.56713797386107,298.1784171000483,298.1500562660566
4.202069011976027,1.0,299.56794173345406,298.178490301968,298.150056654851
4.205694610778422,1.0,299.56874529642005,298.1785636042838,298.1500570457655
4.209320209580817,1.0,299.56954866284275,298.1786370069858,298.1500574388083
4.212945808383211,1.0,299.57035183280595,298.17871051006375,298.1500578339877
4.216571407185606,1.0,299.5711548063936,298.1787841135073,298.15005823131196
4.220197005988001,1.0,299.5719575836893,298.17885781730604,298.15005863078943
4.223822604790396,1.0,299.57276016477715,298.1789316214493,298.1500590324283
4.2274482035927905,1.0,299.5735625497409,298.1790055259265,298.1500594362369
4.231073802395185,1.0,299.57436473866454,298.1790795307268,298.15005984222375
4.23469940119758,1.0,299.57516673163207,298.17915363583927,298.15006025039696
4.238324999999975,1.0,299.57596852872734,298.17922784125284,298.15006066076506
4.24195059880237,1.0,299.5767701300344,298.17930214695616,298.1500610733364
4.245576197604764,1.0,299.5775715356373,298.1793765529381,298.15006148811943
4.249201796407159,1.0,299.5783727456201,298.17945105918716,298.1500619051225
4.252827395209554,1.0,299.57917376006674,298.1795256656918,298.15006232435417
4.256452994011949,1.0,299.57997457906146,298.17960037244023,298.15006274582277
4.260078592814343,1.0,299.58077520268836,298.1796751794207,298.1500631695369
4.263704191616738,1.0,299.58157563103157,298.1797500866213,298.15006359550495
4.267329790419133,1.0,299.5823758641753,298.17982509403,298.1500640237355
4.270955389221528,1.0,299.5831759022036,298.1799002016345,298.15006445423705
4.2745809880239225,1.0,299.58397574520086,298.1799754094226,298.15006488701823
4.278206586826317,1.0,299.58477539325116,298.1800507173818,298.15006532208736
4.281832185628712,1.0,299.58557484643893,298.18012612549956,298.1500657594533
4.285457784431107,1.0,299.58637410484835,298.18020163376326,298.1500661991245
4.289083383233502,1.0,299.58717316856377,298.18027724216,298.1500666411096
4.292708982035896,1.0,299.5879720376695,298.1803529506771,298.1500670854172
4.296334580838291,1.0,299.5887707122499,298.18042875930126,298.150067532056
4.299960179640686,1.0,299.5895691923893,298.1805046680195,298.15006798103474
4.303585778443081,1.0,299.5903674781723,298.18058067681847,298.15006843236193
4.307211377245475,1.0,299.5911655696831,298.1806567856848,298.1500688860464
4.31083697604787,1.0,299.59196346700617,298.18073299460497,298.1500693420968
4.314462574850265,1.0,299.5927611702261,298.18080930356535,298.15006980052186
4.31808817365266,1.0,299.59355867942725,298.1808857125521,298.1500702613303
4.3217137724550545,1.0,299.59435599469407,298.18096222155145,298.150070724531
4.325339371257449,1.0,299.59515311611125,298.1810388305494,298.1500711901327
4.328964970059844,1.0,299.5959500437632,298.18111553953185,298.1500716581441
4.332590568862239,1.0,299.5967467777346,298.18119234848456,298.15007212857415
4.336216167664634,1.0,299.59754331810996,298.18126925739307,298.1500726014316
4.339841766467028,1.0,299.5983396649738,298.1813462662431,298.1500730767254
4.343467365269423,1.0,299.59913581841096,298.18142337501996,298.15007355446426
4.347092964071818,1.0,299.59993177850595,298.18150058370895,298.1500740346571
4.350718562874213,1.0,299.6007275453434,298.18157789229525,298.15007451731293
4.354344161676607,1.0,299.6015231190081,298.18165530076396,298.1500750024406
4.357969760479002,1.0,299.6023184995846,298.1817328091,298.15007549004906
4.361595359281397,1.0,299.60311368715776,298.18181041728826,298.1500759801472
4.365220958083792,1.0,299.60390868181224,298.18188812531344,298.15007647274416
4.3688465568861865,1.0,299.6047034836327,298.18196593316,298.15007696784863
4.372472155688581,1.0,299.6054980927041,298.1820438408126,298.15007746546985
4.376097754490976,1.0,299.60629250911114,298.1821218482555,298.1500779656168
4.379723353293371,1.0,299.60708673293857,298.18219995547304,298.1500784682984
4.383348952095766,1.0,299.60788076427133,298.18227816244934,298.1500789735239
4.38697455089816,1.0,299.6086746031942,298.1823564691683,298.15007948130216
4.390600149700555,1.0,299.6094682497919,298.18243487561404,298.1500799916423
4.39422574850295,1.0,299.61026170414954,298.18251338177026,298.1500805045536
4.397851347305345,1.0,299.6110549663518,298.1825919876206,298.15008102004504
4.401476946107739,1.0,299.6118480364837,298.1826706931486,298.1500815381257
4.405102544910134,1.0,299.61264091463016,298.1827494983378,298.15008205880474
4.408728143712529,1.0,299.6134336008761,298.1828284031715,298.1500825820914
4.412353742514924,1.0,299.6142260953064,298.18290740763297,298.1500831079949
4.4159793413173185,1.0,299.61501839800604,298.1829865117052,298.15008363652436
4.419604940119713,1.0,299.61581050906005,298.18306571537136,298.15008416768893
4.423230538922108,1.0,299.61660242855345,298.1831450186143,298.150084701498
4.426856137724503,1.0,299.61739415657115,298.1832244214167,298.1500852379607
4.430481736526898,1.0,299.61818569319826,298.1833039237613,298.15008577708636
4.434107335329292,1.0,299.61897703851974,298.1833835256307,298.15008631888423
4.437732934131687,1.0,299.6197681926207,298.18346322700717,298.15008686336364
4.441358532934082,1.0,299.62055915558614,298.18354302787327,298.15008741053384
4.444984131736477,1.0,299.62134992750117,298.1836229282111,298.15008796040416
4.448609730538871,1.0,299.6221405084508,298.18370292800273,298.1500885129841
4.452235329341266,1.0,299.6229308985203,298.1837830272303,298.15008906828285
4.455860928143661,1.0,299.62372109779466,298.1838632258755,298.15008962630986
4.459486526946056,1.0,299.62451110635897,298.1839435239203,298.1500901870745
4.4631121257484505,1.0,299.6253009242985,298.18402392134624,298.15009075058623
4.466737724550845,1.0,299.62609055169827,298.184104418135,298.15009131685446
4.47036332335324,1.0,299.6268799886435,298.184185014268,298.15009188588857
4.473988922155635,1.0,299.62766923521934,298.1842657097265,298.15009245769807
4.47761452095803,1.0,299.628458291511,298.18434650449177,298.1500930322925
4.481240119760424,1.0,299.62924715760363,298.18442739854504,298.15009360968116
4.484865718562819,1.0,299.63003583358244,298.18450839186727,298.15009418987376
4.488491317365214,1.0,299.63082431953273,298.18458948443936,298.1500947728797
4.492116916167609,1.0,299.63161261553955,298.1846706762421,298.15009535870865
4.495742514970003,1.0,299.6324007216883,298.18475196725615,298.15009594737
4.499368113772398,1.0,299.63318863806415,298.18483335746225,298.15009653887347
4.502993712574793,1.0,299.63397636475247,298.18491484684074,298.1500971332286
4.506619311377188,1.0,299.63476390183837,298.18499643537206,298.150097730445
4.5102449101795825,1.0,299.6355512494071,298.1850781230364,298.1500983305322
4.513870508981977,1.0,299.6363384075441,298.18515990981416,298.1500989335
4.517496107784372,1.0,299.6371253763345,298.1852417956851,298.15009953935794
4.521121706586767,1.0,299.6379121558638,298.18532378062935,298.1501001481157
4.524747305389162,1.0,299.638698746217,298.18540586462666,298.1501007597831
4.528372904191556,1.0,299.6394851474797,298.1854880476569,298.1501013743696
4.531998502993951,1.0,299.64027135973714,298.18557032969966,298.1501019918851
4.535624101796346,1.0,299.6410573830745,298.1856527107345,298.15010261233925
4.539249700598741,1.0,299.64184321757733,298.18573519074073,298.1501032357418
4.542875299401135,1.0,299.64262886333086,298.1858177696978,298.15010386210264
4.54650089820353,1.0,299.6434143204205,298.18590044758486,298.1501044914314
4.550126497005925,1.0,299.64419958893154,298.1859832243811,298.15010512373794
4.55375209580832,1.0,299.64498466894946,298.18606610006555,298.1501057590321
4.5573776946107145,1.0,299.6457695605595,298.186149074617,298.1501063973236
4.561003293413109,1.0,299.64655426384707,298.1862321480143,298.1501070386224
4.564628892215504,1.0,299.6473387788976,298.18631532023625,298.15010768293837
4.568254491017899,1.0,299.6481231057964,298.1863985912615,298.1501083302813
4.571880089820294,1.0,299.64890724462896,298.1864819610683,298.1501089806611
4.575505688622688,1.0,299.64969119548067,298.18656542963527,298.1501096340877
4.579131287425083,1.0,299.65047495843686,298.18664899694073,298.15011029057104
4.582756886227478,1.0,299.651258533583,298.1867326629627,298.150110950121
4.586382485029873,1.0,299.65204192100447,298.1868164276795,298.15011161274765
4.590008083832267,1.0,299.65282512078664,298.1869002910689,298.1501122784608
4.593633682634662,1.0,299.65360813301504,298.186984253109,298.1501129472706
4.597259281437057,1.0,299.6543909577751,298.18706831377756,298.1501136191869
4.600884880239452,1.0,299.6551735951522,298.1871524730521,298.15011429421986
4.6045104790418465,1.0,299.6559560452317,298.18723673091046,298.15011497237936
4.608136077844241,1.0,299.65673830809914,298.18732108733,298.1501156536755
4.611761676646636,1.0,299.65752038383994,298.1874055422882,298.1501163381185
4.615387275449031,1.0,299.6583022725396,298.18749009576226,298.15011702571826
4.619012874251426,1.0,299.6590839742834,298.18757474772946,298.1501177164849
4.62263847305382,1.0,299.6598654891569,298.1876594981669,298.1501184104286
4.626264071856215,1.0,299.6606468172456,298.1877443470516,298.1501191075594
4.62988967065861,1.0,299.6614279586349,298.1878292943605,298.1501198078875
4.633515269461005,1.0,299.66220891341015,298.1879143400702,298.1501205114231
4.637140868263399,1.0,299.662989681657,298.18799948415773,298.15012121817625
4.640766467065794,1.0,299.6637702634608,298.1880847265994,298.15012192815726
4.644392065868189,1.0,299.664550658907,298.18817006737197,298.15012264137624
4.648017664670584,1.0,299.6653308680811,298.18825550645175,298.1501233578434
4.6516432634729785,1.0,299.66611089106857,298.18834104381517,298.15012407756905
4.655268862275373,1.0,299.6668907279548,298.1884266794383,298.1501248005634
4.658894461077768,1.0,299.66767037882533,298.1885124132974,298.15012552683675
4.662520059880163,1.0,299.6684498437656,298.18859824536844,298.1501262563993
4.666145658682558,1.0,299.66922912286105,298.1886841756274,298.1501269892615
4.669771257484952,1.0,299.6700082161972,298.1887702040502,298.15012772543344
4.673396856287347,1.0,299.67078712385944,298.18885633061245,298.15012846492556
4.677022455089742,1.0,299.67156584593323,298.18894255528994,298.15012920774825
4.680648053892137,1.0,299.67234438250404,298.18902887805814,298.15012995391174
4.684273652694531,1.0,299.67312273365735,298.18911529889255,298.15013070342656
4.687899251496926,1.0,299.67390089947867,298.18920181776855,298.150131456303
4.691524850299321,1.0,299.6746788800534,298.1892884346615,298.1501322125514
4.695150449101716,1.0,299.67545667546693,298.18937514954644,298.1501329721823
4.6987760479041105,1.0,299.67623428580487,298.18946196239864,298.15013373520605
4.702401646706505,1.0,299.67701171115255,298.189548873193,298.15013450163315
4.7060272455089,1.0,299.67778895159546,298.18963588190445,298.1501352714741
4.709652844311295,1.0,299.67856600721905,298.1897229885078,298.15013604473916
4.71327844311369,1.0,299.6793428781088,298.1898101929778,298.1501368214391
4.716904041916084,1.0,299.68011956435004,298.18989749528913,298.1501376015842
4.720529640718479,1.0,299.6808960660283,298.1899848954162,298.15013838518513
4.724155239520874,1.0,299.68167238322906,298.19007239333365,298.1501391722523
4.727780838323269,1.0,299.6824485160376,298.19015998901574,298.1501399627964
4.7314064371256634,1.0,299.68322446453953,298.1902476824367,298.1501407568279
4.735032035928058,1.0,299.6840002288201,298.19033547357077,298.1501415543575
4.738657634730453,1.0,299.68477580896484,298.19042336239204,298.1501423553956
4.742283233532848,1.0,299.68555120505914,298.19051134887445,298.15014315995296
4.7459088323352425,1.0,299.68632641718847,298.19059943299203,298.15014396804014
4.749534431137637,1.0,299.6871014454381,298.19068761471857,298.15014477966776
4.753160029940032,1.0,299.68787628989355,298.19077589402775,298.1501455948466
4.756785628742427,1.0,299.68865095064024,298.1908642708932,298.1501464135872
4.760411227544822,1.0,299.68942542776347,298.19095274528854,298.1501472359003
4.764036826347216,1.0,299.6901997213486,298.1910413171872,298.15014806179653
4.767662425149611,1.0,299.6909738314812,298.19112998656266,298.15014889128673
4.771288023952006,1.0,299.69174775824644,298.191218753388,298.1501497243815
4.774913622754401,1.0,299.6925215017298,298.1913076176366,298.15015056109166
4.7785392215567954,1.0,299.69329506201666,298.1913965792815,298.1501514014279
4.78216482035919,1.0,299.6940684391923,298.1914856382957,298.15015224540105
4.785790419161585,1.0,299.6948416333421,298.19157479465224,298.1501530930219
4.78941601796398,1.0,299.6956146445515,298.19166404832384,298.15015394430117
4.7930416167663745,1.0,299.6963874729057,298.19175339928347,298.15015479924983
4.796667215568769,1.0,299.6971601184901,298.1918428475036,298.15015565787854
4.800292814371164,1.0,299.69793258139003,298.1919323929569,298.15015652019827
4.803918413173559,1.0,299.6987048616908,298.192022035616,298.1501573862198
4.807544011975954,1.0,299.69947695947775,298.19211177545316,298.15015825595407
4.811169610778348,1.0,299.7002488748362,298.1922016124407,298.15015912941186
4.814795209580743,1.0,299.7010206078513,298.192291546551,298.1501600066042
4.818420808383138,1.0,299.7017921586085,298.19238157775624,298.15016088754186
4.822046407185533,1.0,299.702563527193,298.19247170602836,298.15016177223595
4.8256720059879274,1.0,299.7033347136901,298.1925619313395,298.1501626606973
4.829297604790322,1.0,299.70410571818496,298.19265225366155,298.1501635529368
4.832923203592717,1.0,299.70487654076305,298.1927426729663,298.15016444896554
4.836548802395112,1.0,299.70564718150945,298.19283318922544,298.15016534879453
4.8401744011975065,1.0,299.70641764050936,298.19292380241075,298.1501662524347
4.843799999999901,1.0,299.7071879178481,298.19301451249373,298.15016715989714
4.847425598802296,1.0,299.70795801361095,298.193105319446,298.1501680711927
4.851051197604691,1.0,299.70872792788293,298.1931962232388,298.1501689863326
4.854676796407086,1.0,299.7094976607493,298.1932872238435,298.1501699053278
4.85830239520948,1.0,299.71026721229543,298.19337832123153,298.15017082818946
4.861927994011875,1.0,299.71103658260625,298.1934695153739,298.1501717549286
4.86555359281427,1.0,299.711805771767,298.19356080624175,298.1501726855563
4.869179191616665,1.0,299.7125747798629,298.19365219380603,298.15017362008376
4.8728047904190595,1.0,299.71334360697915,298.1937436780378,298.1501745585221
4.876430389221454,1.0,299.71411225320065,298.19383525890777,298.1501755008823
4.880055988023849,1.0,299.71488071861273,298.1939269363867,298.1501764471758
4.883681586826244,1.0,299.7156490033004,298.19401871044533,298.1501773974135
4.8873071856286385,1.0,299.71641710734883,298.1941105810543,298.1501783516067
4.890932784431033,1.0,299.7171850308431,298.1942025481841,298.1501793097666
4.894558383233428,1.0,299.71795277386826,298.1942946118051,298.1501802719044
4.898183982035823,1.0,299.71872033650925,298.19438677188776,298.15018123803134
4.901809580838218,1.0,299.7194877188514,298.19447902840244,298.15018220815864
4.905435179640612,1.0,299.7202549209795,298.1945713813192,298.15018318229755
4.909060778443007,1.0,299.7210219429787,298.19466383060814,298.15018416045933
4.912686377245402,1.0,299.721788784934,298.1947563762394,298.1501851426553
4.916311976047797,1.0,299.7225554469304,298.19484901818294,298.1501861288967
4.9199375748501915,1.0,299.72332192905293,298.19494175640864,298.15018711919487
4.923563173652586,1.0,299.7240882313865,298.19503459088634,298.15018811356117
4.927188772454981,1.0,299.72485435401603,298.1951275215858,298.15018911200684
4.930814371257376,1.0,299.7256202970266,298.1952205484766,298.1501901145433
4.9344399700597705,1.0,299.726386060503,298.19531367152837,298.15019112118193
4.938065568862165,1.0,299.7271516445303,298.1954068907107,298.1501921319341
4.94169116766456,1.0,299.7279170491933,298.19550020599286,298.15019314681103
4.945316766466955,1.0,299.728682274577,298.19559361734423,298.15019416582436
4.94894236526935,1.0,299.7294473207662,298.1956871247342,298.1501951889853
4.952567964071744,1.0,299.7302121878458,298.1957807281319,298.1501962163055
4.956193562874139,1.0,299.7309768759006,298.1958744275065,298.15019724779626
4.959819161676534,1.0,299.7317413850155,298.19596822282705,298.150198283469
4.963444760478929,1.0,299.7325057152753,298.19606211406244,298.15019932333536
4.9670703592813235,1.0,299.73326986676483,298.19615610118166,298.1502003674067
4.970695958083718,1.0,299.73403383956884,298.1962501841534,298.1502014156945
4.974321556886113,1.0,299.7347976337721,298.19634436294666,298.15020246821024
4.977947155688508,1.0,299.7355612494594,298.1964386375299,298.15020352496555
4.9815727544909025,1.0,299.7363246867155,298.19653300787184,298.1502045859719
4.985198353293297,1.0,299.7370879456251,298.196627473941,298.15020565124087
4.988823952095692,1.0,299.7378510262729,298.19672203570576,298.150206720784
4.992449550898087,1.0,299.73861392874363,298.1968166931346,298.1502077946129
4.996075149700482,1.0,299.739376653122,298.19691144619577,298.15020887273914
4.999700748502876,1.0,299.7401391994926,298.1970062948575,298.1502099551743
5.003326347305271,1.0,299.7409015679401,298.197101239088,298.15021104193005
5.006951946107666,1.0,299.7416637585491,298.19719627885536,298.150212133018
5.010577544910061,1.0,299.7424257714044,298.1972914141276,298.1502132284498
5.0142031437124555,1.0,299.74318760659037,298.1973866448726,298.150214328237
5.01782874251485,1.0,299.74394926419177,298.1974819710583,298.15021543239135
5.021454341317245,1.0,299.74471074429295,298.1975773926526,298.15021654092453
5.02507994011964,1.0,299.7454720469786,298.197672909623,298.1502176538483
5.0287055389220345,1.0,299.7462331723333,298.1977685219374,298.15021877117425
5.032331137724429,1.0,299.74699412044146,298.1978642295633,298.15021989291415
5.035956736526824,1.0,299.7477548913875,298.1979600324683,298.1502210190797
5.039582335329219,1.0,299.74851548525606,298.1980559306197,298.1502221496827
5.043207934131614,1.0,299.7492759021315,298.1981519239849,298.15022328473486
5.046833532934008,1.0,299.7500361420983,298.1982480125314,298.150224424248
5.050459131736403,1.0,299.7507962052409,298.1983441962263,298.15022556823385
5.054084730538798,1.0,299.75155609164364,298.19844047503676,298.15022671670425
5.057710329341193,1.0,299.7523158013909,298.19853684892985,298.15022786967097
5.0613359281435875,1.0,299.7530753345671,298.1986333178728,298.1502290271459
5.064961526945982,1.0,299.75383469125643,298.19872988183243,298.15023018914076
5.068587125748377,1.0,299.7545938715435,298.1988265407757,298.1502313556675
5.072212724550772,1.0,299.7553528755123,298.1989232946695,298.15023252673785
5.0758383233531665,1.0,299.75611170324737,298.19902014348037,298.1502337023639
5.079463922155561,1.0,299.75687035483276,298.19911708717524,298.1502348825573
5.083089520957956,1.0,299.7576288303529,298.1992141257206,298.15023606733007
5.086715119760351,1.0,299.75838712989196,298.19931125908306,298.15023725669414
5.090340718562746,1.0,299.7591452535341,298.1994084872293,298.1502384506614
5.09396631736514,1.0,299.75990320136356,298.1995058101254,298.1502396492438
5.097591916167535,1.0,299.76066097346444,298.19960322773795,298.15024085245324
5.10121751496993,1.0,299.76141856992086,298.19970074003317,298.1502420603017
5.104843113772325,1.0,299.762175990817,298.19979834697733,298.1502432728011
5.1084687125747195,1.0,299.7629332362371,298.1998960485366,298.15024448996354
5.112094311377114,1.0,299.76369030626495,298.199993844677,298.150245711801
5.115719910179509,1.0,299.7644472009848,298.2000917353647,298.15024693832544
5.119345508981904,1.0,299.76520392048076,298.20018972056556,298.15024816954883
5.1229711077842985,1.0,299.7659604648367,298.2002878002455,298.1502494054833
5.126596706586693,1.0,299.7667168341366,298.2003859743704,298.1502506461408
5.130222305389088,1.0,299.76747302846456,298.2004842429061,298.1502518915335
5.133847904191483,1.0,299.76822904790447,298.2005826058181,298.15025314167343
5.137473502993878,1.0,299.7689848925402,298.20068106307224,298.1502543965726
5.141099101796272,1.0,299.7697405624557,298.200779614634,298.1502556562432
5.144724700598667,1.0,299.77049605773493,298.200878260469,298.15025692069725
5.148350299401062,1.0,299.77125137846167,298.20097700054254,298.15025818994695
5.151975898203457,1.0,299.7720065247198,298.2010758348201,298.1502594640044
5.1556014970058515,1.0,299.7727614965932,298.20117476326703,298.1502607428817
5.159227095808246,1.0,299.7735162941656,298.2012737858487,298.1502620265911
5.162852694610641,1.0,299.7742709175207,298.2013729025301,298.1502633151446
5.166478293413036,1.0,299.77502536674234,298.20147211327657,298.15026460855455
5.1701038922154305,1.0,299.7757796419143,298.201571418053,298.1502659068331
5.173729491017825,1.0,299.7765337431202,298.20167081682445,298.1502672099924
5.17735508982022,1.0,299.7772876704437,298.2017703095561,298.1502685180447
5.180980688622615,1.0,299.7780414239685,298.20186989621254,298.1502698310022
5.18460628742501,1.0,299.7787950037783,298.2019695767588,298.15027114887715
5.188231886227404,1.0,299.77954840995665,298.20206935115954,298.15027247168183
5.191857485029799,1.0,299.7803016425871,298.2021692193796,298.15027379942853
5.195483083832194,1.0,299.78105470175325,298.20226918138354,298.1502751321294
5.199108682634589,1.0,299.78180758753865,298.202369237136,298.1502764697968
5.2027342814369835,1.0,299.7825603000269,298.2024693866014,298.150277812443
5.206359880239378,1.0,299.7833128393013,298.20256962974446,298.15027916008034
5.209985479041773,1.0,299.7840652054455,298.2026699665294,298.1502805127211
5.213611077844168,1.0,299.78481739854277,298.2027703969206,298.1502818703777
5.2172366766465625,1.0,299.7855694186767,298.20287092088233,298.1502832330623
5.220862275448957,1.0,299.78632126593055,298.20297153837896,298.1502846007875
5.224487874251352,1.0,299.78707294038776,298.2030722493745,298.1502859735654
5.228113473053747,1.0,299.78782444213175,298.20317305383315,298.1502873514086
5.231739071856142,1.0,299.7885757712456,298.203273951719,298.1502887343294
5.235364670658536,1.0,299.78932692781285,298.203374942996,298.15029012234015
5.238990269460931,1.0,299.79007791191657,298.2034760276281,298.1502915154534
5.242615868263326,1.0,299.7908287236401,298.2035772055793,298.1502929136814
5.246241467065721,1.0,299.7915793630667,298.20367847681325,298.1502943170367
5.2498670658681155,1.0,299.7923298302795,298.20377984129385,298.15029572553175
5.25349266467051,1.0,299.7930801253617,298.2038812989848,298.15029713917886
5.257118263472905,1.0,299.7938302483964,298.2039828498497,298.15029855799065
5.2607438622753,1.0,299.7945801994667,298.2040844938522,298.1502999819796
5.2643694610776945,1.0,299.79532997865573,298.2041862309559,298.1503014111581
5.267995059880089,1.0,299.7960795860466,298.2042880611241,298.1503028455387
5.271620658682484,1.0,299.79682902172215,298.20438998432047,298.150304285134
5.275246257484879,1.0,299.7975782857656,298.2044920005082,298.15030572995636
5.278871856287274,1.0,299.79832737825984,298.2045941096507,298.15030718001844
5.282497455089668,1.0,299.79907629928783,298.20469631171125,298.15030863533275
5.286123053892063,1.0,299.79982504893246,298.20479860665307,298.1503100959118
5.289748652694458,1.0,299.8005736272768,298.2049009944393,298.15031156176826
5.293374251496853,1.0,299.8013220344035,298.2050034750331,298.1503130329146
5.2969998502992475,1.0,299.8020702703955,298.20510604839734,298.1503145093635
5.300625449101642,1.0,299.80281833533564,298.2052087144952,298.1503159911274
5.304251047904037,1.0,299.8035662293067,298.20531147328956,298.1503174782191
5.307876646706432,1.0,299.8043139523914,298.2054143247433,298.15031897065114
5.3115022455088265,1.0,299.8050615046725,298.2055172688192,298.1503204684361
5.315127844311221,1.0,299.8058088862328,298.2056203054802,298.1503219715868
5.318753443113616,1.0,299.80655609715484,298.2057234346888,298.1503234801157
5.322379041916011,1.0,299.80730313752133,298.20582665640796,298.15032499403554
5.326004640718406,1.0,299.8080500074149,298.20592997060004,298.150326513359
5.3296302395208,1.0,299.8087967069182,298.20603337722775,298.15032803809885
5.333255838323195,1.0,299.8095432361137,298.2061368762536,298.1503295682676
5.33688143712559,1.0,299.810289595084,298.20624046764,298.15033110387805
5.340507035927985,1.0,299.8110357839116,298.20634415134936,298.15033264494303
5.3441326347303795,1.0,299.8117818026789,298.206447927344,298.1503341914751
5.347758233532774,1.0,299.81252765146854,298.2065517955864,298.1503357434871
5.351383832335169,1.0,299.8132733303628,298.20665575603874,298.1503373009918
5.355009431137564,1.0,299.81401883944415,298.20675980866315,298.1503388640018
5.3586350299399585,1.0,299.8147641787949,298.2068639534219,298.1503404325301
5.362260628742353,1.0,299.8155093484974,298.206968190277,298.1503420065892
5.365886227544748,1.0,299.816254348634,298.2070725191905,298.1503435861922
5.369511826347143,1.0,299.81699917928694,298.2071769401245,298.1503451713517
5.373137425149538,1.0,299.81774384053847,298.2072814530408,298.1503467620805
5.376763023951932,1.0,299.8184883324709,298.2073860579015,298.15034835839157
5.380388622754327,1.0,299.8192326551663,298.2074907546683,298.15034996029766
5.384014221556722,1.0,299.8199768087069,298.2075955433031,298.15035156781164
5.387639820359117,1.0,299.82072079317476,298.20770042376773,298.15035318094635
5.3912654191615115,1.0,299.8214646086521,298.2078053960236,298.1503547997146
5.394891017963906,1.0,299.82220825522086,298.2079104600327,298.15035642412937
5.398516616766301,1.0,299.8229517329632,298.20801561575644,298.1503580542034
5.402142215568696,1.0,299.8236950419611,298.20812086315647,298.1503596899498
5.4057678143710906,1.0,299.82443818229655,298.2082262021942,298.1503613313813
5.409393413173485,1.0,299.82518115405145,298.20833163283123,298.1503629785108
5.41301901197588,1.0,299.82592395730774,298.2084371550289,298.15036463135135
5.416644610778275,1.0,299.8266665921473,298.2085427687486,298.15036628991584
5.42027020958067,1.0,299.8274090586521,298.20864847395165,298.1503679542172
5.423895808383064,1.0,299.82815135690385,298.20875427059934,298.1503696242683
5.427521407185459,1.0,299.8288934869844,298.20886015865284,298.15037130008227
5.431147005987854,1.0,299.82963544897547,298.2089661380734,298.150372981672
5.434772604790249,1.0,299.83037724295895,298.2090722088221,298.1503746690504
5.4383982035926435,1.0,299.8311188690163,298.20917837086,298.1503763622306
5.442023802395038,1.0,299.8318603272293,298.20928462414827,298.1503780612255
5.445649401197433,1.0,299.83260161767976,298.20939096864777,298.1503797660482
5.449274999999828,1.0,299.8333427404491,298.2094974043195,298.1503814767117
5.4529005988022226,1.0,299.8340836956189,298.20960393112443,298.150383193229
5.456526197604617,1.0,299.83482448327084,298.2097105490234,298.15038491561313
5.460151796407012,1.0,299.8355651034864,298.2098172579771,298.1503866438772
5.463777395209407,1.0,299.83630555634693,298.2099240579464,298.1503883780342
5.467402994011802,1.0,299.837045841934,298.210030948892,298.1503901180974
5.471028592814196,1.0,299.83778596032903,298.2101379307746,298.15039186407955
5.474654191616591,1.0,299.8385259116134,298.2102450035548,298.15039361599395
5.478279790418986,1.0,299.83926569586845,298.2103521671932,298.1503953738537
5.481905389221381,1.0,299.8400053131756,298.21045942165034,298.1503971376719
5.4855309880237755,1.0,299.84074476361604,298.2105667668867,298.15039890746164
5.48915658682617,1.0,299.841484047271,298.2106742028628,298.15040068323606
5.492782185628565,1.0,299.8422231642219,298.21078172953895,298.15040246500837
5.49640778443096,1.0,299.8429621145497,298.21088934687566,298.15040425279153
5.5000333832333546,1.0,299.8437008983357,298.21099705483323,298.1504060465989
5.503658982035749,1.0,299.84443951566107,298.2111048533718,298.15040784644356
5.507284580838144,1.0,299.84517796660685,298.2112127424517,298.1504096523387
5.510910179640539,1.0,299.84591625125404,298.21132072203324,298.1504114642974
5.514535778442934,1.0,299.8466543696838,298.21142879207633,298.15041328233303
5.518161377245328,1.0,299.847392321977,298.2115369525413,298.15041510645864
5.521786976047723,1.0,299.8481301082148,298.2116452033882,298.1504169366876
5.525412574850118,1.0,299.8488677284779,298.2117535445769,298.15041877303304
5.529038173652513,1.0,299.8496051828474,298.21186197606755,298.15042061550815
5.5326637724549075,1.0,299.8503424714041,298.21197049782,298.1504224641262
5.536289371257302,1.0,299.8510795942288,298.2120791097943,298.15042431890055
5.539914970059697,1.0,299.85181655140235,298.2121878119501,298.1504261798444
5.543540568862092,1.0,299.8525533430055,298.21229660424734,298.1504280469709
5.547166167664487,1.0,299.853289969119,298.2124054866459,298.1504299202934
5.550791766466881,1.0,299.8540264298235,298.21251445910525,298.15043179982524
5.554417365269276,1.0,299.85476272519975,298.2126235215854,298.1504336855796
5.558042964071671,1.0,299.8554988553283,298.2127326740458,298.15043557757
5.561668562874066,1.0,299.8562348202898,298.2128419164461,298.1504374758095
5.56529416167646,1.0,299.8569706201648,298.21295124874604,298.1504393803116
5.568919760478855,1.0,299.85770625503386,298.213060670905,298.15044129108946
5.57254535928125,1.0,299.85844172497747,298.21317018288244,298.1504432081566
5.576170958083645,1.0,299.85917703007607,298.21327978463796,298.1504451315262
5.5797965568860395,1.0,299.8599121704101,298.21338947613094,298.1504470612118
5.583422155688434,1.0,299.86064714606,298.2134992573207,298.1504489972267
5.587047754490829,1.0,299.861381957106,298.2136091281667,298.1504509395842
5.590673353293224,1.0,299.86211660362864,298.2137190886281,298.1504528882977
5.594298952095619,1.0,299.862851085708,298.2138291386643,298.15045484338054
5.597924550898013,1.0,299.8635854034245,298.2139392782345,298.1504568048463
5.601550149700408,1.0,299.8643195568582,298.2140495072979,298.15045877270825
5.605175748502803,1.0,299.8650535460894,298.21415982581357,298.1504607469799
5.608801347305198,1.0,299.86578737119834,298.2142702337407,298.15046272767455
5.612426946107592,1.0,299.8665210322649,298.2143807310384,298.15046471480576
5.616052544909987,1.0,299.86725452936946,298.2144913176656,298.1504667083869
5.619678143712382,1.0,299.86798786259186,298.2146019935814,298.1504687084314
5.623303742514777,1.0,299.86872103201205,298.2147127587448,298.15047071495275
5.6269293413171715,1.0,299.8694540377102,298.2148236131146,298.1504727279644
5.630554940119566,1.0,299.8701868797662,298.2149345566498,298.1504747474799
5.634180538921961,1.0,299.8709195582599,298.2150455893091,298.15047677351265
5.637806137724356,1.0,299.8716520732713,298.2151567110516,298.1504788060762
5.641431736526751,1.0,299.87238442488007,298.2152679218359,298.15048084518395
5.645057335329145,1.0,299.8731166131661,298.21537922162076,298.1504828908495
5.64868293413154,1.0,299.8738486382091,298.21549061036495,298.1504849430864
5.652308532933935,1.0,299.8745805000889,298.215602088027,298.1504870019081
5.65593413173633,1.0,299.8753121988851,298.2157136545658,298.1504890673282
5.659559730538724,1.0,299.8760437346774,298.21582530993976,298.1504911393601
5.663185329341119,1.0,299.87677510754554,298.2159370541075,298.1504932180174
5.666810928143514,1.0,299.8775063175689,298.21604888702757,298.1504953033138
5.670436526945909,1.0,299.8782373648271,298.21616080865846,298.1504973952628
5.6740621257483035,1.0,299.87896824939975,298.21627281895866,298.1504994938779
5.677687724550698,1.0,299.8796989713662,298.21638491788667,298.1505015991726
5.681313323353093,1.0,299.88042953080605,298.2164971054007,298.15050371116075
5.684938922155488,1.0,299.8811599277986,298.21660938145936,298.15050582985583
5.688564520957883,1.0,299.88189016242325,298.2167217460208,298.15050795527134
5.692190119760277,1.0,299.8826202347593,298.2168341990434,298.150510087421
5.695815718562672,1.0,299.88335014488604,298.21694674048535,298.1505122263184
5.699441317365067,1.0,299.8840798928828,298.217059370305,298.15051437197724
5.703066916167462,1.0,299.8848094788288,298.2171720884605,298.150516524411
5.706692514969856,1.0,299.88553890280315,298.2172848949099,298.1505186836335
5.710318113772251,1.0,299.88626816488505,298.2173977896114,298.1505208496582
5.713943712574646,1.0,299.8869972651537,298.2175107725232,298.150523022499
5.717569311377041,1.0,299.8877262036881,298.21762384360335,298.1505252021694
5.7211949101794355,1.0,299.88845498056725,298.21773700280977,298.15052738868303
5.72482050898183,1.0,299.88918359587024,298.2178502501005,298.15052958205376
5.728446107784225,1.0,299.889912049676,298.2179635854336,298.1505317822951
5.73207170658662,1.0,299.89064034206336,298.21807700876684,298.15053398942075
5.735697305389015,1.0,299.89136847311147,298.21819052005833,298.1505362034446
5.739322904191409,1.0,299.892096442899,298.21830411926584,298.15053842438016
5.742948502993804,1.0,299.89282425150475,298.21841780634725,298.15054065224126
5.746574101796199,1.0,299.8935518990076,298.21853158126027,298.15054288704164
5.750199700598594,1.0,299.8942793854863,298.21864544396277,298.150545128795
5.753825299400988,1.0,299.8950067110195,298.2187593944125,298.150547377515
5.757450898203383,1.0,299.89573387568595,298.21887343256714,298.1505496332155
5.761076497005778,1.0,299.8964608795642,298.21898755838447,298.15055189591027
5.764702095808173,1.0,299.89718772273284,298.21910177182207,298.15055416561296
5.7683276946105675,1.0,299.8979144052705,298.21921607283764,298.1505564423374
5.771953293412962,1.0,299.8986409272557,298.21933046138867,298.1505587260975
5.775578892215357,1.0,299.8993672887669,298.21944493743285,298.15056101690686
5.779204491017752,1.0,299.9000934898825,298.2195595009276,298.15056331477933
5.782830089820147,1.0,299.90081953068096,298.2196741518305,298.1505656197287
5.786455688622541,1.0,299.9015454112407,298.21978889009904,298.15056793176876
5.790081287424936,1.0,299.90227113163996,298.21990371569063,298.15057025091335
5.793706886227331,1.0,299.9029966919571,298.22001862856274,298.1505725771763
5.797332485029726,1.0,299.90372209227036,298.2201336286728,298.1505749105715
5.80095808383212,1.0,299.904447332658,298.2202487159781,298.1505772511127
5.804583682634515,1.0,299.90517241319804,298.220363890436,298.1505795988137
5.80820928143691,1.0,299.9058973339689,298.22047915200375,298.15058195368846
5.811834880239305,1.0,299.9066220950484,298.2205945006387,298.1505843157508
5.8154604790416995,1.0,299.9073466965148,298.2207099362981,298.15058668501456
5.819086077844094,1.0,299.9080711384461,298.22082545893915,298.1505890614936
5.822711676646489,1.0,299.9087954209202,298.22094106851915,298.1505914452018
5.826337275448884,1.0,299.9095195440152,298.22105676499507,298.15059383615306
5.829962874251279,1.0,299.9102435078089,298.22117254832426,298.1505962343612
5.833588473053673,1.0,299.9109673123793,298.2212884184637,298.1505986398403
5.837214071856068,1.0,299.91169095780407,298.22140437537047,298.1506010526041
5.840839670658463,1.0,299.9124144441611,298.2215204190017,298.1506034726666
5.844465269460858,1.0,299.9131377715281,298.2216365493144,298.15060590004157
5.848090868263252,1.0,299.91386093998284,298.2217527662656,298.15060833474314
5.851716467065647,1.0,299.91458394960307,298.2218690698122,298.150610776785
5.855342065868042,1.0,299.9153068004663,298.22198545991125,298.1506132261813
5.858967664670437,1.0,299.91602949265024,298.2221019365196,298.1506156829459
5.8625932634728315,1.0,299.9167520262325,298.2222184995942,298.15061814709276
5.866218862275226,1.0,299.91747440129035,298.222335149092,298.1506206186358
5.869844461077621,1.0,299.91819661790163,298.2224518849696,298.150623097589
5.873470059880016,1.0,299.91891867614356,298.22256870718405,298.15062558396636
5.877095658682411,1.0,299.9196405760936,298.2226856156921,298.15062807778185
5.880721257484805,1.0,299.9203623178292,298.2228026104505,298.1506305790494
5.8843468562872,1.0,299.9210839014276,298.22291969141605,298.1506330877831
5.887972455089595,1.0,299.9218053269662,298.22303685854536,298.15063560399676
5.89159805389199,1.0,299.92252659452214,298.2231541117952,298.1506381277046
5.895223652694384,1.0,299.9232477041727,298.22327145112223,298.15064065892045
5.898849251496779,1.0,299.92396865599505,298.22338887648317,298.15064319765844
5.902474850299174,1.0,299.92468945006635,298.2235063878345,298.1506457439325
5.906100449101569,1.0,299.92541008646367,298.223623985133,298.15064829775673
5.9097260479039635,1.0,299.9261305652641,298.2237416683351,298.1506508591452
5.913351646706358,1.0,299.9268508865446,298.2238594373974,298.15065342811175
5.916977245508753,1.0,299.92757105038226,298.22397729227646,298.1506560046706
5.920602844311148,1.0,299.9282910568539,298.22409523292873,298.15065858883577
5.924228443113543,1.0,299.9290109060365,298.2242132593107,298.1506611806213
5.927854041915937,1.0,299.929730598007,298.2243313713789,298.1506637800412
5.931479640718332,1.0,299.930450132842,298.2244495690897,298.1506663871096
5.935105239520727,1.0,299.9311695106185,298.2245678523995,298.1506690018405
5.938730838323122,1.0,299.93188873141304,298.2246862212647,298.15067162424816
5.942356437125516,1.0,299.9326077953026,298.2248046756417,298.15067425434654
5.945982035927911,1.0,299.9333267023636,298.22492321548674,298.15067689214965
5.949607634730306,1.0,299.9340454526728,298.22504184075626,298.15067953767164
5.953233233532701,1.0,299.93476404630684,298.2251605514066,298.15068219092666
5.9568588323350955,1.0,299.93548248334207,298.22527934739384,298.1506848519288
5.96048443113749,1.0,299.93620076385514,298.22539822867446,298.1506875206922
5.964110029939885,1.0,299.9369188879225,298.22551719520453,298.15069019723103
5.96773562874228,1.0,299.93763685562044,298.22563624694027,298.1506928815592
5.971361227544675,1.0,299.9383546670255,298.22575538383796,298.1506955736911
5.974986826347069,1.0,299.93907232221403,298.2258746058537,298.15069827364067
5.978612425149464,1.0,299.93978982126237,298.22599391294364,298.1507009814221
5.982238023951859,1.0,299.94050716424664,298.2261133050639,298.15070369704966
5.985863622754254,1.0,299.94122435124325,298.22623278217065,298.15070642053735
5.989489221556648,1.0,299.9419413823282,298.22635234421995,298.1507091518994
5.993114820359043,1.0,299.9426582575777,298.2264719911678,298.15071189114997
5.996740419161438,1.0,299.94337497706795,298.2265917229703,298.1507146383032
6.000366017963833,1.0,299.94409154087487,298.22671153958345,298.15071739337327
6.0039916167662275,1.0,299.9448079490746,298.22683144096317,298.15072015637446
6.007617215568622,1.0,299.94552420174307,298.2269514270656,298.15072292732077
6.011242814371017,1.0,299.94624029895624,298.22707149784657,298.1507257062265
6.014868413173412,1.0,299.9469562407901,298.2271916532621,298.15072849310593
6.018494011975807,1.0,299.9476720273203,298.22731189326805,298.1507312879731
6.022119610778201,1.0,299.9483876586229,298.22743221782036,298.1507340908423
6.025745209580596,1.0,299.94910313477357,298.22755262687497,298.1507369017277
6.029370808382991,1.0,299.949818455848,298.2276731203876,298.1507397206437
6.032996407185386,1.0,299.9505336219221,298.2277936983142,298.15074254760424
6.03662200598778,1.0,299.9512486330713,298.2279143606105,298.1507453826237
6.040247604790175,1.0,299.9519634893714,298.2280351072325,298.15074822571626
6.04387320359257,1.0,299.9526781908978,298.22815593813567,298.1507510768962
6.047498802394965,1.0,299.95339273772623,298.22827685327604,298.1507539361778
6.0511244011973595,1.0,299.9541071299321,298.2283978526093,298.1507568035753
6.054749999999754,1.0,299.9548213675908,298.2285189360911,298.1507596791028
6.058375598802149,1.0,299.95553545077786,298.22864010367726,298.1507625627748
6.062001197604544,1.0,299.9562493795687,298.2287613553234,298.1507654546054
6.065626796406939,1.0,299.95696315403853,298.2288826909852,298.15076835460883
6.069252395209333,1.0,299.95767677426267,298.2290041106183,298.1507712627995
6.072877994011728,1.0,299.9583902403165,298.22912561417843,298.1507741791916
6.076503592814123,1.0,299.95910355227505,298.22924720162115,298.15077710379944
6.080129191616518,1.0,299.9598167102136,298.229368872902,298.15078003663734
6.083754790418912,1.0,299.96052971420727,298.22949062797676,298.15078297771953
6.087380389221307,1.0,299.96124256433114,298.2296124668008,298.1507859270603
6.091005988023702,1.0,299.9619552606604,298.22973438932974,298.15078888467406
6.094631586826097,1.0,299.96266780326977,298.22985639551916,298.15079185057505
6.0982571856284915,1.0,299.9633801922344,298.22997848532447,298.1507948247775
6.101882784430886,1.0,299.96409242762934,298.2301006587013,298.1507978072959
6.105508383233281,1.0,299.9648045095293,298.2302229156051,298.1508007981444
6.109133982035676,1.0,299.96551643800916,298.2303452559913,298.15080379733735
6.112759580838071,1.0,299.9662282131437,298.2304676798154,298.1508068048892
6.116385179640465,1.0,299.96693983500774,298.2305901870328,298.1508098208142
6.12001077844286,1.0,299.967651303676,298.2307127775989,298.1508128451266
6.123636377245255,1.0,299.96836261922317,298.23083545146915,298.15081587784096
6.12726197604765,1.0,299.96907378172386,298.2309582085989,298.1508189189714
6.130887574850044,1.0,299.96978479125266,298.23108104894357,298.15082196853245
6.134513173652439,1.0,299.9704956478842,298.2312039724585,298.1508250265384
6.138138772454834,1.0,299.97120635169296,298.231326979099,298.15082809300367
6.141764371257229,1.0,299.9719169027534,298.2314500688204,298.15083116794244
6.1453899700596235,1.0,299.97262730113994,298.2315732415781,298.15083425136925
6.149015568862018,1.0,299.973337546927,298.2316964973273,298.15083734329846
6.152641167664413,1.0,299.97404764018887,298.23181983602325,298.15084044374436
6.156266766466808,1.0,299.97475758099995,298.23194325762137,298.15084355272137
6.159892365269203,1.0,299.9754673694345,298.2320667620768,298.15084667024394
6.163517964071597,1.0,299.97617700556674,298.23219034934476,298.1508497963264
6.167143562873992,1.0,299.9768864894708,298.2323140193805,298.1508529309832
6.170769161676387,1.0,299.977595821221,298.23243777213935,298.1508560742286
6.174394760478782,1.0,299.97830500089117,298.2325616075763,298.15085922607716
6.178020359281176,1.0,299.9790140285556,298.2326855256466,298.1508623865432
6.181645958083571,1.0,299.97972290428817,298.2328095263055,298.1508655556412
6.185271556885966,1.0,299.98043162816293,298.2329336095081,298.1508687333855
6.188897155688361,1.0,299.98114020025383,298.23305777520955,298.1508719197905
6.1925227544907555,1.0,299.9818486206347,298.23318202336486,298.1508751148707
6.19614835329315,1.0,299.9825568893795,298.2333063539293,298.15087831864054
6.199773952095545,1.0,299.983265006562,298.23343076685796,298.15088153111435
6.20339955089794,1.0,299.9839729722559,298.2335552621059,298.1508847523067
6.207025149700335,1.0,299.984680786535,298.23367983962805,298.1508879822319
6.210650748502729,1.0,299.98538844947296,298.2338044993797,298.15089122090444
6.214276347305124,1.0,299.98609596114346,298.2339292413157,298.15089446833883
6.217901946107519,1.0,299.9868033216201,298.2340540653912,298.1508977245494
6.221527544909914,1.0,299.9875105309764,298.2341789715612,298.15090098955073
6.225153143712308,1.0,299.9882175892859,298.2343039597807,298.1509042633571
6.228778742514703,1.0,299.9889244966221,298.23442903000466,298.1509075459832
6.232404341317098,1.0,299.98963125305846,298.23455418218816,298.15091083744335
6.236029940119493,1.0,299.9903378586683,298.2346794162861,298.150914137752
6.2396555389218875,1.0,299.99104431352504,298.23480473225345,298.1509174469237
6.243281137724282,1.0,299.99175061770194,298.2349301300451,298.1509207649729
6.246906736526677,1.0,299.9924567712723,298.23505560961615,298.1509240919141
6.250532335329072,1.0,299.9931627743094,298.23518117092135,298.1509274277617
6.254157934131467,1.0,299.99386862688635,298.2353068139157,298.1509307725302
6.257783532933861,1.0,299.99457432907633,298.2354325385541,298.1509341262342
6.261409131736256,1.0,299.9952798809524,298.23555834479146,298.1509374888881
6.265034730538651,1.0,299.9959852825877,298.2356842325826,298.15094086050647
6.268660329341046,1.0,299.99669053405523,298.23581020188243,298.1509442411038
6.27228592814344,1.0,299.9973956354279,298.2359362526458,298.1509476306945
6.275911526945835,1.0,299.9981005867787,298.2360623848275,298.1509510292931
6.27953712574823,1.0,299.99880538818053,298.2361885983825,298.15095443691416
6.283162724550625,1.0,299.9995100397062,298.2363148932655,298.1509578535722
6.2867883233530195,1.0,300.0002145414286,298.2364412694314,298.1509612792817
6.290413922155414,1.0,300.00091889342036,298.2365677268349,298.1509647140572
6.294039520957809,1.0,300.0016230957543,298.2366942654309,298.15096815791316
6.297665119760204,1.0,300.0023271485032,298.2368208851741,298.15097161086425
6.301290718562599,1.0,300.00303105173947,298.23694758601937,298.15097507292484
6.304916317364993,1.0,300.00373480553594,298.23707436792137,298.1509785441096
6.308541916167388,1.0,300.00443840996496,298.23720123083496,298.15098202443295
6.312167514969783,1.0,300.00514186509923,298.2373281747147,298.15098551390946
6.315793113772178,1.0,300.00584517101106,298.2374551995156,298.1509890125537
6.319418712574572,1.0,300.00654832777303,298.2375823051922,298.1509925203802
6.323044311376967,1.0,300.0072513354574,298.2377094916992,298.1509960374035
6.326669910179362,1.0,300.00795419413663,298.2378367589915,298.15099956363815
6.330295508981757,1.0,300.008656903883,298.2379641070236,298.1510030990988
6.3339211077841515,1.0,300.00935946476864,298.23809153575013,298.1510066437998
6.337546706586546,1.0,300.0100618768659,298.238219045126,298.1510101977559
6.341172305388941,1.0,300.0107641402469,298.23834663510576,298.1510137609816
6.344797904191336,1.0,300.01146625498393,298.23847430564405,298.15101733349144
6.348423502993731,1.0,300.0121682211489,298.2386020566955,298.1510209153
6.352049101796125,1.0,300.0128700388139,298.2387298882149,298.15102450642195
6.35567470059852,1.0,300.01357170805096,298.2388578001567,298.15102810687165
6.359300299400915,1.0,300.0142732289321,298.2389857924758,298.1510317166639
6.36292589820331,1.0,300.0149746015291,298.2391138651265,298.1510353358131
6.366551497005704,1.0,300.01567582591406,298.2392420180636,298.1510389643339
6.370177095808099,1.0,300.0163769021586,298.23937025124167,298.151042602241
6.373802694610494,1.0,300.01707783033464,298.23949856461525,298.15104624954876
6.377428293412889,1.0,300.0177786105139,298.239626958139,298.1510499062719
6.3810538922152835,1.0,300.01847924276814,298.2397554317675,298.1510535724251
6.384679491017678,1.0,300.019179727169,298.23988398545526,298.1510572480227
6.388305089820073,1.0,300.0198800637881,298.24001261915697,298.1510609330796
6.391930688622468,1.0,300.020580252697,298.240141332827,298.15106462761014
6.395556287424863,1.0,300.0212802939673,298.2402701264201,298.15106833162906
6.399181886227257,1.0,300.02198018767047,298.2403989998907,298.15107204515095
6.402807485029652,1.0,300.02267993387795,298.24052795319335,298.1510757681905
6.406433083832047,1.0,300.0233795326613,298.2406569862826,298.1510795007621
6.410058682634442,1.0,300.02407898409166,298.240786099113,298.1510832428806
6.413684281436836,1.0,300.0247782882405,298.24091529163894,298.15108699456044
6.417309880239231,1.0,300.0254774451791,298.2410445638151,298.1510907558163
6.420935479041626,1.0,300.02617645497867,298.2411739155958,298.15109452666286
6.424561077844021,1.0,300.0268753177105,298.24130334693575,298.1510983071146
6.4281866766464155,1.0,300.0275740334457,298.24143285778933,298.1511020971862
6.43181227544881,1.0,300.0282726022554,298.241562448111,298.1511058968924
6.435437874251205,1.0,300.0289710242106,298.2416921178552,298.15110970624767
6.4390634730536,1.0,300.0296692993824,298.2418218669766,298.15111352526674
6.442689071855995,1.0,300.0303674278419,298.2419516954295,298.1511173539642
6.446314670658389,1.0,300.03106540965985,298.24208160316834,298.15112119235465
6.449940269460784,1.0,300.0317632449073,298.2422115901477,298.1511250404528
6.453565868263179,1.0,300.03246093365505,298.2423416563219,298.1511288982733
6.457191467065574,1.0,300.03315847597395,298.24247180164554,298.15113276583077
6.4608170658679684,1.0,300.03385587193475,298.2426020260729,298.15113664313975
6.464442664670363,1.0,300.03455312160827,298.2427323295585,298.151140530215
6.468068263472758,1.0,300.0352502250651,298.2428627120568,298.15114442707113
6.471693862275153,1.0,300.03594718237593,298.24299317352217,298.1511483337228
6.4753194610775475,1.0,300.0366439936114,298.243123713909,298.1511522501846
6.478945059879942,1.0,300.03734065884214,298.24325433317176,298.1511561764713
6.482570658682337,1.0,300.03803717813855,298.24338503126484,298.1511601125975
6.486196257484732,1.0,300.03873355157117,298.2435158081426,298.15116405857776
6.489821856287127,1.0,300.0394297792104,298.24364666375953,298.15116801442684
6.493447455089521,1.0,300.0401258611267,298.24377759807,298.1511719801594
6.497073053891916,1.0,300.0408217973904,298.2439086110283,298.1511759557901
6.500698652694311,1.0,300.04151758807177,298.244039702589,298.15117994133357
6.504324251496706,1.0,300.0422132332411,298.2441708727063,298.1511839368045
6.5079498502991004,1.0,300.0429087329688,298.2443021213347,298.1511879422175
6.511575449101495,1.0,300.04360408732475,298.24443344842854,298.1511919575874
6.51520104790389,1.0,300.04429929637934,298.2445648539422,298.15119598292864
6.518826646706285,1.0,300.04499436020257,298.24469633783,298.1512000182561
6.5224522455086795,1.0,300.0456892788644,298.2448279000464,298.15120406358426
6.526077844311074,1.0,300.0463840524351,298.2449595405456,298.15120811892797
6.529703443113469,1.0,300.0470786809844,298.2450912592821,298.1512121843018
6.533329041915864,1.0,300.04777316458234,298.2452230562102,298.15121625972046
6.536954640718259,1.0,300.04846750329887,298.2453549312842,298.15122034519857
6.540580239520653,1.0,300.0491616972038,298.24548688445856,298.1512244407509
6.544205838323048,1.0,300.0498557463668,298.24561891568754,298.1512285463922
6.547831437125443,1.0,300.05054965085776,298.2457510249255,298.1512326621369
6.551457035927838,1.0,300.05124341074634,298.2458832121268,298.151236788
6.5550826347302324,1.0,300.0519370261022,298.2460154772457,298.1512409239959
6.558708233532627,1.0,300.0526304969951,298.24614782023656,298.1512450701394
6.562333832335022,1.0,300.05332382349457,298.2462802410538,298.15124922644526
6.565959431137417,1.0,300.05401700567006,298.24641273965165,298.151253392928
6.5695850299398115,1.0,300.0547100435912,298.24654531598446,298.1512575696026
6.573210628742206,1.0,300.0554029373274,298.24667797000654,298.15126175648345
6.576836227544601,1.0,300.0560956869481,298.2468107016723,298.15126595358544
6.580461826346996,1.0,300.05678829252264,298.24694351093586,298.1512701609231
6.584087425149391,1.0,300.05748075412043,298.2470763977517,298.1512743785113
6.587713023951785,1.0,300.0581730718107,298.24720936207405,298.15127860636466
6.59133862275418,1.0,300.05886524566273,298.24734240385726,298.15128284449787
6.594964221556575,1.0,300.0595572757457,298.24747552305564,298.15128709292566
6.59858982035897,1.0,300.0602491621288,298.2476087196235,298.15129135166256
6.6022154191613645,1.0,300.06094090488114,298.24774199351515,298.1512956207236
6.605841017963759,1.0,300.0616325040718,298.2478753446848,298.1512999001232
6.609466616766154,1.0,300.06232395976986,298.2480087730869,298.15130418987616
6.613092215568549,1.0,300.0630152720442,298.2481422786757,298.15130848999723
6.6167178143709435,1.0,300.0637064409639,298.24827586140543,298.1513128005011
6.620343413173338,1.0,300.06439746659794,298.2484095212304,298.1513171214024
6.623969011975733,1.0,300.065088349015,298.24854325810503,298.15132145271593
6.627594610778128,1.0,300.065779088284,298.2486770719834,298.15132579445634
6.631220209580523,1.0,300.0664696844736,298.24881096282,298.1513301466384
6.634845808382917,1.0,300.06716013765276,298.2489449305691,298.15133450927675
6.638471407185312,1.0,300.06785044789007,298.24907897518494,298.1513388823861
6.642097005987707,1.0,300.06854061525416,298.24921309662176,298.15134326598115
6.645722604790102,1.0,300.0692306398136,298.24934729483397,298.15134766007674
6.6493482035924965,1.0,300.0699205216371,298.2494815697757,298.1513520646875
6.652973802394891,1.0,300.0706102607931,298.2496159214014,298.15135647982805
6.656599401197286,1.0,300.0712998573501,298.2497503496653,298.1513609055133
6.660224999999681,1.0,300.0719893113765,298.24988485452167,298.1513653417578
6.6638505988020755,1.0,300.0726786229408,298.25001943592486,298.15136978857635
6.66747619760447,1.0,300.0733677921113,298.2501540938291,298.1513742459837
6.671101796406865,1.0,300.0740568189563,298.2502888281887,298.1513787139944
6.67472739520926,1.0,300.0747457035442,298.2504236389579,298.15138319262337
6.678352994011655,1.0,300.07543444594296,298.2505585260911,298.1513876818852
6.681978592814049,1.0,300.076123046221,298.2506934895425,298.1513921817946
6.685604191616444,1.0,300.0768115044464,298.2508285292664,298.15139669236646
6.689229790418839,1.0,300.0774998206873,298.25096364521715,298.1514012136153
6.692855389221234,1.0,300.0781879950117,298.251098837349,298.15140574555596
6.6964809880236285,1.0,300.07887602748764,298.2512341056162,298.15141028820307
6.700106586826023,1.0,300.0795639181831,298.251369449973,298.15141484157135
6.703732185628418,1.0,300.080251667166,298.2515048703739,298.1514194056756
6.707357784430813,1.0,300.08093927450426,298.251640366773,298.1514239805306
6.7109833832332075,1.0,300.08162674026573,298.2517759391247,298.15142856615086
6.714608982035602,1.0,300.0823140645182,298.25191158738323,298.15143316255137
6.718234580837997,1.0,300.0830012473295,298.2520473115029,298.15143776974656
6.721860179640392,1.0,300.08368828876723,298.25218311143806,298.15144238775144
6.725485778442787,1.0,300.0843751888991,298.252318987143,298.1514470165805
6.729111377245181,1.0,300.0850619477928,298.25245493857193,298.1514516562486
6.732736976047576,1.0,300.08574856551587,298.2525909656792,298.1514563067704
6.736362574849971,1.0,300.0864350421359,298.2527270684191,298.1514609681607
6.739988173652366,1.0,300.08712137772045,298.25286324674596,298.1514656404341
6.7436137724547605,1.0,300.0878075723369,298.2529995006141,298.15147032360545
6.747239371257155,1.0,300.0884936260527,298.25313582997785,298.1514750176894
6.75086497005955,1.0,300.08917953893524,298.25327223479144,298.1514797227007
6.754490568861945,1.0,300.0898653110519,298.2534087150092,298.1514844386541
6.7581161676643395,1.0,300.09055094246986,298.2535452705855,298.15148916556427
6.761741766466734,1.0,300.09123643325654,298.2536819014746,298.15149390344595
6.765367365269129,1.0,300.091921783479,298.25381860763076,298.1514986523139
6.768992964071524,1.0,300.0926069932045,298.25395538900847,298.15150341218276
6.772618562873919,1.0,300.09329206250015,298.2540922455618,298.1515081830674
6.776244161676313,1.0,300.093976991433,298.25422917724535,298.1515129649824
6.779869760478708,1.0,300.09466178007017,298.2543661840133,298.15151775794254
6.783495359281103,1.0,300.09534642847865,298.25450326582,298.15152256196257
6.787120958083498,1.0,300.0960309367253,298.2546404226198,298.15152737705716
6.7907465568858925,1.0,300.09671530487714,298.25477765436693,298.1515322032411
6.794372155688287,1.0,300.09739953300095,298.2549149610159,298.1515370405291
6.797997754490682,1.0,300.0980836211637,298.25505234252086,298.1515418889358
6.801623353293077,1.0,300.0987675694321,298.2551897988363,298.151546748476
6.8052489520954715,1.0,300.09945137787287,298.2553273299165,298.1515516191644
6.808874550897866,1.0,300.1001350465527,298.2554649357158,298.15155650101576
6.812500149700261,1.0,300.10081857553837,298.2556026161886,298.1515613940448
6.816125748502656,1.0,300.10150196489644,298.25574037128916,298.1515662982662
6.819751347305051,1.0,300.10218521469346,298.255878200972,298.1515712136947
6.823376946107445,1.0,300.10286832499594,298.25601610519135,298.15157614034496
6.82700254490984,1.0,300.1035512958705,298.25615408390155,298.1515810782318
6.830628143712235,1.0,300.10423412738345,298.2562921370571,298.1515860273699
6.83425374251463,1.0,300.10491681960127,298.25643026461216,298.15159098777394
6.8378793413170245,1.0,300.10559937259035,298.2565684665213,298.1515959594587
6.841504940119419,1.0,300.106281786417,298.2567067427388,298.1516009424389
6.845130538921814,1.0,300.1069640611475,298.2568450932191,298.15160593672925
6.848756137724209,1.0,300.10764619684807,298.2569835179165,298.15161094234446
6.8523817365266035,1.0,300.10832819358495,298.25712201678556,298.1516159592992
6.856007335328998,1.0,300.1090100514242,298.25726058978046,298.1516209876083
6.859632934131393,1.0,300.10969177043205,298.2573992368557,298.15162602728634
6.863258532933788,1.0,300.1103733506746,298.25753795796567,298.1516310783482
6.866884131736183,1.0,300.1110547922177,298.2576767530648,298.1516361408084
6.870509730538577,1.0,300.1117360951275,298.25781562210744,298.15164121468183
6.874135329340972,1.0,300.11241725946996,298.25795456504807,298.15164629998304
6.877760928143367,1.0,300.11309828531085,298.2580935818411,298.1516513967269
6.881386526945762,1.0,300.1137791727161,298.2582326724409,298.15165650492804
6.8850121257481565,1.0,300.1144599217516,298.2583718368018,298.15166162460116
6.888637724550551,1.0,300.115140532483,298.25851107487847,298.151666755761
6.892263323352946,1.0,300.1158210049761,298.2586503866252,298.15167189842225
6.895888922155341,1.0,300.11650133929663,298.2587897719965,298.15167705259967
6.8995145209577355,1.0,300.11718153551016,298.25892923094676,298.15168221830794
6.90314011976013,1.0,300.1178615936824,298.2590687634304,298.15168739556174
6.906765718562525,1.0,300.1185415138788,298.25920836940196,298.1516925843758
6.91039131736492,1.0,300.119221296165,298.25934804881587,298.1516977847648
6.914016916167315,1.0,300.1199009406065,298.25948780162656,298.1517029967435
6.917642514969709,1.0,300.1205804472686,298.2596276277885,298.15170822032655
6.921268113772104,1.0,300.1212598162168,298.25976752725626,298.15171345552875
6.924893712574499,1.0,300.12193904751643,298.2599074999842,298.15171870236463
6.928519311376894,1.0,300.12261814123286,298.2600475459268,298.15172396084904
6.9321449101792885,1.0,300.1232970974313,298.2601876650387,298.1517292309967
6.935770508981683,1.0,300.123975916177,298.2603278572742,298.15173451282215
6.939396107784078,1.0,300.1246545975352,298.260468122588,298.1517398063402
6.943021706586473,1.0,300.12533314157093,298.26060846093446,298.1517451115655
6.9466473053888675,1.0,300.12601154834937,298.26074887226815,298.15175042851286
6.950272904191262,1.0,300.1266898179356,298.2608893565436,298.1517557571968
6.953898502993657,1.0,300.1273679503946,298.26102991371533,298.1517610976321
6.957524101796052,1.0,300.1280459457915,298.26117054373776,298.1517664498334
6.961149700598447,1.0,300.128723804191,298.2613112465656,298.15177181381557
6.964775299400841,1.0,300.1294015256582,298.26145202215326,298.1517771895931
6.968400898203236,1.0,300.13007911025784,298.2615928704554,298.15178257718077
6.972026497005631,1.0,300.13075655805477,298.2617337914265,298.15178797659314
6.975652095808026,1.0,300.1314338691138,298.2618747850211,298.15179338784515
6.9792776946104205,1.0,300.1321110434996,298.2620158511938,298.1517988109513
6.982903293412815,1.0,300.1327880812769,298.26215698989927,298.1518042459263
6.98652889221521,1.0,300.1334649825103,298.2622982010919,298.15180969278487
6.990154491017605,1.0,300.13414174726444,298.26243948472637,298.1518151515416
6.9937800898199995,1.0,300.1348183756039,298.2625808407573,298.15182062221123
6.997405688622394,1.0,300.13549486759314,298.2627222691393,298.1518261048085
7.001031287424789,1.0,300.1361712232967,298.26286376982694,298.15183159934804
7.004656886227184,1.0,300.136847442779,298.26300534277476,298.15183710584444
7.008282485029579,1.0,300.1375235261045,298.2631469879375,298.15184262431245
7.011908083831973,1.0,300.1381994733374,298.2632887052697,298.15184815476675
7.015533682634368,1.0,300.13887528454217,298.26343049472604,298.15185369722207
7.019159281436763,1.0,300.139550959783,298.26357235626114,298.15185925169294
7.022784880239158,1.0,300.14022649912414,298.26371428982964,298.15186481819416
7.0264104790415525,1.0,300.14090190262976,298.26385629538623,298.15187039674026
7.030036077843947,1.0,300.1415771703641,298.2639983728855,298.15187598734605
7.033661676646342,1.0,300.14225230239117,298.2641405222823,298.1518815900261
7.037287275448737,1.0,300.142927298775,298.264282743531,298.15188720479506
7.0409128742511315,1.0,300.1436021595797,298.2644250365865,298.1518928316676
7.044538473053526,1.0,300.1442768848692,298.26456740140344,298.15189847065847
7.048164071855921,1.0,300.14495147470745,298.2647098379365,298.15190412178225
7.051789670658316,1.0,300.1456259291584,298.2648523461404,298.1519097850536
7.055415269460711,1.0,300.1463002482859,298.2649949259699,298.1519154604871
7.059040868263105,1.0,300.14697443215374,298.2651375773796,298.15192114809753
7.0626664670655,1.0,300.14764848082564,298.2652803003244,298.1519268478994
7.066292065867895,1.0,300.1483223943654,298.2654230947589,298.15193255990755
7.06991766467029,1.0,300.14899617283663,298.26556596063784,298.15193828413646
7.0735432634726845,1.0,300.14966981630306,298.265708897916,298.15194402060087
7.077168862275079,1.0,300.1503433248283,298.26585190654816,298.1519497693153
7.080794461077474,1.0,300.1510166984759,298.26599498648903,298.1519555302945
7.084420059879869,1.0,300.1516899373094,298.2661381376934,298.1519613035531
7.0880456586822636,1.0,300.1523630413922,298.2662813601162,298.1519670891057
7.091671257484658,1.0,300.15303601078784,298.26642465371197,298.151972886967
7.095296856287053,1.0,300.1537088455597,298.26656801843575,298.1519786971515
7.098922455089448,1.0,300.1543815457711,298.26671145424217,298.15198451967393
7.102548053891843,1.0,300.1550541114854,298.2668549610861,298.1519903545489
7.106173652694237,1.0,300.15572654276593,298.2669985389224,298.15199620179106
7.109799251496632,1.0,300.1563988396758,298.2671421877059,298.1520020614149
7.113424850299027,1.0,300.15707100227814,298.2672859073914,298.1520079334353
7.117050449101422,1.0,300.1577430306364,298.2674296979337,298.15201381786665
7.1206760479038165,1.0,300.1584149248135,298.2675735592877,298.1520197147237
7.124301646706211,1.0,300.1590866848725,298.2677174914084,298.152025624021
7.127927245508606,1.0,300.15975831087644,298.2678614942505,298.1520315457731
7.131552844311001,1.0,300.16042980288836,298.2680055677689,298.15203747999476
7.1351784431133956,1.0,300.16110116097116,298.26814971191857,298.1520434267006
7.13880404191579,1.0,300.1617723851878,298.26829392665434,298.15204938590506
7.142429640718185,1.0,300.16244347560104,298.26843821193114,298.15205535762277
7.14605523952058,1.0,300.16311443227386,298.26858256770396,298.15206134186855
7.149680838322975,1.0,300.1637852552689,298.26872699392766,298.1520673386567
7.153306437125369,1.0,300.164455944649,298.26887149055716,298.15207334800203
7.156932035927764,1.0,300.16512650047684,298.2690160575475,298.1520793699191
7.160557634730159,1.0,300.165796922815,298.26916069485355,298.15208540442245
7.164183233532554,1.0,300.16646721172623,298.2693054024303,298.15209145152664
7.1678088323349485,1.0,300.16713736727297,298.26945018023264,298.1520975112464
7.171434431137343,1.0,300.16780738951786,298.2695950282157,298.15210358359616
7.175060029939738,1.0,300.1684772785234,298.26973994633437,298.1521096685906
7.178685628742133,1.0,300.16914703435197,298.26988493454365,298.1521157662442
7.1823112275445276,1.0,300.169816657066,298.27002999279864,298.1521218765717
7.185936826346922,1.0,300.1704861467279,298.2701751210543,298.1521279995876
7.189562425149317,1.0,300.17115550340003,298.2703203192657,298.1521341353064
7.193188023951712,1.0,300.1718247271446,298.2704655873878,298.1521402837428
7.196813622754107,1.0,300.17249381802395,298.2706109253757,298.15214644491135
7.200439221556501,1.0,300.1731627761002,298.2707563331845,298.15215261882656
7.204064820358896,1.0,300.17383160143555,298.27090181076915,298.15215880550295
7.207690419161291,1.0,300.1745002940922,298.2710473580849,298.1521650049551
7.211316017963686,1.0,300.1751688541321,298.27119297508665,298.1521712171977
7.2149416167660805,1.0,300.17583728161736,298.27133866172966,298.1521774422452
7.218567215568475,1.0,300.17650557661005,298.27148441796896,298.15218368011216
7.22219281437087,1.0,300.177173739172,298.27163024375966,298.1521899308131
7.225818413173265,1.0,300.1778417693654,298.27177613905695,298.15219619436266
7.22944401197566,1.0,300.1785096672518,298.2719221038159,298.1522024707753
7.233069610778054,1.0,300.17917743289325,298.2720681379917,298.1522087600656
7.236695209580449,1.0,300.17984506635145,298.27221424153953,298.1522150622481
7.240320808382844,1.0,300.1805125676882,298.27236041441444,298.15222137733736
7.243946407185239,1.0,300.18117993696524,298.27250665657175,298.1522277053479
7.247572005987633,1.0,300.18184717424424,298.2726529679666,298.15223404629427
7.251197604790028,1.0,300.1825142795869,298.27279934855426,298.1522404001909
7.254823203592423,1.0,300.1831812530546,298.2729457982898,298.1522467670524
7.258448802394818,1.0,300.18384809470916,298.2730923171286,298.1522531468934
7.2620744011972125,1.0,300.184514804612,298.2732389050257,298.1522595397282
7.265699999999607,1.0,300.1851813828245,298.27338556193655,298.15226594557146
7.269325598802002,1.0,300.18584782940826,298.2735322878163,298.15227236443764
7.272951197604397,1.0,300.18651414442456,298.2736790826202,298.15227879634136
7.276576796406792,1.0,300.18718032793487,298.2738259463036,298.15228524129697
7.280202395209186,1.0,300.18784638000034,298.2739728788218,298.152291699319
7.283827994011581,1.0,300.18851230068236,298.2741198801299,298.1522981704221
7.287453592813976,1.0,300.18917809004216,298.2742669501834,298.1523046546206
7.291079191616371,1.0,300.1898437481409,298.27441408893765,298.15231115192915
7.294704790418765,1.0,300.19050927503974,298.2745612963478,298.15231766236207
7.29833038922116,1.0,300.19117467079985,298.2747085723694,298.15232418593405
7.301955988023555,1.0,300.19183993548216,298.2748559169576,298.15233072265937
7.30558158682595,1.0,300.1925050691479,298.2750033300678,298.15233727255276
7.3092071856283445,1.0,300.1931700718579,298.2751508116556,298.15234383562847
7.312832784430739,1.0,300.19383494367315,298.27529836167616,298.15235041190107
7.316458383233134,1.0,300.19449968465466,298.27544598008495,298.1523570013851
7.320083982035529,1.0,300.1951642948631,298.2755936668374,298.15236360409494
7.323709580837924,1.0,300.1958287743594,298.2757414218888,298.15237022004516
7.327335179640318,1.0,300.19649312320456,298.2758892451948,298.15237684925006
7.330960778442713,1.0,300.19715734145905,298.27603713671067,298.1523834917242
7.334586377245108,1.0,300.19782142918365,298.276185096392,298.1523901474821
7.338211976047503,1.0,300.1984853864391,298.27633312419414,298.1523968165381
7.341837574849897,1.0,300.19914921328586,298.2764812200726,298.1524034989068
7.345463173652292,1.0,300.1998129097848,298.2766293839829,298.1524101946025
7.349088772454687,1.0,300.20047647599625,298.2767776158805,298.1524169036398
7.352714371257082,1.0,300.20113991198076,298.276925915721,298.152423626033
7.3563399700594765,1.0,300.20180321779884,298.2770742834598,298.15243036179663
7.359965568861871,1.0,300.20246639351086,298.27722271905253,298.1524371109451
7.363591167664266,1.0,300.2031294391773,298.27737122245475,298.1524438734928
7.367216766466661,1.0,300.2037923548584,298.27751979362193,298.1524506494542
7.370842365269056,1.0,300.2044551406146,298.2776684325098,298.1524574388438
7.37446796407145,1.0,300.20511779650604,298.2778171390738,298.15246424167583
7.378093562873845,1.0,300.20578032259306,298.27796591326955,298.152471057965
7.38171916167624,1.0,300.20644271893576,298.2781147550527,298.1524778877254
7.385344760478635,1.0,300.2071049855943,298.27826366437887,298.1524847309717
7.388970359281029,1.0,300.20776712262887,298.2784126412037,298.1524915877182
7.392595958083424,1.0,300.2084291300994,298.2785616854828,298.15249845797933
7.396221556885819,1.0,300.209091008066,298.27871079717187,298.15250534176954
7.399847155688214,1.0,300.2097527565888,298.2788599762266,298.15251223910315
7.4034727544906085,1.0,300.2104143757275,298.2790092226026,298.15251914999453
7.407098353293003,1.0,300.21107586554217,298.27915853625564,298.15252607445814
7.410723952095398,1.0,300.2117372260926,298.2793079171413,298.15253301250846
7.414349550897793,1.0,300.2123984574387,298.2794573652155,298.1525399641597
7.417975149700188,1.0,300.21305955964016,298.27960688043385,298.15254692942625
7.421600748502582,1.0,300.21372053275684,298.27975646275206,298.1525539083226
7.425226347304977,1.0,300.2143813768484,298.279906112126,298.152560900863
7.428851946107372,1.0,300.2150420919744,298.28005582851137,298.152567907062
7.432477544909767,1.0,300.2157026781947,298.28020561186395,298.1525749269339
7.436103143712161,1.0,300.2163631355687,298.28035546213954,298.1525819604929
7.439728742514556,1.0,300.21702346415606,298.28050537929397,298.1525890077536
7.443354341316951,1.0,300.2176836640163,298.28065536328313,298.15259606873013
7.446979940119346,1.0,300.2183437352088,298.28080541406274,298.15260314343703
7.4506055389217405,1.0,300.219003677793,298.28095553158875,298.1526102318886
7.454231137724135,1.0,300.21966349182844,298.2811057158169,298.15261733409915
7.45785673652653,1.0,300.22032317737427,298.2812559667032,298.15262445008307
7.461482335328925,1.0,300.22098273449,298.28140628420346,298.1526315798545
7.46510793413132,1.0,300.2216421632348,298.2815566682736,298.15263872342814
7.468733532933714,1.0,300.222301463668,298.2817071188695,298.15264588081794
7.472359131736109,1.0,300.22296063584855,298.2818576359472,298.1526530520385
7.475984730538504,1.0,300.2236196798359,298.2820082194625,298.152660237104
7.479610329340899,1.0,300.22427859568904,298.2821588693714,298.1526674360288
7.483235928143293,1.0,300.224937383467,298.28230958562995,298.15267464882726
7.486861526945688,1.0,300.22559604322896,298.28246036819394,298.1526818755136
7.490487125748083,1.0,300.22625457503375,298.2826112170196,298.1526891161022
7.494112724550478,1.0,300.22691297894045,298.28276213206277,298.1526963706073
7.4977383233528725,1.0,300.22757125500794,298.28291311327956,298.15270363904324
7.501363922155267,1.0,300.22822940329513,298.28306416062594,298.1527109214243
7.504989520957662,1.0,300.2288874238608,298.283215274058,298.1527182177648
7.508615119760057,1.0,300.22954531676385,298.28336645353187,298.152725528079
7.512240718562452,1.0,300.230203082063,298.2835176990034,298.1527328523811
7.515866317364846,1.0,300.23086071981686,298.2836690104289,298.1527401906856
7.519491916167241,1.0,300.2315182300843,298.28382038776437,298.15274754300657
7.523117514969636,1.0,300.23217561292387,298.28397183096604,298.15275490935835
7.526743113772031,1.0,300.2328328683942,298.28412333998995,298.15276228975523
7.530368712574425,1.0,300.2334899965539,298.28427491479215,298.1527696842114
7.53399431137682,1.0,300.2341469974614,298.28442655532893,298.15277709274125
7.537619910179215,1.0,300.23480387117525,298.2845782615565,298.15278451535886
7.54124550898161,1.0,300.2354606177539,298.2847300334309,298.1527919520786
7.5448711077840045,1.0,300.2361172372557,298.2848818709084,298.1527994029147
7.548496706586399,1.0,300.2367737297391,298.28503377394526,298.1528068678814
7.552122305388794,1.0,300.23743009526254,298.28518574249756,298.15281434699284
7.555747904191189,1.0,300.23808633388416,298.2853377765217,298.15282184026336
7.559373502993584,1.0,300.2387424456622,298.28548987597395,298.1528293477072
7.562999101795978,1.0,300.23939843065494,298.28564204081044,298.1528368693385
7.566624700598373,1.0,300.24005428892053,298.28579427098754,298.15284440517155
7.570250299400768,1.0,300.2407100205171,298.2859465664616,298.1528519552206
7.573875898203163,1.0,300.24136562550285,298.2860989271887,298.15285951949977
7.577501497005557,1.0,300.2420211039357,298.2862513531254,298.1528670980233
7.581127095807952,1.0,300.2426764558738,298.28640384422806,298.15287469080533
7.584752694610347,1.0,300.24333168137497,298.28655640045287,298.1528822978602
7.588378293412742,1.0,300.2439867804973,298.28670902175634,298.152889919202
7.5920038922151365,1.0,300.2446417532987,298.28686170809476,298.15289755484497
7.595629491017531,1.0,300.245296599837,298.28701445942454,298.15290520480323
7.599255089819926,1.0,300.24595132017,298.28716727570213,298.15291286909104
7.602880688622321,1.0,300.2466059143555,298.28732015688394,298.15292054772254
7.606506287424716,1.0,300.24726038245126,298.2874731029264,298.1529282407119
7.61013188622711,1.0,300.247914724515,298.28762611378596,298.1529359480733
7.613757485029505,1.0,300.24856894060446,298.28777918941915,298.15294366982084
7.6173830838319,1.0,300.2492230307771,298.28793232978245,298.1529514059688
7.621008682634295,1.0,300.24987699509074,298.28808553483225,298.1529591565312
7.624634281436689,1.0,300.25053083360285,298.2882388045252,298.15296692152236
7.628259880239084,1.0,300.2511845463709,298.28839213881776,298.1529747009562
7.631885479041479,1.0,300.2518381334523,298.28854553766644,298.15298249484704
7.635511077843874,1.0,300.25249159490465,298.2886990010279,298.15299030320887
7.6391366766462685,1.0,300.2531449307853,298.2888525288586,298.15299812605593
7.642762275448663,1.0,300.25379814115166,298.2890061211152,298.1530059634024
7.646387874251058,1.0,300.254451226061,298.2891597777544,298.1530138152623
7.650013473053453,1.0,300.25510418557064,298.2893134987326,298.15302168164976
7.653639071855848,1.0,300.2557570197378,298.28946728400655,298.1530295625789
7.657264670658242,1.0,300.25640972861964,298.289621133533,298.15303745806386
7.660890269460637,1.0,300.2570623122735,298.2897750472684,298.1530453681187
7.664515868263032,1.0,300.25771477075637,298.2899290251696,298.15305329275753
7.668141467065427,1.0,300.2583671041254,298.2900830671932,298.15306123199446
7.671767065867821,1.0,300.25901931243766,298.290237173296,298.1530691858435
7.675392664670216,1.0,300.25967139575016,298.29039134343464,298.1530771543189
7.679018263472611,1.0,300.2603233541199,298.29054557756587,298.1530851374346
7.682643862275006,1.0,300.26097518760383,298.29069987564645,298.1530931352047
7.6862694610774005,1.0,300.2616268962588,298.2908542376332,298.1531011476433
7.689895059879795,1.0,300.26227848014173,298.29100866348296,298.1531091747645
7.69352065868219,1.0,300.26292993930946,298.2911631531523,298.15311721658236
7.697146257484585,1.0,300.2635812738187,298.2913177065982,298.15312527311085
7.70077185628698,1.0,300.2642324837263,298.2914723237775,298.153133344364
7.704397455089374,1.0,300.2648835690889,298.291627004647,298.15314143035596
7.708023053891769,1.0,300.2655345299633,298.2917817491636,298.1531495311008
7.711648652694164,1.0,300.266185366406,298.2919365572841,298.1531576466124
7.715274251496559,1.0,300.26683607847366,298.29209142896553,298.1531657769049
7.718899850298953,1.0,300.26748666622285,298.29224636416467,298.15317392199233
7.722525449101348,1.0,300.2681371297101,298.2924013628385,298.1531820818887
7.726151047903743,1.0,300.2687874689919,298.292556424944,298.15319025660796
7.729776646706138,1.0,300.26943768412474,298.29271155043807,298.15319844616414
7.7334022455085325,1.0,300.27008777516494,298.29286673927766,298.15320665057135
7.737027844310927,1.0,300.27073774216893,298.29302199141983,298.15321486984357
7.740653443113322,1.0,300.271387585193,298.2931773068215,298.15322310399466
7.744279041915717,1.0,300.27203730429346,298.29333268543974,298.1532313530388
7.747904640718112,1.0,300.27268689952666,298.29348812723157,298.1532396169899
7.751530239520506,1.0,300.2733363709487,298.2936436321541,298.1532478958618
7.755155838322901,1.0,300.2739857186159,298.29379920016424,298.1532561896687
7.758781437125296,1.0,300.27463494258427,298.2939548312192,298.15326449842445
7.762407035927691,1.0,300.2752840429101,298.2941105252761,298.153272822143
7.766032634730085,1.0,300.2759330196492,298.29426628229197,298.1532811608384
7.76965823353248,1.0,300.27658187285783,298.294422102224,298.15328951452454
7.773283832334875,1.0,300.2772306025919,298.2945779850293,298.1532978832154
7.77690943113727,1.0,300.2778792089074,298.2947339306651,298.1533062669249
7.7805350299396645,1.0,300.2785276918601,298.2948899390885,298.153314665667
7.784160628742059,1.0,300.27917605150617,298.29504601025667,298.1533230794556
7.787786227544454,1.0,300.27982428790125,298.2952021441269,298.1533315083048
7.791411826346849,1.0,300.28047240110124,298.2953583406564,298.15333995222824
7.795037425149244,1.0,300.28112039116183,298.29551459980235,298.1533484112401
7.798663023951638,1.0,300.2817682581388,298.29567092152206,298.1533568853542
7.802288622754033,1.0,300.2824160020879,298.29582730577283,298.1533653745844
7.805914221556428,1.0,300.2830636230647,298.2959837525118,298.1533738789446
7.809539820358823,1.0,300.2837111211249,298.2961402616965,298.1533823984487
7.813165419161217,1.0,300.284358496324,298.29629683328415,298.1533909331107
7.816791017963612,1.0,300.2850057487176,298.2964534672321,298.15339948294445
7.820416616766007,1.0,300.2856528783612,298.29661016349763,298.1534080479638
7.824042215568402,1.0,300.28629988531026,298.29676692203816,298.15341662818264
7.8276678143707965,1.0,300.2869467696203,298.2969237428112,298.1534252236149
7.831293413173191,1.0,300.28759353134654,298.297080625774,298.15343383427427
7.834919011975586,1.0,300.2882401705445,298.297237570884,298.1534424601748
7.838544610777981,1.0,300.2888866872695,298.2973945780987,298.15345110133023
7.842170209580376,1.0,300.2895330815768,298.29755164737554,298.15345975775455
7.84579580838277,1.0,300.2901793535216,298.29770877867196,298.1534684294614
7.849421407185165,1.0,300.2908255031591,298.2978659719455,298.15347711646484
7.85304700598756,1.0,300.2914715305445,298.2980232271535,298.1534858187785
7.856672604789955,1.0,300.2921174357331,298.29818054425374,298.1534945364164
7.860298203592349,1.0,300.2927632187798,298.2983379232036,298.1535032693922
7.863923802394744,1.0,300.2934088797396,298.2984953639606,298.1535120177199
7.867549401197139,1.0,300.29405441866777,298.29865286648237,298.1535207814132
7.871174999999534,1.0,300.29469983561916,298.2988104307266,298.1535295604859
7.8748005988019285,1.0,300.29534513064874,298.29896805665066,298.15353835495176
7.878426197604323,1.0,300.29599030381144,298.2991257442124,298.1535471648247
7.882051796406718,1.0,300.2966353551621,298.29928349336933,298.15355599011843
7.885677395209113,1.0,300.29728028475563,298.29944130407915,298.1535648308468
7.889302994011508,1.0,300.2979250926468,298.29959917629947,298.15357368702354
7.892928592813902,1.0,300.29856977889034,298.2997571099881,298.15358255866244
7.896554191616297,1.0,300.29921434354105,298.29991510510257,298.15359144577724
7.900179790418692,1.0,300.2998587866536,298.3000731616008,298.1536003483817
7.903805389221087,1.0,300.3005031082826,298.30023127944037,298.15360926648964
7.907430988023481,1.0,300.30114730848277,298.30038945857905,298.1536182001148
7.911056586825876,1.0,300.3017913873086,298.3005476989747,298.1536271492708
7.914682185628271,1.0,300.3024353448147,298.3007060005851,298.1536361139717
7.918307784430666,1.0,300.3030791810555,298.30086436336796,298.15364509423085
7.9219333832330605,1.0,300.30372289608556,298.3010227872812,298.1536540900622
7.925558982035455,1.0,300.30436648995925,298.3011812722827,298.1536631014794
7.92918458083785,1.0,300.30500996273105,298.3013398183301,298.1536721284963
7.932810179640245,1.0,300.30565331445524,298.3014984253815,298.15368117112644
7.93643577844264,1.0,300.3062965451862,298.30165709339474,298.1536902293836
7.940061377245034,1.0,300.30693965497835,298.3018158223277,298.1536993032815
7.943686976047429,1.0,300.30758264388567,298.3019746121382,298.1537083928338
7.947312574849824,1.0,300.3082255119626,298.30213346278435,298.1537174980542
7.950938173652219,1.0,300.30886825926314,298.3022923742241,298.15372661895645
7.954563772454613,1.0,300.30951088584163,298.30245134641535,298.15373575555407
7.958189371257008,1.0,300.31015339175195,298.30261037931615,298.1537449078609
7.961814970059403,1.0,300.3107957770484,298.30276947288445,298.15375407589056
7.965440568861798,1.0,300.31143804178487,298.3029286270783,298.15376325965667
7.9690661676641925,1.0,300.3120801860154,298.30308784185576,298.1537724591729
7.972691766466587,1.0,300.312722209794,298.30324711717486,298.1537816744529
7.976317365268982,1.0,300.3133641131746,298.30340645299384,298.1537909055104
7.979942964071377,1.0,300.314005896211,298.3035658492706,298.1538001523589
7.983568562873772,1.0,300.31464755895706,298.3037253059633,298.15380941501206
7.987194161676166,1.0,300.3152891014667,298.30388482303016,298.1538186934836
7.990819760478561,1.0,300.31593052379367,298.30404440042935,298.15382798778705
7.994445359280956,1.0,300.3165718259916,298.30420403811894,298.15383729793604
7.998070958083351,1.0,300.3172130081143,298.3043637360571,298.1538466239442
8.001696556885745,1.0,300.3178540702155,298.3045234942021,298.1538559658252
8.005322155688141,1.0,300.31849501234876,298.30468331251217,298.1538653235925
8.008947754490537,1.0,300.3191358345677,298.30484319094546,298.15387469725977
8.012573353292932,1.0,300.3197765369258,298.3050031294603,298.15388408684055
8.016198952095328,1.0,300.32041711947676,298.30516312801495,298.15389349234846
8.019824550897724,1.0,300.32105758227397,298.30532318656776,298.1539029137971
8.02345014970012,1.0,300.32169792537087,298.30548330507696,298.15391235119995
8.027075748502515,1.0,300.32233814882085,298.3056434835009,298.15392180457064
8.03070134730491,1.0,300.3229782526774,298.305803721798,298.1539312739227
8.034326946107306,1.0,300.32361823699387,298.30596401992636,298.1539407592697
8.037952544909702,1.0,300.32425810182343,298.3061243778447,298.15395026062515
8.041578143712098,1.0,300.32489784721946,298.3062847955112,298.1539597780026
8.045203742514493,1.0,300.3255374732353,298.30644527288433,298.15396931141566
8.048829341316889,1.0,300.3261769799239,298.3066058099226,298.15397886087766
8.052454940119285,1.0,300.3268163673386,298.30676640658436,298.1539884264023
8.05608053892168,1.0,300.3274556355326,298.30692706282815,298.153998008003
8.059706137724076,1.0,300.32809478455886,298.3070877786124,298.15400760569327
8.063331736526472,1.0,300.32873381447047,298.30724855389565,298.1540172194867
8.066957335328867,1.0,300.3293727253205,298.3074093886364,298.1540268493967
8.070582934131263,1.0,300.33001151716195,298.3075702827933,298.15403649543674
8.074208532933659,1.0,300.3306501900477,298.3077312363247,298.15404615762037
8.077834131736054,1.0,300.33128874403076,298.30789224918925,298.15405583596106
8.08145973053845,1.0,300.33192717916387,298.30805332134565,298.1540655304722
8.085085329340846,1.0,300.3325654955001,298.3082144527525,298.15407524116733
8.088710928143241,1.0,300.33320369309206,298.30837564336827,298.15408496805986
8.092336526945637,1.0,300.3338417719926,298.30853689315177,298.15409471116334
8.095962125748033,1.0,300.33447973225447,298.3086982020616,298.1541044704911
8.099587724550428,1.0,300.3351175739304,298.3088595700565,298.1541142460566
8.103213323352824,1.0,300.33575529707304,298.30902099709516,298.1541240378733
8.10683892215522,1.0,300.336392901735,298.30918248313617,298.1541338459546
8.110464520957615,1.0,300.3370303879689,298.3093440281384,298.154143670314
8.11409011976001,1.0,300.33766775582734,298.3095056320606,298.15415351096476
8.117715718562406,1.0,300.33830500536277,298.3096672948615,298.15416336792043
8.121341317364802,1.0,300.3389421366277,298.3098290164999,298.1541732411944
8.124966916167198,1.0,300.33957914967465,298.3099907969347,298.15418313079994
8.128592514969593,1.0,300.34021604455603,298.3101526361246,298.1541930367505
8.132218113771989,1.0,300.3408528213242,298.3103145340285,298.15420295905955
8.135843712574385,1.0,300.34148948003144,298.3104764906053,298.15421289774036
8.13946931137678,1.0,300.34212602073023,298.31063850581387,298.15422285280636
8.143094910179176,1.0,300.34276244347274,298.310800579613,298.1542328242709
8.146720508981572,1.0,300.3433987483112,298.3109627119618,298.1542428121473
8.150346107783967,1.0,300.3440349352979,298.31112490281913,298.15425281644895
8.153971706586363,1.0,300.34467100448495,298.31128715214385,298.15426283718915
8.157597305388759,1.0,300.3453069559245,298.31144945989513,298.1542728743813
8.161222904191154,1.0,300.34594278966875,298.3116118260318,298.1542829280387
8.16484850299355,1.0,300.3465785057696,298.31177425051294,298.1542929981746
8.168474101795946,1.0,300.3472141042793,298.3119367332975,298.15430308480245
8.172099700598341,1.0,300.3478495852496,298.3120992743447,298.1543131879355
8.175725299400737,1.0,300.34848494873273,298.31226187361347,298.15432330758705
8.179350898203133,1.0,300.34912019478037,298.3124245310629,298.1543334437704
8.182976497005528,1.0,300.34975532344464,298.31258724665224,298.15434359649885
8.186602095807924,1.0,300.3503903347773,298.3127500203404,298.1543537657857
8.19022769461032,1.0,300.3510252288301,298.31291285208664,298.15436395164414
8.193853293412715,1.0,300.35166000565494,298.3130757418502,298.1543741540875
8.197478892215111,1.0,300.35229466530353,298.31323868959004,298.1543843731292
8.201104491017507,1.0,300.35292920782763,298.31340169526555,298.1543946087822
8.204730089819902,1.0,300.3535636332789,298.3135647588358,298.15440486105996
8.208355688622298,1.0,300.35419794170895,298.31372788026016,298.1544151299757
8.211981287424694,1.0,300.35483213316945,298.3138910594978,298.1544254155426
8.21560688622709,1.0,300.35546620771197,298.31405429650806,298.15443571777394
8.219232485029485,1.0,300.35610016538806,298.31421759125016,298.15444603668294
8.22285808383188,1.0,300.3567340062493,298.31438094368343,298.1544563722829
8.226483682634276,1.0,300.35736773034705,298.3145443537672,298.1544667245868
8.230109281436672,1.0,300.35800133773273,298.31470782146084,298.1544770936081
8.233734880239068,1.0,300.35863482845787,298.31487134672363,298.15448747935983
8.237360479041463,1.0,300.3592682025738,298.3150349295151,298.15449788185526
8.240986077843859,1.0,300.3599014601318,298.3151985697945,298.15450830110757
8.244611676646254,1.0,300.36053460118336,298.3153622675214,298.15451873712993
8.24823727544865,1.0,300.3611676257795,298.3155260226551,298.15452918993554
8.251862874251046,1.0,300.36180053397163,298.3156898351551,298.1545396595375
8.255488473053441,1.0,300.3624333258109,298.315853704981,298.15455014594903
8.259114071855837,1.0,300.3630660013485,298.3160176320921,298.1545606491833
8.262739670658233,1.0,300.3636985606355,298.316181616448,298.1545711692534
8.266365269460628,1.0,300.36433100372307,298.3163456580083,298.15458170617245
8.269990868263024,1.0,300.36496333066225,298.31650975673244,298.1545922599537
8.27361646706542,1.0,300.36559554150404,298.3166739125801,298.15460283061014
8.277242065867815,1.0,300.3662276362995,298.31683812551074,298.154613418155
8.280867664670211,1.0,300.36685961509954,298.3170023954841,298.1546240226014
8.284493263472607,1.0,300.367491477955,298.31716672245966,298.1546346439623
8.288118862275002,1.0,300.368123224917,298.3173311063972,298.15464528225095
8.291744461077398,1.0,300.36875485603616,298.31749554725644,298.15465593748036
8.295370059879794,1.0,300.36938637136353,298.31766004499684,298.15466660966365
8.29899565868219,1.0,300.3700177709497,298.3178245995783,298.1546772988139
8.302621257484585,1.0,300.3706490548455,298.3179892109605,298.15468800494415
8.30624685628698,1.0,300.3712802231017,298.3181538791031,298.1546987280675
8.309872455089376,1.0,300.3719112757689,298.3183186039659,298.154709468197
8.313498053891772,1.0,300.3725422128978,298.31848338550867,298.15472022534567
8.317123652694168,1.0,300.3731730345391,298.3186482236913,298.1547309995266
8.320749251496563,1.0,300.37380374074326,298.31881311847343,298.1547417907528
8.324374850298959,1.0,300.37443433156085,298.3189780698151,298.1547525990373
8.328000449101355,1.0,300.3750648070424,298.3191430776761,298.1547634243932
8.33162604790375,1.0,300.3756951672385,298.3193081420162,298.1547742668334
8.335251646706146,1.0,300.37632541219944,298.3194732627954,298.15478512637094
8.338877245508542,1.0,300.37695554197575,298.3196384399736,298.1547960030189
8.342502844310937,1.0,300.3775855566177,298.31980367351065,298.1548068967902
8.346128443113333,1.0,300.3782154561758,298.31996896336665,298.15481780769784
8.349754041915729,1.0,300.3788452407002,298.3201343095014,298.15482873575485
8.353379640718124,1.0,300.37947491024124,298.320299711875,298.15483968097413
8.35700523952052,1.0,300.3801044648491,298.32046517044745,298.15485064336866
8.360630838322916,1.0,300.3807339045742,298.3206306851787,298.1548616229515
8.364256437125311,1.0,300.3813632294665,298.3207962560289,298.1548726197355
8.367882035927707,1.0,300.38199243957627,298.3209618829581,298.15488363373373
8.371507634730103,1.0,300.38262153495356,298.32112756592636,298.15489466495893
8.375133233532498,1.0,300.38325051564846,298.32129330489374,298.1549057134242
8.378758832334894,1.0,300.38387938171104,298.3214590998204,298.1549167791424
8.38238443113729,1.0,300.3845081331912,298.3216249506665,298.15492786212656
8.386010029939685,1.0,300.3851367701391,298.3217908573921,298.1549389623894
8.38963562874208,1.0,300.3857652926046,298.32195681995756,298.15495007994394
8.393261227544476,1.0,300.3863937006376,298.3221228383229,298.1549612148031
8.396886826346872,1.0,300.38702199428803,298.32228891244847,298.1549723669797
8.400512425149268,1.0,300.38765017360555,298.32245504229445,298.15498353648667
8.404138023951663,1.0,300.38827823864017,298.3226212278212,298.1549947233368
8.407763622754059,1.0,300.3889061894416,298.3227874689888,298.1550059275432
8.411389221556455,1.0,300.38953402605966,298.32295376575775,298.15501714911846
8.41501482035885,1.0,300.3901617485439,298.3231201180882,298.1550283880756
8.418640419161246,1.0,300.3907893569441,298.32328652594055,298.1550396444274
8.422266017963642,1.0,300.3914168513098,298.3234529892752,298.15505091818676
8.425891616766037,1.0,300.3920442316907,298.3236195080525,298.1550622093664
8.429517215568433,1.0,300.39267149813645,298.3237860822328,298.15507351797925
8.433142814370829,1.0,300.39329865069635,298.32395271177654,298.155084844038
8.436768413173224,1.0,300.39392568942014,298.32411939664416,298.1550961875557
8.44039401197562,1.0,300.3945526143572,298.32428613679605,298.155107548545
8.444019610778016,1.0,300.39517942555705,298.32445293219274,298.1551189270187
8.447645209580411,1.0,300.39580612306906,298.3246197827948,298.1551303229896
8.451270808382807,1.0,300.39643270694256,298.3247866885626,298.15514173647057
8.454896407185203,1.0,300.3970591772269,298.32495364945675,298.1551531674743
8.458522005987598,1.0,300.39768553397136,298.3251206654378,298.1551646160135
8.462147604789994,1.0,300.39831177722533,298.32528773646624,298.1551760821011
8.46577320359239,1.0,300.3989379070379,298.32545486250274,298.1551875657497
8.469398802394785,1.0,300.3995639234584,298.32562204350785,298.15519906697216
8.473024401197181,1.0,300.400189826536,298.3257892794422,298.1552105857811
8.476649999999577,1.0,300.40081561631985,298.3259565702665,298.1552221221894
8.480275598801972,1.0,300.401441292859,298.32612391594137,298.1552336762097
8.483901197604368,1.0,300.4020668562025,298.3262913164275,298.1552452478548
8.487526796406764,1.0,300.40269230639956,298.32645877168557,298.1552568371373
8.49115239520916,1.0,300.4033176434991,298.32662628167634,298.1552684440699
8.494777994011555,1.0,300.40394286755003,298.32679384636054,298.15528006866543
8.49840359281395,1.0,300.4045679786014,298.326961465699,298.15529171093647
8.502029191616346,1.0,300.405192976702,298.32712913965236,298.15530337089575
8.505654790418742,1.0,300.40581786190086,298.32729686818146,298.15531504855596
8.509280389221137,1.0,300.40644263424673,298.3274646512472,298.1553267439297
8.512905988023533,1.0,300.40706729378843,298.3276324888104,298.15533845702964
8.516531586825929,1.0,300.40769184057484,298.32780038083195,298.1553501878686
8.520157185628324,1.0,300.4083162746546,298.32796832727263,298.155361936459
8.52378278443072,1.0,300.4089405960765,298.32813632809336,298.15537370281356
8.527408383233116,1.0,300.4095648048892,298.3283043832552,298.1553854869449
8.531033982035511,1.0,300.4101889011413,298.3284724927189,298.15539728886574
8.534659580837907,1.0,300.41081288488147,298.32864065644554,298.15540910858863
8.538285179640303,1.0,300.4114367561583,298.32880887439603,298.1554209461261
8.541910778442698,1.0,300.41206051502036,298.3289771465315,298.1554328014909
8.545536377245094,1.0,300.41268416151615,298.32914547281274,298.15544467469556
8.54916197604749,1.0,300.4133076956942,298.329313853201,298.1554565657526
8.552787574849885,1.0,300.4139311176029,298.32948228765724,298.15546847467476
8.556413173652281,1.0,300.4145544272907,298.3296507761425,298.15548040147445
8.560038772454677,1.0,300.4151776248059,298.32981931861804,298.15549234616435
8.563664371257072,1.0,300.41580071019706,298.3299879150448,298.15550430875686
8.567289970059468,1.0,300.4164236835124,298.33015656538396,298.15551628926477
8.570915568861864,1.0,300.41704654480014,298.3303252695967,298.15552828770046
8.57454116766426,1.0,300.4176692941087,298.33049402764425,298.15554030407645
8.578166766466655,1.0,300.4182919314862,298.33066283948773,298.15555233840536
8.58179236526905,1.0,300.4189144569809,298.33083170508837,298.1555643906997
8.585417964071446,1.0,300.41953687064085,298.3310006244074,298.1555764609719
8.589043562873842,1.0,300.42015917251433,298.33116959740613,298.1555885492345
8.592669161676238,1.0,300.4207813626494,298.3313386240458,298.15560065550005
8.596294760478633,1.0,300.42140344109407,298.3315077042877,298.15561277978105
8.599920359281029,1.0,300.42202540789646,298.331676838093,298.1556249220898
8.603545958083425,1.0,300.42264726310447,298.3318460254233,298.15563708243906
8.60717155688582,1.0,300.4232690067662,298.33201526623986,298.1556492608411
8.610797155688216,1.0,300.42389063892944,298.332184560504,298.1556614573084
8.614422754490612,1.0,300.42451215964223,298.33235390817714,298.1556736718535
8.618048353293007,1.0,300.4251335689524,298.3325233092207,298.1556859044888
8.621673952095403,1.0,300.4257548669079,298.33269276359607,298.15569815522673
8.625299550897799,1.0,300.4263760535563,298.33286227126473,298.15571042407964
8.628925149700194,1.0,300.4269971289456,298.33303183218817,298.1557227110601
8.63255074850259,1.0,300.42761809312333,298.3332014463279,298.1557350161805
8.636176347304986,1.0,300.4282389461374,298.3333711136454,298.15574733945317
8.639801946107381,1.0,300.42885968803546,298.3335408341022,298.1557596808905
8.643427544909777,1.0,300.42948031886516,298.33371060765995,298.155772040505
8.647053143712172,1.0,300.4301008386741,298.33388043428005,298.155784418309
8.650678742514568,1.0,300.43072124750984,298.33405031392414,298.15579681431484
8.654304341316964,1.0,300.43134154541997,298.3342202465539,298.15580922853485
8.65792994011936,1.0,300.43196173245195,298.334390232131,298.1558216609815
8.661555538921755,1.0,300.4325818086534,298.334560270617,298.1558341116671
8.66518113772415,1.0,300.43320177407173,298.3347303619736,298.155846580604
8.668806736526546,1.0,300.43382162875434,298.33490050616246,298.15585906780456
8.672432335328942,1.0,300.4344413727487,298.33507070314533,298.15587157328105
8.676057934131338,1.0,300.43506100610205,298.3352409528839,298.1558840970459
8.679683532933733,1.0,300.43568052886184,298.33541125534,298.1558966391113
8.683309131736129,1.0,300.43629994107533,298.33558161047534,298.15590919948966
8.686934730538525,1.0,300.43691924278977,298.3357520182517,298.1559217781932
8.69056032934092,1.0,300.43753843405244,298.335922478631,298.1559343752342
8.694185928143316,1.0,300.43815751491053,298.33609299157496,298.1559469906251
8.697811526945712,1.0,300.4387764854112,298.3362635570454,298.155959624378
8.701437125748107,1.0,300.4393953456016,298.3364341750044,298.1559722765053
8.705062724550503,1.0,300.4400140955289,298.33660484541355,298.15598494701914
8.708688323352899,1.0,300.4406327352402,298.336775568235,298.1559976359319
8.712313922155294,1.0,300.4412512647824,298.3369463434306,298.1560103432558
8.71593952095769,1.0,300.4418696842027,298.33711717096236,298.15602306900297
8.719565119760086,1.0,300.4424879935479,298.33728805079215,298.1560358131857
8.723190718562481,1.0,300.4431061928651,298.33745898288197,298.1560485758163
8.726816317364877,1.0,300.4437242822012,298.3376299671939,298.15606135690695
8.730441916167273,1.0,300.444342261603,298.3378010036899,298.15607415646974
8.734067514969668,1.0,300.4449601311175,298.3379720923321,298.156086974517
8.737693113772064,1.0,300.44557789079147,298.3381432330825,298.1560998110608
8.74131871257446,1.0,300.44619554067174,298.33831442590326,298.15611266611353
8.744944311376855,1.0,300.446813080805,298.3384856707564,298.15612553968714
8.748569910179251,1.0,300.4474305112381,298.3386569676042,298.156138431794
8.752195508981647,1.0,300.44804783201766,298.3388283164087,298.15615134244604
8.755821107784042,1.0,300.4486650431904,298.33899971713214,298.1561642716556
8.759446706586438,1.0,300.44928214480296,298.3391711697365,298.1561772194348
8.763072305388834,1.0,300.4498991369019,298.3393426741843,298.15619018579577
8.76669790419123,1.0,300.45051601953384,298.3395142304376,298.15620317075064
8.770323502993625,1.0,300.45113279274534,298.33968583845865,298.15621617431145
8.77394910179602,1.0,300.45174945658295,298.3398574982098,298.1562291964904
8.777574700598416,1.0,300.4523660110931,298.3400292096533,298.1562422372995
8.781200299400812,1.0,300.45298245632233,298.34020097275146,298.15625529675106
8.784825898203207,1.0,300.453598792317,298.3403727874666,298.15626837485695
8.788451497005603,1.0,300.45421501912347,298.34054465376107,298.15628147162937
8.792077095807999,1.0,300.45483113678824,298.3407165715973,298.1562945870803
8.795702694610394,1.0,300.4554471453575,298.3408885409376,298.15630772122194
8.79932829341279,1.0,300.4560630448775,298.3410605617444,298.15632087406624
8.802953892215186,1.0,300.4566788353948,298.34123263398027,298.1563340456253
8.806579491017581,1.0,300.4572945169554,298.34140475760756,298.1563472359112
8.810205089819977,1.0,300.4579100896056,298.3415769325887,298.1563604449359
8.813830688622373,1.0,300.45852555339155,298.34174915888616,298.1563736727114
8.817456287424768,1.0,300.4591409083594,298.34192143646266,298.1563869192498
8.821081886227164,1.0,300.45975615455535,298.3420937652804,298.1564001845631
8.82470748502956,1.0,300.46037129202534,298.34226614530223,298.1564134686634
8.828333083831955,1.0,300.46098632081555,298.3424385764906,298.1564267715625
8.831958682634351,1.0,300.4616012409719,298.3426110588082,298.15644009327247
8.835584281436747,1.0,300.4622160525405,298.3427835922175,298.15645343380527
8.839209880239142,1.0,300.4628307555672,298.3429561766812,298.15646679317297
8.842835479041538,1.0,300.4634453500981,298.3431288121619,298.15648017138744
8.846461077843934,1.0,300.46405983617893,298.3433014986225,298.1564935684607
8.85008667664633,1.0,300.4646742138557,298.34347423602543,298.1565069844046
8.853712275448725,1.0,300.4652884831742,298.34364702433356,298.15652041923113
8.85733787425112,1.0,300.46590264418023,298.3438198635095,298.15653387295225
8.860963473053516,1.0,300.4665166969195,298.34399275351615,298.15654734557995
8.864589071855912,1.0,300.46713064143796,298.34416569431625,298.15656083712605
8.868214670658308,1.0,300.46774447778114,298.34433868587246,298.1565743476024
8.871840269460703,1.0,300.4683582059948,298.3445117281478,298.15658787702097
8.875465868263099,1.0,300.46897182612463,298.3446848211049,298.1566014253937
8.879091467065495,1.0,300.46958533821623,298.34485796470676,298.15661499273244
8.88271706586789,1.0,300.4701987423152,298.34503115891624,298.156628579049
8.886342664670286,1.0,300.47081203846705,298.34520440369624,298.1566421843554
8.889968263472682,1.0,300.47142522671743,298.34537769900965,298.1566558086633
8.893593862275077,1.0,300.47203830711186,298.34555104481944,298.1566694519847
8.897219461077473,1.0,300.4726512796957,298.34572444108846,298.1566831143315
8.900845059879869,1.0,300.47326414451453,298.34589788777987,298.15669679571533
8.904470658682264,1.0,300.4738769016136,298.3460713848565,298.15671049614815
8.90809625748466,1.0,300.47448955103846,298.3462449322815,298.15672421564176
8.911721856287055,1.0,300.47510209283445,298.3464185300178,298.156737954208
8.915347455089451,1.0,300.4757145270468,298.3465921780285,298.15675171185865
8.918973053891847,1.0,300.4763268537209,298.3467658762768,298.15676548860546
8.922598652694242,1.0,300.476939072902,298.3469396247255,298.1567792844603
8.926224251496638,1.0,300.4775511846353,298.3471134233381,298.1567930994349
8.929849850299034,1.0,300.478163188966,298.34728727207744,298.156806933541
8.93347544910143,1.0,300.4787750859394,298.34746117090685,298.1568207867905
8.937101047903825,1.0,300.4793868756004,298.3476351197894,298.15683465919494
8.94072664670622,1.0,300.4799985579944,298.34780911868836,298.1568485507663
8.944352245508616,1.0,300.4806101331663,298.34798316756695,298.15686246151614
8.947977844311012,1.0,300.4812216011612,298.3481572663884,298.1568763914563
8.951603443113408,1.0,300.48183296202427,298.34833141511587,298.15689034059847
8.955229041915803,1.0,300.4824442158003,298.3485056137129,298.1569043089544
8.958854640718199,1.0,300.4830553625343,298.34867986214255,298.15691829653565
8.962480239520595,1.0,300.48366640227135,298.34885416036826,298.15693230335415
8.96610583832299,1.0,300.4842773350562,298.3490285083533,298.1569463294214
8.969731437125386,1.0,300.48488816093385,298.34920290606107,298.15696037474913
8.973357035927782,1.0,300.48549887994903,298.349377353455,298.156974439349
8.976982634730177,1.0,300.4861094921467,298.3495518504984,298.15698852323277
8.980608233532573,1.0,300.48671999757147,298.34972639715477,298.15700262641207
8.984233832334969,1.0,300.48733039626825,298.3499009933875,298.15701674889846
8.987859431137364,1.0,300.48794068828175,298.35007563916014,298.15703089070365
8.99148502993976,1.0,300.4885508736566,298.35025033443605,298.15704505183925
8.995110628742156,1.0,300.48916095243754,298.3504250791789,298.1570592323169
8.998736227544551,1.0,300.4897709246692,298.35059987335205,298.15707343214825
9.002361826346947,1.0,300.4903807903961,298.35077471691915,298.15708765134485
9.005987425149343,1.0,300.490990549663,298.3509496098437,298.15710188991835
9.009613023951738,1.0,300.49160020251435,298.35112455208935,298.1571161478803
9.013238622754134,1.0,300.49220974899464,298.3512995436197,298.15713042524226
9.01686422155653,1.0,300.4928191891484,298.3514745843983,298.15714472201586
9.020489820358925,1.0,300.4934285230202,298.3516496743889,298.15715903821274
9.02411541916132,1.0,300.4940377506543,298.35182481355514,298.1571733738443
9.027741017963717,1.0,300.49464687209513,298.35200000186063,298.15718772892217
9.031366616766112,1.0,300.4952558873872,298.3521752392692,298.1572021034579
9.034992215568508,1.0,300.4958647965747,298.3523505257445,298.1572164974631
9.038617814370904,1.0,300.49647359970214,298.35252586125023,298.1572309109491
9.0422434131733,1.0,300.4970822968136,298.35270124575027,298.15724534392757
9.045869011975695,1.0,300.4976908879534,298.35287667920835,298.15725979641
9.04949461077809,1.0,300.4982993731659,298.3530521615883,298.1572742684079
9.053120209580486,1.0,300.49890775249514,298.353227692854,298.15728875993267
9.056745808382882,1.0,300.4995160259854,298.35340327296916,298.1573032709959
9.060371407185277,1.0,300.50012419368073,298.3535789018977,298.157317801609
9.063997005987673,1.0,300.5007322556253,298.3537545796037,298.1573323517835
9.067622604790069,1.0,300.5013402118631,298.3539303060508,298.15734692153086
9.071248203592464,1.0,300.5019480624384,298.3541060812031,298.15736151086253
9.07487380239486,1.0,300.50255580739497,298.35428190502444,298.15737611978983
9.078499401197256,1.0,300.503163446777,298.35445777747896,298.15739074832436
9.082124999999651,1.0,300.50377098062836,298.35463369853045,298.1574053964775
9.085750598802047,1.0,300.5043784089931,298.35480966814305,298.1574200642606
9.089376197604443,1.0,300.504985731915,298.3549856862808,298.1574347516851
9.093001796406838,1.0,300.5055929494379,298.3551617529077,298.15744945876247
9.096627395209234,1.0,300.50620006160585,298.3553378679878,298.157464185504
9.10025299401163,1.0,300.50680706846254,298.35551403148537,298.1574789319213
9.103878592814025,1.0,300.50741397005174,298.3556902433643,298.15749369802546
9.107504191616421,1.0,300.5080207664173,298.3558665035888,298.157508483828
9.111129790418817,1.0,300.5086274576029,298.35604281212306,298.1575232893403
9.114755389221212,1.0,300.50923404365227,298.35621916893126,298.1575381145736
9.118380988023608,1.0,300.5098405246091,298.3563955739776,298.1575529595393
9.122006586826004,1.0,300.51044690051697,298.3565720272262,298.1575678242488
9.1256321856284,1.0,300.51105317141963,298.35674852864145,298.15758270871333
9.129257784430795,1.0,300.5116593373605,298.3569250781875,298.15759761294424
9.13288338323319,1.0,300.51226539838325,298.3571016758287,298.15761253695297
9.136508982035586,1.0,300.5128713545314,298.35727832152924,298.15762748075065
9.140134580837982,1.0,300.5134772058485,298.35745501525344,298.1576424443487
9.143760179640378,1.0,300.51408295237803,298.3576317569658,298.15765742775824
9.147385778442773,1.0,300.51468859416326,298.3578085466305,298.1576724309907
9.151011377245169,1.0,300.5152941312478,298.3579853842121,298.1576874540572
9.154636976047565,1.0,300.51589956367496,298.35816226967484,298.1577024969693
9.15826257484996,1.0,300.5165048914881,298.3583392029832,298.15771755973793
9.161888173652356,1.0,300.5171101147307,298.3585161841016,298.15773264237447
9.165513772454752,1.0,300.51771523344587,298.3586932129945,298.1577477448901
9.169139371257147,1.0,300.51832024767697,298.3588702896264,298.1577628672962
9.172764970059543,1.0,300.5189251574672,298.35904741396183,298.15777800960376
9.176390568861938,1.0,300.51952996285985,298.35922458596525,298.1577931718242
9.180016167664334,1.0,300.52013466389803,298.3594018056013,298.1578083539686
9.18364176646673,1.0,300.520739260625,298.35957907283444,298.1578235560481
9.187267365269125,1.0,300.52134375308384,298.3597563876293,298.1578387780741
9.190892964071521,1.0,300.5219481413177,298.35993374995036,298.1578540200576
9.194518562873917,1.0,300.52255242536955,298.3601111597625,298.15786928200976
9.198144161676312,1.0,300.52315660528257,298.3602886170301,298.1578845639419
9.201769760478708,1.0,300.5237606810997,298.360466121718,298.15789986586503
9.205395359281104,1.0,300.524364652864,298.36064367379083,298.1579151877903
9.2090209580835,1.0,300.52496852061836,298.3608212732133,298.1579305297289
9.212646556885895,1.0,300.5255722844057,298.36099891995,298.1579458916919
9.21627215568829,1.0,300.526175944269,298.3611766139659,298.1579612736905
9.219897754490686,1.0,300.5267795002511,298.36135435522567,298.15797667573577
9.223523353293082,1.0,300.5273829523949,298.3615321436941,298.1579920978388
9.227148952095478,1.0,300.5279863007432,298.3617099793359,298.15800754001066
9.230774550897873,1.0,300.5285895453387,298.361887862116,298.15802300226244
9.234400149700269,1.0,300.52919268622435,298.36206579199927,298.15803848460524
9.238025748502665,1.0,300.5297957234427,298.3622437689505,298.1580539870502
9.24165134730506,1.0,300.53039865703664,298.36242179293464,298.15806950960825
9.245276946107456,1.0,300.5310014870487,298.36259986391656,298.1580850522905
9.248902544909852,1.0,300.53160421352163,298.3627779818612,298.1581006151079
9.252528143712247,1.0,300.532206836498,298.36295614673355,298.1581161980717
9.256153742514643,1.0,300.5328093560205,298.3631343584985,298.1581318011927
9.259779341317039,1.0,300.5334117721316,298.36331261712104,298.158147424482
9.263404940119434,1.0,300.5340140848739,298.36349092256626,298.1581630679507
9.26703053892183,1.0,300.53461629428983,298.36366927479907,298.15817873160967
9.270656137724226,1.0,300.535218400422,298.3638476737846,298.15819441546995
9.274281736526621,1.0,300.5358204033128,298.36402611948796,298.1582101195425
9.277907335329017,1.0,300.5364223030047,298.3642046118742,298.1582258438384
9.281532934131413,1.0,300.53702409954,298.36438315090834,298.15824158836847
9.285158532933808,1.0,300.53762579296125,298.3645617365557,298.1582573531437
9.288784131736204,1.0,300.53822738331064,298.36474036878127,298.1582731381751
9.2924097305386,1.0,300.5388288706306,298.3649190475503,298.15828894347356
9.296035329340995,1.0,300.5394302549633,298.3650977728279,298.15830476905
9.29966092814339,1.0,300.5400315363511,298.3652765445794,298.15832061491534
9.303286526945787,1.0,300.54063271483625,298.3654553627699,298.1583364810806
9.306912125748182,1.0,300.5412337904609,298.3656342273648,298.1583523675566
9.310537724550578,1.0,300.5418347632673,298.36581313832926,298.1583682743542
9.314163323352973,1.0,300.5424356332975,298.36599209562866,298.15838420148435
9.31778892215537,1.0,300.54303640059373,298.3661710992282,298.1584001489579
9.321414520957765,1.0,300.543637065198,298.3663501490933,298.1584161167858
9.32504011976016,1.0,300.54423762715254,298.3665292451893,298.1584321049788
9.328665718562556,1.0,300.54483808649917,298.3667083874816,298.1584481135478
9.332291317364952,1.0,300.5454384432801,298.3668875759355,298.15846414250365
9.335916916167347,1.0,300.54603869753714,298.36706681051646,298.1584801918572
9.339542514969743,1.0,300.5466388493124,298.36724609119,298.1584962616193
9.343168113772139,1.0,300.5472388986478,298.3674254179215,298.1585123518007
9.346793712574534,1.0,300.5478388455852,298.3676047906764,298.15852846241233
9.35041931137693,1.0,300.54843869016645,298.3677842094202,298.1585445934649
9.354044910179326,1.0,300.54903843243346,298.3679636741186,298.1585607449692
9.357670508981721,1.0,300.549638072428,298.36814318473694,298.15857691693594
9.361296107784117,1.0,300.5502376101919,298.3683227412408,298.15859310937606
9.364921706586513,1.0,300.550837045767,298.36850234359576,298.1586093223002
9.368547305388908,1.0,300.5514363791949,298.3686819917675,298.15862555571925
9.372172904191304,1.0,300.55203561051746,298.3688616857215,298.1586418096439
9.3757985029937,1.0,300.5526347397763,298.36904142542363,298.15865808408483
9.379424101796095,1.0,300.553233767013,298.36922121083927,298.1586743790529
9.383049700598491,1.0,300.55383269226934,298.3694010419343,298.15869069455874
9.386675299400887,1.0,300.5544315155868,298.3695809186743,298.158707030613
9.390300898203282,1.0,300.55503023700703,298.3697608410251,298.15872338722664
9.393926497005678,1.0,300.5556288565716,298.36994080895226,298.15873976441014
9.397552095808074,1.0,300.556227374322,298.37012082242177,298.1587561621742
9.40117769461047,1.0,300.55682579029974,298.37030088139926,298.1587725805296
9.404803293412865,1.0,300.5574241045462,298.37048098585046,298.15878901948696
9.40842889221526,1.0,300.558022317103,298.37066113574144,298.158805479057
9.412054491017656,1.0,300.5586204280114,298.3708413310378,298.1588219592503
9.415680089820052,1.0,300.55921843731284,298.37102157170546,298.15883846007756
9.419305688622448,1.0,300.5598163450487,298.37120185771045,298.1588549815494
9.422931287424843,1.0,300.5604141512604,298.3713821890185,298.1588715236764
9.426556886227239,1.0,300.5610118559891,298.3715625655956,298.1588880864693
9.430182485029635,1.0,300.56160945927604,298.37174298740763,298.15890466993864
9.43380808383203,1.0,300.56220696116264,298.37192345442065,298.158921274095
9.437433682634426,1.0,300.56280436169004,298.37210396660066,298.1589378989491
9.441059281436821,1.0,300.56340166089944,298.37228452391355,298.1589545445114
9.444684880239217,1.0,300.56399885883206,298.3724651263253,298.1589712107925
9.448310479041613,1.0,300.56459595552906,298.37264577380216,298.15898789780306
9.451936077844008,1.0,300.56519295103146,298.37282646631,298.15900460555355
9.455561676646404,1.0,300.56578984538044,298.373007203815,298.15902133405444
9.4591872754488,1.0,300.566386638617,298.37318798628326,298.15903808331643
9.462812874251195,1.0,300.5669833307823,298.3733688136809,298.15905485335
9.466438473053591,1.0,300.56757992191723,298.373549685974,298.1590716441658
9.470064071855987,1.0,300.56817641206277,298.37373060312876,298.1590884557742
9.473689670658382,1.0,300.56877280125997,298.3739115651114,298.15910528818574
9.477315269460778,1.0,300.5693690895497,298.3740925718881,298.1591221414108
9.480940868263174,1.0,300.56996527697294,298.3742736234251,298.15913901546014
9.48456646706557,1.0,300.5705613635705,298.3744547196887,298.15915591034405
9.488192065867965,1.0,300.57115734938327,298.37463586064496,298.15917282607313
9.49181766467036,1.0,300.571753234452,298.3748170462604,298.1591897626577
9.495443263472756,1.0,300.57234901881753,298.3749982765012,298.1592067201084
9.499068862275152,1.0,300.5729447025207,298.37517955133364,298.1592236984355
9.502694461077548,1.0,300.5735402856022,298.37536087072414,298.1592406976495
9.506320059879943,1.0,300.5741357681028,298.3755422346391,298.15925771776085
9.509945658682339,1.0,300.57473115006314,298.37572364304486,298.15927475878
9.513571257484735,1.0,300.5753264315239,298.3759050959078,298.1592918207174
9.51719685628713,1.0,300.5759216125257,298.37608659319443,298.15930890358334
9.520822455089526,1.0,300.5765166931091,298.3762681348711,298.1593260073883
9.524448053891922,1.0,300.57711167331485,298.37644972090436,298.1593431321426
9.528073652694317,1.0,300.57770655318336,298.37663135126064,298.1593602778567
9.531699251496713,1.0,300.57830133275536,298.3768130259065,298.15937744454095
9.535324850299109,1.0,300.5788960120711,298.3769947448083,298.15939463220565
9.538950449101504,1.0,300.57949059117124,298.37717650793286,298.1594118408612
9.5425760479039,1.0,300.5800850700962,298.37735831524657,298.1594290705179
9.546201646706296,1.0,300.5806794488864,298.377540166716,298.15944632118624
9.549827245508691,1.0,300.5812737275823,298.3777220623079,298.15946359287636
9.553452844311087,1.0,300.58186790622415,298.3779040019887,298.15948088559867
9.557078443113483,1.0,300.58246198485244,298.37808598572525,298.1594981993635
9.560704041915878,1.0,300.5830559635074,298.37826801348405,298.15951553418114
9.564329640718274,1.0,300.58364984222936,298.3784500852319,298.1595328900619
9.56795523952067,1.0,300.5842436210586,298.37863220093544,298.159550267016
9.571580838323065,1.0,300.5848373000353,298.37881436056136,298.15956766505366
9.57520643712546,1.0,300.58543087919986,298.3789965640766,298.15958508418527
9.578832035927856,1.0,300.5860243585923,298.37917881144773,298.15960252442113
9.582457634730252,1.0,300.5866177382528,298.3793611026416,298.1596199857713
9.586083233532648,1.0,300.58721101822164,298.37954343762505,298.1596374682463
9.589708832335043,1.0,300.5878041985387,298.3797258163649,298.1596549718561
9.593334431137439,1.0,300.5883972792444,298.37990823882797,298.15967249661105
9.596960029939835,1.0,300.5889902603785,298.3800907049811,298.1596900425212
9.60058562874223,1.0,300.5895831419812,298.38027321479126,298.15970760959704
9.604211227544626,1.0,300.5901759240925,298.3804557682254,298.15972519784856
9.607836826347022,1.0,300.59076860675236,298.3806383652502,298.159742807286
9.611462425149417,1.0,300.59136119000067,298.38082100583284,298.15976043791954
9.615088023951813,1.0,300.5919536738775,298.38100368994026,298.15977808975936
9.618713622754209,1.0,300.5925460584227,298.38118641753937,298.1597957628156
9.622339221556604,1.0,300.5931383436762,298.3813691885973,298.15981345709844
9.625964820359,1.0,300.5937305296777,298.38155200308097,298.15983117261806
9.629590419161396,1.0,300.59432261646725,298.3817348609574,298.1598489093845
9.633216017963791,1.0,300.59491460408447,298.3819177621938,298.159866667408
9.636841616766187,1.0,300.5955064925693,298.3821007067571,298.1598844466985
9.640467215568583,1.0,300.5960982819614,298.3822836946145,298.1599022472663
9.644092814370978,1.0,300.5966899723005,298.3824667257332,298.1599200691215
9.647718413173374,1.0,300.5972815636263,298.3826498000802,298.159937912274
9.65134401197577,1.0,300.59787305597854,298.3828329176227,298.1599557767341
9.654969610778165,1.0,300.5984644493968,298.383016078328,298.15997366251173
9.658595209580561,1.0,300.5990557439207,298.3831992821632,298.15999156961703
9.662220808382957,1.0,300.5996469395899,298.3833825290955,298.16000949806005
9.665846407185352,1.0,300.600238036444,298.38356581909227,298.1600274478508
9.669472005987748,1.0,300.60082903452246,298.38374915212074,298.1600454189993
9.673097604790144,1.0,300.60141993386486,298.38393252814814,298.16006341151564
9.67672320359254,1.0,300.6020107345107,298.3841159471418,298.1600814254098
9.680348802394935,1.0,300.60260143649947,298.3842994090691,298.1600994606918
9.68397440119733,1.0,300.6031920398705,298.38448291389733,298.16011751737176
9.687599999999726,1.0,300.6037825446634,298.3846664615939,298.16013559545956
9.691225598802122,1.0,300.6043729509174,298.3848500521262,298.16015369496523
9.694851197604518,1.0,300.60496325867194,298.3850336854616,298.1601718158986
9.698476796406913,1.0,300.6055534679664,298.3852173615675,298.16018995826994
9.702102395209309,1.0,300.60614357884003,298.38540108041155,298.16020812208893
9.705727994011704,1.0,300.6067335913322,298.38558484196096,298.16022630736563
9.7093535928141,1.0,300.60732350548216,298.3857686461833,298.16024451411005
9.712979191616496,1.0,300.6079133213291,298.38595249304615,298.16026274233195
9.716604790418891,1.0,300.60850303891226,298.38613638251695,298.1602809920413
9.720230389221287,1.0,300.60909265827087,298.3863203145633,298.1602992632482
9.723855988023683,1.0,300.6096821794441,298.3865042891528,298.1603175559624
9.727481586826078,1.0,300.6102716024711,298.386688306253,298.1603358701938
9.731107185628474,1.0,300.6108609273909,298.3868723658315,298.16035420595244
9.73473278443087,1.0,300.61145015424273,298.38705646785587,298.16037256324796
9.738358383233265,1.0,300.61203928306554,298.38724061229385,298.1603909420904
9.741983982035661,1.0,300.6126283138984,298.38742479911315,298.16040934248963
9.745609580838057,1.0,300.61321724678044,298.38760902828136,298.1604277644554
9.749235179640452,1.0,300.61380608175045,298.38779329976614,298.1604462079976
9.752860778442848,1.0,300.61439481884753,298.3879776135353,298.1604646731261
9.756486377245244,1.0,300.61498345811066,298.3881619695567,298.16048315985074
9.76011197604764,1.0,300.61557199957866,298.3883463677979,298.16050166818127
9.763737574850035,1.0,300.6161604432904,298.38853080822673,298.1605201981276
9.76736317365243,1.0,300.61674878928494,298.3887152908111,298.16053874969947
9.770988772454826,1.0,300.617337037601,298.38889981551876,298.1605573229066
9.774614371257222,1.0,300.61792518827724,298.3890843823176,298.1605759177589
9.778239970059618,1.0,300.61851324135273,298.3892689911754,298.16059453426607
9.781865568862013,1.0,300.61910119686604,298.3894536420602,298.160613172438
9.785491167664409,1.0,300.619689054856,298.3896383349398,298.1606318322843
9.789116766466805,1.0,300.6202768153613,298.3898230697821,298.1606505138148
9.7927423652692,1.0,300.6208644784207,298.3900078465551,298.1606692170392
9.796367964071596,1.0,300.6214520440728,298.39019266522666,298.16068794196724
9.799993562873992,1.0,300.62203951235625,298.39037752576496,298.1607066886086
9.803619161676387,1.0,300.6226268833097,298.3905624281379,298.1607254569731
9.807244760478783,1.0,300.62321415697164,298.39074737231346,298.16074424707045
9.810870359281179,1.0,300.62380133338087,298.3909323582598,298.16076305891016
9.814495958083574,1.0,300.6243884125756,298.3911173859448,298.16078189250214
9.81812155688597,1.0,300.6249753945946,298.39130245533676,298.16080074785594
9.821747155688366,1.0,300.6255622794764,298.39148756640367,298.16081962498123
9.825372754490761,1.0,300.6261490672593,298.39167271911356,298.1608385238878
9.828998353293157,1.0,300.6267357579818,298.39185791343476,298.1608574445852
9.832623952095553,1.0,300.6273223516823,298.39204314933534,298.160876387083
9.836249550897948,1.0,300.62790884839933,298.39222842678356,298.160895351391
9.839875149700344,1.0,300.6284952481711,298.3924137457475,298.1609143375187
9.84350074850274,1.0,300.62908155103605,298.3925991061955,298.1609333454758
9.847126347305135,1.0,300.62966775703245,298.3927845080957,298.1609523752719
9.85075194610753,1.0,300.63025386619864,298.39296995141643,298.16097142691655
9.854377544909926,1.0,300.6308398785729,298.39315543612594,298.16099050041936
9.858003143712322,1.0,300.63142579419343,298.3933409621925,298.1610095957899
9.861628742514718,1.0,300.6320116130984,298.39352652958456,298.16102871303775
9.865254341317113,1.0,300.6325973353263,298.3937121382703,298.16104785217243
9.868879940119509,1.0,300.63318296091495,298.3938977882182,298.16106701320365
9.872505538921905,1.0,300.6337684899027,298.39408347939656,298.1610861961409
9.8761311377243,1.0,300.6343539223276,298.3942692117738,298.16110540099356
9.879756736526696,1.0,300.6349392582278,298.3944549853184,298.1611246277713
9.883382335329092,1.0,300.63552449764137,298.39464079999874,298.1611438764836
9.887007934131487,1.0,300.6361096406063,298.3948266557833,298.16116314714003
9.890633532933883,1.0,300.6366946871607,298.39501255264054,298.16118243975006
9.894259131736279,1.0,300.63727963734254,298.39519849053903,298.16120175432314
9.897884730538674,1.0,300.6378644911899,298.3953844694472,298.16122109086876
9.90151032934107,1.0,300.63844924874047,298.39557048933364,298.1612404493965
9.905135928143466,1.0,300.6390339100325,298.3957565501668,298.1612598299157
9.908761526945861,1.0,300.63961847510365,298.3959426519154,298.16127923243585
9.912387125748257,1.0,300.640202943992,298.396128794548,298.1612986569665
9.916012724550653,1.0,300.6407873167352,298.3963149780332,298.1613181035169
9.919638323353048,1.0,300.6413715933713,298.3965012023396,298.16133757209667
9.923263922155444,1.0,300.641955773938,298.3966874674359,298.1613570627151
9.92688952095784,1.0,300.64253985847307,298.3968737732908,298.1613765753817
9.930515119760235,1.0,300.64312384701435,298.39706011987295,298.16139611010584
9.934140718562631,1.0,300.6437077395995,298.397246507151,298.16141566689697
9.937766317365027,1.0,300.6442915362663,298.39743293509383,298.1614352457643
9.941391916167422,1.0,300.6448752370523,298.3976194036701,298.1614548467174
9.945017514969818,1.0,300.6454588419954,298.39780591284864,298.16147446976555
9.948643113772214,1.0,300.6460423511331,298.39799246259815,298.1614941149181
9.95226871257461,1.0,300.64662576450297,298.3981790528875,298.16151378218456
9.955894311377005,1.0,300.64720908214275,298.39836568368554,298.16153347157405
9.9595199101794,1.0,300.64779230408993,298.3985523549611,298.161553183096
9.963145508981796,1.0,300.64837543038203,298.3987390666831,298.16157291675967
9.966771107784192,1.0,300.6489584610566,298.3989258188204,298.16159267257456
9.970396706586587,1.0,300.64954139615116,298.3991126113418,298.1616124505498
9.974022305388983,1.0,300.6501242357032,298.39929944421647,298.1616322506947
9.977647904191379,1.0,300.65070697975005,298.3994863174131,298.16165207301873
9.981273502993774,1.0,300.6512896283293,298.3996732309009,298.161671917531
9.98489910179617,1.0,300.65187218147827,298.3998601846486,298.1616917842408
9.988524700598566,1.0,300.65245463923435,298.40004717862547,298.1617116731574
9.992150299400961,1.0,300.6530370016349,298.4002342128004,298.1617315842902
9.995775898203357,1.0,300.6536192687172,298.4004212871423,298.1617515176482
9.999401497005753,1.0,300.65420144051865,298.40060840162056,298.16177147324083
10.003027095808148,1.0,300.6547835170765,298.400795556204,298.1617914510772
10.006652694610544,1.0,300.65536549842807,298.40098275086183,298.1618114511666
10.01027829341294,1.0,300.65594738461044,298.4011699855632,298.16183147351825
10.013903892215335,1.0,300.6565291756609,298.4013572602771,298.1618515181413
10.017529491017731,1.0,300.65711087161674,298.401544574973,298.16187158504493
10.021155089820127,1.0,300.657692472515,298.4017319296198,298.16189167423846
10.024780688622522,1.0,300.6582739783929,298.40191932418674,298.16191178573087
10.028406287424918,1.0,300.65885538928745,298.40210675864313,298.16193191953147
10.032031886227314,1.0,300.6594367052359,298.4022942329583,298.1619520756493
10.03565748502971,1.0,300.6600179262752,298.40248174710126,298.16197225409366
10.039283083832105,1.0,300.66059905244254,298.40266930104144,298.16199245487354
10.0429086826345,1.0,300.66118008377475,298.40285689474814,298.16201267799823
10.046534281436896,1.0,300.6617610203089,298.4030445281907,298.1620329234767
10.050159880239292,1.0,300.66234186208203,298.4032322013384,298.16205319131814
10.053785479041688,1.0,300.6629226091311,298.4034199141606,298.1620734815316
10.057411077844083,1.0,300.663503261493,298.4036076666267,298.1620937941263
10.061036676646479,1.0,300.6640838192046,298.4037954587061,298.1621141291112
10.064662275448875,1.0,300.6646642823029,298.4039832903682,298.16213448649546
10.06828787425127,1.0,300.66524465082466,298.4041711615825,298.16215486628806
10.071913473053666,1.0,300.6658249248067,298.40435907231836,298.1621752684982
10.075539071856062,1.0,300.66640510428596,298.40454702254533,298.1621956931347
10.079164670658457,1.0,300.66698518929906,298.40473501223283,298.1622161402069
10.082790269460853,1.0,300.6675651798829,298.40492304135046,298.1622366097236
10.086415868263249,1.0,300.66814507607415,298.4051111098677,298.1622571016939
10.090041467065644,1.0,300.6687248779096,298.40529921775413,298.1622776161268
10.09366706586804,1.0,300.6693045854259,298.40548736497925,298.16229815303143
10.097292664670436,1.0,300.66988419865976,298.4056755515127,298.1623187124166
10.100918263472831,1.0,300.6704637176478,298.4058637773241,298.1623392942915
10.104543862275227,1.0,300.67104314242664,298.4060520423831,298.1623598986649
10.108169461077622,1.0,300.671622473033,298.40624034665933,298.1623805255459
10.111795059880018,1.0,300.6722017095032,298.4064286901224,298.16240117494345
10.115420658682414,1.0,300.67278085187405,298.40661707274205,298.16242184686644
10.11904625748481,1.0,300.67335990018205,298.40680549448797,298.16244254132397
10.122671856287205,1.0,300.67393885446364,298.40699395533,298.16246325832475
10.1262974550896,1.0,300.67451771475527,298.40718245523766,298.16248399787787
10.129923053891996,1.0,300.6750964810935,298.40737099418095,298.16250475999226
10.133548652694392,1.0,300.67567515351476,298.40755957212946,298.1625255446767
10.137174251496788,1.0,300.6762537320554,298.40774818905305,298.16254635194025
10.140799850299183,1.0,300.67683221675196,298.40793684492166,298.1625671817917
10.144425449101579,1.0,300.67741060764064,298.408125539705,298.1625880342399
10.148051047903975,1.0,300.6779889047579,298.4083142733729,298.16260890929385
10.15167664670637,1.0,300.6785671081401,298.4085030458954,298.16262980696234
10.155302245508766,1.0,300.6791452178234,298.4086918572422,298.1626507272543
10.158927844311162,1.0,300.6797232338442,298.40888070738345,298.1626716701784
10.162553443113557,1.0,300.68030115623867,298.40906959628893,298.1626926357436
10.166179041915953,1.0,300.6808789850432,298.4092585239286,298.1627136239588
10.169804640718349,1.0,300.6814567202939,298.40944749027244,298.16273463483265
10.173430239520744,1.0,300.6820343620269,298.4096364952905,298.16275566837413
10.17705583832314,1.0,300.6826119102785,298.40982553895276,298.16277672459194
10.180681437125536,1.0,300.6831893650848,298.41001462122927,298.16279780349487
10.184307035927931,1.0,300.68376672648185,298.4102037420901,298.1628189050918
10.187932634730327,1.0,300.68434399450587,298.41039290150525,298.1628400293914
10.191558233532723,1.0,300.6849211691929,298.4105820994448,298.16286117640254
10.195183832335118,1.0,300.6854982505789,298.41077133587896,298.16288234613387
10.198809431137514,1.0,300.6860752387,298.41096061077786,298.1629035385942
10.20243502993991,1.0,300.68665213359225,298.4111499241115,298.16292475379237
10.206060628742305,1.0,300.6872289352915,298.41133927585025,298.16294599173693
10.209686227544701,1.0,300.68780564383377,298.4115286659641,298.1629672524367
10.213311826347097,1.0,300.68838225925504,298.41171809442335,298.1629885359004
10.216937425149492,1.0,300.6889587815912,298.4119075611983,298.1630098421367
10.220563023951888,1.0,300.68953521087815,298.4120970662591,298.1630311711544
10.224188622754284,1.0,300.69011154715173,298.41228660957603,298.163052522962
10.22781422155668,1.0,300.69068779044784,298.41247619111937,298.1630738975683
10.231439820359075,1.0,300.6912639408023,298.4126658108594,298.163095294982
10.23506541916147,1.0,300.6918399982509,298.41285546876645,298.16311671521174
10.238691017963866,1.0,300.6924159628294,298.4130451648109,298.1631381582661
10.242316616766262,1.0,300.6929918345736,298.41323489896314,298.1631596241538
10.245942215568657,1.0,300.6935676135193,298.4134246711934,298.1631811128835
10.249567814371053,1.0,300.69414329970203,298.41361448147217,298.16320262446374
10.253193413173449,1.0,300.69471889315764,298.4138043297699,298.1632241589032
10.256819011975844,1.0,300.6952943939218,298.41399421605695,298.16324571621044
10.26044461077824,1.0,300.69586980203,298.4141841403038,298.1632672963941
10.264070209580636,1.0,300.6964451175181,298.41437410248096,298.1632888994629
10.267695808383031,1.0,300.69702034042155,298.4145641025588,298.1633105254251
10.271321407185427,1.0,300.697595470776,298.414754140508,298.16333217428956
10.274947005987823,1.0,300.6981705086169,298.41494421629903,298.1633538460647
10.278572604790218,1.0,300.6987454539799,298.4151343299024,298.16337554075915
10.282198203592614,1.0,300.69932030690046,298.4153244812886,298.1633972583814
10.28582380239501,1.0,300.6998950674141,298.4155146704285,298.16341899894
10.289449401197405,1.0,300.70046973555634,298.41570489729236,298.16344076244354
10.293074999999801,1.0,300.7010443113625,298.41589516185104,298.16346254890055
10.296700598802197,1.0,300.70161879486807,298.4160854640751,298.16348435831947
10.300326197604592,1.0,300.7021931861085,298.4162758039352,298.16350619070874
10.303951796406988,1.0,300.70276748511907,298.41646618140203,298.16352804607703
10.307577395209384,1.0,300.70334169193524,298.4166565964462,298.16354992443274
10.31120299401178,1.0,300.70391580659225,298.4168470490386,298.1635718257843
10.314828592814175,1.0,300.70448982912546,298.4170375391499,298.16359375014025
10.31845419161657,1.0,300.70506375957024,298.4172280667508,298.16361569750904
10.322079790418966,1.0,300.70563759796175,298.4174186318121,298.163637667899
10.325705389221362,1.0,300.70621134433526,298.4176092343046,298.1636596613188
10.329330988023758,1.0,300.70678499872605,298.41779987419915,298.16368167777665
10.332956586826153,1.0,300.7073585611692,298.41799055146663,298.1637037172811
10.336582185628549,1.0,300.70793203170007,298.4181812660777,298.16372577984055
10.340207784430945,1.0,300.7085054103537,298.41837201800337,298.16374786546345
10.34383338323334,1.0,300.7090786971653,298.4185628072145,298.1637699741581
10.347458982035736,1.0,300.70965189216986,298.418753633682,298.1637921059329
10.351084580838132,1.0,300.7102249954026,298.4189444973768,298.16381426079624
10.354710179640527,1.0,300.71079800689853,298.4191353982699,298.16383643875656
10.358335778442923,1.0,300.7113709266927,298.4193263363321,298.16385863982214
10.361961377245319,1.0,300.71194375482025,298.4195173115346,298.1638808640014
10.365586976047714,1.0,300.712516491316,298.4197083238482,298.1639031113027
10.36921257485011,1.0,300.71308913621505,298.4198993732441,298.16392538173426
10.372838173652505,1.0,300.71366168955234,298.4200904596932,298.1639476753045
10.376463772454901,1.0,300.7142341513628,298.4202815831666,298.16396999202163
10.380089371257297,1.0,300.71480652168145,298.42047274363546,298.16399233189406
10.383714970059692,1.0,300.71537880054296,298.4206639410707,298.16401469493013
10.387340568862088,1.0,300.71595098798247,298.4208551754436,298.1640370811381
10.390966167664484,1.0,300.7165230840347,298.4210464467252,298.16405949052614
10.39459176646688,1.0,300.71709508873437,298.4212377548867,298.1640819231027
10.398217365269275,1.0,300.7176670021165,298.4214290998992,298.1641043788759
10.40184296407167,1.0,300.71823882421575,298.421620481734,298.16412685785406
10.405468562874066,1.0,300.718810555067,298.4218119003622,298.1641493600454
10.409094161676462,1.0,300.71938219470485,298.42200335575507,298.16417188545825
10.412719760478858,1.0,300.7199537431641,298.42219484788393,298.16419443410075
10.416345359281253,1.0,300.72052520047947,298.4223863767199,298.16421700598113
10.419970958083649,1.0,300.7210965666856,298.4225779422344,298.1642396011076
10.423596556886045,1.0,300.7216678418172,298.42276954439853,298.1642622194884
10.42722215568844,1.0,300.72223902590883,298.4229611831838,298.16428486113176
10.430847754490836,1.0,300.7228101189952,298.42315285856154,298.1643075260457
10.434473353293232,1.0,300.72338112111083,298.423344570503,298.1643302142386
10.438098952095627,1.0,300.7239520322903,298.4235363189797,298.1643529257185
10.441724550898023,1.0,300.7245228525682,298.4237281039629,298.1643756604936
10.445350149700419,1.0,300.725093581979,298.42391992542406,298.164398418572
10.448975748502814,1.0,300.72566422055735,298.4241117833347,298.164421199962
10.45260134730521,1.0,300.7262347683375,298.4243036776661,298.16444400467157
10.456226946107606,1.0,300.7268052253541,298.42449560838986,298.16446683270885
10.459852544910001,1.0,300.7273755916416,298.42468757547744,298.164489684082
10.463478143712397,1.0,300.72794586723427,298.42487957890023,298.1645125587992
10.467103742514793,1.0,300.72851605216664,298.4250716186299,298.16453545686835
10.470729341317188,1.0,300.72908614647304,298.4252636946379,298.1645583782978
10.474354940119584,1.0,300.72965615018785,298.4254558068959,298.16458132309543
10.47798053892198,1.0,300.73022606334536,298.4256479553754,298.16460429126937
10.481606137724375,1.0,300.73079588598,298.4258401400481,298.16462728282767
10.48523173652677,1.0,300.7313656181259,298.4260323608855,298.16465029777834
10.488857335329167,1.0,300.7319352598175,298.42622461785925,298.1646733361296
10.492482934131562,1.0,300.7325048110889,298.42641691094104,298.1646963978893
10.496108532933958,1.0,300.7330742719745,298.4266092401025,298.1647194830656
10.499734131736354,1.0,300.73364364250835,298.4268016053154,298.1647425916664
10.50335973053875,1.0,300.7342129227246,298.42699400655135,298.1647657236998
10.506985329341145,1.0,300.7347821126577,298.42718644378215,298.1647888791738
10.51061092814354,1.0,300.73535121234147,298.42737891697954,298.1648120580963
10.514236526945936,1.0,300.73592022181026,298.42757142611526,298.1648352604754
10.517862125748332,1.0,300.736489141098,298.4277639711611,298.16485848631896
10.521487724550727,1.0,300.73705797023894,298.4279565520889,298.1648817356351
10.525113323353123,1.0,300.737626709267,298.42814916887045,298.1649050084316
10.528738922155519,1.0,300.7381953582163,298.42834182147755,298.1649283047166
10.532364520957914,1.0,300.7387639171208,298.4285345098822,298.1649516244979
10.53599011976031,1.0,300.7393323860146,298.42872723405605,298.16497496778345
10.539615718562706,1.0,300.73990076493163,298.42891999397125,298.16499833458124
10.543241317365101,1.0,300.74046905390577,298.42911278959946,298.16502172489913
10.546866916167497,1.0,300.74103725297107,298.4293056209128,298.16504513874503
10.550492514969893,1.0,300.74160536216135,298.4294984878831,298.16506857612677
10.554118113772288,1.0,300.74217338151055,298.42969139048245,298.16509203705243
10.557743712574684,1.0,300.74274131105255,298.4298843286828,298.1651155215297
10.56136931137708,1.0,300.7433091508212,298.430077302456,298.1651390295665
10.564994910179475,1.0,300.74387690085024,298.43027031177434,298.1651625611707
10.568620508981871,1.0,300.74444456117357,298.43046335660966,298.16518611635024
10.572246107784267,1.0,300.745012131825,298.4306564369341,298.1652096951129
10.575871706586662,1.0,300.74557961283824,298.43084955271974,298.1652332974664
10.579497305389058,1.0,300.746147004247,298.4310427039386,298.16525692341867
10.583122904191454,1.0,300.7467143060851,298.4312358905629,298.1652805729776
10.58674850299385,1.0,300.74728151838616,298.4314291125647,298.1653042461509
10.590374101796245,1.0,300.74784864118396,298.43162236991617,298.1653279429465
10.59399970059864,1.0,300.7484156745121,298.4318156625895,298.16535166337195
10.597625299401036,1.0,300.74898261840417,298.4320089905569,298.16537540743525
10.601250898203432,1.0,300.74954947289393,298.4322023537905,298.16539917514405
10.604876497005828,1.0,300.7501162380148,298.43239575226255,298.1654229665061
10.608502095808223,1.0,300.7506829138006,298.43258918594535,298.16544678152934
10.612127694610619,1.0,300.7512495002846,298.43278265481115,298.16547062022136
10.615753293413015,1.0,300.75181599750056,298.43297615883216,298.1654944825899
10.61937889221541,1.0,300.7523824054819,298.4331696979808,298.1655183686427
10.623004491017806,1.0,300.7529487242622,298.43336327222926,298.16554227838753
10.626630089820202,1.0,300.75351495387486,298.4335568815499,298.16556621183213
10.630255688622597,1.0,300.75408109435335,298.43375052591506,298.1655901689841
10.633881287424993,1.0,300.75464714573116,298.4339442052972,298.1656141498512
10.637506886227388,1.0,300.7552131080416,298.4341379196686,298.1656381544411
10.641132485029784,1.0,300.75577898131803,298.43433166900184,298.16566218276154
10.64475808383218,1.0,300.756344765594,298.43452545326915,298.1656862348201
10.648383682634575,1.0,300.7569104609028,298.4347192724431,298.1657103106245
10.652009281436971,1.0,300.75747606727776,298.43491312649604,298.1657344101824
10.655634880239367,1.0,300.7580415847521,298.43510701540055,298.16575853350133
10.659260479041762,1.0,300.7586070133592,298.4353009391291,298.165782680589
10.662886077844158,1.0,300.7591723531323,298.43549489765417,298.1658068514531
10.666511676646554,1.0,300.75973760410466,298.43568889094837,298.16583104610123
10.67013727544895,1.0,300.7603027663095,298.4358829189842,298.1658552645409
10.673762874251345,1.0,300.7608678397801,298.43607698173423,298.16587950677973
10.67738847305374,1.0,300.76143282454956,298.43627107917104,298.16590377282535
10.681014071856136,1.0,300.76199772065104,298.43646521126726,298.16592806268545
10.684639670658532,1.0,300.76256252811777,298.43665937799557,298.1659523763674
10.688265269460928,1.0,300.76312724698283,298.4368535793285,298.1659767138789
10.691890868263323,1.0,300.76369187727937,298.43704781523877,298.1660010752274
10.695516467065719,1.0,300.7642564190404,298.43724208569904,298.1660254604206
10.699142065868115,1.0,300.764820872299,298.437436390682,298.1660498694659
10.70276766467051,1.0,300.76538523708825,298.4376307301605,298.16607430237093
10.706393263472906,1.0,300.76594951344117,298.4378251041071,298.1660987591431
10.710018862275302,1.0,300.76651370139075,298.4380195124946,298.16612323979007
10.713644461077697,1.0,300.76707780097,298.43821395529574,298.16614774431923
10.717270059880093,1.0,300.76764181221193,298.4384084324834,298.1661722727381
10.720895658682489,1.0,300.7682057351494,298.4386029440303,298.16619682505416
10.724521257484884,1.0,300.7687695698154,298.43879748990935,298.166221401275
10.72814685628728,1.0,300.7693333162427,298.4389920700933,298.16624600140784
10.731772455089676,1.0,300.7698969744644,298.43918668455507,298.16627062546036
10.735398053892071,1.0,300.7704605445132,298.43938133326753,298.16629527343997
10.739023652694467,1.0,300.77102402642197,298.43957601620355,298.1663199453541
10.742649251496863,1.0,300.77158742022357,298.43977073333605,298.1663446412102
10.746274850299258,1.0,300.77215072595084,298.439965484638,298.1663693610156
10.749900449101654,1.0,300.77271394363646,298.4401602700823,298.1663941047778
10.75352604790405,1.0,300.7732770733133,298.44035508964197,298.16641887250415
10.757151646706445,1.0,300.773840115014,298.4405499432899,298.1664436642021
10.76077724550884,1.0,300.7744030687714,298.44074483099917,298.16646847987914
10.764402844311237,1.0,300.7749659346181,298.44093975274285,298.1664933195425
10.768028443113632,1.0,300.7755287125868,298.4411347084938,298.1665181831996
10.771654041916028,1.0,300.7760914027102,298.44132969822533,298.1665430708578
10.775279640718423,1.0,300.77665400502104,298.44152472191035,298.16656798252455
10.77890523952082,1.0,300.77721651955176,298.44171977952186,298.166592918207
10.782530838323215,1.0,300.77777894633505,298.4419148710332,298.16661787791264
10.78615643712561,1.0,300.7783412854035,298.44210999641734,298.16664286164877
10.789782035928006,1.0,300.77890353678964,298.4423051556475,298.1666678694228
10.793407634730402,1.0,300.7794657005261,298.4425003486968,298.16669290124184
10.797033233532797,1.0,300.7800277766453,298.44269557553844,298.16671795711335
10.800658832335193,1.0,300.78058976517974,298.4428908361457,298.16674303704457
10.804284431137589,1.0,300.78115166616203,298.4430861304916,298.16676814104284
10.807910029939984,1.0,300.78171347962444,298.4432814585496,298.1667932691153
10.81153562874238,1.0,300.7822752055996,298.4434768202928,298.1668184212694
10.815161227544776,1.0,300.78283684411986,298.44367221569456,298.16684359751235
10.818786826347171,1.0,300.78339839521766,298.4438676447281,298.1668687978513
10.822412425149567,1.0,300.7839598589253,298.44406310736673,298.16689402229366
10.826038023951963,1.0,300.78452123527524,298.4442586035839,298.1669192708465
10.829663622754358,1.0,300.7850825242998,298.44445413335274,298.16694454351716
10.833289221556754,1.0,300.78564372603125,298.44464969664676,298.16696984031285
10.83691482035915,1.0,300.78620484050197,298.4448452934393,298.16699516124066
10.840540419161545,1.0,300.78676586774424,298.44504092370374,298.16702050630795
10.844166017963941,1.0,300.78732680779024,298.44523658741355,298.1670458755218
10.847791616766337,1.0,300.7878876606723,298.44543228454205,298.1670712688895
10.851417215568732,1.0,300.7884484264227,298.4456280150628,298.1670966864181
10.855042814371128,1.0,300.78900910507355,298.44582377894926,298.1671221281149
10.858668413173524,1.0,300.78956969665705,298.4460195761749,298.16714759398695
10.86229401197592,1.0,300.7901302012054,298.4462154067131,298.16717308404145
10.865919610778315,1.0,300.79069061875066,298.4464112705376,298.16719859828555
10.86954520958071,1.0,300.79125094932516,298.4466071676217,298.16722413672636
10.873170808383106,1.0,300.7918111929608,298.4468030979392,298.16724969937104
10.876796407185502,1.0,300.79237134968974,298.4469990614635,298.16727528622664
10.880422005987898,1.0,300.7929314195442,298.44719505816823,298.16730089730027
10.884047604790293,1.0,300.793491402556,298.44739108802696,298.1673265325991
10.887673203592689,1.0,300.7940512987573,298.4475871510134,298.1673521921302
10.891298802395085,1.0,300.79461110818016,298.44778324710114,298.1673778759005
10.89492440119748,1.0,300.7951708308565,298.4479793762638,298.16740358391735
10.898549999999876,1.0,300.79573046681816,298.44817553847514,298.16742931618757
10.902175598802271,1.0,300.7962900160973,298.4483717337088,298.16745507271844
10.905801197604667,1.0,300.7968494787258,298.4485679619386,298.16748085351674
10.909426796407063,1.0,300.7974088547355,298.44876422313814,298.1675066585897
10.913052395209458,1.0,300.79796814415846,298.44896051728125,298.1675324879443
10.916677994011854,1.0,300.7985273470264,298.44915684434164,298.16755834158755
10.92030359281425,1.0,300.7990864633712,298.4493532042931,298.1675842195265
10.923929191616645,1.0,300.79964549322483,298.4495495971095,298.16761012176806
10.927554790419041,1.0,300.8002044366189,298.44974602276454,298.16763604831937
10.931180389221437,1.0,300.8007632935854,298.4499424812322,298.16766199918726
10.934805988023832,1.0,300.80132206415607,298.45013897248623,298.16768797437885
10.938431586826228,1.0,300.8018807483626,298.4503354965005,298.167713973901
10.942057185628624,1.0,300.8024393462367,298.45053205324893,298.1677399977608
10.94568278443102,1.0,300.8029978578102,298.4507286427054,298.16776604596504
10.949308383233415,1.0,300.80355628311474,298.45092526484393,298.1677921185207
10.95293398203581,1.0,300.80411462218206,298.45112191963835,298.1678182154348
10.956559580838206,1.0,300.8046728750438,298.4513186070627,298.16784433671427
10.960185179640602,1.0,300.8052310417316,298.45151532709093,298.16787048236586
10.963810778442998,1.0,300.805789122277,298.45171207969696,298.1678966523967
10.967436377245393,1.0,300.80634711671183,298.4519088648549,298.16792284681355
10.971061976047789,1.0,300.80690502506746,298.4521056825387,298.16794906562336
10.974687574850185,1.0,300.8074628473755,298.4523025327224,298.167975308833
10.97831317365258,1.0,300.8080205836676,298.4524994153801,298.16800157644934
10.981938772454976,1.0,300.80857823397525,298.45269633048594,298.16802786847927
10.985564371257372,1.0,300.80913579832986,298.45289327801396,298.16805418492953
10.989189970059767,1.0,300.8096932767631,298.45309025793824,298.16808052580717
10.992815568862163,1.0,300.8102506693063,298.453287270233,298.1681068911189
10.996441167664559,1.0,300.810807975991,298.4534843148723,298.1681332808716
11.000066766466954,1.0,300.8113651968486,298.4536813918304,298.16815969507206
11.00369236526935,1.0,300.8119223319105,298.45387850108136,298.1681861337271
11.007317964071746,1.0,300.81247938120816,298.4540756425995,298.1682125968436
11.010943562874141,1.0,300.81303634477285,298.454272816359,298.1682390844282
11.014569161676537,1.0,300.81359322263603,298.454470022334,298.16826559648786
11.018194760478933,1.0,300.81415001482907,298.4546672604989,298.16829213302935
11.021820359281328,1.0,300.8147067213832,298.45486453082793,298.1683186940593
11.025445958083724,1.0,300.81526334232973,298.4550618332954,298.1683452795845
11.02907155688612,1.0,300.81581987769994,298.4552591678755,298.16837188961193
11.032697155688515,1.0,300.8163763275252,298.4554565345427,298.168398524148
11.03632275449091,1.0,300.81693269183666,298.4556539332713,298.16842518319976
11.039948353293306,1.0,300.8174889706656,298.4558513640356,298.16845186677375
11.043573952095702,1.0,300.8180451640431,298.45604882680993,298.1684785748768
11.047199550898098,1.0,300.8186012720005,298.45624632156887,298.16850530751555
11.050825149700493,1.0,300.8191572945689,298.45644384828665,298.16853206469665
11.05445074850289,1.0,300.8197132317795,298.4566414069378,298.1685588464269
11.058076347305285,1.0,300.8202690836634,298.45683899749673,298.1685856527129
11.06170194610768,1.0,300.8208248502517,298.45703661993787,298.16861248356156
11.065327544910076,1.0,300.8213805315756,298.4572342742357,298.1686393389793
11.068953143712472,1.0,300.8219361276661,298.4574319603648,298.1686662189728
11.072578742514867,1.0,300.8224916385542,298.45762967829955,298.16869312354885
11.076204341317263,1.0,300.82304706427107,298.45782742801464,298.168720052714
11.079829940119659,1.0,300.8236024048476,298.4580252094845,298.168747006475
11.083455538922054,1.0,300.8241576603148,298.45822302268374,298.16877398483825
11.08708113772445,1.0,300.8247128307038,298.45842086758694,298.1688009878106
11.090706736526846,1.0,300.82526791604545,298.45861874416863,298.16882801539856
11.094332335329241,1.0,300.82582291637067,298.4588166524036,298.1688550676087
11.097957934131637,1.0,300.82637783171054,298.45901459226627,298.16888214444776
11.101583532934033,1.0,300.82693266209577,298.4592125637314,298.1689092459222
11.105209131736428,1.0,300.8274874075575,298.4594105667736,298.1689363720386
11.108834730538824,1.0,300.8280420681263,298.4596086013676,298.16896352280355
11.11246032934122,1.0,300.8285966438332,298.4598066674882,298.16899069822364
11.116085928143615,1.0,300.82915113470904,298.46000476510994,298.1690178983054
11.119711526946011,1.0,300.82970554078463,298.4602028942076,298.16904512305547
11.123337125748407,1.0,300.83025986209077,298.460401054756,298.1690723724802
11.126962724550802,1.0,300.83081409865815,298.4605992467298,298.1690996465862
11.130588323353198,1.0,300.83136825051764,298.46079747010396,298.16912694537996
11.134213922155594,1.0,300.83192231769993,298.46099572485315,298.1691542688681
11.13783952095799,1.0,300.83247630023584,298.4611940109522,298.16918161705706
11.141465119760385,1.0,300.8330301981559,298.46139232837595,298.1692089899533
11.14509071856278,1.0,300.8335840114909,298.4615906770993,298.16923638756333
11.148716317365176,1.0,300.83413774027156,298.4617890570971,298.16926380989366
11.152341916167572,1.0,300.83469138452847,298.46198746834426,298.1692912569507
11.155967514969968,1.0,300.83524494429224,298.46218591081566,298.16931872874096
11.159593113772363,1.0,300.8357984195935,298.46238438448614,298.16934622527083
11.163218712574759,1.0,300.83635181046293,298.46258288933075,298.16937374654685
11.166844311377154,1.0,300.836905116931,298.46278142532447,298.1694012925754
11.17046991017955,1.0,300.83745833902833,298.4629799924422,298.16942886336284
11.174095508981946,1.0,300.8380114767855,298.46317859065886,298.1694564589157
11.177721107784341,1.0,300.8385645302328,298.4633772199497,298.16948407924036
11.181346706586737,1.0,300.839117499401,298.46357588028945,298.1695117243432
11.184972305389133,1.0,300.8396703843205,298.46377457165335,298.1695393942306
11.188597904191528,1.0,300.8402231850218,298.46397329401634,298.169567088909
11.192223502993924,1.0,300.84077590153527,298.4641720473536,298.1695948083847
11.19584910179632,1.0,300.8413285338913,298.46437083164017,298.1696225526642
11.199474700598715,1.0,300.84188108212055,298.4645696468512,298.16965032175364
11.203100299401111,1.0,300.8424335462532,298.46476849296175,298.16967811565956
11.206725898203507,1.0,300.84298592631967,298.464967369947,298.1697059343882
11.210351497005902,1.0,300.8435382223504,298.46516627778203,298.169733777946
11.213977095808298,1.0,300.8440904343756,298.46536521644214,298.16976164633917
11.217602694610694,1.0,300.84464256242563,298.46556418590245,298.1697895395741
11.22122829341309,1.0,300.8451946065308,298.4657631861382,298.16981745765713
11.224853892215485,1.0,300.8457465667215,298.4659622171246,298.1698454005944
11.22847949101788,1.0,300.84629844302793,298.4661612788369,298.1698733683924
11.232105089820276,1.0,300.8468502354803,298.46636037125035,298.1699013610573
11.235730688622672,1.0,300.8474019441088,298.4665594943402,298.16992937859544
11.239356287425068,1.0,300.84795356894375,298.4667586480818,298.169957421013
11.242981886227463,1.0,300.84850511001537,298.4669578324504,298.1699854883163
11.246607485029859,1.0,300.8490565673537,298.46715704742144,298.1700135805116
11.250233083832255,1.0,300.84960794098896,298.4673562929701,298.1700416976051
11.25385868263465,1.0,300.8501592309514,298.4675555690719,298.17006983960306
11.257484281437046,1.0,300.850710437271,298.4677548757021,298.1700980065117
11.261109880239442,1.0,300.85126155997796,298.4679542128361,298.17012619833724
11.264735479041837,1.0,300.85181259910235,298.4681535804494,298.1701544150859
11.268361077844233,1.0,300.8523635546742,298.4683529785173,298.1701826567639
11.271986676646629,1.0,300.8529144267236,298.4685524070154,298.1702109233774
11.275612275449024,1.0,300.8534652152806,298.46875186591905,298.17023921493256
11.27923787425142,1.0,300.8540159203751,298.4689513552038,298.17026753143557
11.282863473053816,1.0,300.8545665420373,298.469150874845,298.17029587289267
11.286489071856211,1.0,300.8551170802969,298.46935042481834,298.1703242393099
11.290114670658607,1.0,300.85566753518424,298.4695500050993,298.17035263069346
11.293740269461003,1.0,300.85621790672894,298.46974961566326,298.17038104704955
11.297365868263398,1.0,300.85676819496103,298.4699492564859,298.1704094883843
11.300991467065794,1.0,300.8573183999106,298.47014892754294,298.17043795470363
11.30461706586819,1.0,300.85786852160726,298.4703486288098,298.17046644601396
11.308242664670585,1.0,300.85841856008096,298.47054836026206,298.1704949623212
11.31186826347298,1.0,300.85896851536165,298.4707481218755,298.17052350363156
11.315493862275376,1.0,300.85951838747917,298.47094791362565,298.1705520699511
11.319119461077772,1.0,300.86006817646324,298.47114773548816,298.1705806612858
11.322745059880168,1.0,300.86061788234383,298.47134758743886,298.17060927764186
11.326370658682563,1.0,300.86116750515043,298.47154746945324,298.1706379190253
11.329996257484959,1.0,300.8617170449131,298.4717473815071,298.17066658544223
11.333621856287355,1.0,300.8622665016615,298.47194732357616,298.17069527689864
11.33724745508975,1.0,300.86281587542527,298.4721472956362,298.1707239934006
11.340873053892146,1.0,300.86336516623425,298.47234729766296,298.1707527349542
11.344498652694542,1.0,300.8639143741181,298.47254732963216,298.17078150156533
11.348124251496937,1.0,300.8644634991065,298.4727473915197,298.1708102932401
11.351749850299333,1.0,300.8650125412291,298.4729474833013,298.1708391099845
11.355375449101729,1.0,300.8655615005155,298.47314760495277,298.1708679518046
11.359001047904124,1.0,300.86611037699544,298.47334775645,298.1708968187063
11.36262664670652,1.0,300.86665917069837,298.47354793776884,298.1709257106956
11.366252245508916,1.0,300.86720788165405,298.4737481488852,298.1709546277785
11.369877844311311,1.0,300.867756509892,298.47394838977493,298.170983569961
11.373503443113707,1.0,300.86830505544174,298.47414866041396,298.171012537249
11.377129041916103,1.0,300.8688535183328,298.4743489607781,298.17104152964845
11.380754640718498,1.0,300.8694018985948,298.47454929084347,298.17107054716536
11.384380239520894,1.0,300.86995019625715,298.4747496505859,298.17109958980564
11.38800583832329,1.0,300.8704984113494,298.4749500399814,298.17112865757514
11.391631437125685,1.0,300.87104654390095,298.47515045900604,298.1711577504799
11.395257035928081,1.0,300.87159459394127,298.47535090763563,298.1711868685257
11.398882634730477,1.0,300.8721425614998,298.4755513858465,298.17121601171857
11.402508233532872,1.0,300.87269044660604,298.4757518936143,298.1712451800643
11.406133832335268,1.0,300.8732382492893,298.4759524309154,298.1712743735689
11.409759431137664,1.0,300.873785969579,298.47615299772576,298.17130359223813
11.41338502994006,1.0,300.87433360750447,298.4763535940214,298.1713328360779
11.417010628742455,1.0,300.8748811630951,298.47655421977856,298.17136210509415
11.42063622754485,1.0,300.8754286363802,298.47675487497327,298.17139139929253
11.424261826347246,1.0,300.8759760273891,298.47695555958165,298.17142071867914
11.427887425149642,1.0,300.87652333615097,298.4771562735799,298.17145006325967
11.431513023952037,1.0,300.8770705626953,298.4773570169442,298.17147943303996
11.435138622754433,1.0,300.8776177070512,298.47755778965075,298.1715088280258
11.438764221556829,1.0,300.87816476924803,298.4777585916757,298.1715382482231
11.442389820359224,1.0,300.8787117493149,298.4779594229953,298.17156769363754
11.44601541916162,1.0,300.87925864728106,298.47816028358574,298.17159716427506
11.449641017964016,1.0,300.8798054631758,298.47836117342325,298.1716266601414
11.453266616766411,1.0,300.8803521970282,298.4785620924842,298.1716561812422
11.456892215568807,1.0,300.8808988488674,298.4787630407448,298.17168572758345
11.460517814371203,1.0,300.8814454187226,298.4789640181814,298.1717152991708
11.464143413173598,1.0,300.8819919066229,298.4791650247702,298.17174489600995
11.467769011975994,1.0,300.8825383125973,298.4793660604878,298.1717745181067
11.47139461077839,1.0,300.8830846366751,298.47956712531027,298.17180416546694
11.475020209580785,1.0,300.8836308788853,298.47976821921407,298.1718338380962
11.478645808383181,1.0,300.8841770392569,298.47996934217554,298.17186353600016
11.482271407185577,1.0,300.8847231178189,298.48017049417115,298.17189325918474
11.485897005987972,1.0,300.8852691146005,298.48037167517725,298.1719230076555
11.489522604790368,1.0,300.88581502963046,298.4805728851703,298.1719527814182
11.493148203592764,1.0,300.8863608629379,298.48077412412675,298.1719825804786
11.49677380239516,1.0,300.8869066145519,298.480975392023,298.1720124048421
11.500399401197555,1.0,300.88745228450125,298.4811766888357,298.1720422545148
11.50402499999995,1.0,300.88799787281494,298.4813780145412,298.172072129502
11.507650598802346,1.0,300.8885433795219,298.481579369116,298.1721020298095
11.511276197604742,1.0,300.8890888046509,298.4817807525366,298.172131955443
11.514901796407138,1.0,300.88963414823104,298.48198216477965,298.17216190640795
11.518527395209533,1.0,300.89017941029107,298.48218360582166,298.1721918827102
11.522152994011929,1.0,300.8907245908599,298.4823850756392,298.17222188435534
11.525778592814325,1.0,300.89126968996635,298.4825865742088,298.1722519113489
11.52940419161672,1.0,300.8918147076391,298.48278810150725,298.1722819636965
