0,1,2,3,4
0.0,0.0,298.15,298.15,298.15
0.003625598802395209,1.5,298.15639746148724,298.15,298.15
0.007251197604790418,1.5,298.16279477563546,298.15,298.15
0.010876796407185627,1.5,298.16919194244804,298.15,298.15
0.014502395209580837,1.5,298.1755889619283,298.15,298.15
0.018127994011976047,1.5,298.18198583407974,298.15,298.15
0.021753592814371257,1.5,298.1883825589057,298.15,298.15
0.025379191616766467,1.5,298.19477911233366,298.15,298.15
0.029004790419161677,1.5,298.20117501829765,298.15,298.15
0.03263038922155689,1.5,298.207569214642,298.15,298.15
0.03625598802395209,1.5,298.21396009981805,298.15,298.15
0.0398815868263473,1.5,298.220345641717,298.15,298.15
0.043507185628742506,1.5,298.22672349472714,298.15,298.15
0.04713278443113771,1.5,298.2330911056961,298.15,298.15
0.05075838323353292,1.5,298.23944580603313,298.15,298.15
0.054383982035928126,1.5,298.2457848861183,298.15,298.15
0.05800958083832333,1.5,298.25210565627805,298.15,298.15
0.06163517964071854,1.5,298.2584054937595,298.15,298.15
0.06526077844311375,1.5,298.26468187889947,298.15,298.15
0.06888637724550896,1.5,298.27093242131247,298.15,298.15
0.07251197604790417,1.5,298.2771548781582,298.15,298.15
0.07613757485029939,1.5,298.28334716565746,298.15,298.15
0.0797631736526946,1.5,298.28950736526787,298.15,298.15
0.08338877245508981,1.5,298.2956337255619,298.15,298.15
0.08701437125748503,1.5,298.3017246607971,298.15,298.15
0.09063997005988024,1.5,298.30777874696656,298.15,298.15
0.09426556886227545,1.5,298.3137947160061,298.15,298.15
0.09789116766467067,1.5,298.3197714487027,298.15,298.15
0.10151676646706588,1.5,298.32570796674423,298.15,298.15
0.1051423652694611,1.5,298.3316034242623,298.15,298.15
0.10876796407185631,1.5,298.33745709913956,298.15,298.15
0.11239356287425152,1.5,298.34326838429195,298.15,298.15
0.11601916167664673,1.5,298.3490367790833,298.15,298.15
0.11964476047904195,1.5,298.3547618809878,298.15,298.15
0.12327035928143716,1.5,298.36044337758057,298.15,298.15
0.12689595808383236,1.5,298.366081038913,298.15,298.15
0.13052155688622757,1.5,298.37167471030483,298.15,298.15
0.1341471556886228,1.5,298.3772243055717,298.15,298.15
0.137772754491018,1.5,298.38272980069286,298.15,298.15
0.14139835329341321,1.5,298.38819122791597,298.15,298.15
0.14502395209580843,1.5,298.3936086702876,298.15,298.15
0.14864955089820364,1.5,298.3989822565949,298.15,298.15
0.15227514970059886,1.5,298.40431215669906,298.15,298.15
0.15590074850299407,1.5,298.4095985772414,298.15,298.15
0.15952634730538928,1.5,298.4148417576993,298.15,298.15
0.1631519461077845,1.5,298.4200419667702,298.15,298.15
0.1667775449101797,1.5,298.42519949906136,298.15,298.15
0.17040314371257492,1.5,298.43031467206555,298.15,298.15
0.17402874251497014,1.5,298.43538782339886,298.15,298.15
0.17765434131736535,1.5,298.4404193082836,298.15,298.15
0.18127994011976056,1.5,298.4454094972553,298.15,298.15
0.18490553892215578,1.5,298.45035877407736,298.15,298.15
0.188531137724551,1.5,298.45526753384564,298.15,298.15
0.1921567365269462,1.5,298.46013618126756,298.15,298.15
0.19578233532934142,1.5,298.4649651291024,298.15,298.15
0.19940793413173663,1.5,298.4697547967466,298.15,298.15
0.20303353293413184,1.5,298.47450560895516,298.15,298.15
0.20665913173652706,1.5,298.4792179946837,298.15,298.15
0.21028473053892227,1.5,298.48389238604454,298.15,298.15
0.21391032934131748,1.5,298.48852921736346,298.15,298.15
0.2175359281437127,1.5,298.49312892433096,298.15,298.15
0.2211615269461079,1.5,298.4976919432382,298.15,298.15
0.22478712574850312,1.5,298.50221871029015,298.15,298.15
0.22841272455089834,1.5,298.5067096609907,298.15,298.15
0.23203832335329355,1.5,298.5111652295904,298.15,298.15
0.23566392215568877,1.5,298.5155858485946,298.15,298.15
0.23928952095808398,1.5,298.5199719483235,298.15,298.15
0.2429151197604792,1.5,298.52432395652164,298.15,298.15
0.2465407185628744,1.5,298.5286422980116,298.15,298.15
0.2501663173652696,1.5,298.53292739438683,298.15000000000003,298.15
0.25379191616766483,1.5,298.53717966374205,298.1500000000001,298.15
0.25741751497006005,1.5,298.5413995204364,298.15000000000015,298.15
0.26104311377245526,1.5,298.5455873748864,298.1500000000002,298.15
0.2646687125748505,1.5,298.5497436333865,298.1500000000004,298.15
0.2682943113772457,1.5,298.55386869795444,298.15000000000055,298.15
0.2719199101796409,1.5,298.55796296619883,298.1500000000008,298.15
0.2755455089820361,1.5,298.5620268312072,298.1500000000011,298.15
0.2791711077844313,1.5,298.5660606814527,298.15000000000157,298.15
0.28279670658682654,1.5,298.57006490071694,298.15000000000225,298.15
0.28642230538922175,1.5,298.5740398680285,298.1500000000031,298.15
0.29004790419161697,1.5,298.5779859576146,298.1500000000042,298.15
0.2936735029940122,1.5,298.5819035388655,298.15000000000566,298.15
0.2972991017964074,1.5,298.5857929763097,298.15000000000754,298.15
0.3009247005988026,1.5,298.58965462959907,298.1500000000099,298.15
0.3045502994011978,1.5,298.5934888535034,298.150000000013,298.15
0.30817589820359303,1.5,298.5972959979126,298.1500000000169,298.15
0.31180149700598825,1.5,298.60107640784634,298.1500000000219,298.15
0.31542709580838346,1.5,298.60483042347016,298.1500000000282,298.15
0.3190526946107787,1.5,298.60855838011736,298.15000000003596,298.15
0.3226782934131739,1.5,298.61226060831626,298.1500000000456,298.15
0.3263038922155691,1.5,298.6159374338217,298.1500000000575,298.15
0.3299294910179643,1.5,298.6195891776508,298.15000000007217,298.15
0.33355508982035953,1.5,298.62321615612274,298.1500000000901,298.15
0.33718068862275474,1.5,298.62681868090084,298.1500000001119,298.15
0.34080628742514996,1.5,298.6303970590383,298.1500000001382,298.15
0.34443188622754517,1.5,298.63395159302564,298.15000000017005,298.15
0.3480574850299404,1.5,298.63748258084115,298.15000000020825,298.15
0.3516830838323356,1.5,298.64099031600216,298.15000000025384,298.15
0.3553086826347308,1.5,298.64447508761845,298.15000000030807,298.15
0.358934281437126,1.5,298.64793718044683,298.1500000003725,298.15
0.36255988023952124,1.5,298.651376874947,298.1500000004485,298.15
0.36618547904191645,1.5,298.65479444733774,298.15000000053794,298.15
0.36981107784431166,1.5,298.6581901696546,298.15000000064293,298.15
0.3734366766467069,1.5,298.66156430980715,298.1500000007656,298.15
0.3770622754491021,1.5,298.66491713163776,298.15000000090856,298.15
0.3806878742514973,1.5,298.66824889497997,298.1500000010746,298.15
0.3843134730538925,1.5,298.6715598557167,298.15000000126685,298.15
0.38793907185628773,1.5,298.67485026583915,298.1500000014887,298.15
0.39156467065868295,1.5,298.6781203735055,298.15000000174416,298.15
0.39519026946107816,1.5,298.68137042309934,298.1500000020374,298.15
0.39881586826347337,1.5,298.68460065528734,298.15000000237313,298.15
0.4024414670658686,1.5,298.68781130707805,298.1500000027564,298.15
0.4060670658682638,1.5,298.6910026118785,298.15000000319304,298.15
0.409692664670659,1.5,298.6941747995521,298.150000003689,298.15
0.4133182634730542,1.5,298.69732809647485,298.1500000042511,298.15
0.41694386227544944,1.5,298.70046272559154,298.1500000048867,298.15
0.42056946107784465,1.5,298.70357890647136,298.15000000560366,298.15
0.42419505988023987,1.5,298.7066768553632,298.1500000064108,298.15
0.4278206586826351,1.5,298.7097567852494,298.1500000073173,298.15
0.4314462574850303,1.5,298.7128189059002,298.15000000833356,298.15
0.4350718562874255,1.5,298.7158634239264,298.15000000947026,298.15
0.4386974550898207,1.5,298.71889054283196,298.1500000107393,298.15
0.44232305389221593,1.5,298.7219004630656,298.1500000121534,298.15
0.44594865269461115,1.5,298.72489338207185,298.15000001372607,298.15
0.44957425149700636,1.5,298.7278694943417,298.150000015472,298.15
0.4531998502994016,1.5,298.7308289914615,298.15000001740697,298.15
0.4568254491017968,1.5,298.7337720621624,298.15000001954746,298.15
0.460451047904192,1.5,298.7366988923683,298.1500000219114,298.15
0.4640766467065872,1.5,298.7396096652427,298.1500000245179,298.15
0.46770224550898243,1.5,298.74250456123633,298.1500000273872,298.15
0.47132784431137764,1.5,298.74538375813205,298.1500000305409,298.15
0.47495344311377286,1.5,298.74824743109065,298.1500000340019,298.15
0.47857904191616807,1.5,298.751095752695,298.1500000377944,298.15
0.4822046407185633,1.5,298.75392889299377,298.15000004194434,298.15
0.4858302395209585,1.5,298.75674701954426,298.15000004647874,298.15
0.4894558383233537,1.5,298.75955029745484,298.1500000514265,298.15
0.4930814371257489,1.5,298.7623388894264,298.150000056818,298.15
0.49670703592814414,1.5,298.76511295579303,298.1500000626852,298.15
0.5003326347305393,1.5,298.76787265456215,298.150000069062,298.15
0.5039582335329346,1.5,298.77061814145407,298.1500000759838,298.15
0.5075838323353298,1.5,298.7733495699403,298.150000083488,298.15
0.511209431137725,1.5,298.77606709128213,298.1500000916139,298.15
0.5148350299401202,1.5,298.77877085456754,298.15000010040256,298.15
0.5184606287425154,1.5,298.78146100674803,298.15000010989706,298.15
0.5220862275449106,1.5,298.7841376926746,298.1500001201427,298.15
0.5257118263473058,1.5,298.7868010551333,298.1500001311867,298.15
0.5293374251497011,1.5,298.78945123487966,298.1500001430785,298.15
0.5329630239520963,1.5,298.79208837067335,298.1500001558696,298.15
0.5365886227544915,1.5,298.7947125993109,298.1500001696139,298.15
0.5402142215568867,1.5,298.7973240556594,298.15000018436757,298.15
0.5438398203592819,1.5,298.79992287268817,298.15000020018914,298.15
0.5474654191616771,1.5,298.8025091815009,298.1500002171394,298.15
0.5510910179640723,1.5,298.80508311136646,298.1500002352818,298.15
0.5547166167664676,1.5,298.8076447897498,298.1500002546822,298.15
0.5583422155688628,1.5,298.81019434234156,298.1500002754089,298.15
0.561967814371258,1.5,298.81273189308774,298.150000297533,298.15
0.5655934131736532,1.5,298.81525756421865,298.15000032112806,298.15
0.5692190119760484,1.5,298.81777147627724,298.1500003462705,298.15
0.5728446107784436,1.5,298.82027374814675,298.15000037303923,298.15
0.5764702095808388,1.5,298.8227644970784,298.1500004015161,298.15
0.580095808383234,1.5,298.82524383871805,298.1500004317858,298.15
0.5837214071856293,1.5,298.8277118871325,298.1500004639359,298.15
0.5873470059880245,1.5,298.83016875483554,298.1500004980567,298.15
0.5909726047904197,1.5,298.83261455281297,298.15000053424154,298.15
0.5945982035928149,1.5,298.8350493905481,298.15000057258686,298.15
0.5982238023952101,1.5,298.8374733760455,298.15000061319176,298.15
0.6018494011976053,1.5,298.8398866158559,298.15000065615885,298.15
0.6054750000000005,1.5,298.8422892150987,298.1500007015934,298.15
0.6091005988023958,1.5,298.84468127748596,298.15000074960415,298.15
0.612726197604791,1.5,298.8470629053449,298.15000080030273,298.15
0.6163517964071862,1.5,298.84943419964003,298.1500008538041,298.15
0.6199773952095814,1.5,298.85179525999513,298.15000091022637,298.15
0.6236029940119766,1.5,298.8541461847147,298.15000096969084,298.15
0.6272285928143718,1.5,298.85648707080526,298.1500010323222,298.15
0.630854191616767,1.5,298.85881801399586,298.15000109824837,298.15
0.6344797904191622,1.5,298.8611391087584,298.1500011676006,298.15
0.6381053892215575,1.5,298.86345044832774,298.1500012405133,298.15
0.6417309880239527,1.5,298.86575212472127,298.1500013171245,298.15
0.6453565868263479,1.5,298.8680442287581,298.1500013975755,298.15
0.6489821856287431,1.5,298.8703268500782,298.1500014820111,298.15
0.6526077844311383,1.5,298.8726000771603,298.1500015705792,298.15
0.6562333832335335,1.5,298.87486399734104,298.15000166343145,298.15
0.6598589820359287,1.5,298.87711869683216,298.15000176072283,298.15
0.663484580838324,1.5,298.8793642607384,298.1500018626118,298.15
0.6671101796407192,1.5,298.8816007730746,298.1500019692602,298.15
0.6707357784431144,1.5,298.8838283167827,298.1500020808335,298.15
0.6743613772455096,1.5,298.8860469737486,298.1500021975006,298.15
0.6779869760479048,1.5,298.8882568248181,298.15000231943384,298.15
0.6816125748503,1.5,298.89045794981337,298.1500024468091,298.15
0.6852381736526952,1.5,298.8926504275483,298.15000257980586,298.15
0.6888637724550905,1.5,298.89483433584445,298.1500027186069,298.15
0.6924893712574857,1.5,298.89700975154585,298.1500028633988,298.15
0.6961149700598809,1.5,298.8991767505342,298.15000301437135,298.15
0.6997405688622761,1.5,298.90133540774343,298.1500031717181,298.15
0.7033661676646713,1.5,298.9034857971743,298.1500033356359,298.15
0.7069917664670665,1.5,298.90562799190826,298.15000350632545,298.15
0.7106173652694617,1.5,298.9077620641217,298.1500036839905,298.15
0.714242964071857,1.5,298.90988808509934,298.1500038688387,298.15
0.7178685628742522,1.5,298.91200612524796,298.1500040610811,298.15
0.7214941616766474,1.5,298.9141162541092,298.1500042609321,298.15
0.7251197604790426,1.5,298.91621854037305,298.15000446860967,298.15
0.7287453592814378,1.5,298.9183130518902,298.1500046843352,298.15
0.732370958083833,1.5,298.9203998556847,298.15000490833376,298.15
0.7359965568862282,1.5,298.9224790179662,298.15000514083346,298.15
0.7396221556886234,1.5,298.92455060414227,298.1500053820663,298.15
0.7432477544910187,1.5,298.9266146788298,298.1500056322673,298.15
0.7468733532934139,1.5,298.9286713058675,298.1500058916753,298.15
0.7504989520958091,1.5,298.9307205483264,298.15000616053203,298.15
0.7541245508982043,1.5,298.9327624685218,298.15000643908303,298.15
0.7577501497005995,1.5,298.9347971280243,298.1500067275769,298.15
0.7613757485029947,1.5,298.9368245876704,298.1500070262658,298.15
0.7650013473053899,1.5,298.9388449075736,298.1500073354051,298.15
0.7686269461077851,1.5,298.9408581471346,298.1500076552535,298.15
0.7722525449101804,1.5,298.9428643650518,298.15000798607275,298.15
0.7758781437125756,1.5,298.94486361933156,298.15000832812814,298.15
0.7795037425149708,1.5,298.9468559672981,298.15000868168806,298.15
0.783129341317366,1.5,298.94884146560344,298.1500090470241,298.15
0.7867549401197612,1.5,298.9508201702369,298.15000942441105,298.15
0.7903805389221564,1.5,298.95279213653487,298.1500098141269,298.15
0.7940061377245516,1.5,298.95475741918983,298.15001021645253,298.15
0.7976317365269469,1.5,298.95671607226,298.15001063167205,298.15
0.8012573353293421,1.5,298.9586681491779,298.1500110600727,298.15
0.8048829341317373,1.5,298.96061370275964,298.15001150194473,298.15
0.8085085329341325,1.5,298.96255278521346,298.15001195758134,298.15
0.8121341317365277,1.5,298.9644854481483,298.1500124272787,298.15
0.8157597305389229,1.5,298.9664117425825,298.1500129113359,298.15
0.8193853293413181,1.5,298.9683317189521,298.1500134100551,298.15
0.8230109281437133,1.5,298.97024542711836,298.150013923741,298.15
0.8266365269461086,1.5,298.97215291637696,298.1500144527016,298.15
0.8302621257485038,1.5,298.97405423546496,298.1500149972472,298.15
0.833887724550899,1.5,298.9759494325692,298.1500155576913,298.15
0.8375133233532942,1.5,298.9778385553335,298.15001613434987,298.15
0.8411389221556894,1.5,298.9797216508665,298.15001672754164,298.15
0.8447645209580846,1.5,298.98159876574897,298.1500173375882,298.15
0.8483901197604798,1.5,298.9834699460412,298.1500179648134,298.15
0.8520157185628751,1.5,298.98533523729014,298.1500186095441,298.15
0.8556413173652703,1.5,298.98719468453635,298.1500192721094,298.15
0.8592669161676655,1.5,298.9890483323211,298.15001995284103,298.15
0.8628925149700607,1.5,298.99089622469313,298.1500206520731,298.15
0.8665181137724559,1.5,298.9927384052155,298.1500213701425,298.15
0.8701437125748511,1.5,298.99457491697206,298.1500221073881,298.15
0.8737693113772463,1.5,298.99640580257403,298.15002286415125,298.15
0.8773949101796416,1.5,298.99823110416645,298.1500236407758,298.15
0.8810205089820368,1.5,299.0000508634346,298.15002443760784,298.15
0.884646107784432,1.5,299.0018651216099,298.15002525499546,298.15
0.8882717065868272,1.5,299.0036739194763,298.1500260932892,298.15
0.8918973053892224,1.5,299.0054772973761,298.15002695284176,298.15
0.8955229041916176,1.5,299.00727529521623,298.15002783400786,298.15
0.8991485029940128,1.5,299.00906795247363,298.1500287371442,298.15
0.902774101796408,1.5,299.0108553082013,298.1500296626099,298.15
0.9063997005988033,1.5,299.012637401034,298.1500306107656,298.15
0.9100252994011985,1.5,299.0144142691933,298.15003158197436,298.15
0.9136508982035937,1.5,299.0161859504939,298.1500325766007,298.15
0.9172764970059889,1.5,299.0179524823481,298.15003359501145,298.15
0.9209020958083841,1.5,299.0197139017721,298.15003463757506,298.15
0.9245276946107793,1.5,299.0214702453902,298.1500357046616,298.15
0.9281532934131745,1.5,299.0232215494409,298.15003679664335,298.15
0.9317788922155698,1.5,299.0249678497811,298.15003791389375,298.15
0.935404491017965,1.5,299.02670918189176,298.15003905678844,298.15
0.9390300898203602,1.5,299.02844558088253,298.15004022570434,298.15
0.9426556886227554,1.5,299.0301770814967,298.15004142102,298.15
0.9462812874251506,1.5,299.03190371811576,298.15004264311557,298.15
0.9499068862275458,1.5,299.03362552476426,298.1500438923727,298.15
0.953532485029941,1.5,299.03534253511464,298.15004516917446,298.15
0.9571580838323362,1.5,299.03705478249117,298.15004647390543,298.15
0.9607836826347315,1.5,299.03876229987515,298.1500478069514,298.15
0.9644092814371267,1.5,299.0404651199088,298.1500491686997,298.15
0.9680348802395219,1.5,299.0421632748999,298.1500505595388,298.15
0.9716604790419171,1.5,299.0438567968259,298.15005197985835,298.15
0.9752860778443123,1.5,299.04554571733837,298.15005343004947,298.15
0.9789116766467075,1.5,299.0472300677669,298.1500549105042,298.15
0.9825372754491027,1.5,299.04890987912347,298.1500564216158,298.15
0.986162874251498,1.5,299.050585182106,298.15005796377864,298.15
0.9897884730538932,1.5,299.052256007103,298.1500595373881,298.15
0.9934140718562884,1.5,299.05392238419705,298.15006114284057,298.15
0.9970396706586836,1.5,299.0555843431686,298.15006278053335,298.15
1.0006652694610787,1.5,299.05724191350026,298.1500644508648,298.15
1.004290868263474,1.5,299.05889512437983,298.150066154234,298.15
1.0079164670658691,1.5,299.0605440047047,298.15006789104103,298.15
1.0115420658682643,1.5,299.06218858308495,298.1500696616866,298.15
1.0151676646706596,1.5,299.0638288878473,298.15007146657223,298.15
1.0187932634730548,1.5,299.06546494703844,298.1500733061003,298.15
1.02241886227545,1.5,299.06709678842856,298.1500751806737,298.15
1.0260444610778452,1.5,299.06872443951477,298.1500770906961,298.15
1.0296700598802404,1.5,299.07034792752455,298.15007903657164,298.15
1.0332956586826356,1.5,299.0719672794191,298.15008101870507,298.15
1.0369212574850308,1.5,299.0735825218964,298.15008303750176,298.15
1.040546856287426,1.5,299.0751936813947,298.1500850933675,298.15
1.0441724550898213,1.5,299.07680078409567,298.15008718670856,298.15
1.0477980538922165,1.5,299.07840385592743,298.1500893179315,298.15
1.0514236526946117,1.5,299.08000292256764,298.1500914874434,298.15
1.055049251497007,1.5,299.08159800944674,298.1500936956516,298.15
1.0586748502994021,1.5,299.0831891417509,298.15009594296384,298.15
1.0623004491017973,1.5,299.08477634442465,298.150098229788,298.15
1.0659260479041925,1.5,299.08635964217456,298.1501005565324,298.15
1.0695516467065878,1.5,299.0879390594713,298.1501029236052,298.15
1.073177245508983,1.5,299.08951462055296,298.15010533141503,298.15
1.0768028443113782,1.5,299.09108634942777,298.1501077803705,298.15
1.0804284431137734,1.5,299.0926542698768,298.15011027088036,298.15000000000003
1.0840540419161686,1.5,299.0942184054568,298.1501128033534,298.1500000000001
1.0876796407185638,1.5,299.09577877950267,298.1501153781984,298.1500000000001
1.091305239520959,1.5,299.0973354151304,298.1501179958242,298.1500000000001
1.0949308383233542,1.5,299.09888833523945,298.1501206566395,298.1500000000001
1.0985564371257495,1.5,299.10043756251554,298.150123361053,298.1500000000001
1.1021820359281447,1.5,299.1019831194329,298.1501261094732,298.15000000000015
1.10580763473054,1.5,299.103525028257,298.1501289023085,298.1500000000002
1.109433233532935,1.5,299.1050633110471,298.1501317399672,298.1500000000002
1.1130588323353303,1.5,299.1065979896584,298.1501346228572,298.15000000000026
1.1166844311377255,1.5,299.1081290857446,298.1501375513863,298.15000000000026
1.1203100299401207,1.5,299.1096566207604,298.150140525962,298.1500000000003
1.123935628742516,1.5,299.1111806159635,298.15014354699144,298.1500000000003
1.1275612275449112,1.5,299.1127010924173,298.1501466148814,298.1500000000004
1.1311868263473064,1.5,299.11421807099293,298.15014973003844,298.15000000000043
1.1348124251497016,1.5,299.1157315723715,298.1501528928687,298.1500000000005
1.1384380239520968,1.5,299.1172416170463,298.1501561037776,298.15000000000055
1.142063622754492,1.5,299.1187482253253,298.1501593631704,298.1500000000006
1.1456892215568872,1.5,299.12025141733284,298.15016267145194,298.15000000000066
1.1493148203592825,1.5,299.1217512130119,298.1501660290263,298.1500000000008
1.1529404191616777,1.5,299.1232476321265,298.150169436297,298.15000000000083
1.1565660179640729,1.5,299.12474069426327,298.15017289366733,298.1500000000009
1.160191616766468,1.5,299.1262304188338,298.1501764015395,298.150000000001
1.1638172155688633,1.5,299.12771682507685,298.15017996031554,298.15000000000106
1.1674428143712585,1.5,299.12919993205963,298.15018357039656,298.1500000000011
1.1710684131736537,1.5,299.1306797586805,298.15018723218304,298.1500000000012
1.174694011976049,1.5,299.1321563236706,298.15019094607476,298.15000000000134
1.1783196107784442,1.5,299.13362964559565,298.15019471247086,298.15000000000146
1.1819452095808394,1.5,299.135099742858,298.15019853176955,298.15000000000157
1.1855708083832346,1.5,299.13656663369835,298.15020240436843,298.1500000000017
1.1891964071856298,1.5,299.1380303361978,298.1502063306641,298.1500000000018
1.192822005988025,1.5,299.1394908682794,298.1502103110525,298.15000000000197
1.1964476047904202,1.5,299.14094824770996,298.1502143459287,298.15000000000214
1.2000732035928154,1.5,299.14240249210206,298.1502184356867,298.1500000000023
1.2036988023952107,1.5,299.14385361891556,298.15022258071986,298.1500000000025
1.2073244011976059,1.5,299.14530164545937,298.1502267814203,298.15000000000265
1.210950000000001,1.5,299.1467465888931,298.15023103817964,298.1500000000028
1.2145755988023963,1.5,299.14818846622876,298.150235351388,298.15000000000305
1.2182011976047915,1.5,299.1496272943325,298.1502397214349,298.1500000000033
1.2218267964071867,1.5,299.1510630899261,298.1502441487087,298.1500000000035
1.225452395209582,1.5,299.1524958695885,298.1502486335967,298.1500000000038
1.2290779940119771,1.5,299.1539256497577,298.15025317648514,298.15000000000407
1.2327035928143724,1.5,299.15535244673197,298.1502577777592,298.1500000000044
1.2363291916167676,1.5,299.15677627667174,298.150262437803,298.1500000000047
1.2399547904191628,1.5,299.1581971556006,298.1502671569995,298.15000000000504
1.243580389221558,1.5,299.15961509940746,298.1502719357306,298.1500000000054
1.2472059880239532,1.5,299.1610301238475,298.15027677437683,298.1500000000057
1.2508315868263484,1.5,299.1624422445439,298.15028167331775,298.1500000000061
1.2544571856287436,1.5,299.1638514769893,298.15028663293157,298.15000000000657
1.2580827844311389,1.5,299.16525783654697,298.1502916535955,298.150000000007
1.261708383233534,1.5,299.1666613384524,298.1502967356853,298.1500000000075
1.2653339820359293,1.5,299.1680619978149,298.1503018795756,298.150000000008
1.2689595808383245,1.5,299.16945982961863,298.1503070856396,298.1500000000085
1.2725851796407197,1.5,299.1708548487239,298.1503123542494,298.1500000000091
1.276210778443115,1.5,299.172247069869,298.1503176857758,298.1500000000097
1.2798363772455101,1.5,299.1736365076709,298.15032308058807,298.1500000000103
1.2834619760479054,1.5,299.17502317662706,298.15032853905444,298.150000000011
1.2870875748503006,1.5,299.1764070911165,298.1503340615415,298.15000000001174
1.2907131736526958,1.5,299.17778826540103,298.1503396484147,298.1500000000125
1.294338772455091,1.5,299.1791667136265,298.15034530003794,298.1500000000133
1.2979643712574862,1.5,299.1805424498242,298.15035101677387,298.15000000001413
1.3015899700598814,1.5,299.181915487912,298.1503567989836,298.15000000001504
1.3052155688622766,1.5,299.1832858416954,298.1503626470269,298.15000000001595
1.3088411676646718,1.5,299.184653524869,298.15036856126204,298.150000000017
1.312466766467067,1.5,299.18601855101747,298.15037454204594,298.150000000018
1.3160923652694623,1.5,299.1873809336168,298.1503805897339,298.1500000000191
1.3197179640718575,1.5,299.18874068603543,298.1503867046799,298.15000000002027
1.3233435628742527,1.5,299.1900978215353,298.15039288723625,298.15000000002146
1.326969161676648,1.5,299.1914523532732,298.15039913775405,298.15000000002277
1.3305947604790431,1.5,299.1928042943016,298.15040545658246,298.15000000002414
1.3342203592814383,1.5,299.19415365757,298.15041184406954,298.1500000000256
1.3378459580838336,1.5,299.1955004559257,298.15041830056145,298.1500000000271
1.3414715568862288,1.5,299.19684470211524,298.15042482640314,298.1500000000287
1.345097155688624,1.5,299.1981864087852,298.1504314219377,298.1500000000304
1.3487227544910192,1.5,299.1995255884832,298.15043808750676,298.15000000003215
1.3523483532934144,1.5,299.200862253659,298.1504448234504,298.15000000003397
1.3559739520958096,1.5,299.20219641666586,298.1504516301071,298.1500000000359
1.3595995508982048,1.5,299.20352808976077,298.15045850781365,298.15000000003795
1.3632251497006,1.5,299.2048572851062,298.1504654569054,298.1500000000401
1.3668507485029953,1.5,299.2061840147706,298.15047247771594,298.1500000000424
1.3704763473053905,1.5,299.2075082907297,298.15047957057715,298.15000000004477
1.3741019461077857,1.5,299.2088301248671,298.1504867358195,298.1500000000472
1.377727544910181,1.5,299.2101495289756,298.15049397377175,298.15000000004983
1.3813531437125761,1.5,299.21146651475783,298.1505012847608,298.15000000005256
1.3849787425149713,1.5,299.2127810938271,298.1505086691121,298.15000000005546
1.3886043413173665,1.5,299.2140932777089,298.15051612714933,298.15000000005847
1.3922299401197618,1.5,299.21540307784096,298.1505236591945,298.15000000006165
1.395855538922157,1.5,299.2167105055748,298.1505312655681,298.15000000006495
1.3994811377245522,1.5,299.21801557217634,298.15053894658854,298.1500000000684
1.4031067365269474,1.5,299.21931828882674,298.1505467025729,298.15000000007205
1.4067323353293426,1.5,299.2206186666233,298.1505545338363,298.15000000007586
1.4103579341317378,1.5,299.2219167165803,298.15056244069245,298.1500000000799
1.413983532934133,1.5,299.2232124496299,298.1505704234531,298.15000000008405
1.4176091317365282,1.5,299.2245058766228,298.1505784824281,298.1500000000885
1.4212347305389235,1.5,299.2257970083293,298.150586617926,298.1500000000931
1.4248603293413187,1.5,299.2270858554399,298.1505948302534,298.15000000009786
1.428485928143714,1.5,299.22837242856616,298.1506031197151,298.15000000010286
1.432111526946109,1.5,299.2296567382414,298.15061148661414,298.15000000010815
1.4357371257485043,1.5,299.23093879492166,298.150619931252,298.1500000001136
1.4393627245508995,1.5,299.23221860898633,298.1506284539282,298.15000000011935
1.4429883233532947,1.5,299.2334961907391,298.1506370549406,298.1500000001254
1.44661392215569,1.5,299.2347715504083,298.1506457345853,298.1500000001316
1.4502395209580852,1.5,299.2360446981481,298.15065449315654,298.15000000013816
1.4538651197604804,1.5,299.2373156440388,298.1506633309469,298.15000000014504
1.4574907185628756,1.5,299.2385843980882,298.1506722482471,298.15000000015215
1.4611163173652708,1.5,299.23985097023154,298.1506812453461,298.1500000001596
1.464741916167666,1.5,299.2411153703327,298.15069032253115,298.1500000001674
1.4683675149700612,1.5,299.24237760818477,298.15069948008767,298.1500000001755
1.4719931137724565,1.5,299.24363769351083,298.1507087182991,298.150000000184
1.4756187125748517,1.5,299.2448956359643,298.1507180374474,298.15000000019285
1.4792443113772469,1.5,299.2461514451301,298.15072743781263,298.15000000020206
1.482869910179642,1.5,299.24740513052507,298.1507369196729,298.15000000021166
1.4864955089820373,1.5,299.24865670159846,298.15074648330466,298.1500000002217
1.4901211077844325,1.5,299.2499061677329,298.15075612898266,298.1500000002321
1.4937467065868277,1.5,299.25115353824475,298.1507658569796,298.150000000243
1.497372305389223,1.5,299.25239882238503,298.1507756675666,298.15000000025435
1.5009979041916182,1.5,299.2536420293399,298.15078556101287,298.1500000002662
1.5046235029940134,1.5,299.2548831682312,298.15079553758574,298.15000000027845
1.5082491017964086,1.5,299.2561222481171,298.1508055975509,298.1500000002913
1.5118747005988038,1.5,299.257359277993,298.1508157411722,298.15000000030466
1.515500299401199,1.5,299.25859426679153,298.15082596871156,298.1500000003185
1.5191258982035942,1.5,299.25982722338387,298.15083628042913,298.1500000003329
1.5227514970059894,1.5,299.2610581565796,298.1508466765834,298.150000000348
1.5263770958083847,1.5,299.2622870751279,298.15085715743095,298.15000000036355
1.5300026946107799,1.5,299.26351398771783,298.1508677232264,298.1500000003798
1.533628293413175,1.5,299.2647389029789,298.1508783742228,298.1500000003967
1.5372538922155703,1.5,299.2659618294815,298.1508891106714,298.15000000041425
1.5408794910179655,1.5,299.267182775738,298.1508999328214,298.1500000004325
1.5445050898203607,1.5,299.2684017502025,298.1509108409204,298.1500000004515
1.548130688622756,1.5,299.2696187612721,298.15092183521415,298.15000000047115
1.5517562874251511,1.5,299.2708338172869,298.1509329159465,298.1500000004916
1.5553818862275464,1.5,299.27204692653095,298.1509440833597,298.1500000005129
1.5590074850299416,1.5,299.27325809723243,298.15095533769403,298.15000000053493
1.5626330838323368,1.5,299.2744673375644,298.1509666791879,298.1500000005579
1.566258682634732,1.5,299.2756746556451,298.1509781080781,298.15000000058166
1.5698842814371272,1.5,299.27688005953877,298.1509896245997,298.1500000006064
1.5735098802395224,1.5,299.27808355725574,298.1510012289856,298.15000000063196
1.5771354790419176,1.5,299.27928515675336,298.15101292146727,298.15000000065857
1.5807610778443129,1.5,299.2804848659361,298.1510247022742,298.15000000068613
1.584386676646708,1.5,299.2816826926563,298.15103657163417,298.1500000007147
1.5880122754491033,1.5,299.2828786447145,298.1510485297731,298.1500000007444
1.5916378742514985,1.5,299.2840727298602,298.15106057691526,298.1500000007751
1.5952634730538937,1.5,299.28526495579166,298.151072713283,298.150000000807
1.598889071856289,1.5,299.2864553301572,298.15108493909696,298.15000000084
1.6025146706586841,1.5,299.287643860555,298.151097254576,298.1500000008743
1.6061402694610794,1.5,299.28883055453406,298.1511096599371,298.1500000009097
1.6097658682634746,1.5,299.29001541959417,298.1511221553956,298.1500000009465
1.6133914670658698,1.5,299.29119846318656,298.1511347411651,298.1500000009845
1.617017065868265,1.5,299.29237969271463,298.15114741745725,298.15000000102395
1.6206426646706602,1.5,299.2935591155339,298.15116018448214,298.15000000106477
1.6242682634730554,1.5,299.2947367389526,298.15117304244797,298.150000001107
1.6278938622754506,1.5,299.2959125702323,298.15118599156114,298.1500000011507
1.6315194610778458,1.5,299.2970866165881,298.15119903202657,298.15000000119596
1.635145059880241,1.5,299.2982588851891,298.1512121640471,298.1500000012428
1.6387706586826363,1.5,299.29942938315884,298.15122538782407,298.1500000012912
1.6423962574850315,1.5,299.30059811757576,298.15123870355694,298.1500000013413
1.6460218562874267,1.5,299.30176509547334,298.15125211144345,298.15000000139315
1.649647455089822,1.5,299.302930323841,298.1512656116797,298.15000000144676
1.6532730538922171,1.5,299.3040938096238,298.1512792044599,298.15000000150224
1.6568986526946123,1.5,299.30525555972355,298.15129288997673,298.15000000155953
1.6605242514970076,1.5,299.3064155809986,298.1513066684211,298.1500000016188
1.6641498502994028,1.5,299.30757388026467,298.151320539982,298.15000000168004
1.667775449101798,1.5,299.3087304642948,298.151334504847,298.1500000017433
1.6714010479041932,1.5,299.30988533982026,298.15134856320174,298.15000000180873
1.6750266467065884,1.5,299.3110385135303,298.15136271523033,298.15000000187626
1.6786522455089836,1.5,299.31218999207294,298.1513769611151,298.15000000194607
1.6822778443113788,1.5,299.3133397820553,298.1513913010366,298.15000000201815
1.685903443113774,1.5,299.31448789004384,298.1514057351739,298.1500000020925
1.6895290419161693,1.5,299.31563432256456,298.1514202637042,298.1500000021694
1.6931546407185645,1.5,299.3167790861037,298.1514348868031,298.1500000022487
1.6967802395209597,1.5,299.31792218710774,298.15144960464465,298.1500000023306
1.700405838323355,1.5,299.31906363198425,298.151464417401,298.15000000241514
1.7040314371257501,1.5,299.3202034271016,298.15147932524275,298.15000000250234
1.7076570359281453,1.5,299.3213415787896,298.1514943283388,298.1500000025923
1.7112826347305405,1.5,299.3224780933399,298.15150942685653,298.15000000268515
1.7149082335329358,1.5,299.3236129770062,298.1515246209615,298.1500000027809
1.718533832335331,1.5,299.3247462360046,298.1515399108178,298.15000000287966
1.7221594311377262,1.5,299.3258778765141,298.15155529658773,298.1500000029815
1.7257850299401214,1.5,299.32700790467624,298.1515707784321,298.1500000030865
1.7294106287425166,1.5,299.3281363265965,298.15158635650994,298.1500000031948
1.7330362275449118,1.5,299.32926314834367,298.1516020309789,298.1500000033064
1.736661826347307,1.5,299.33038837595063,298.1516178019947,298.15000000342144
1.7402874251497022,1.5,299.3315120154145,298.1516336697117,298.15000000353996
1.7439130239520975,1.5,299.332634072697,298.1516496342826,298.15000000366217
1.7475386227544927,1.5,299.33375455372465,298.1516656958584,298.150000003788
1.751164221556888,1.5,299.33487346438926,298.15168185458873,298.1500000039176
1.754789820359283,1.5,299.33599081054797,298.1516981106214,298.15000000405115
1.7584154191616783,1.5,299.3371065980238,298.1517144641028,298.15000000418866
1.7620410179640735,1.5,299.3382208326057,298.15173091517767,298.1500000043303
1.7656666167664687,1.5,299.33933352004885,298.1517474639893,298.1500000044762
1.769292215568864,1.5,299.3404446660753,298.1517641106792,298.15000000462635
1.7729178143712592,1.5,299.34155427637364,298.1517808553875,298.1500000047809
1.7765434131736544,1.5,299.3426623565998,298.1517976982529,298.15000000494
1.7801690119760496,1.5,299.34376891237713,298.1518146394122,298.1500000051038
1.7837946107784448,1.5,299.3448739492965,298.15183167900096,298.15000000527226
1.78742020958084,1.5,299.34597747291696,298.15184881715317,298.15000000544563
1.7910458083832352,1.5,299.34707948876553,298.15186605400123,298.15000000562407
1.7946714071856305,1.5,299.34818000233776,298.1518833896761,298.15000000580756
1.7982970059880257,1.5,299.3492790190981,298.151900824307,298.1500000059963
1.8019226047904209,1.5,299.35037654447984,298.1519183580221,298.1500000061904
1.805548203592816,1.5,299.35147258388537,298.1519359909477,298.1500000063899
1.8091738023952113,1.5,299.3525671426867,298.1519537232087,298.1500000065951
1.8127994011976065,1.5,299.35366022622566,298.1519715549285,298.1500000068061
1.8164250000000017,1.5,299.3547518398139,298.1519894862292,298.15000000702304
1.820050598802397,1.5,299.35584198873335,298.15200751723114,298.150000007246
1.8236761976047922,1.5,299.3569306782363,298.15202564805355,298.1500000074751
1.8273017964071874,1.5,299.3580179135459,298.15204387881386,298.15000000771056
1.8309273952095826,1.5,299.359103699856,298.15206220962835,298.15000000795254
1.8345529940119778,1.5,299.36018804233186,298.1520806406116,298.1500000082011
1.838178592814373,1.5,299.36127094610987,298.1520991718768,298.1500000084565
1.8418041916167682,1.5,299.3623524162982,298.152117803536,298.1500000087188
1.8454297904191634,1.5,299.3634324579769,298.15213653569936,298.1500000089882
1.8490553892215587,1.5,299.36451107619786,298.1521553684761,298.15000000926483
1.8526809880239539,1.5,299.3655882759854,298.15217430197373,298.15000000954893
1.856306586826349,1.5,299.3666640623363,298.15219333629835,298.15000000984065
1.8599321856287443,1.5,299.3677384402202,298.1522124715549,298.1500000101401
1.8635577844311395,1.5,299.36881141457945,298.1522317078467,298.1500000104475
1.8671833832335347,1.5,299.3698829903297,298.1522510452757,298.1500000107631
1.87080898203593,1.5,299.3709531723598,298.15227048394274,298.15000001108695
1.8744345808383251,1.5,299.3720219655323,298.15229002394705,298.1500000114193
1.8780601796407204,1.5,299.37308937468356,298.1523096653865,298.15000001176026
1.8816857784431156,1.5,299.3741554046237,298.1523294083577,298.1500000121101
1.8853113772455108,1.5,299.37522006013717,298.15234925295584,298.1500000124691
1.888936976047906,1.5,299.37628334598276,298.15236919927486,298.1500000128373
1.8925625748503012,1.5,299.37734526689377,298.15238924740737,298.150000013215
1.8961881736526964,1.5,299.37840582757843,298.1524093974445,298.1500000136024
1.8998137724550916,1.5,299.37946503271974,298.1524296494762,298.15000001399954
1.9034393712574869,1.5,299.380522886976,298.15245000359107,298.1500000144069
1.907064970059882,1.5,299.38157939498063,298.1524704598765,298.1500000148245
1.9106905688622773,1.5,299.3826345613429,298.15249101841846,298.15000001525266
1.9143161676646725,1.5,299.38368839064765,298.1525116793016,298.1500000156916
1.9179417664670677,1.5,299.38474088745545,298.1525324426094,298.15000001614146
1.921567365269463,1.5,299.3857920563032,298.15255330842405,298.1500000166025
1.9251929640718581,1.5,299.386841901704,298.1525742768264,298.15000001707506
1.9288185628742534,1.5,299.3878904281473,298.1525953478961,298.15000001755925
1.9324441616766486,1.5,299.38893764009924,298.15261652171154,298.1500000180554
1.9360697604790438,1.5,299.38998354200277,298.15263779834976,298.1500000185637
1.939695359281439,1.5,299.3910281382779,298.15265917788673,298.15000001908436
1.9433209580838342,1.5,299.3920714333216,298.15268066039715,298.1500000196178
1.9469465568862294,1.5,299.3931134315082,298.15270224595434,298.1500000201641
1.9505721556886246,1.5,299.3941541371897,298.1527239346305,298.1500000207236
1.9541977544910198,1.5,299.3951935546955,298.15274572649673,298.1500000212966
1.957823353293415,1.5,299.396231688333,298.15276762162273,298.1500000218833
1.9614489520958103,1.5,299.3972685423874,298.15278962007716,298.150000022484
1.9650745508982055,1.5,299.39830412112235,298.1528117219274,298.15000002309904
1.9687001497006007,1.5,299.3993384287796,298.15283392723956,298.15000002372864
1.972325748502996,1.5,299.4003714695792,298.1528562360788,298.15000002437307
1.9759513473053911,1.5,299.4014032477203,298.15287864850893,298.1500000250327
1.9795769461077863,1.5,299.40243376738033,298.1529011645927,298.15000002570775
1.9832025449101816,1.5,299.403463032716,298.15292378439165,298.1500000263986
1.9868281437125768,1.5,299.40449104786285,298.1529465079661,298.1500000271054
1.990453742514972,1.5,299.405517816936,298.1529693353753,298.15000002782864
1.9940793413173672,1.5,299.4065433440297,298.15299226667753,298.1500000285686
1.9977049401197624,1.5,299.40756763321775,298.1530153019296,298.1500000293255
2.0013305389221574,1.5,299.4085906885538,298.15303844118745,298.1500000300998
2.0049561377245526,1.5,299.4096125140712,298.15306168450576,298.1500000308918
2.008581736526948,1.5,299.41063311378343,298.1530850319383,298.1500000317018
2.012207335329343,1.5,299.41165249168387,298.15310848353755,298.15000003253016
2.0158329341317383,1.5,299.41267065174645,298.1531320393549,298.1500000333772
2.0194585329341335,1.5,299.4136875979253,298.15315569944073,298.15000003424325
2.0230841317365287,1.5,299.41470333415515,298.1531794638444,298.15000003512876
2.026709730538924,1.5,299.4157178643515,298.153203332614,298.150000036034
2.030335329341319,1.5,299.4167311924106,298.1532273057968,298.15000003695934
2.0339609281437143,1.5,299.41774332220973,298.15325138343866,298.1500000379053
2.0375865269461095,1.5,299.4187542576073,298.15327556558486,298.150000038872
2.0412121257485047,1.5,299.4197640024427,298.1532998522792,298.15000003986006
2.0448377245509,1.5,299.42077256053705,298.15332424356467,298.15000004086977
2.048463323353295,1.5,299.4217799356927,298.15334873948325,298.15000004190154
2.0520889221556904,1.5,299.4227861316938,298.15337334007563,298.15000004295575
2.0557145209580856,1.5,299.42379115230614,298.1533980453819,298.1500000440328
2.059340119760481,1.5,299.4247950012774,298.1534228554406,298.1500000451331
2.062965718562876,1.5,299.42579768233736,298.15344777028986,298.1500000462571
2.0665913173652712,1.5,299.4267991991978,298.1534727899663,298.1500000474052
2.0702169161676665,1.5,299.42779955555295,298.153497914506,298.15000004857785
2.0738425149700617,1.5,299.4287987550792,298.1535231439436,298.15000004977543
2.077468113772457,1.5,299.4297968014356,298.15354847831304,298.1500000509985
2.081093712574852,1.5,299.43079369826387,298.15357391764724,298.1500000522473
2.0847193113772473,1.5,299.4317894491883,298.15359946197816,298.15000005352255
2.0883449101796425,1.5,299.4327840578161,298.15362511133674,298.1500000548245
2.0919705089820377,1.5,299.4337775277376,298.15365086575304,298.15000005615366
2.095596107784433,1.5,299.4347698625261,298.15367672525616,298.1500000575105
2.099221706586828,1.5,299.435761065738,298.15370268987414,298.1500000588956
2.1028473053892234,1.5,299.4367511409133,298.1537287596343,298.1500000603093
2.1064729041916186,1.5,299.43774009157534,298.1537549345628,298.1500000617522
2.110098502994014,1.5,299.43872792123085,298.1537812146851,298.15000006322475
2.113724101796409,1.5,299.4397146333704,298.1538076000256,298.1500000647274
2.1173497005988042,1.5,299.4407002314684,298.1538340906078,298.15000006626076
2.1209752994011994,1.5,299.4416847189829,298.1538606864544,298.15000006782526
2.1246008982035947,1.5,299.4426680993561,298.153887387587,298.1500000694215
2.12822649700599,1.5,299.4436503760143,298.1539141940266,298.15000007104993
2.131852095808385,1.5,299.444631552368,298.15394110579314,298.1500000727112
2.1354776946107803,1.5,299.4456116318119,298.1539681229056,298.15000007440574
2.1391032934131755,1.5,299.4465906177253,298.1539952453823,298.1500000761342
2.1427288922155707,1.5,299.44756851347194,298.1540224732406,298.15000007789695
2.146354491017966,1.5,299.44854532240015,298.15404980649697,298.1500000796947
2.149980089820361,1.5,299.449521047843,298.15407724516695,298.1500000815281
2.1536056886227564,1.5,299.4504956931184,298.15410478926555,298.1500000833975
2.1572312874251516,1.5,299.4514692615291,298.1541324388066,298.1500000853037
2.160856886227547,1.5,299.4524417563631,298.15416019380325,298.1500000872472
2.164482485029942,1.5,299.45341318089334,298.1541880542679,298.1500000892286
2.168108083832337,1.5,299.454383538378,298.15421602021183,298.15000009124856
2.1717336826347324,1.5,299.4553528320606,298.1542440916458,298.1500000933076
2.1753592814371276,1.5,299.45632106517,298.15427226857975,298.15000009540637
2.178984880239523,1.5,299.4572882409208,298.1543005510227,298.1500000975455
2.182610479041918,1.5,299.4582543625129,298.1543289389828,298.1500000997257
2.1862360778443133,1.5,299.4592194331321,298.15435743246763,298.15000010194757
2.1898616766467085,1.5,299.4601834559499,298.1543860314839,298.1500001042117
2.1934872754491037,1.5,299.46114643412375,298.1544147360375,298.1500001065188
2.197112874251499,1.5,299.462108370797,298.1544435461335,298.1500001088696
2.200738473053894,1.5,299.4630692690991,298.1544724617763,298.1500001112647
2.2043640718562894,1.5,299.4640291321455,298.1545014829696,298.15000011370483
2.2079896706586846,1.5,299.46498796303825,298.1545306097161,298.1500001161906
2.21161526946108,1.5,299.46594576486535,298.15455984201805,298.15000011872274
2.215240868263475,1.5,299.46690254070137,298.1545891798767,298.150000121302
2.21886646706587,1.5,299.4678582936075,298.1546186232927,298.15000012392915
2.2224920658682654,1.5,299.4688130266312,298.1546481722661,298.15000012660477
2.2261176646706606,1.5,299.4697667428069,298.1546778267958,298.15000012932967
2.229743263473056,1.5,299.4707194451556,298.1547075868805,298.1500001321046
2.233368862275451,1.5,299.47167113668536,298.1547374525177,298.15000013493017
2.2369944610778463,1.5,299.4726218203908,298.15476742370464,298.15000013780735
2.2406200598802415,1.5,299.473571499254,298.15479750043744,298.15000014073684
2.2442456586826367,1.5,299.4745201762436,298.1548276827119,298.15000014371935
2.247871257485032,1.5,299.47546785431587,298.154857970523,298.15000014675576
2.251496856287427,1.5,299.47641453641404,298.15488836386476,298.1500001498468
2.2551224550898223,1.5,299.4773602254688,298.1549188627309,298.1500001529932
2.2587480538922176,1.5,299.47830492439823,298.15494946711425,298.15000015619586
2.2623736526946128,1.5,299.47924863610774,298.154980177007,298.1500001594556
2.265999251497008,1.5,299.4801913634905,298.1550109924009,298.15000016277315
2.269624850299403,1.5,299.4811331094272,298.15504191328654,298.15000016614954
2.2732504491017984,1.5,299.48207387678633,298.1550729396544,298.15000016958544
2.2768760479041936,1.5,299.483013668424,298.15510407149407,298.15000017308176
2.280501646706589,1.5,299.48395248718435,298.15513530879434,298.1500001766394
2.284127245508984,1.5,299.48489033589937,298.1551666515436,298.15000018025916
2.2877528443113793,1.5,299.48582721738904,298.1551980997296,298.150000183942
2.2913784431137745,1.5,299.4867631344615,298.1552296533393,298.1500001876887
2.2950040419161697,1.5,299.48769808991295,298.15526131235924,298.1500001915003
2.298629640718565,1.5,299.48863208652784,298.15529307677514,298.1500001953776
2.30225523952096,1.5,299.48956512707906,298.1553249465723,298.15000019932154
2.3058808383233553,1.5,299.49049721432766,298.15535692173523,298.1500002033331
2.3095064371257505,1.5,299.49142835102316,298.1553890022479,298.15000020741314
2.3131320359281458,1.5,299.4923585399037,298.15542118809384,298.1500002115627
2.316757634730541,1.5,299.4932877836959,298.1554534792558,298.15000021578265
2.320383233532936,1.5,299.49421608511506,298.155485875716,298.15000022007405
2.3240088323353314,1.5,299.49514344686514,298.1555183774561,298.15000022443775
2.3276344311377266,1.5,299.49606987163895,298.1555509844572,298.15000022887483
2.331260029940122,1.5,299.49699536211807,298.1555836966996,298.15000023338627
2.334885628742517,1.5,299.4979199209731,298.1556165141635,298.150000237973
2.3385112275449123,1.5,299.4988435508635,298.1556494368281,298.1500002426363
2.3421368263473075,1.5,299.4997662544378,298.15568246467234,298.15000024737685
2.3457624251497027,1.5,299.5006880343337,298.1557155976744,298.15000025219587
2.349388023952098,1.5,299.5016088931779,298.155748835812,298.1500002570944
2.353013622754493,1.5,299.5025288335866,298.1557821790623,298.1500002620735
2.3566392215568883,1.5,299.50344785816503,298.15581562740203,298.15000026713415
2.3602648203592835,1.5,299.504365969508,298.1558491808073,298.1500002722775
2.3638904191616787,1.5,299.5052831701995,298.15588283925354,298.15000027750466
2.367516017964074,1.5,299.50619946281324,298.15591660271593,298.15000028281673
2.371141616766469,1.5,299.5071148499123,298.15595047116904,298.1500002882147
2.3747672155688644,1.5,299.50802933404947,298.1559844445868,298.15000029369986
2.3783928143712596,1.5,299.5089429177671,298.15601852294276,298.1500002992732
2.382018413173655,1.5,299.50985560359743,298.15605270621,298.150000304936
2.38564401197605,1.5,299.51076739406227,298.156086994361,298.1500003106892
2.3892696107784452,1.5,299.51167829167343,298.15612138736776,298.1500003165342
2.3928952095808405,1.5,299.51258829893254,298.15615588520177,298.1500003224721
2.3965208083832357,1.5,299.5134974183312,298.15619048783424,298.150000328504
2.400146407185631,1.5,299.514405652351,298.15622519523555,298.1500003346312
2.403772005988026,1.5,299.5153130034637,298.1562600073759,298.15000034085483
2.4073976047904213,1.5,299.51621947413105,298.1562949242248,298.15000034717616
2.4110232035928165,1.5,299.51712506680497,298.15632994575157,298.15000035359634
2.4146488023952117,1.5,299.51802978392783,298.15636507192477,298.15000036011674
2.418274401197607,1.5,299.51893362793214,298.1564003027126,298.1500003667385
2.421900000000002,1.5,299.51983660124074,298.156435638083,298.1500003734629
2.4255255988023974,1.5,299.5207387062668,298.15647107800305,298.1500003802913
2.4291511976047926,1.5,299.5216399454142,298.1565066224398,298.15000038722485
2.432776796407188,1.5,299.52254032107714,298.1565422713597,298.15000039426496
2.436402395209583,1.5,299.5234398356403,298.1565780247287,298.15000040141285
2.4400279940119782,1.5,299.52433849147917,298.1566138825122,298.1500004086699
2.4436535928143734,1.5,299.5252362909598,298.1566498446756,298.15000041603747
2.4472791916167687,1.5,299.526133236439,298.15668591118344,298.1500004235169
2.450904790419164,1.5,299.5270293302643,298.1567220820001,298.1500004311094
2.454530389221559,1.5,299.5279245747741,298.15675835708936,298.15000043881656
2.4581559880239543,1.5,299.52881897229764,298.1567947364148,298.15000044663964
2.4617815868263495,1.5,299.5297125251551,298.15683121993936,298.15000045458004
2.4654071856287447,1.5,299.53060523565756,298.15686780762564,298.1500004626392
2.46903278443114,1.5,299.5314971061072,298.156904499436,298.15000047081844
2.472658383233535,1.5,299.53238813879733,298.1569412953323,298.1500004791192
2.4762839820359304,1.5,299.53327833601213,298.1569781952759,298.150000487543
2.4799095808383256,1.5,299.5341677000272,298.1570151992278,298.15000049609125
2.483535179640721,1.5,299.5350562331092,298.1570523071489,298.1500005047655
2.487160778443116,1.5,299.5359439375162,298.1570895189994,298.1500005135671
2.490786377245511,1.5,299.53683081549735,298.15712683473913,298.15000052249763
2.4944119760479064,1.5,299.53771686929343,298.1571642543278,298.15000053155853
2.4980375748503016,1.5,299.53860210113646,298.1572017777245,298.15000054075136
2.501663173652697,1.5,299.5394865132498,298.15723940488795,298.15000055007755
2.505288772455092,1.5,299.54037010784856,298.1572771357767,298.15000055953874
2.5089143712574873,1.5,299.54125288713914,298.15731497034886,298.1500005691364
2.5125399700598825,1.5,299.54213485331974,298.15735290856213,298.15000057887215
2.5161655688622777,1.5,299.54301600858014,298.15739095037395,298.1500005887476
2.519791167664673,1.5,299.54389635510165,298.1574290957413,298.15000059876434
2.523416766467068,1.5,299.54477589505734,298.1574673446209,298.1500006089239
2.5270423652694634,1.5,299.54565463061226,298.1575056969691,298.15000061922797
2.5306679640718586,1.5,299.54653256392294,298.15754415274193,298.15000062967806
2.534293562874254,1.5,299.54740969713805,298.15758271189503,298.15000064027595
2.537919161676649,1.5,299.54828603239787,298.1576213743838,298.1500006510232
2.541544760479044,1.5,299.5491615718348,298.15766014016333,298.1500006619215
2.5451703592814394,1.5,299.5500363175732,298.1576990091882,298.1500006729726
2.5487959580838346,1.5,299.5509102717295,298.15773798141294,298.1500006841781
2.55242155688623,1.5,299.551783436412,298.1577770567915,298.15000069553975
2.556047155688625,1.5,299.5526558137212,298.15781623527766,298.15000070705923
2.5596727544910203,1.5,299.55352740574983,298.15785551682495,298.1500007187384
2.5632983532934155,1.5,299.55439821458265,298.1578949013865,298.1500007305788
2.5669239520958107,1.5,299.55526824229673,298.1579343889151,298.1500007425824
2.570549550898206,1.5,299.5561374909614,298.15797397936336,298.1500007547508
2.574175149700601,1.5,299.55700596263836,298.15801367268347,298.1500007670858
2.5778007485029963,1.5,299.55787365938136,298.15805346882746,298.15000077958933
2.5814263473053916,1.5,299.5587405832369,298.158093367747,298.1500007922632
2.5850519461077868,1.5,299.5596067362437,298.15813336939334,298.15000080510913
2.588677544910182,1.5,299.560472120433,298.1581734737178,298.150000818129
2.592303143712577,1.5,299.5613367378285,298.15821368067105,298.1500008313247
2.5959287425149724,1.5,299.5622005904465,298.1582539902038,298.15000084469807
2.5995543413173676,1.5,299.5630636802957,298.15829440226605,298.150000858251
2.603179940119763,1.5,299.5639260093777,298.1583349168081,298.15000087198536
2.606805538922158,1.5,299.56478757968654,298.1583755337795,298.1500008859031
2.6104311377245533,1.5,299.5656483932089,298.15841625312993,298.15000090000615
2.6140567365269485,1.5,299.5665084519243,298.1584570748084,298.1500009142964
2.6176823353293437,1.5,299.567367757805,298.15849799876395,298.15000092877585
2.621307934131739,1.5,299.56822631281614,298.1585390249453,298.15000094344646
2.624933532934134,1.5,299.5690841189155,298.1585801533009,298.1500009583102
2.6285591317365293,1.5,299.5699411780539,298.15862138377895,298.15000097336906
2.6321847305389245,1.5,299.5707974921749,298.1586627163274,298.1500009886251
2.6358103293413198,1.5,299.5716530632152,298.158704150894,298.15000100408025
2.639435928143715,1.5,299.5725078931042,298.15874568742623,298.15000101973664
2.64306152694611,1.5,299.5733619837646,298.15878732587134,298.1500010355963
2.6466871257485054,1.5,299.5742153371119,298.15882906617634,298.1500010516612
2.6503127245509006,1.5,299.57506795505503,298.1588709082879,298.1500010679336
2.653938323353296,1.5,299.57591983949544,298.15891285215275,298.15000108441546
2.657563922155691,1.5,299.57677099232836,298.15895489771714,298.150001101109
2.6611895209580863,1.5,299.5776214154418,298.15899704492716,298.15000111801623
2.6648151197604815,1.5,299.57847111071703,298.15903929372877,298.1500011351394
2.6684407185628767,1.5,299.5793200800288,298.1590816440675,298.1500011524805
2.672066317365272,1.5,299.58016832524487,298.1591240958889,298.1500011700419
2.675691916167667,1.5,299.58101584822634,298.1591666491382,298.15000118782564
2.6793175149700623,1.5,299.5818626508278,298.1592093037604,298.15000120583403
2.6829431137724575,1.5,299.5827087348972,298.1592520597004,298.1500012240692
2.6865687125748527,1.5,299.5835541022758,298.15929491690275,298.1500012425334
2.690194311377248,1.5,299.5843987547982,298.15933787531196,298.1500012612289
2.693819910179643,1.5,299.5852426942928,298.15938093487216,298.15000128015794
2.6974455089820384,1.5,299.58608592258116,298.15942409552747,298.1500012993228
2.7010711077844336,1.5,299.5869284414786,298.1594673572216,298.1500013187258
2.704696706586829,1.5,299.587770252794,298.1595107198984,298.1500013383692
2.708322305389224,1.5,299.5886113583296,298.15955418350114,298.1500013582553
2.7119479041916192,1.5,299.5894517598816,298.1595977479732,298.1500013783865
2.7155735029940145,1.5,299.59029145923967,298.15964141325765,298.15000139876514
2.7191991017964097,1.5,299.5911304581871,298.15968517929736,298.1500014193935
2.722824700598805,1.5,299.5919687585009,298.1597290460351,298.1500014402741
2.7264502994012,1.5,299.59280636195217,298.1597730134135,298.1500014614092
2.7300758982035953,1.5,299.59364327030534,298.1598170813748,298.1500014828014
2.7337014970059905,1.5,299.59447948531886,298.15986124986125,298.1500015044529
2.7373270958083857,1.5,299.5953150087451,298.159905518815,298.15000152636634
2.740952694610781,1.5,299.59614984233,298.15994988817783,298.1500015485441
2.744578293413176,1.5,299.5969839878138,298.1599943578915,298.1500015709886
2.7482038922155714,1.5,299.59781744693026,298.1600389278975,298.15000159370226
2.7518294910179666,1.5,299.5986502214074,298.1600835981374,298.1500016166878
2.755455089820362,1.5,299.599482312967,298.16012836855225,298.1500016399477
2.759080688622757,1.5,299.6003137233249,298.16017323908324,298.1500016634844
2.7627062874251522,1.5,299.6011444541911,298.1602182096712,298.15000168730046
2.7663318862275474,1.5,299.6019745072696,298.1602632802571,298.1500017113985
2.7699574850299427,1.5,299.60280388425826,298.16030845078143,298.1500017357811
2.773583083832338,1.5,299.6036325868495,298.16035372118466,298.15000176045083
2.777208682634733,1.5,299.60446061672957,298.16039909140716,298.1500017854103
2.7808342814371283,1.5,299.6052879755789,298.1604445613892,298.1500018106622
2.7844598802395235,1.5,299.6061146650722,298.16049013107084,298.1500018362091
2.7880854790419187,1.5,299.6069406868785,298.160535800392,298.1500018620538
2.791711077844314,1.5,299.6077660426608,298.1605815692924,298.15000188819886
2.795336676646709,1.5,299.6085907340767,298.16062743771187,298.15000191464696
2.7989622754491044,1.5,299.6094147627779,298.1606734055897,298.1500019414009
2.8025878742514996,1.5,299.6102381304104,298.1607194728656,298.1500019684633
2.806213473053895,1.5,299.6110608386147,298.16076563947854,298.1500019958371
2.80983907185629,1.5,299.6118828890257,298.1608119053679,298.15000202352485
2.813464670658685,1.5,299.6127042832725,298.16085827047266,298.15000205152944
2.8170902694610804,1.5,299.6135250229788,298.1609047347316,298.15000207985366
2.8207158682634756,1.5,299.6143451097627,298.16095129808366,298.15000210850025
2.824341467065871,1.5,299.6151645452369,298.1609979604675,298.15000213747214
2.827967065868266,1.5,299.6159833310084,298.1610447218216,298.1500021667721
2.8315926646706613,1.5,299.61680146867883,298.1610915820845,298.15000219640297
2.8352182634730565,1.5,299.6176189598445,298.1611385411945,298.1500022263677
2.8388438622754517,1.5,299.6184358060961,298.1611855990898,298.1500022566691
2.842469461077847,1.5,299.61925200901896,298.16123275570857,298.15000228731014
2.846095059880242,1.5,299.6200675701932,298.16128001098883,298.15000231829373
2.8497206586826374,1.5,299.6208824911934,298.16132736486844,298.15000234962287
2.8533462574850326,1.5,299.62169677358895,298.1613748172853,298.1500023813004
2.856971856287428,1.5,299.6225104189439,298.16142236817706,298.1500024133294
2.860597455089823,1.5,299.62332342881695,298.16147001748135,298.1500024457128
2.864223053892218,1.5,299.62413580476175,298.16151776513567,298.1500024784536
2.8678486526946134,1.5,299.6249475483264,298.1615656110775,298.1500025115549
2.8714742514970086,1.5,299.62575866105425,298.1616135552441,298.1500025450197
2.875099850299404,1.5,299.6265691444829,298.16166159757285,298.150002578851
2.878725449101799,1.5,299.62737900014525,298.1617097380008,298.150002613052
2.8823510479041943,1.5,299.6281882295688,298.161757976465,298.1500026476257
2.8859766467065895,1.5,299.62899683427617,298.16180631290257,298.1500026825752
2.8896022455089847,1.5,299.6298048157846,298.16185474725023,298.1500027179037
2.89322784431138,1.5,299.6306121756066,298.16190327944486,298.15000275361433
2.896853443113775,1.5,299.63141891524924,298.16195190942324,298.1500027897102
2.9004790419161703,1.5,299.6322250362149,298.162000637122,298.15000282619457
2.9041046407185656,1.5,299.63303054000085,298.1620494624777,298.1500028630705
2.9077302395209608,1.5,299.63383542809925,298.1620983854269,298.15000290034135
2.911355838323356,1.5,299.6346397019974,298.162147405906,298.15000293801023
2.914981437125751,1.5,299.6354433631777,298.16219652385143,298.1500029760805
2.9186070359281464,1.5,299.63624641311765,298.1622457391993,298.15000301455524
2.9222326347305416,1.5,299.63704885328974,298.1622950518861,298.15000305343796
2.925858233532937,1.5,299.63785068516154,298.1623444618476,298.1500030927318
2.929483832335332,1.5,299.6386519101961,298.1623939690203,298.15000313244013
2.9331094311377273,1.5,299.6394525298511,298.16244357334,298.1500031725663
2.9367350299401225,1.5,299.64025254558,298.16249327474264,298.1500032131136
2.9403606287425177,1.5,299.641051958831,298.1625430731642,298.15000325408545
2.943986227544913,1.5,299.6418507710477,298.16259296854054,298.15000329548525
2.947611826347308,1.5,299.64264898366906,298.1626429608074,298.1500033373163
2.9512374251497033,1.5,299.6434465981292,298.16269304990044,298.15000337958213
2.9548630239520985,1.5,299.6442436158573,298.16274323575533,298.15000342228615
2.9584886227544938,1.5,299.6450400382783,298.1627935183078,298.15000346543167
2.962114221556889,1.5,299.64583586681215,298.16284389749325,298.1500035090224
2.965739820359284,1.5,299.6466311028743,298.16289437324735,298.15000355306165
2.9693654191616794,1.5,299.64742574787556,298.16294494550544,298.15000359755305
2.9729910179640746,1.5,299.64821980322193,298.16299561420294,298.1500036425
2.97661661676647,1.5,299.64901327031504,298.1630463792753,298.1500036879062
2.980242215568865,1.5,299.6498061505518,298.16309724065775,298.15000373377507
2.9838678143712603,1.5,299.65059844532476,298.16314819828557,298.1500037801102
2.9874934131736555,1.5,299.6513901560217,298.16319925209405,298.15000382691517
2.9911190119760507,1.5,299.6521812840261,298.1632504020183,298.1500038741937
2.994744610778446,1.5,299.65297183071664,298.16330164799353,298.15000392194935
2.998370209580841,1.5,299.6537617974679,298.1633529899548,298.1500039701858
3.0019958083832363,1.5,299.65455118564984,298.1634044278371,298.1500040189066
3.0056214071856315,1.5,299.6553399966278,298.1634559615756,298.1500040681156
3.0092470059880267,1.5,299.65612823176286,298.16350759110526,298.15000411781637
3.012872604790422,1.5,299.65691589241175,298.16355931636093,298.1500041680127
3.016498203592817,1.5,299.6577029799268,298.1636111372777,298.15000421870826
3.0201238023952124,1.5,299.65848949565583,298.16366305379034,298.15000426990684
3.0237494011976076,1.5,299.65927544094245,298.16371506583374,298.15000432161224
3.027375000000003,1.5,299.6600608171258,298.1637671733428,298.15000437382815
3.031000598802398,1.5,299.6608456255409,298.1638193762523,298.15000442655855
3.0346261976047932,1.5,299.66162986751823,298.163871674497,298.1500044798071
3.0382517964071885,1.5,299.6624135443842,298.1639240680116,298.15000453357766
3.0418773952095837,1.5,299.6631966574609,298.16397655673103,298.1500045878742
3.045502994011979,1.5,299.66397920806617,298.1640291405897,298.1500046427005
3.049128592814374,1.5,299.66476119751354,298.1640818195226,298.15000469806046
3.0527541916167693,1.5,299.6655426271123,298.1641345934641,298.1500047539581
3.0563797904191645,1.5,299.6663234981679,298.164187462349,298.1500048103972
3.0600053892215597,1.5,299.66710381198124,298.16424042611186,298.15000486738177
3.063630988023955,1.5,299.6678835698491,298.1642934846873,298.15000492491583
3.06725658682635,1.5,299.6686627730643,298.16434663801,298.1500049830033
3.0708821856287454,1.5,299.6694414229154,298.1643998860144,298.15000504164817
3.0745077844311406,1.5,299.67021952068677,298.1644532286351,298.15000510085457
3.078133383233536,1.5,299.670997067659,298.1645066658067,298.1500051606264
3.081758982035931,1.5,299.67177406510825,298.16456019746363,298.15000522096784
3.0853845808383262,1.5,299.67255051430686,298.1646138235405,298.1500052818829
3.0890101796407214,1.5,299.673326416523,298.1646675439717,298.15000534337565
3.0926357784431167,1.5,299.67410177302094,298.1647213586918,298.15000540545026
3.096261377245512,1.5,299.6748765850607,298.16477526763526,298.1500054681108
3.099886976047907,1.5,299.67565085389856,298.16482927073656,298.15000553136156
3.1035125748503023,1.5,299.6764245807867,298.16488336793026,298.1500055952065
3.1071381736526975,1.5,299.6771977669734,298.1649375591507,298.15000565964993
3.1107637724550927,1.5,299.6779704137029,298.1649918443324,298.15000572469603
3.114389371257488,1.5,299.6787425222156,298.16504622340983,298.15000579034904
3.118014970059883,1.5,299.67951409374797,298.1651006963174,298.1500058566131
3.1216405688622784,1.5,299.6802851295324,298.1651552629896,298.15000592349264
3.1252661676646736,1.5,299.6810556307978,298.16520992336075,298.1500059909918
3.128891766467069,1.5,299.68182559876874,298.1652646773655,298.15000605911496
3.132517365269464,1.5,299.68259503466624,298.1653195249382,298.1500061278663
3.136142964071859,1.5,299.6833639397074,298.16537446601325,298.15000619725026
3.1397685628742544,1.5,299.68413231510556,298.16542950052514,298.1500062672712
3.1433941616766496,1.5,299.68490016207005,298.16548462840836,298.15000633793346
3.147019760479045,1.5,299.6856674818066,298.1655398495974,298.15000640924137
3.15064535928144,1.5,299.6864342755171,298.1655951640267,298.1500064811994
3.1542709580838353,1.5,299.6872005443998,298.16565057163064,298.150006553812
3.1578965568862305,1.5,299.6879662896489,298.16570607234377,298.1500066270835
3.1615221556886257,1.5,299.68873151245515,298.1657616661006,298.1500067010184
3.165147754491021,1.5,299.68949621400543,298.1658173528356,298.15000677562125
3.168773353293416,1.5,299.69026039548305,298.1658731324832,298.1500068508965
3.1723989520958114,1.5,299.69102405806746,298.16592900497807,298.15000692684856
3.1760245508982066,1.5,299.6917872029345,298.16598497025456,298.15000700348213
3.179650149700602,1.5,299.69254983125643,298.1660410282473,298.1500070808017
3.183275748502997,1.5,299.6933119442017,298.16609717889094,298.1500071588118
3.186901347305392,1.5,299.69407354293526,298.1661534221198,298.15000723751706
3.1905269461077874,1.5,299.6948346286184,298.16620975786856,298.15000731692203
3.1941525449101826,1.5,299.69559520240887,298.16626618607177,298.15000739703135
3.197778143712578,1.5,299.6963552654606,298.1663227066641,298.1500074778497
3.201403742514973,1.5,299.6971148189243,298.1663793195802,298.1500075593818
3.2050293413173683,1.5,299.69787386394677,298.16643602475455,298.15000764163216
3.2086549401197635,1.5,299.6986324016715,298.16649282212194,298.1500077246056
3.2122805389221587,1.5,299.69939043323825,298.16654971161694,298.1500078083068
3.215906137724554,1.5,299.70014795978346,298.16660669317434,298.15000789274046
3.219531736526949,1.5,299.7009049824399,298.16666376672873,298.1500079779114
3.2231573353293443,1.5,299.70166150233683,298.16672093221496,298.15000806382443
3.2267829341317396,1.5,299.70241752060025,298.1667781895677,298.1500081504842
3.2304085329341348,1.5,299.7031730383525,298.1668355387217,298.15000823789563
3.23403413173653,1.5,299.70392805671236,298.16689297961176,298.15000832606347
3.237659730538925,1.5,299.70468257679545,298.1669505121728,298.15000841499267
3.2412853293413204,1.5,299.7054365997137,298.1670081363395,298.15000850468795
3.2449109281437156,1.5,299.7061901265758,298.1670658520468,298.15000859515425
3.248536526946111,1.5,299.70694315848704,298.1671236592296,298.1500086863965
3.252162125748506,1.5,299.70769569654914,298.1671815578228,298.1500087784196
3.2557877245509013,1.5,299.7084477418607,298.1672395477613,298.15000887122847
3.2594133233532965,1.5,299.70919929551656,298.1672976289801,298.15000896482815
3.2630389221556917,1.5,299.70995035860875,298.16735580141415,298.1500090592235
3.266664520958087,1.5,299.71070093222534,298.1674140649985,298.1500091544196
3.270290119760482,1.5,299.7114510174517,298.16747241966823,298.15000925042136
3.2739157185628773,1.5,299.7122006153693,298.1675308653584,298.15000934723395
3.2775413173652725,1.5,299.71294972705675,298.167589402004,298.1500094448623
3.2811669161676678,1.5,299.7136983535891,298.16764802954026,298.1500095433115
3.284792514970063,1.5,299.7144464960384,298.1677067479023,298.15000964258667
3.288418113772458,1.5,299.7151941554731,298.1677655570253,298.15000974269293
3.2920437125748534,1.5,299.7159413329586,298.1678244568446,298.15000984363536
3.2956693113772486,1.5,299.71668802955696,298.16788344729537,298.1500099454191
3.299294910179644,1.5,299.7174342463272,298.16794252831295,298.15001004804924
3.302920508982039,1.5,299.7181799843249,298.1680016998326,298.15001015153115
3.3065461077844343,1.5,299.7189252446024,298.1680609617897,298.15001025586986
3.3101717065868295,1.5,299.7196700282091,298.1681203141197,298.15001036107066
3.3137973053892247,1.5,299.7204143361911,298.16817975675787,298.1500104671387
3.31742290419162,1.5,299.7211581695912,298.1682392896399,298.1500105740794
3.321048502994015,1.5,299.72190152944927,298.1682989127011,298.15001068189787
3.3246741017964103,1.5,299.7226444168018,298.1683586258771,298.1500107905994
3.3282997005988055,1.5,299.7233868326823,298.16841842910344,298.1500109001894
3.3319252994012007,1.5,299.72412877812127,298.16847832231565,298.1500110106732
3.335550898203596,1.5,299.72487025414574,298.1685383054496,298.150011122056
3.339176497005991,1.5,299.7256112617798,298.1685983784407,298.1500112343433
3.3428020958083864,1.5,299.7263518020447,298.16865854122494,298.1500113475404
3.3464276946107816,1.5,299.72709187595825,298.16871879373787,298.1500114616527
3.350053293413177,1.5,299.72783148453544,298.1687791359153,298.1500115766857
3.353678892215572,1.5,299.7285706287881,298.16883956769317,298.15001169264485
3.3573044910179672,1.5,299.7293093097249,298.1689000890073,298.15001180953544
3.3609300898203625,1.5,299.7300475283518,298.1689606997937,298.1500119273631
3.3645556886227577,1.5,299.7307852856714,298.16902139998814,298.1500120461332
3.368181287425153,1.5,299.7315225826835,298.1690821895269,298.15001216585136
3.371806886227548,1.5,299.73225942038476,298.16914306834576,298.1500122865231
3.3754324850299433,1.5,299.73299579976907,298.16920403638096,298.15001240815394
3.3790580838323385,1.5,299.733731721827,298.1692650935686,298.1500125307494
3.3826836826347337,1.5,299.73446718754644,298.16932623984485,298.1500126543151
3.386309281437129,1.5,299.73520219791226,298.1693874751459,298.1500127788567
3.389934880239524,1.5,299.73593675390623,298.1694487994081,298.1500129043797
3.3935604790419194,1.5,299.7366708565075,298.1695102125676,298.1500130308899
3.3971860778443146,1.5,299.737404506692,298.1695717145609,298.15001315839277
3.40081167664671,1.5,299.73813770543273,298.16963330532434,298.1500132868942
3.404437275449105,1.5,299.7388704537001,298.1696949847943,298.1500134163997
3.4080628742515002,1.5,299.73960275246134,298.1697567529074,298.15001354691503
3.4116884730538954,1.5,299.74033460268083,298.16981860960004,298.150013678446
3.4153140718562907,1.5,299.74106600532025,298.1698805548089,298.1500138109983
3.418939670658686,1.5,299.74179696133825,298.1699425884706,298.1500139445777
3.422565269461081,1.5,299.74252747169066,298.1700047105217,298.15001407919
3.4261908682634763,1.5,299.7432575373305,298.1700669208991,298.15001421484106
3.4298164670658715,1.5,299.74398715920796,298.1701292195394,298.1500143515366
3.4334420658682667,1.5,299.74471633827045,298.1701916063795,298.15001448928246
3.437067664670662,1.5,299.74544507546244,298.17025408135623,298.15001462808453
3.440693263473057,1.5,299.7461733717257,298.1703166444066,298.1500147679488
3.4443188622754524,1.5,299.74690122799916,298.17037929546746,298.1500149088811
3.4479444610778476,1.5,299.74762864521904,298.17044203447585,298.1500150508872
3.451570059880243,1.5,299.74835562431866,298.1705048613689,298.1500151939732
3.455195658682638,1.5,299.74908216622873,298.17056777608366,298.150015338145
3.458821257485033,1.5,299.7498082718771,298.1706307785573,298.15001548340865
3.4624468562874284,1.5,299.750533942189,298.170693868727,298.15001562977005
3.4660724550898236,1.5,299.7512591780867,298.1707570465301,298.1500157772352
3.469698053892219,1.5,299.75198398048997,298.1708203119039,298.1500159258101
3.473323652694614,1.5,299.7527083503158,298.1708836647857,298.1500160755009
3.4769492514970093,1.5,299.7534322884784,298.17094710511304,298.15001622631365
3.4805748502994045,1.5,299.75415579588946,298.17101063282325,298.15001637825435
3.4842004491017997,1.5,299.75487887345776,298.17107424785394,298.15001653132913
3.487826047904195,1.5,299.7556015220896,298.1711379501426,298.15001668554413
3.49145164670659,1.5,299.7563237426885,298.17120173962707,298.15001684090555
3.4950772455089854,1.5,299.7570455361554,298.17126561624474,298.15001699741936
3.4987028443113806,1.5,299.7577669033884,298.17132957993357,298.15001715509186
3.502328443113776,1.5,299.7584878452833,298.1713936306312,298.1500173139292
3.505954041916171,1.5,299.759208362733,298.17145776827556,298.1500174739377
3.509579640718566,1.5,299.7599284566279,298.1715219928045,298.15001763512345
3.5132052395209614,1.5,299.76064812785575,298.1715863041561,298.15001779749275
3.5168308383233566,1.5,299.7613673773017,298.17165070226815,298.15001796105184
3.520456437125752,1.5,299.7620862058484,298.17171518707886,298.1500181258071
3.524082035928147,1.5,299.7628046143757,298.17177975852627,298.15001829176464
3.5277076347305423,1.5,299.76352260376103,298.1718444165486,298.15001845893096
3.5313332335329375,1.5,299.7642401748793,298.17190916108405,298.1500186273123
3.5349588323353327,1.5,299.7649573286028,298.17197399207083,298.150018796915
3.538584431137728,1.5,299.7656740658013,298.1720389094474,298.1500189677455
3.542210029940123,1.5,299.76639038734186,298.1721039131521,298.1500191398102
3.5458356287425183,1.5,299.76710629408933,298.1721690031234,298.15001931311537
3.5494612275449136,1.5,299.76782178690576,298.1722341792997,298.15001948766763
3.5530868263473088,1.5,299.76853686665083,298.17229944161966,298.15001966347324
3.556712425149704,1.5,299.76925153418176,298.17236479002185,298.15001984053885
3.560338023952099,1.5,299.76996579035307,298.17243022444495,298.1500200188708
3.5639636227544944,1.5,299.77067963601695,298.1724957448277,298.1500201984756
3.5675892215568896,1.5,299.7713930720231,298.1725613511088,298.15002037935983
3.571214820359285,1.5,299.77210609921883,298.1726270432273,298.15002056152997
3.57484041916168,1.5,299.77281871844883,298.1726928211219,298.1500207449926
3.5784660179640753,1.5,299.77353093055535,298.17275868473166,298.1500209297543
3.5820916167664705,1.5,299.7742427363783,298.17282463399556,298.1500211158217
3.5857172155688657,1.5,299.7749541367552,298.17289066885263,298.1500213032013
3.589342814371261,1.5,299.7756651325209,298.1729567892421,298.15002149189974
3.592968413173656,1.5,299.77637572450806,298.1730229951031,298.15002168192376
3.5965940119760513,1.5,299.7770859135469,298.1730892863749,298.1500218732799
3.6002196107784465,1.5,299.7777957004651,298.17315566299675,298.15002206597495
3.6038452095808418,1.5,299.77850508608816,298.1732221249081,298.1500222600156
3.607470808383237,1.5,299.779214071239,298.1732886720483,298.1500224554084
3.611096407185632,1.5,299.7799226567382,298.17335530435685,298.15002265216026
3.6147220059880274,1.5,299.78063084340414,298.1734220217733,298.1500228502779
3.6183476047904226,1.5,299.7813386320526,298.1734888242373,298.150023049768
3.621973203592818,1.5,299.78204602349723,298.17355571168844,298.1500232506374
3.625598802395213,1.5,299.7827530185491,298.1736226840665,298.150023452893
3.6292244011976083,1.5,299.7834596180172,298.1736897413112,298.1500236565414
3.6328500000000035,1.5,299.78416582270796,298.17375688336244,298.1500238615896
3.6364755988023987,1.5,299.7848716334256,298.17382411016,298.15002406804444
3.640101197604794,1.5,299.78557705097205,298.17389142164393,298.15002427591287
3.643726796407189,1.5,299.78628207614696,298.1739588177543,298.1500244852016
3.6473523952095843,1.5,299.7869867097475,298.17402629843104,298.15002469591764
3.6509779940119795,1.5,299.7876909525687,298.1740938636145,298.1500249080679
3.6546035928143747,1.5,299.78839480540347,298.1741615132446,298.1500251216594
3.65822919161677,1.5,299.78909826904203,298.1742292472618,298.150025336699
3.661854790419165,1.5,299.78980134427263,298.17429706560637,298.1500255531937
3.6654803892215604,1.5,299.7905040318813,298.17436496821864,298.1500257711505
3.6691059880239556,1.5,299.7912063326516,298.17443295503915,298.1500259905764
3.672731586826351,1.5,299.79190824736503,298.17450102600833,298.15002621147863
3.676357185628746,1.5,299.79260977680076,298.17456918106666,298.1500264338639
3.6799827844311412,1.5,299.7933109217358,298.1746374201549,298.15002665773955
3.6836083832335365,1.5,299.7940116829448,298.1747057432137,298.1500268831125
3.6872339820359317,1.5,299.79471206120036,298.1747741501838,298.15002710998994
3.690859580838327,1.5,299.79541205727287,298.17484264100597,298.150027338379
3.694485179640722,1.5,299.79611167193036,298.1749112156211,298.15002756828676
3.6981107784431173,1.5,299.7968109059389,298.1749798739701,298.15002779972036
3.7017363772455125,1.5,299.79750976006216,298.17504861599394,298.15002803268715
3.7053619760479077,1.5,299.7982082350617,298.1751174416338,298.1500282671941
3.708987574850303,1.5,299.79890633169697,298.17518635083064,298.1500285032485
3.712613173652698,1.5,299.79960405072524,298.17525534352563,298.1500287408577
3.7162387724550934,1.5,299.8003013929016,298.17532441966006,298.15002898002865
3.7198643712574886,1.5,299.8009983589789,298.17539357917525,298.1500292207689
3.723489970059884,1.5,299.8016949497082,298.1754628220125,298.15002946308556
3.727115568862279,1.5,299.80239116583795,298.1755321481133,298.15002970698606
3.7307411676646742,1.5,299.80308700811474,298.175601557419,298.1500299524776
3.7343667664670694,1.5,299.8037824772831,298.1756710498712,298.1500301995675
3.7379923652694647,1.5,299.8044775740852,298.17574062541155,298.1500304482631
3.74161796407186,1.5,299.8051722992614,298.1758102839817,298.1500306985719
3.745243562874255,1.5,299.80586665354974,298.1758800255234,298.1500309505012
3.7488691616766503,1.5,299.8065606376863,298.17594984997834,298.1500312040584
3.7524947604790455,1.5,299.80725425240496,298.17601975728843,298.15003145925084
3.7561203592814407,1.5,299.8079474984376,298.17608974739557,298.15003171608606
3.759745958083836,1.5,299.80864037651406,298.17615982024176,298.15003197457145
3.763371556886231,1.5,299.8093328873621,298.176229975769,298.1500322347145
3.7669971556886264,1.5,299.81002503170726,298.1763002139193,298.1500324965227
3.7706227544910216,1.5,299.81071681027333,298.17637053463505,298.1500327600035
3.774248353293417,1.5,299.8114082237818,298.17644093785833,298.1500330251645
3.777873952095812,1.5,299.8120992729523,298.1765114235314,298.1500332920131
3.781499550898207,1.5,299.8127899585023,298.1765819915966,298.150033560557
3.7851251497006024,1.5,299.81348028114724,298.1766526419964,298.1500338308037
3.7887507485029976,1.5,299.81417024160066,298.17672337467326,298.15003410276086
3.792376347305393,1.5,299.814859840574,298.17679418956965,298.150034376436
3.796001946107788,1.5,299.8155490787768,298.1768650866282,298.15003465183673
3.7996275449101833,1.5,299.81623795691655,298.17693606579166,298.1500349289707
3.8032531437125785,1.5,299.8169264756986,298.1770071270025,298.15003520784563
3.8068787425149737,1.5,299.8176146358266,298.17707827020376,298.1500354884691
3.810504341317369,1.5,299.818302438002,298.17714949533814,298.15003577084883
3.814129940119764,1.5,299.81898988292426,298.17722080234864,298.1500360549926
3.8177555389221594,1.5,299.81967697129113,298.1772921911781,298.15003634090806
3.8213811377245546,1.5,299.8203637037982,298.1773636617696,298.1500366286029
3.82500673652695,1.5,299.8210500811391,298.1774352140662,298.15003691808494
3.828632335329345,1.5,299.82173610400565,298.17750684801115,298.1500372093619
3.83225793413174,1.5,299.82242177308757,298.17757856354757,298.15003750244165
3.8358835329341354,1.5,299.82310708907283,298.17765036061877,298.15003779733195
3.8395091317365306,1.5,299.82379205264726,298.177722239168,298.1500380940406
3.843134730538926,1.5,299.82447666449497,298.1777941991388,298.1500383925755
3.846760329341321,1.5,299.825160925298,298.17786624047454,298.1500386929444
3.8503859281437163,1.5,299.82584483573663,298.1779383631188,298.1500389951553
3.8540115269461115,1.5,299.82652839648904,298.1780105670151,298.150039299216
3.8576371257485067,1.5,299.82721160823183,298.1780828521072,298.15003960513434
3.861262724550902,1.5,299.82789447163935,298.17815521833865,298.1500399129184
3.864888323353297,1.5,299.82857698738434,298.17822766565337,298.150040222576
3.8685139221556923,1.5,299.8292591561375,298.178300193995,298.15004053411525
3.8721395209580876,1.5,299.82994097856783,298.17837280330764,298.1500408475439
3.8757651197604828,1.5,299.8306224553422,298.17844549353515,298.1500411628701
3.879390718562878,1.5,299.83130358712594,298.1785182646215,298.1500414801017
3.883016317365273,1.5,299.83198437458225,298.1785911165109,298.15004179924694
3.8866419161676684,1.5,299.83266481837273,298.17866404914736,298.1500421203136
3.8902675149700636,1.5,299.83334491915696,298.17873706247514,298.15004244331
3.893893113772459,1.5,299.8340246775927,298.1788101564385,298.150042768244
3.897518712574854,1.5,299.83470409433596,298.17888333098176,298.15004309512375
3.9011443113772493,1.5,299.83538317004087,298.17895658604925,298.1500434239573
3.9047699101796445,1.5,299.83606190535977,298.17902992158554,298.1500437547529
3.9083955089820397,1.5,299.8367403009433,298.179103337535,298.1500440875186
3.912021107784435,1.5,299.83741835743996,298.17917683384235,298.1500444222625
3.91564670658683,1.5,299.8380960754968,298.1792504104522,298.1500447589929
3.9192723053892253,1.5,299.83877345575905,298.1793240673091,298.15004509771785
3.9228979041916205,1.5,299.8394504988699,298.1793978043579,298.1500454384456
3.9265235029940158,1.5,299.840127205471,298.1794716215434,298.1500457811844
3.930149101796411,1.5,299.84080357620206,298.1795455188105,298.1500461259424
3.933774700598806,1.5,299.84147961170106,298.1796194961041,298.1500464727279
3.9374002994012014,1.5,299.84215531260446,298.17969355336925,298.1500468215492
3.9410258982035966,1.5,299.84283067954664,298.17976769055093,298.1500471724145
3.944651497005992,1.5,299.84350571316025,298.1798419075943,298.15004752533207
3.948277095808387,1.5,299.8441804140764,298.1799162044446,298.15004788031024
3.9519026946107823,1.5,299.8448547829243,298.1799905810471,298.1500482373575
3.9555282934131775,1.5,299.84552882033154,298.18006503734694,298.150048596482
3.9591538922155727,1.5,299.8462025269237,298.1801395732896,298.1500489576921
3.962779491017968,1.5,299.8468759033251,298.1802141888204,298.1500493209963
3.966405089820363,1.5,299.84754895015794,298.180288883885,298.1500496864029
3.9700306886227583,1.5,299.8482216680428,298.1803636584288,298.1500500539203
3.9736562874251535,1.5,299.84889405759884,298.1804385123974,298.150050423557
3.9772818862275487,1.5,299.84956611944295,298.18051344573666,298.1500507953213
3.980907485029944,1.5,299.8502378541909,298.1805884583921,298.1500511692218
3.984533083832339,1.5,299.85090926245636,298.18066355030953,298.1500515452668
3.9881586826347344,1.5,299.8515803448516,298.18073872143486,298.15005192346496
3.9917842814371296,1.5,299.85225110198695,298.180813971714,298.15005230382474
3.995409880239525,1.5,299.85292153447125,298.1808893010929,298.15005268635457
3.99903547904192,1.5,299.8535916429117,298.1809647095175,298.15005307106304
4.002661077844315,1.5,299.85426142791357,298.181040196934,298.1500534579587
4.00628667664671,1.5,299.85493089008077,298.18111576328863,298.15005384705006
4.009912275449104,1.5,299.8556000300154,298.18119140852735,298.1500542383457
4.013537874251499,1.5,299.85626884831794,298.18126713259664,298.1500546318543
4.017163473053894,1.5,299.8569373455872,298.1813429354428,298.15005502758436
4.020789071856289,1.5,299.8576055224204,298.181418817012,298.1500554255446
4.024414670658683,1.5,299.8582733794131,298.181494777251,298.15005582574366
4.028040269461078,1.5,299.85894091715926,298.181570816106,298.15005622819
4.031665868263473,1.5,299.8596081362511,298.18164693352384,298.15005663289253
4.035291467065868,1.5,299.86027503727945,298.181723129451,298.1500570398598
4.0389170658682625,1.5,299.8609416208333,298.18179940383413,298.15005744910064
4.042542664670657,1.5,299.8616078875001,298.1818757566201,298.15005786062363
4.046168263473052,1.5,299.86227383786576,298.18195218775566,298.15005827443747
4.049793862275447,1.5,299.86293947251454,298.18202869718755,298.150058690551
4.053419461077842,1.5,299.8636047920291,298.18210528486287,298.15005910897304
4.057045059880236,1.5,299.8642697969905,298.1821819507285,298.1500595297122
4.060670658682631,1.5,299.8649344879783,298.18225869473144,298.1500599527774
4.064296257485026,1.5,299.8655988655704,298.18233551681885,298.15006037817733
4.067921856287421,1.5,299.86626293034317,298.1824124169379,298.150060805921
4.071547455089815,1.5,299.8669266828714,298.1824893950357,298.15006123601705
4.07517305389221,1.5,299.86759012372823,298.18256645105964,298.1500616684744
4.078798652694605,1.5,299.8682532534854,298.182643584957,298.15006210330193
4.082424251497,1.5,299.868916072713,298.18272079667514,298.15006254050854
4.0860498502993945,1.5,299.8695785819795,298.18279808616154,298.1500629801031
4.089675449101789,1.5,299.8702407818521,298.18287545336375,298.15006342209455
4.093301047904184,1.5,299.8709026728961,298.1829528982292,298.15006386649173
4.096926646706579,1.5,299.87156425567554,298.1830304207056,298.1500643133037
4.100552245508974,1.5,299.8722255307528,298.1831080207407,298.15006476253933
4.104177844311368,1.5,299.8728864986888,298.183185698282,298.15006521420753
4.107803443113763,1.5,299.87354716004285,298.1832634532775,298.15006566831744
4.111429041916158,1.5,299.8742075153728,298.183341285675,298.150066124878
4.115054640718553,1.5,299.8748675652351,298.18341919542235,298.15006658389814
4.118680239520947,1.5,299.87552731018445,298.1834971824676,298.150067045387
4.122305838323342,1.5,299.8761867507742,298.18357524675866,298.15006750935356
4.125931437125737,1.5,299.87684588755627,298.1836533882437,298.15006797580696
4.129557035928132,1.5,299.8775047210809,298.1837316068709,298.1500684447562
4.1331826347305265,1.5,299.8781632518971,298.1838099025882,298.1500689162103
4.136808233532921,1.5,299.8788214805521,298.1838882753442,298.1500693901785
4.140433832335316,1.5,299.87947940759193,298.183966725087,298.1500698666698
4.144059431137711,1.5,299.8801370335609,298.1840452517649,298.1500703456935
4.147685029940106,1.5,299.880794359002,298.1841238553265,298.15007082725856
4.1513106287425,1.5,299.88145138445674,298.18420253572015,298.1500713113742
4.154936227544895,1.5,299.88210811046514,298.1842812928944,298.15007179804957
4.15856182634729,1.5,299.88276453756583,298.18436012679786,298.15007228729394
4.162187425149685,1.5,299.8834206662958,298.1844390373792,298.15007277911644
4.165813023952079,1.5,299.88407649719096,298.1845180245871,298.15007327352635
4.169438622754474,1.5,299.8847320307853,298.1845970883703,298.15007377053286
4.173064221556869,1.5,299.88538726761186,298.1846762286776,298.1500742701452
4.176689820359264,1.5,299.8860422082018,298.1847554454578,298.1500747723726
4.1803154191616585,1.5,299.88669685308525,298.1848347386601,298.15007527722446
4.183941017964053,1.5,299.8873512027906,298.1849141082331,298.1500757847099
4.187566616766448,1.5,299.88800525784495,298.1849935541261,298.1500762948384
4.191192215568843,1.5,299.88865901877415,298.18507307628806,298.15007680761914
4.194817814371238,1.5,299.88931248610226,298.18515267466825,298.1500773230615
4.198443413173632,1.5,299.8899656603522,298.1852323492157,298.1500778411749
4.202069011976027,1.5,299.89061854204556,298.1853120998798,298.1500783619685
4.205694610778422,1.5,299.89127113170235,298.18539192660984,298.1500788854518
4.209320209580817,1.5,299.8919234298412,298.18547182935515,298.15007941163424
4.212945808383211,1.5,299.8925754369794,298.1855518080651,298.1500799405251
4.216571407185606,1.5,299.89322715363295,298.18563186268926,298.1500804721338
4.220197005988001,1.5,299.8938785803162,298.1857119931771,298.1500810064699
4.223822604790396,1.5,299.89452971754247,298.18579219947827,298.15008154354274
4.2274482035927905,1.5,299.8951805658234,298.1858724815423,298.1500820833618
4.231073802395185,1.5,299.89583112566953,298.18595283931893,298.1500826259365
4.23469940119758,1.5,299.8964813975898,298.1860332727579,298.1500831712763
4.238324999999975,1.5,299.89713138209197,298.18611378180907,298.15008371939086
4.24195059880237,1.5,299.8977810796823,298.18619436642217,298.15008427028954
4.245576197604764,1.5,299.89843049086585,298.18627502654726,298.15008482398196
4.249201796407159,1.5,299.8990796161462,298.18635576213416,298.15008538047755
4.252827395209554,1.5,299.8997284560257,298.186436573133,298.1500859397859
4.256452994011949,1.5,299.90037701100516,298.18651745949376,298.15008650191663
4.260078592814343,1.5,299.9010252815843,298.18659842116654,298.1500870668793
4.263704191616738,1.5,299.90167326826145,298.18667945810165,298.1500876346834
4.267329790419133,1.5,299.9023209715334,298.1867605702492,298.1500882053387
4.270955389221528,1.5,299.90296839189597,298.1868417575595,298.1500887788547
4.2745809880239225,1.5,299.9036155298435,298.1869230199828,298.1500893552411
4.278206586826317,1.5,299.9042623858688,298.1870043574697,298.1500899345075
4.281832185628712,1.5,299.9049089604637,298.18708576997034,298.1500905166635
4.285457784431107,1.5,299.90555525411855,298.18716725743553,298.1500911017189
4.289083383233502,1.5,299.90620126732244,298.1872488198155,298.1500916896833
4.292708982035896,1.5,299.9068470005633,298.18733045706114,298.15009228056635
4.296334580838291,1.5,299.9074924543274,298.1874121691229,298.1500928743779
4.299960179640686,1.5,299.90813762910005,298.18749395595154,298.1500934711276
4.303585778443081,1.5,299.90878252536515,298.18757581749776,298.15009407082516
4.307211377245475,1.5,299.90942714360546,298.1876577537125,298.1500946734804
4.31083697604787,1.5,299.91007148430214,298.1877397645464,298.150095279103
4.314462574850265,1.5,299.91071554793535,298.1878218499505,298.1500958877028
4.31808817365266,1.5,299.911359334984,298.1879040098758,298.1500964992896
4.3217137724550545,1.5,299.9120028459256,298.1879862442733,298.15009711387313
4.325339371257449,1.5,299.91264608123635,298.188068553094,298.1500977314633
4.328964970059844,1.5,299.91328904139135,298.188150936289,298.15009835206985
4.332590568862239,1.5,299.91393172686435,298.1882333938095,298.15009897570263
4.336216167664634,1.5,299.9145741381279,298.18831592560673,298.15009960237165
4.339841766467028,1.5,299.91521627565317,298.1883985316319,298.1501002320866
4.343467365269423,1.5,299.91585813991026,298.1884812118363,298.15010086485734
4.347092964071818,1.5,299.916499731368,298.1885639661714,298.15010150069384
4.350718562874213,1.5,299.91714105049385,298.1886467945886,298.150102139606
4.354344161676607,1.5,299.9177820977542,298.18872969703926,298.15010278160383
4.357969760479002,1.5,299.91842287361413,298.188812673475,298.15010342669706
4.361595359281397,1.5,299.9190633785375,298.1888957238474,298.1501040748958
4.365220958083792,1.5,299.91970361298695,298.188978848108,298.1501047262099
4.3688465568861865,1.5,299.92034357742386,298.1890620462085,298.15010538064945
4.372472155688581,1.5,299.92098327230855,298.1891453181006,298.1501060382243
4.376097754490976,1.5,299.9216226980999,298.1892286637362,298.15010669894446
4.379723353293371,1.5,299.92226185525584,298.1893120830669,298.15010736282005
4.383348952095766,1.5,299.92290074423283,298.1893955760447,298.150108029861
4.38697455089816,1.5,299.9235393654863,298.18947914262145,298.1501087000773
4.390600149700555,1.5,299.9241777194705,298.1895627827492,298.1501093734791
4.39422574850295,1.5,299.92481580663843,298.1896464963799,298.15011005007636
4.397851347305345,1.5,299.92545362744187,298.18973028346574,298.15011072987926
4.401476946107739,1.5,299.9260911823315,298.18981414395853,298.15011141289773
4.405102544910134,1.5,299.92672847175663,298.1898980778107,298.150112099142
4.408728143712529,1.5,299.9273654961658,298.1899820849744,298.15011278862215
4.412353742514924,1.5,299.92800225600587,298.1900661654019,298.15011348134817
4.4159793413173185,1.5,299.9286387517228,298.1901503190454,298.1501141773304
4.419604940119713,1.5,299.9292749837615,298.1902345458574,298.1501148765788
4.423230538922108,1.5,299.9299109525655,298.1903188457902,298.15011557910356
4.426856137724503,1.5,299.9305466585771,298.1904032187963,298.150116284915
4.430481736526898,1.5,299.9311821022377,298.1904876648282,298.15011699402305
4.434107335329292,1.5,299.93181728398747,298.1905721838383,298.15011770643804
4.437732934131687,1.5,299.93245220426525,298.1906567757794,298.15011842217024
4.441358532934082,1.5,299.93308686350906,298.19074144060414,298.15011914122977
4.444984131736477,1.5,299.9337212621554,298.19082617826507,298.15011986362674
4.448609730538871,1.5,299.93435540064,298.190910988715,298.1501205893716
4.452235329341266,1.5,299.93498927939714,298.19099587190675,298.15012131847453
4.455860928143661,1.5,299.9356228988602,298.19108082779303,298.15012205094575
4.459486526946056,1.5,299.9362562594612,298.19116585632685,298.1501227867955
4.4631121257484505,1.5,299.93688936163124,298.1912509574611,298.15012352603424
4.466737724550845,1.5,299.9375222058003,298.19133613114866,298.1501242686721
4.47036332335324,1.5,299.93815479239703,298.19142137734275,298.15012501471944
4.473988922155635,1.5,299.9387871218492,298.1915066959962,298.15012576418655
4.47761452095803,1.5,299.93941919458337,298.1915920870623,298.15012651708383
4.481240119760424,1.5,299.9400510110249,298.19167755049415,298.15012727342156
4.484865718562819,1.5,299.9406825715982,298.1917630862449,298.1501280332101
4.488491317365214,1.5,299.9413138767265,298.19184869426795,298.15012879645985
4.492116916167609,1.5,299.941944926832,298.1919343745164,298.1501295631811
4.495742514970003,1.5,299.94257572233556,298.19202012694376,298.1501303333844
4.499368113772398,1.5,299.9432062636573,298.1921059515033,298.15013110708
4.502993712574793,1.5,299.9438365512161,298.1921918481486,298.15013188427844
4.506619311377188,1.5,299.9444665854297,298.192277816833,298.15013266499
4.5102449101795825,1.5,299.9450963667147,298.1923638575101,298.1501334492252
4.513870508981977,1.5,299.9457258954869,298.1924499701334,298.1501342369945
4.517496107784372,1.5,299.9463551721606,298.19253615465664,298.15013502830834
4.521121706586767,1.5,299.9469841971495,298.1926224110334,298.15013582317715
4.524747305389162,1.5,299.9476129708658,298.1927087392174,298.15013662161147
4.528372904191556,1.5,299.948241493721,298.19279513916234,298.1501374236218
4.531998502993951,1.5,299.9488697661253,298.19288161082204,298.1501382292186
4.535624101796346,1.5,299.9494977884879,298.1929681541504,298.1501390384124
4.539249700598741,1.5,299.950125561217,298.1930547691013,298.1501398512137
4.542875299401135,1.5,299.9507530847196,298.1931414556287,298.15014066763297
4.54650089820353,1.5,299.9513803594018,298.19322821368644,298.15014148768097
4.550126497005925,1.5,299.95200738566865,298.1933150432287,298.150142311368
4.55375209580832,1.5,299.95263416392396,298.1934019442094,298.15014313870483
4.5573776946107145,1.5,299.95326069457076,298.1934889165827,298.15014396970184
4.561003293413109,1.5,299.9538869780109,298.1935759603028,298.1501448043699
4.564628892215504,1.5,299.9545130146452,298.19366307532385,298.1501456427194
4.568254491017899,1.5,299.9551388048735,298.19375026160014,298.150146484761
4.571880089820294,1.5,299.9557643490945,298.19383751908583,298.1501473305054
4.575505688622688,1.5,299.95638964770603,298.1939248477354,298.150148179963
4.579131287425083,1.5,299.95701470110475,298.1940122475031,298.1501490331447
4.582756886227478,1.5,299.9576395096864,298.1940997183434,298.15014989006113
4.586382485029873,1.5,299.95826407384567,298.19418726021075,298.15015075072284
4.590008083832267,1.5,299.9588883939763,298.1942748730596,298.1501516151405
4.593633682634662,1.5,299.9595124704708,298.1943625568446,298.1501524833249
4.597259281437057,1.5,299.96013630372096,298.19445031152026,298.1501533552867
4.600884880239452,1.5,299.9607598941174,298.19453813704126,298.1501542310366
4.6045104790418465,1.5,299.9613832420497,298.1946260333621,298.1501551105853
4.608136077844241,1.5,299.9620063479066,298.1947140004378,298.1501559939436
4.611761676646636,1.5,299.96262921207574,298.1948020382228,298.15015688112214
4.615387275449031,1.5,299.96325183494366,298.1948901466721,298.15015777213176
4.619012874251426,1.5,299.9638742168962,298.19497832574046,298.15015866698315
4.62263847305382,1.5,299.964496358318,298.1950665753828,298.1501595656871
4.626264071856215,1.5,299.96511825959277,298.19515489555397,298.1501604682544
4.62988967065861,1.5,299.96573992110314,298.195243286209,298.1501613746958
4.633515269461005,1.5,299.96636134323086,298.1953317473028,298.15016228502225
4.637140868263399,1.5,299.96698252635684,298.1954202787906,298.1501631992444
4.640766467065794,1.5,299.96760347086064,298.1955088806274,298.15016411737315
4.644392065868189,1.5,299.96822417712133,298.1955975527683,298.1501650394193
4.648017664670584,1.5,299.9688446455165,298.19568629516846,298.1501659653937
4.6516432634729785,1.5,299.9694648764233,298.19577510778316,298.15016689530717
4.655268862275373,1.5,299.9700848702175,298.1958639905676,298.15016782917064
4.658894461077768,1.5,299.970704627274,298.1959529434771,298.15016876699497
4.662520059880163,1.5,299.971324147967,298.19604196646696,298.15016970879105
4.666145658682558,1.5,299.9719434326694,298.19613105949264,298.15017065456976
4.669771257484952,1.5,299.9725624817534,298.19622022250945,298.15017160434195
4.673396856287347,1.5,299.97318129559017,298.196309455473,298.1501725581186
4.677022455089742,1.5,299.9737998745499,298.19639875833866,298.15017351591064
4.680648053892137,1.5,299.9744182190019,298.196488131062,298.1501744777289
4.684273652694531,1.5,299.97503632931443,298.1965775735985,298.15017544358443
4.687899251496926,1.5,299.97565420585494,298.196667085904,298.15017641348817
4.691524850299321,1.5,299.97627184898994,298.196756667934,298.1501773874511
4.695150449101716,1.5,299.9768892590849,298.1968463196443,298.150178365484
4.6987760479041105,1.5,299.97750643650437,298.1969360409905,298.1501793475981
4.702401646706505,1.5,299.97812338161214,298.19702583192856,298.15018033380426
4.7060272455089,1.5,299.97874009477096,298.1971156924141,298.15018132411353
4.709652844311295,1.5,299.97935657634264,298.19720562240315,298.1501823185369
4.71327844311369,1.5,299.97997282668814,298.1972956218515,298.1501833170854
4.716904041916084,1.5,299.9805888461674,298.1973856907151,298.1501843197701
4.720529640718479,1.5,299.98120463513953,298.1974758289499,298.1501853266019
4.724155239520874,1.5,299.9818201939628,298.197566036512,298.150186337592
4.727780838323269,1.5,299.9824355229945,298.19765631335747,298.1501873527514
4.7314064371256634,1.5,299.98305062259084,298.1977466594423,298.1501883720912
4.735032035928058,1.5,299.9836654931074,298.19783707472266,298.15018939562236
4.738657634730453,1.5,299.9842801348988,298.1979275591547,298.1501904233561
4.742283233532848,1.5,299.9848945483187,298.1980181126947,298.15019145530346
4.7459088323352425,1.5,299.9855087337198,298.19810873529883,298.15019249147554
4.749534431137637,1.5,299.9861226914541,298.1981994269234,298.15019353188353
4.753160029940032,1.5,299.98673642187254,298.1982901875248,298.15019457653835
4.756785628742427,1.5,299.9873499253253,298.1983810170592,298.1501956254514
4.760411227544822,1.5,299.9879632021616,298.1984719154832,298.1501966786336
4.764036826347216,1.5,299.98857625272984,298.1985628827532,298.15019773609623
4.767662425149611,1.5,299.98918907737743,298.1986539188256,298.1501987978504
4.771288023952006,1.5,299.98980167645095,298.19874502365695,298.15019986390723
4.774913622754401,1.5,299.99041405029624,298.1988361972038,298.1502009342781
4.7785392215567954,1.5,299.9910261992581,298.19892743942273,298.1502020089739
4.78216482035919,1.5,299.99163812368056,298.1990187502704,298.15020308800604
4.785790419161585,1.5,299.9922498239067,298.1991101297034,298.15020417138567
4.78941601796398,1.5,299.99286130027883,298.19920157767854,298.150205259124
4.7930416167663745,1.5,299.9934725531385,298.19929309415244,298.15020635123227
4.796667215568769,1.5,299.9940835828259,298.19938467908196,298.15020744772164
4.800292814371164,1.5,299.9946943896811,298.1994763324239,298.1502085486035
4.803918413173559,1.5,299.9953049740427,298.19956805413506,298.15020965388885
4.807544011975954,1.5,299.99591533624886,298.19965984417234,298.15021076358926
4.811169610778348,1.5,299.9965254766366,298.1997517024927,298.1502118777157
4.814795209580743,1.5,299.9971353955423,298.199843629053,298.15021299627966
4.818420808383138,1.5,299.9977450933013,298.19993562381035,298.15021411929234
4.822046407185533,1.5,299.99835457024835,298.20002768672174,298.150215246765
4.8256720059879274,1.5,299.9989638267172,298.2001198177441,298.150216378709
4.829297604790322,1.5,299.99957286304084,298.20021201683477,298.1502175151355
4.832923203592717,1.5,300.00018167955125,298.20030428395074,298.1502186560561
4.836548802395112,1.5,300.00079027657983,298.20039661904923,298.15021980148197
4.8401744011975065,1.5,300.001398654457,298.2004890220875,298.1502209514244
4.843799999999901,1.5,300.00200681351237,298.2005814930226,298.1502221058948
4.847425598802296,1.5,300.0026147540747,298.200674031812,298.1502232649044
4.851051197604691,1.5,300.00322247647216,298.200766638413,298.15022442846475
4.854676796407086,1.5,300.0038299810317,298.20085931278277,298.1502255965871
4.85830239520948,1.5,300.0044372680798,298.20095205487894,298.1502267692829
4.861927994011875,1.5,300.00504433794197,298.2010448646589,298.1502279465634
4.86555359281427,1.5,300.00565119094284,298.20113774207994,298.1502291284401
4.869179191616665,1.5,300.0062578274065,298.2012306870997,298.1502303149245
4.8728047904190595,1.5,300.00686424765587,298.20132369967564,298.1502315060278
4.876430389221454,1.5,300.00747045201337,298.2014167797654,298.15023270176147
4.880055988023849,1.5,300.00807644080044,298.2015099273264,298.1502339021371
4.883681586826244,1.5,300.00868221433785,298.20160314231646,298.1502351071659
4.8873071856286385,1.5,300.0092877729455,298.2016964246932,298.15023631685943
4.890932784431033,1.5,300.0098931169424,298.2017897744142,298.15023753122915
4.894558383233428,1.5,300.010498246647,298.20188319143733,298.15023875028646
4.898183982035823,1.5,300.01110316237674,298.20197667572035,298.1502399740429
4.901809580838218,1.5,300.0117078644484,298.20207022722104,298.1502412025098
4.905435179640612,1.5,300.0123123531779,298.2021638458972,298.1502424356989
4.909060778443007,1.5,300.0129166288805,298.2022575317067,298.1502436736214
4.912686377245402,1.5,300.01352069187044,298.2023512846076,298.1502449162889
4.916311976047797,1.5,300.0141245424614,298.2024451045576,298.1502461637131
4.9199375748501915,1.5,300.0147281809662,298.2025389915149,298.15024741590526
4.923563173652586,1.5,300.0153316076969,298.20263294543736,298.15024867287696
4.927188772454981,1.5,300.0159348229648,298.2027269662831,298.1502499346398
4.930814371257376,1.5,300.01653782708047,298.2028210540101,298.1502512012053
4.9344399700597705,1.5,300.01714062035353,298.2029152085765,298.15025247258495
4.938065568862165,1.5,300.01774320309306,298.20300942994044,298.15025374879025
4.94169116766456,1.5,300.01834557560716,298.20310371806016,298.1502550298329
4.945316766466955,1.5,300.01894773820345,298.2031980728938,298.1502563157244
4.94894236526935,1.5,300.0195496911885,298.20329249439965,298.1502576064764
4.952567964071744,1.5,300.02015143486824,298.2033869825359,298.1502589021003
4.956193562874139,1.5,300.0207529695479,298.20348153726087,298.1502602026078
4.959819161676534,1.5,300.021354295532,298.203576158533,298.15026150801054
4.963444760478929,1.5,300.02195541312403,298.20367084631056,298.15026281832013
4.9670703592813235,1.5,300.02255632262705,298.203765600552,298.1502641335481
4.970695958083718,1.5,300.0231570243431,298.2038604212158,298.1502654537061
4.974321556886113,1.5,300.02375751857386,298.20395530826033,298.1502667788057
4.977947155688508,1.5,300.02435780561984,298.20405026164417,298.1502681088586
4.9815727544909025,1.5,300.02495788578113,298.20414528132574,298.1502694438765
4.985198353293297,1.5,300.0255577593568,298.2042403672637,298.15027078387084
4.988823952095692,1.5,300.02615742664545,298.20433551941665,298.1502721288535
4.992449550898087,1.5,300.0267568879449,298.20443073774317,298.150273478836
4.996075149700482,1.5,300.0273561435519,298.20452602220195,298.1502748338301
4.999700748502876,1.5,300.02795519376303,298.20462137275166,298.15027619384745
5.003326347305271,1.5,300.0285540388738,298.20471678935115,298.1502775588997
5.006951946107666,1.5,300.0291526791789,298.20481227195904,298.1502789289986
5.010577544910061,1.5,300.0297511149725,298.2049078205341,298.1502803041558
5.0142031437124555,1.5,300.030349346548,298.20500343503517,298.150281684383
5.01782874251485,1.5,300.0309473741982,298.2050991154211,298.15028306969197
5.021454341317245,1.5,300.031545198215,298.20519486165085,298.1502844600943
5.02507994011964,1.5,300.03214281888955,298.20529067368324,298.15028585560185
5.0287055389220345,1.5,300.03274023651244,298.20538655147726,298.1502872562263
5.032331137724429,1.5,300.03333745137354,298.2054824949919,298.1502886619793
5.035956736526824,1.5,300.0339344637619,298.2055785041861,298.1502900728728
5.039582335329219,1.5,300.03453127396597,298.20567457901893,298.1502914889183
5.043207934131614,1.5,300.03512788227346,298.2057707194495,298.15029291012775
5.046833532934008,1.5,300.0357242889713,298.20586692543685,298.1502943365129
5.050459131736403,1.5,300.03632049434583,298.2059631969401,298.1502957680855
5.054084730538798,1.5,300.03691649868273,298.20605953391845,298.15029720485734
5.057710329341193,1.5,300.03751230226675,298.206155936331,298.1502986468401
5.0613359281435875,1.5,300.0381079053822,298.2062524041371,298.15030009404563
5.064961526945982,1.5,300.03870330831256,298.20634893729596,298.1503015464858
5.068587125748377,1.5,300.0392985113407,298.2064455357668,298.1503030041723
5.072212724550772,1.5,300.0398935147487,298.20654219950904,298.15030446711705
5.0758383233531665,1.5,300.04048831881806,298.20663892848194,298.1503059353318
5.079463922155561,1.5,300.0410829238295,298.20673572264485,298.1503074088284
5.083089520957956,1.5,300.0416773300631,298.2068325819572,298.1503088876187
5.086715119760351,1.5,300.04227153779834,298.2069295063784,298.1503103717145
5.090340718562746,1.5,300.0428655473139,298.207026495868,298.15031186112765
5.09396631736514,1.5,300.04345935888784,298.20712355038535,298.15031335586997
5.097591916167535,1.5,300.0440529727975,298.20722066989003,298.1503148559534
5.10121751496993,1.5,300.0446463893196,298.20731785434157,298.15031636138974
5.104843113772325,1.5,300.0452396087301,298.20741510369965,298.1503178721909
5.1084687125747195,1.5,300.0458326313045,298.2075124179238,298.15031938836876
5.112094311377114,1.5,300.0464254573174,298.2076097969736,298.1503209099351
5.115719910179509,1.5,300.04701808704283,298.2077072408087,298.15032243690183
5.119345508981904,1.5,300.04761052075406,298.20780474938897,298.1503239692809
5.1229711077842985,1.5,300.0482027587239,298.207902322674,298.1503255070843
5.126596706586693,1.5,300.0487948012244,298.2079999606235,298.1503270503238
5.130222305389088,1.5,300.049386648527,298.20809766319735,298.1503285990113
5.133847904191483,1.5,300.04997830090224,298.2081954303553,298.1503301531588
5.137473502993878,1.5,300.0505697586203,298.2082932620572,298.1503317127781
5.141099101796272,1.5,300.05116102195063,298.208391158263,298.15033327788126
5.144724700598667,1.5,300.051752091162,298.2084891189325,298.1503348484802
5.148350299401062,1.5,300.05234296652236,298.2085871440256,298.15033642458684
5.151975898203457,1.5,300.0529336482995,298.2086852335023,298.1503380062131
5.1556014970058515,1.5,300.0535241367599,298.2087833873226,298.15033959337086
5.159227095808246,1.5,300.05411443216997,298.2088816054465,298.15034118607224
5.162852694610641,1.5,300.05470453479523,298.20897988783395,298.15034278432915
5.166478293413036,1.5,300.0552944449005,298.20907823444514,298.1503443881535
5.1701038922154305,1.5,300.0558841627501,298.2091766452401,298.15034599755734
5.173729491017825,1.5,300.05647368860764,298.209275120179,298.1503476125526
5.17735508982022,1.5,300.0570630227362,298.2093736592219,298.15034923315125
5.180980688622615,1.5,300.057652165398,298.20947226232903,298.15035085936535
5.18460628742501,1.5,300.05824111685496,298.20957092946054,298.15035249120683
5.188231886227404,1.5,300.058829877368,298.20966966057676,298.15035412868775
5.191857485029799,1.5,300.05941844719763,298.2097684556379,298.15035577182005
5.195483083832194,1.5,300.0600068266038,298.2098673146042,298.15035742061576
5.199108682634589,1.5,300.06059501584565,298.20996623743605,298.150359075087
5.2027342814369835,1.5,300.0611830151819,298.21006522409374,298.15036073524567
5.206359880239378,1.5,300.0617708248704,298.2101642745377,298.15036240110385
5.209985479041773,1.5,300.0623584451686,298.21026338872826,298.15036407267365
5.213611077844168,1.5,300.0629458763333,298.2103625666259,298.15036574996697
5.2172366766465625,1.5,300.0635331186205,298.210461808191,298.15036743299595
5.220862275448957,1.5,300.0641201722858,298.2105611133841,298.1503691217726
5.224487874251352,1.5,300.0647070375841,298.2106604821656,298.15037081630896
5.228113473053747,1.5,300.0652937147698,298.2107599144962,298.15037251661715
5.231739071856142,1.5,300.06588020409646,298.21085941033635,298.1503742227092
5.235364670658536,1.5,300.06646650581723,298.21095896964664,298.1503759345972
5.238990269460931,1.5,300.0670526201846,298.21105859238764,298.15037765229323
5.242615868263326,1.5,300.0676385474505,298.21115827852003,298.15037937580934
5.246241467065721,1.5,300.0682242878661,298.2112580280045,298.15038110515763
5.2498670658681155,1.5,300.06880984168225,298.2113578408018,298.15038284035023
5.25349266467051,1.5,300.06939520914887,298.21145771687253,298.1503845813992
5.257118263472905,1.5,300.0699803905155,298.2115576561775,298.15038632831664
5.2607438622753,1.5,300.0705653860311,298.2116576586773,298.15038808111467
5.2643694610776945,1.5,300.0711501959439,298.21175772433304,298.1503898398054
5.267995059880089,1.5,300.07173482050166,298.2118578531053,298.15039160440097
5.271620658682484,1.5,300.07231925995154,298.21195804495505,298.15039337491345
5.275246257484879,1.5,300.07290351454,298.21205829984314,298.15039515135504
5.278871856287274,1.5,300.073487584513,298.21215861773044,298.1503969337378
5.282497455089668,1.5,300.07407147011594,298.21225899857785,298.15039872207393
5.286123053892063,1.5,300.07465517159363,298.2123594423463,298.15040051637544
5.289748652694458,1.5,300.07523868919014,298.2124599489969,298.1504023166547
5.293374251496853,1.5,300.0758220231492,298.21256051849053,298.15040412292365
5.2969998502992475,1.5,300.0764051737139,298.21266115078834,298.1504059351945
5.300625449101642,1.5,300.0769881411267,298.2127618458513,298.1504077534795
5.304251047904037,1.5,300.0775709256294,298.2128626036405,298.1504095777907
5.307876646706432,1.5,300.07815352746337,298.212963424117,298.15041140814037
5.3115022455088265,1.5,300.0787359468694,298.213064307242,298.15041324454063
5.315127844311221,1.5,300.07931818408764,298.21316525297664,298.15041508700364
5.318753443113616,1.5,300.0799002393577,298.213266261282,298.1504169355416
5.322379041916011,1.5,300.0804821129186,298.2133673321194,298.15041879016667
5.326004640718406,1.5,300.0810638050089,298.2134684654501,298.15042065089114
5.3296302395208,1.5,300.0816453158665,298.2135696612353,298.1504225177271
5.333255838323195,1.5,300.0822266457287,298.2136709194362,298.1504243906868
5.33688143712559,1.5,300.08280779483243,298.21377224001424,298.1504262697825
5.340507035927985,1.5,300.08338876341367,298.21387362293063,298.1504281550262
5.3441326347303795,1.5,300.0839695517084,298.2139750681469,298.1504300464303
5.347758233532774,1.5,300.08455015995156,298.2140765756243,298.15043194400704
5.351383832335169,1.5,300.0851305883778,298.21417814532424,298.15043384776857
5.355009431137564,1.5,300.08571083722114,298.21427977720805,298.15043575772705
5.3586350299399585,1.5,300.086290906715,298.2143814712374,298.1504376738948
5.362260628742353,1.5,300.08687079709244,298.21448322737365,298.15043959628406
5.365886227544748,1.5,300.0874505085856,298.21458504557825,298.1504415249071
5.369511826347143,1.5,300.0880300414266,298.2146869258129,298.15044345977594
5.373137425149538,1.5,300.08860939584645,298.21478886803897,298.1504454009031
5.376763023951932,1.5,300.08918857207595,298.2148908722181,298.1504473483007
5.380388622754327,1.5,300.08976757034543,298.214992938312,298.15044930198104
5.384014221556722,1.5,300.09034639088446,298.2150950662821,298.1504512619563
5.387639820359117,1.5,300.0909250339222,298.2151972560902,298.1504532282388
5.3912654191615115,1.5,300.09150349968724,298.21529950769786,298.15045520084084
5.394891017963906,1.5,300.09208178840754,298.21540182106685,298.1504571797746
5.398516616766301,1.5,300.09265990031065,298.21550419615886,298.1504591650525
5.402142215568696,1.5,300.0932378356236,298.2156066329356,298.1504611566867
5.4057678143710906,1.5,300.09381559457285,298.21570913135895,298.1504631546894
5.409393413173485,1.5,300.09439317738423,298.2158116913905,298.15046515907306
5.41301901197588,1.5,300.0949705842832,298.2159143129923,298.15046716984995
5.416644610778275,1.5,300.0955478154946,298.21601699612603,298.1504691870323
5.42027020958067,1.5,300.0961248712428,298.21611974075364,298.15047121063236
5.423895808383064,1.5,300.09670175175154,298.2162225468369,298.1504732406625
5.427521407185459,1.5,300.0972784572442,298.21632541433786,298.150475277135
5.431147005987854,1.5,300.09785498794355,298.2164283432183,298.15047732006224
5.434772604790249,1.5,300.0984313440718,298.2165313334403,298.1504793694564
5.4383982035926435,1.5,300.09900752585077,298.21663438496574,298.15048142532993
5.442023802395038,1.5,300.0995835335015,298.21673749775675,298.15048348769506
5.445649401197433,1.5,300.10015936724494,298.21684067177523,298.1504855565642
5.449274999999828,1.5,300.10073502730114,298.2169439069833,298.1504876319495
5.4529005988022226,1.5,300.1013105138897,298.21704720334304,298.1504897138634
5.456526197604617,1.5,300.1018858272299,298.21715056081644,298.15049180231836
5.460151796407012,1.5,300.1024609675405,298.2172539793657,298.1504938973265
5.463777395209407,1.5,300.10303593503943,298.2173574589529,298.1504959989003
5.467402994011802,1.5,300.1036107299445,298.2174609995403,298.15049810705193
5.471028592814196,1.5,300.1041853524728,298.21756460109003,298.15050022179395
5.474654191616591,1.5,300.10475980284093,298.2176682635643,298.15050234313867
5.478279790418986,1.5,300.1053340812651,298.2177719869253,298.1505044710983
5.481905389221381,1.5,300.1059081879608,298.21787577113537,298.15050660568534
5.4855309880237755,1.5,300.10648212314334,298.21797961615675,298.150508746912
5.48915658682617,1.5,300.1070558870273,298.21808352195166,298.1505108947908
5.492782185628565,1.5,300.10762947982676,298.2181874884825,298.150513049334
5.49640778443096,1.5,300.10820290175536,298.2182915157116,298.15051521055403
5.5000333832333546,1.5,300.10877615302644,298.2183956036013,298.15051737846323
5.503658982035749,1.5,300.10934923385236,298.21849975211404,298.150519553074
5.507284580838144,1.5,300.10992214444553,298.2186039612122,298.15052173439864
5.510910179640539,1.5,300.1104948850175,298.2187082308582,298.1505239224496
5.514535778442934,1.5,300.11106745577945,298.21881256101443,298.1505261172393
5.518161377245328,1.5,300.1116398569422,298.2189169516435,298.15052831878006
5.521786976047723,1.5,300.1122120887158,298.2190214027078,298.1505305270843
5.525412574850118,1.5,300.11278415131017,298.21912591417,298.1505327421644
5.529038173652513,1.5,300.1133560449344,298.21923048599245,298.15053496403266
5.5326637724549075,1.5,300.11392776979733,298.2193351181378,298.1505371927016
5.536289371257302,1.5,300.11449932610725,298.21943981056864,298.1505394281836
5.539914970059697,1.5,300.11507071407186,298.21954456324755,298.15054167049107
5.543540568862092,1.5,300.1156419338987,298.21964937613717,298.15054391963645
5.547166167664487,1.5,300.11621298579445,298.21975424920015,298.15054617563203
5.550791766466881,1.5,300.11678386996545,298.2198591823992,298.1505484384904
5.554417365269276,1.5,300.11735458661775,298.219964175697,298.15055070822376
5.558042964071671,1.5,300.11792513595674,298.2200692290562,298.15055298484464
5.561668562874066,1.5,300.11849551818733,298.22017434243963,298.1505552683655
5.56529416167646,1.5,300.11906573351405,298.22027951581003,298.1505575587987
5.568919760478855,1.5,300.1196357821409,298.2203847491301,298.15055985615663
5.57254535928125,1.5,300.12020566427145,298.2204900423627,298.1505621604518
5.576170958083645,1.5,300.12077538010874,298.2205953954707,298.1505644716966
5.5797965568860395,1.5,300.12134492985547,298.2207008084168,298.15056678990356
5.583422155688434,1.5,300.1219143137138,298.220806281164,298.150569115085
5.587047754490829,1.5,300.12248353188534,298.2209118136752,298.1505714472533
5.590673353293224,1.5,300.1230525845714,298.2210174059132,298.15057378642103
5.594298952095619,1.5,300.12362147197274,298.22112305784094,298.1505761326006
5.597924550898013,1.5,300.1241901942896,298.22122876942143,298.1505784858044
5.601550149700408,1.5,300.12475875172197,298.22133454061765,298.15058084604493
5.605175748502803,1.5,300.1253271444692,298.2214403713925,298.15058321333464
5.608801347305198,1.5,300.1258953727303,298.2215462617091,298.1505855876859
5.612426946107592,1.5,300.1264634367036,298.2216522115304,298.15058796911126
5.616052544909987,1.5,300.1270313365874,298.2217582208194,298.15059035762323
5.619678143712382,1.5,300.127599072579,298.2218642895394,298.15059275323415
5.623303742514777,1.5,300.12816664487576,298.22197041765327,298.15059515595647
5.6269293413171715,1.5,300.1287340536743,298.2220766051242,298.1505975658028
5.630554940119566,1.5,300.12930129917083,298.22218285191536,298.1505999827854
5.634180538921961,1.5,300.12986838156127,298.2222891579899,298.1506024069169
5.637806137724356,1.5,300.13043530104085,298.222395523311,298.15060483820974
5.641431736526751,1.5,300.13100205780466,298.22250194784175,298.1506072766764
5.645057335329145,1.5,300.13156865204695,298.2226084315455,298.15060972232925
5.64868293413154,1.5,300.1321350839619,298.22271497438544,298.15061217518087
5.652308532933935,1.5,300.1327013537431,298.22282157632475,298.15061463524364
5.65593413173633,1.5,300.1332674615836,298.22292823732687,298.15061710253013
5.659559730538724,1.5,300.13383340767626,298.223034957355,298.1506195770528
5.663185329341119,1.5,300.1343991922133,298.22314173637255,298.1506220588241
5.666810928143514,1.5,300.1349648153866,298.22324857434273,298.15062454785664
5.670436526945909,1.5,300.13553027738743,298.22335547122896,298.1506270441627
5.6740621257483035,1.5,300.1360955784069,298.2234624269947,298.15062954775505
5.677687724550698,1.5,300.13666071863554,298.22356944160316,298.1506320586458
5.681313323353093,1.5,300.1372256982634,298.2236765150179,298.1506345768477
5.684938922155488,1.5,300.1377905174803,298.2237836472024,298.1506371023733
5.688564520957883,1.5,300.1383551764754,298.22389083812,298.150639635235
5.692190119760277,1.5,300.1389196754375,298.22399808773423,298.15064217544517
5.695815718562672,1.5,300.139484014555,298.22410539600855,298.1506447230165
5.699441317365067,1.5,300.14004819401606,298.2242127629066,298.15064727796147
5.703066916167462,1.5,300.1406122140081,298.22432018839174,298.1506498402925
5.706692514969856,1.5,300.1411760747183,298.22442767242774,298.1506524100222
5.710318113772251,1.5,300.14173977633334,298.22453521497795,298.15065498716285
5.713943712574646,1.5,300.1423033190395,298.22464281600617,298.1506575717272
5.717569311377041,1.5,300.1428667030228,298.2247504754759,298.15066016372765
5.7211949101794355,1.5,300.14342992846855,298.2248581933509,298.1506627631768
5.72482050898183,1.5,300.14399299556186,298.2249659695947,298.1506653700871
5.728446107784225,1.5,300.1445559044874,298.22507380417096,298.15066798447106
5.73207170658662,1.5,300.14511865542926,298.22518169704347,298.1506706063411
5.735697305389015,1.5,300.1456812485714,298.22528964817593,298.15067323571
5.739322904191409,1.5,300.1462436840971,298.225397657532,298.15067587259
5.742948502993804,1.5,300.1468059621894,298.2255057250756,298.15067851699376
5.746574101796199,1.5,300.14736808303076,298.22561385077034,298.15068116893383
5.750199700598594,1.5,300.1479300468035,298.22572203458003,298.1506838284226
5.753825299400988,1.5,300.1484918536893,298.2258302764685,298.1506864954727
5.757450898203383,1.5,300.1490535038695,298.22593857639976,298.1506891700966
5.761076497005778,1.5,300.149614997525,298.2260469343374,298.150691852307
5.764702095808173,1.5,300.1501763348365,298.2261553502454,298.1506945421161
5.7683276946105675,1.5,300.1507375159841,298.22626382408765,298.15069723953667
5.771953293412962,1.5,300.15129854114736,298.226372355828,298.1506999445812
5.775578892215357,1.5,300.1518594105058,298.22648094543047,298.15070265726223
5.779204491017752,1.5,300.15242012423823,298.22658959285894,298.1507053775922
5.782830089820147,1.5,300.15298068252326,298.2266982980775,298.1507081055838
5.786455688622541,1.5,300.1535410855391,298.22680706104995,298.1507108412494
5.790081287424936,1.5,300.1541013334633,298.2269158817404,298.15071358460165
5.793706886227331,1.5,300.15466142647335,298.2270247601128,298.15071633565304
5.797332485029726,1.5,300.15522136474624,298.2271336961313,298.15071909441605
5.80095808383212,1.5,300.1557811484584,298.22724268975986,298.15072186090333
5.804583682634515,1.5,300.15634077778606,298.2273517409626,298.1507246351274
5.80820928143691,1.5,300.1569002529051,298.2274608497037,298.15072741710077
5.811834880239305,1.5,300.15745957399065,298.22757001594704,298.15073020683593
5.8154604790416995,1.5,300.15801874121803,298.227679239657,298.1507330043455
5.819086077844094,1.5,300.1585777547616,298.2277885207976,298.150735809642
5.822711676646489,1.5,300.1591366147957,298.2278978593331,298.150738622738
5.826337275448884,1.5,300.1596953214942,298.2280072552276,298.150741443646
5.829962874251279,1.5,300.16025387503043,298.2281167084454,298.1507442723785
5.833588473053673,1.5,300.1608122755776,298.2282262189506,298.1507471089482
5.837214071856068,1.5,300.1613705233083,298.22833578670753,298.1507499533676
5.840839670658463,1.5,300.1619286183948,298.22844541168047,298.15075280564906
5.844465269460858,1.5,300.1624865610092,298.2285550938336,298.15075566580543
5.848090868263252,1.5,300.1630443513229,298.2286648331314,298.150758533849
5.851716467065647,1.5,300.16360198950713,298.2287746295381,298.1507614097925
5.855342065868042,1.5,300.16415947573273,298.22888448301796,298.15076429364836
5.858967664670437,1.5,300.16471681017,298.22899439353546,298.1507671854292
5.8625932634728315,1.5,300.16527399298906,298.2291043610548,298.1507700851476
5.866218862275226,1.5,300.16583102435953,298.2292143855405,298.150772992816
5.869844461077621,1.5,300.16638790445074,298.229324466957,298.15077590844703
5.873470059880016,1.5,300.16694463343157,298.22943460526864,298.15077883205316
5.877095658682411,1.5,300.1675012114706,298.2295448004399,298.15078176364716
5.880721257484805,1.5,300.168057638736,298.22965505243525,298.15078470324136
5.8843468562872,1.5,300.16861391539555,298.2297653612192,298.15078765084843
5.887972455089595,1.5,300.1691700416168,298.22987572675623,298.1507906064809
5.89159805389199,1.5,300.1697260175667,298.22998614901087,298.1507935701513
5.895223652694384,1.5,300.17028184341194,298.2300966279476,298.1507965418722
5.898849251496779,1.5,300.17083751931904,298.230207163531,298.15079952165615
5.902474850299174,1.5,300.17139304545384,298.23031775572565,298.1508025095157
5.906100449101569,1.5,300.171948421982,298.2304284044961,298.15080550546344
5.9097260479039635,1.5,300.1725036490687,298.23053910980707,298.150808509512
5.913351646706358,1.5,300.1730587268789,298.23064987162314,298.15081152167375
5.916977245508753,1.5,300.1736136555771,298.23076068990883,298.1508145419614
5.920602844311148,1.5,300.1741684353275,298.23087156462896,298.15081757038746
5.924228443113543,1.5,300.17472306629395,298.2309824957481,298.1508206069645
5.927854041915937,1.5,300.1752775486398,298.231093483231,298.150823651705
5.931479640718332,1.5,300.17583188252826,298.2312045270424,298.1508267046217
5.935105239520727,1.5,300.17638606812193,298.23131562714696,298.150829765727
5.938730838323122,1.5,300.1769401055834,298.2314267835094,298.15083283503344
5.942356437125516,1.5,300.17749399507454,298.23153799609463,298.1508359125537
5.945982035927911,1.5,300.1780477367571,298.2316492648674,298.15083899830034
5.949607634730306,1.5,300.1786013307924,298.2317605897924,298.1508420922858
5.953233233532701,1.5,300.1791547773414,298.2318719708345,298.15084519452273
5.9568588323350955,1.5,300.17970807656474,298.2319834079585,298.15084830502366
5.96048443113749,1.5,300.18026122862267,298.23209490112936,298.15085142380116
5.964110029939885,1.5,300.1808142336753,298.2322064503119,298.1508545508678
5.96773562874228,1.5,300.181367091882,298.232318055471,298.1508576862361
5.971361227544675,1.5,300.1819198034021,298.2324297165715,298.15086082991866
5.974986826347069,1.5,300.1824723683945,298.23254143357843,298.150863981928
5.978612425149464,1.5,300.1830247870177,298.23265320645675,298.15086714227675
5.982238023951859,1.5,300.18357705943,298.2327650351713,298.15087031097744
5.985863622754254,1.5,300.1841291857892,298.23287691968716,298.1508734880426
5.989489221556648,1.5,300.18468116625286,298.23298885996917,298.1508766734848
5.993114820359043,1.5,300.18523300097814,298.2331008559825,298.1508798673166
5.996740419161438,1.5,300.18578469012186,298.2332129076921,298.15088306955056
6.000366017963833,1.5,300.18633623384056,298.2333250150631,298.1508862801992
6.0039916167662275,1.5,300.18688763229045,298.2334371780604,298.1508894992752
6.007617215568622,1.5,300.1874388856273,298.23354939664927,298.15089272679097
6.011242814371017,1.5,300.18798999400656,298.2336616707947,298.15089596275914
6.014868413173412,1.5,300.18854095758354,298.2337740004617,298.15089920719225
6.018494011975807,1.5,300.1890917765129,298.23388638561556,298.1509024601029
6.022119610778201,1.5,300.18964245094924,298.23399882622135,298.1509057215036
6.025745209580596,1.5,300.1901929810467,298.23411132224425,298.15090899140694
6.029370808382991,1.5,300.1907433669591,298.23422387364946,298.1509122698254
6.032996407185386,1.5,300.19129360883994,298.2343364804021,298.1509155567717
6.03662200598778,1.5,300.19184370684235,298.2344491424675,298.1509188522582
6.040247604790175,1.5,300.19239366111924,298.23456185981075,298.15092215629755
6.04387320359257,1.5,300.192943471823,298.23467463239723,298.1509254689023
6.047498802394965,1.5,300.19349313910595,298.23478746019214,298.150928790085
6.0511244011973595,1.5,300.19404266312,298.23490034316075,298.15093211985817
6.054749999999754,1.5,300.1945920440165,298.2350132812684,298.15093545823447
6.058375598802149,1.5,300.19514128194675,298.23512627448036,298.15093880522636
6.062001197604544,1.5,300.1956903770616,298.23523932276197,298.1509421608464
6.065626796406939,1.5,300.19623932951174,298.2353524260786,298.1509455251071
6.069252395209333,1.5,300.19678813944734,298.23546558439557,298.15094889802106
6.072877994011728,1.5,300.1973368070182,298.23557879767833,298.15095227960086
6.076503592814123,1.5,300.197885332374,298.2356920658922,298.15095566985894
6.080129191616518,1.5,300.1984337156641,298.2358053890026,298.15095906880805
6.083754790418912,1.5,300.19898195703746,298.235918766975,298.1509624764605
6.087380389221307,1.5,300.19953005664263,298.23603219977485,298.15096589282894
6.091005988023702,1.5,300.2000780146279,298.2361456873676,298.15096931792596
6.094631586826097,1.5,300.2006258311414,298.2362592297187,298.150972751764
6.0982571856284915,1.5,300.2011735063308,298.2363728267937,298.15097619435574
6.101882784430886,1.5,300.20172104034344,298.236486478558,298.1509796457136
6.105508383233281,1.5,300.20226843332637,298.23660018497725,298.15098310585023
6.109133982035676,1.5,300.2028156854265,298.23671394601695,298.1509865747781
6.112759580838071,1.5,300.20336279679015,298.2368277616427,298.15099005250966
6.116385179640465,1.5,300.2039097675634,298.23694163182,298.15099353905765
6.12001077844286,1.5,300.2044565978922,298.2370555565145,298.1509970344345
6.123636377245255,1.5,300.20500328792195,298.2371695356918,298.15100053865274
6.12726197604765,1.5,300.20554983779806,298.2372835693176,298.1510040517249
6.130887574850044,1.5,300.20609624766524,298.23739765735735,298.15100757366355
6.134513173652439,1.5,300.2066425176682,298.2375117997769,298.1510111044812
6.138138772454834,1.5,300.207188647951,298.23762599654174,298.15101464419047
6.141764371257229,1.5,300.2077346386579,298.23774024761775,298.15101819280375
6.1453899700596235,1.5,300.20828048993246,298.23785455297053,298.1510217503337
6.149015568862018,1.5,300.20882620191804,298.23796891256586,298.1510253167927
6.152641167664413,1.5,300.2093717747578,298.23808332636946,298.15102889219344
6.156266766466808,1.5,300.20991720859433,298.23819779434706,298.1510324765483
6.159892365269203,1.5,300.2104625035703,298.2383123164645,298.15103606987
6.163517964071597,1.5,300.2110076598277,298.2384268926874,298.1510396721709
6.167143562873992,1.5,300.2115526775086,298.23854152298173,298.1510432834635
6.170769161676387,1.5,300.2120975567545,298.2386562073133,298.15104690376046
6.174394760478782,1.5,300.21264229770657,298.2387709456479,298.15105053307417
6.178020359281176,1.5,300.21318690050583,298.2388857379513,298.15105417141734
6.181645958083571,1.5,300.21373136529303,298.23900058418957,298.1510578188023
6.185271556885966,1.5,300.2142756922085,298.2391154843284,298.15106147524165
6.188897155688361,1.5,300.2148198813923,298.2392304383338,298.1510651407478
6.1925227544907555,1.5,300.21536393298436,298.2393454461716,298.1510688153335
6.19614835329315,1.5,300.215907847124,298.23946050780785,298.151072499011
6.199773952095545,1.5,300.21645162395055,298.23957562320845,298.151076191793
6.20339955089794,1.5,300.21699526360294,298.23969079233933,298.15107989369193
6.207025149700335,1.5,300.2175387662197,298.2398060151665,298.15108360472027
6.210650748502729,1.5,300.21808213193924,298.2399212916559,298.1510873248906
6.214276347305124,1.5,300.21862536089964,298.2400366217736,298.1510910542154
6.217901946107519,1.5,300.21916845323864,298.2401520054856,298.1510947927072
6.221527544909914,1.5,300.21971140909363,298.240267442758,298.1510985403784
6.225153143712308,1.5,300.22025422860185,298.24038293355676,298.15110229724166
6.228778742514703,1.5,300.22079691190027,298.24049847784806,298.15110606330944
6.232404341317098,1.5,300.2213394591254,298.2406140755979,298.1511098385941
6.236029940119493,1.5,300.2218818704136,298.2407297267724,298.15111362310824
6.2396555389218875,1.5,300.2224241459009,298.24084543133773,298.1511174168644
6.243281137724282,1.5,300.22296628572315,298.24096118925996,298.151121219875
6.246906736526677,1.5,300.22350829001573,298.2410770005053,298.1511250321525
6.250532335329072,1.5,300.22405015891394,298.24119286503986,298.1511288537095
6.254157934131467,1.5,300.22459189255255,298.2413087828299,298.1511326845585
6.257783532933861,1.5,300.22513349106634,298.24142475384156,298.1511365247119
6.261409131736256,1.5,300.22567495458964,298.24154077804104,298.15114037418215
6.265034730538651,1.5,300.2262162832564,298.2416568553947,298.15114423298184
6.268660329341046,1.5,300.22675747720064,298.2417729858686,298.1511481011234
6.27228592814344,1.5,300.2272985365557,298.24188916942916,298.15115197861934
6.275911526945835,1.5,300.2278394614549,298.2420054060425,298.15115586548205
6.27953712574823,1.5,300.2283802520311,298.24212169567505,298.15115976172416
6.283162724550625,1.5,300.2289209084173,298.24223803829307,298.15116366735805
6.2867883233530195,1.5,300.22946143074563,298.24235443386283,298.15116758239617
6.290413922155414,1.5,300.2300018191483,298.24247088235074,298.1511715068511
6.294039520957809,1.5,300.23054207375736,298.2425873837232,298.1511754407352
6.297665119760204,1.5,300.23108219470413,298.24270393794643,298.1511793840609
6.301290718562599,1.5,300.2316221821202,298.2428205449869,298.15118333684075
6.304916317364993,1.5,300.23216203613646,298.242937204811,298.1511872990872
6.308541916167388,1.5,300.2327017568837,298.2430539173852,298.1511912708128
6.312167514969783,1.5,300.2332413444926,298.24317068267584,298.1511952520299
6.315793113772178,1.5,300.2337807990934,298.24328750064944,298.1511992427509
6.319418712574572,1.5,300.2343201208158,298.2434043712724,298.1512032429884
6.323044311376967,1.5,300.2348593097899,298.2435212945112,298.1512072527548
6.326669910179362,1.5,300.2353983661449,298.2436382703324,298.15121127206254
6.330295508981757,1.5,300.23593729001004,298.2437552987024,298.15121530092404
6.3339211077841515,1.5,300.2364760815143,298.2438723795878,298.1512193393518
6.337546706586546,1.5,300.2370147407864,298.24398951295524,298.1512233873583
6.341172305388941,1.5,300.2375532679545,298.244106698771,298.1512274449558
6.344797904191336,1.5,300.238091663147,298.24422393700183,298.1512315121569
6.348423502993731,1.5,300.23862992649157,298.2443412276143,298.1512355889741
6.352049101796125,1.5,300.23916805811587,298.24445857057503,298.15123967541973
6.35567470059852,1.5,300.23970605814725,298.2445759658506,298.1512437715062
6.359300299400915,1.5,300.2402439267128,298.2446934134076,298.151247877246
6.36292589820331,1.5,300.24078166393946,298.24481091321275,298.15125199265157
6.366551497005704,1.5,300.2413192699536,298.2449284652326,298.15125611773533
6.370177095808099,1.5,300.2418567448816,298.24504606943395,298.1512602525096
6.373802694610494,1.5,300.24239408884955,298.2451637257834,298.1512643969869
6.377428293412889,1.5,300.2429313019833,298.2452814342477,298.1512685511797
6.3810538922152835,1.5,300.24346838440823,298.2453991947935,298.1512727151004
6.384679491017678,1.5,300.2440053362497,298.2455170073877,298.1512768887613
6.388305089820073,1.5,300.2445421576328,298.24563487199686,298.1512810721749
6.391930688622468,1.5,300.2450788486823,298.2457527885878,298.15128526535364
6.395556287424863,1.5,300.24561540952254,298.2458707571274,298.15128946830987
6.399181886227257,1.5,300.24615184027806,298.2459887775823,298.151293681056
6.402807485029652,1.5,300.2466881410727,298.2461068499194,298.1512979036045
6.406433083832047,1.5,300.2472243120302,298.2462249741055,298.1513021359677
6.410058682634442,1.5,300.24776035327415,298.24634315010746,298.151306378158
6.413684281436836,1.5,300.24829626492783,298.2464613778921,298.1513106301879
6.417309880239231,1.5,300.24883204711426,298.24657965742637,298.15131489206965
6.420935479041626,1.5,300.2493676999561,298.246697988677,298.15131916381574
6.424561077844021,1.5,300.24990322357604,298.2468163716111,298.1513234454385
6.4281866766464155,1.5,300.25043861809615,298.2469348061953,298.1513277369504
6.43181227544881,1.5,300.25097388363855,298.24705329239686,298.15133203836376
6.435437874251205,1.5,300.25150902032505,298.2471718301825,298.15133634969095
6.4390634730536,1.5,300.2520440282771,298.24729041951923,298.1513406709444
6.442689071855995,1.5,300.2525789076161,298.247409060374,298.15134500213645
6.446314670658389,1.5,300.253113658463,298.2475277527139,298.1513493432795
6.449940269460784,1.5,300.25364828093865,298.2476464965058,298.15135369438593
6.453565868263179,1.5,300.2541827751636,298.24776529171675,298.151358055468
6.457191467065574,1.5,300.2547171412581,298.2478841383138,298.1513624265382
6.4608170658679684,1.5,300.2552513793422,298.24800303626404,298.15136680760884
6.464442664670363,1.5,300.25578548953587,298.24812198553445,298.1513711986923
6.468068263472758,1.5,300.2563194719586,298.2482409860923,298.151375599801
6.471693862275153,1.5,300.2568533267297,298.2483600379044,298.15138001094715
6.4753194610775475,1.5,300.25738705396844,298.248479140938,298.1513844321432
6.478945059879942,1.5,300.25792065379346,298.24859829516015,298.15138886340145
6.482570658682337,1.5,300.25845412632356,298.24871750053813,298.1513933047343
6.486196257484732,1.5,300.25898747167713,298.24883675703904,298.15139775615404
6.489821856287127,1.5,300.2595206899723,298.2489560646299,298.1514022176731
6.493447455089521,1.5,300.26005378132703,298.24907542327804,298.1514066893037
6.497073053891916,1.5,300.2605867458589,298.24919483295065,298.15141117105827
6.500698652694311,1.5,300.2611195836854,298.2493142936148,298.15141566294903
6.504324251496706,1.5,300.26165229492386,298.24943380523786,298.15142016498845
6.5079498502991004,1.5,300.2621848796911,298.2495533677871,298.1514246771888
6.511575449101495,1.5,300.262717338104,298.2496729812296,298.15142919956236
6.51520104790389,1.5,300.2632496702789,298.24979264553275,298.1514337321216
6.518826646706285,1.5,300.2637818763323,298.2499123606638,298.15143827487867
6.5224522455086795,1.5,300.2643139563802,298.25003212659004,298.15144282784587
6.526077844311074,1.5,300.2648459105383,298.2501519432788,298.1514473910356
6.529703443113469,1.5,300.26537773892244,298.25027181069737,298.1514519644602
6.533329041915864,1.5,300.2659094416477,298.2503917288132,298.1514565481319
6.536954640718259,1.5,300.26644101882937,298.2505116975934,298.151461142063
6.540580239520653,1.5,300.2669724705824,298.25063171700566,298.15146574626584
6.544205838323048,1.5,300.2675037970213,298.2507517870171,298.15147036075274
6.547831437125443,1.5,300.26803499826065,298.2508719075953,298.1514749855359
6.551457035927838,1.5,300.2685660744147,298.2509920787075,298.1514796206277
6.5550826347302324,1.5,300.26909702559743,298.2511123003212,298.1514842660404
6.558708233532627,1.5,300.2696278519225,298.2512325724039,298.15148892178627
6.562333832335022,1.5,300.2701585535036,298.251352894923,298.1514935878776
6.565959431137417,1.5,300.270689130454,298.25147326784605,298.1514982643266
6.5695850299398115,1.5,300.2712195828868,298.2515936911404,298.1515029511457
6.573210628742206,1.5,300.2717499109149,298.2517141647736,298.1515076483471
6.576836227544601,1.5,300.2722801146508,298.25183468871325,298.15151235594294
6.580461826346996,1.5,300.27281019420724,298.25195526292674,298.1515170739457
6.584087425149391,1.5,300.2733401496962,298.25207588738175,298.1515218023675
6.587713023951785,1.5,300.2738699812298,298.2521965620457,298.1515265412206
6.59133862275418,1.5,300.2743996889197,298.25231728688624,298.1515312905173
6.594964221556575,1.5,300.2749292728775,298.252438061871,298.1515360502699
6.59858982035897,1.5,300.2754587332146,298.2525588869674,298.15154082049054
6.6022154191613645,1.5,300.27598807004193,298.25267976214326,298.1515456011915
6.605841017963759,1.5,300.2765172834706,298.2528006873661,298.15155039238505
6.609466616766154,1.5,300.27704637361114,298.2529216626037,298.1515551940834
6.613092215568549,1.5,300.2775753405742,298.2530426878235,298.1515600062989
6.6167178143709435,1.5,300.2781041844698,298.25316376299327,298.1515648290436
6.620343413173338,1.5,300.2786329054081,298.2532848880807,298.15156966232985
6.623969011975733,1.5,300.2791615034988,298.2534060630535,298.15157450616977
6.627594610778128,1.5,300.2796899788517,298.2535272878794,298.1515793605756
6.631220209580523,1.5,300.28021833157607,298.2536485625261,298.1515842255597
6.634845808382917,1.5,300.2807465617811,298.2537698869613,298.15158910113416
6.638471407185312,1.5,300.2812746695757,298.2538912611529,298.15159398731123
6.642097005987707,1.5,300.28180265506865,298.2540126850685,298.151598884103
6.645722604790102,1.5,300.2823305183685,298.25413415867604,298.15160379152184
6.6493482035924965,1.5,300.2828582595836,298.25425568194316,298.15160870957993
6.652973802394891,1.5,300.283385878822,298.25437725483783,298.15161363828935
6.656599401197286,1.5,300.2839133761916,298.2544988773278,298.1516185776624
6.660224999999681,1.5,300.2844407518003,298.25462054938095,298.1516235277112
6.6638505988020755,1.5,300.28496800575533,298.25474227096504,298.151628488448
6.66747619760447,1.5,300.2854951381641,298.254864042048,298.151633459885
6.671101796406865,1.5,300.2860221491336,298.25498586259766,298.15163844203425
6.67472739520926,1.5,300.2865490387707,298.2551077325821,298.15164343490807
6.678352994011655,1.5,300.28707580718213,298.2552296519691,298.1516484385185
6.681978592814049,1.5,300.28760245447427,298.25535162072663,298.1516534528777
6.685604191616444,1.5,300.28812898075347,298.2554736388225,298.15165847799807
6.689229790418839,1.5,300.28865538612564,298.2555957062248,298.15166351389155
6.692855389221234,1.5,300.2891816706967,298.25571782290154,298.15166856057033
6.6964809880236285,1.5,300.2897078345722,298.2558399888206,298.15167361804663
6.700106586826023,1.5,300.29023387785764,298.25596220395,298.1516786863325
6.703732185628418,1.5,300.2907598006582,298.25608446825777,298.15168376544017
6.707357784430813,1.5,300.2912856030789,298.25620678171197,298.15168885538174
6.7109833832332075,1.5,300.2918112852246,298.2563291442806,298.15169395616937
6.714608982035602,1.5,300.29233684719975,298.2564515559317,298.1516990678151
6.718234580837997,1.5,300.29286228910894,298.2565740166333,298.1517041903312
6.721860179640392,1.5,300.2933876110564,298.2566965263536,298.1517093237298
6.725485778442787,1.5,300.293912813146,298.25681908506067,298.1517144680229
6.729111377245181,1.5,300.2944378954816,298.25694169272253,298.15171962322273
6.732736976047576,1.5,300.29496285816697,298.25706434930737,298.1517247893413
6.736362574849971,1.5,300.29548770130526,298.2571870547834,298.1517299663908
6.739988173652366,1.5,300.2960124249999,298.2573098091186,298.15173515438323
6.7436137724547605,1.5,300.29653702935383,298.2574326122814,298.15174035333087
6.747239371257155,1.5,300.2970615144698,298.25755546423966,298.1517455632457
6.75086497005955,1.5,300.2975858804506,298.2576783649618,298.15175078413984
6.754490568861945,1.5,300.2981101273985,298.25780131441593,298.15175601602533
6.7581161676643395,1.5,300.29863425541583,298.25792431257037,298.1517612589143
6.761741766466734,1.5,300.2991582646046,298.25804735939323,298.1517665128189
6.765367365269129,1.5,300.2996821550667,298.25817045485286,298.15177177775104
6.768992964071524,1.5,300.3002059269037,298.25829359891753,298.151777053723
6.772618562873919,1.5,300.30072958021714,298.2584167915554,298.15178234074665
6.776244161676313,1.5,300.3012531151082,298.25854003273497,298.1517876388342
6.779869760478708,1.5,300.301776531678,298.2586633224243,298.1517929479977
6.783495359281103,1.5,300.3022998300274,298.25878666059197,298.15179826824914
6.787120958083498,1.5,300.30282301025704,298.2589100472061,298.1518035996006
6.7907465568858925,1.5,300.30334607246755,298.2590334822351,298.1518089420642
6.794372155688287,1.5,300.30386901675917,298.25915696564743,298.1518142956519
6.797997754490682,1.5,300.30439184323194,298.25928049741134,298.1518196603758
6.801623353293077,1.5,300.30491455198586,298.2594040774953,298.1518250362479
6.8052489520954715,1.5,300.3054371431206,298.2595277058677,298.15183042328016
6.808874550897866,1.5,300.3059596167359,298.2596513824969,298.1518358214848
6.812500149700261,1.5,300.30648197293095,298.25977510735146,298.1518412308737
6.816125748502656,1.5,300.3070042118049,298.2598988803997,298.15184665145887
6.819751347305051,1.5,300.3075263334568,298.2600227016102,298.1518520832524
6.823376946107445,1.5,300.30804833798544,298.2601465709513,298.15185752626627
6.82700254490984,1.5,300.3085702254894,298.2602704883916,298.1518629805125
6.830628143712235,1.5,300.30909199606714,298.2603944538995,298.15186844600305
6.83425374251463,1.5,300.30961364981687,298.26051846744366,298.15187392275
6.8378793413170245,1.5,300.31013518683665,298.26064252899243,298.1518794107653
6.841504940119419,1.5,300.3106566072244,298.26076663851455,298.1518849100609
6.845130538921814,1.5,300.3111779110778,298.26089079597847,298.1518904206489
6.848756137724209,1.5,300.31169909849433,298.26101500135275,298.15189594254116
6.8523817365266035,1.5,300.3122201695713,298.261139254606,298.1519014757498
6.856007335328998,1.5,300.31274112440576,298.2612635557068,298.1519070202866
6.859632934131393,1.5,300.3132619630948,298.26138790462386,298.15191257616374
6.863258532933788,1.5,300.31378268573525,298.2615123013257,298.15191814339306
6.866884131736183,1.5,300.3143032924235,298.261636745781,298.1519237219865
6.870509730538577,1.5,300.3148237832561,298.2617612379584,298.1519293119561
6.874135329340972,1.5,300.31534415832925,298.2618857778266,298.15193491331377
6.877760928143367,1.5,300.315864417739,298.26201036535423,298.15194052607137
6.881386526945762,1.5,300.31638456158123,298.26213500051006,298.151946150241
6.8850121257481565,1.5,300.3169045899516,298.26225968326276,298.1519517858345
6.888637724550551,1.5,300.31742450294564,298.26238441358106,298.15195743286387
6.892263323352946,1.5,300.3179443006587,298.26250919143365,298.151963091341
6.895888922155341,1.5,300.31846398318595,298.2626340167894,298.15196876127783
6.8995145209577355,1.5,300.3189835506223,298.262758889617,298.15197444268625
6.90314011976013,1.5,300.31950300306266,298.2628838098852,298.1519801355782
6.906765718562525,1.5,300.3200223406016,298.2630087775628,298.1519858399656
6.91039131736492,1.5,300.3205415633336,298.26313379261865,298.1519915558603
6.914016916167315,1.5,300.3210606713529,298.26325885502155,298.15199728327434
6.917642514969709,1.5,300.32157966475364,298.2633839647404,298.15200302221945
6.921268113772104,1.5,300.3220985436298,298.26350912174394,298.15200877270763
6.924893712574499,1.5,300.322617308075,298.2636343260011,298.1520145347507
6.928519311376894,1.5,300.3231359581829,298.2637595774808,298.15202030836065
6.9321449101792885,1.5,300.3236544940469,298.26388487615185,298.1520260935492
6.935770508981683,1.5,300.3241729157602,298.2640102219831,298.1520318903284
6.939396107784078,1.5,300.324691223416,298.2641356149436,298.15203769871
6.943021706586473,1.5,300.32520941710703,298.26426105500224,298.15204351870585
6.9466473053888675,1.5,300.32572749692605,298.26438654212797,298.1520493503279
6.950272904191262,1.5,300.32624546296563,298.26451207628963,298.15205519358807
6.953898502993657,1.5,300.32676331531815,298.2646376574564,298.152061048498
6.957524101796052,1.5,300.32728105407585,298.2647632855971,298.15206691506967
6.961149700598447,1.5,300.3277986793307,298.2648889606808,298.1520727933149
6.964775299400841,1.5,300.3283161911746,298.2650146826765,298.15207868324546
6.968400898203236,1.5,300.3288335896993,298.26514045155324,298.15208458487336
6.972026497005631,1.5,300.32935087499624,298.2652662672801,298.1520904982103
6.975652095808026,1.5,300.32986804715694,298.26539212982607,298.15209642326806
6.9792776946104205,1.5,300.33038510627233,298.2655180391602,298.15210236005856
6.982903293412815,1.5,300.33090205243366,298.26564399525165,298.1521083085936
6.98652889221521,1.5,300.3314188857318,298.26576999806946,298.1521142688849
6.990154491017605,1.5,300.33193560625733,298.26589604758277,298.1521202409443
6.9937800898199995,1.5,300.33245221410084,298.2660221437607,298.15212622478373
6.997405688622394,1.5,300.3329687093526,298.26614828657233,298.1521322204148
7.001031287424789,1.5,300.33348509210293,298.26627447598696,298.15213822784943
7.004656886227184,1.5,300.3340013624419,298.2664007119735,298.15214424709933
7.008282485029579,1.5,300.33451752045926,298.2665269945014,298.15215027817624
7.011908083831973,1.5,300.33503356624476,298.26665332353974,298.152156321092
7.015533682634368,1.5,300.335549499888,298.2667796990577,298.1521623758584
7.019159281436763,1.5,300.33606532147826,298.26690612102453,298.15216844248715
7.022784880239158,1.5,300.33658103110486,298.2670325894094,298.1521745209901
7.0264104790415525,1.5,300.3370966288567,298.26715910418164,298.1521806113789
7.030036077843947,1.5,300.33761211482295,298.26728566531057,298.1521867136654
7.033661676646342,1.5,300.3381274890921,298.2674122727653,298.1521928278612
7.037287275448737,1.5,300.3386427517528,298.2675389265152,298.1521989539782
7.0409128742511315,1.5,300.3391579028934,298.2676656265296,298.15220509202805
7.044538473053526,1.5,300.33967294260236,298.2677923727777,298.1522112420225
7.048164071855921,1.5,300.3401878709676,298.26791916522905,298.1522174039732
7.051789670658316,1.5,300.340702688077,298.2680460038527,298.1522235778921
7.055415269460711,1.5,300.3412173940185,298.26817288861827,298.15222976379056
7.059040868263105,1.5,300.34173198887953,298.268299819495,298.15223596168056
7.0626664670655,1.5,300.34224647274766,298.2684267964523,298.1522421715738
7.066292065867895,1.5,300.3427608457102,298.2685538194595,298.15224839348184
7.06991766467029,1.5,300.3432751078543,298.2686808884861,298.1522546274165
7.0735432634726845,1.5,300.3437892592669,298.26880800350153,298.1522608733893
7.077168862275079,1.5,300.3443033000348,298.2689351644751,298.1522671314121
7.080794461077474,1.5,300.3448172302447,298.2690623713765,298.15227340149653
7.084420059879869,1.5,300.3453310499832,298.26918962417494,298.15227968365417
7.0880456586822636,1.5,300.3458447593366,298.2693169228401,298.15228597789684
7.091671257484658,1.5,300.3463583583911,298.2694442673413,298.1522922842361
7.095296856287053,1.5,300.3468718472327,298.2695716576482,298.15229860268374
7.098922455089448,1.5,300.34738522594733,298.2696990937302,298.15230493325123
7.102548053891843,1.5,300.3478984946208,298.2698265755569,298.1523112759503
7.106173652694237,1.5,300.34841165333864,298.2699541030978,298.15231763079265
7.109799251496632,1.5,300.3489247021863,298.27008167632255,298.15232399778984
7.113424850299027,1.5,300.34943764124904,298.27020929520063,298.15233037695356
7.117050449101422,1.5,300.34995047061204,298.2703369597017,298.1523367682953
7.1206760479038165,1.5,300.35046319036024,298.2704646697953,298.15234317182683
7.124301646706211,1.5,300.35097580057845,298.270592425451,298.1523495875598
7.127927245508606,1.5,300.3514883013514,298.2707202266386,298.15235601550575
7.131552844311001,1.5,300.35200069276357,298.2708480733276,298.15236245567615
7.1351784431133956,1.5,300.35251297489935,298.2709759654877,298.15236890808285
7.13880404191579,1.5,300.35302514784297,298.27110390308854,298.15237537273737
7.142429640718185,1.5,300.35353721167854,298.2712318860998,298.15238184965114
7.14605523952058,1.5,300.35404916649,298.2713599144913,298.1523883388359
7.149680838322975,1.5,300.35456101236105,298.27148798823265,298.15239484030326
7.153306437125369,1.5,300.3550727493753,298.27161610729354,298.1524013540647
7.156932035927764,1.5,300.35558437761637,298.27174427164374,298.1524078801318
7.160557634730159,1.5,300.3560958971674,298.27187248125307,298.15241441851623
7.164183233532554,1.5,300.35660730811173,298.2720007360912,298.15242096922935
7.1678088323349485,1.5,300.3571186105324,298.2721290361279,298.1524275322829
7.171434431137343,1.5,300.35762980451216,298.272257381333,298.1524341076883
7.175060029939738,1.5,300.3581408901339,298.2723857716763,298.1524406954572
7.178685628742133,1.5,300.35865186748015,298.27251420712764,298.15244729560106
7.1823112275445276,1.5,300.3591627366334,298.27264268765686,298.1524539081314
7.185936826346922,1.5,300.35967349767583,298.2727712132337,298.15246053305987
7.189562425149317,1.5,300.36018415068986,298.27289978382817,298.15246717039787
7.193188023951712,1.5,300.3606946957573,298.2730283994101,298.15247382015696
7.196813622754107,1.5,300.36120513296004,298.2731570599493,298.1524804823486
7.200439221556501,1.5,300.3617154623799,298.2732857654158,298.15248715698436
7.204064820358896,1.5,300.3622256840984,298.27341451577934,298.1524938440757
7.207690419161291,1.5,300.362735798197,298.27354331101,298.1525005436341
7.211316017963686,1.5,300.36324580475696,298.2736721510776,298.15250725567114
7.2149416167660805,1.5,300.36375570385945,298.2738010359522,298.1525139801982
7.218567215568475,1.5,300.36426549558564,298.27392996560366,298.1525207172268
7.22219281437087,1.5,300.3647751800162,298.27405894000213,298.1525274667684
7.225818413173265,1.5,300.365284757232,298.2741879591174,298.15253422883444
7.22944401197566,1.5,300.3657942273136,298.2743170229196,298.15254100343645
7.233069610778054,1.5,300.3663035903413,298.27444613137874,298.15254779058586
7.236695209580449,1.5,300.3668128463956,298.27457528446485,298.1525545902941
7.240320808382844,1.5,300.3673219955566,298.27470448214797,298.15256140257253
7.243946407185239,1.5,300.36783103790435,298.2748337243982,298.15256822743277
7.247572005987633,1.5,300.36833997351874,298.2749630111856,298.15257506488615
7.251197604790028,1.5,300.3688488024795,298.27509234248026,298.15258191494405
7.254823203592423,1.5,300.3693575248662,298.2752217182522,298.152588777618
7.258448802394818,1.5,300.36986614075835,298.2753511384716,298.1525956529194
7.2620744011972125,1.5,300.3703746502354,298.27548060310863,298.15260254085956
7.265699999999607,1.5,300.3708830533764,298.27561011213334,298.15260944144995
7.269325598802002,1.5,300.37139135026047,298.2757396655159,298.152616354702
7.272951197604397,1.5,300.3718995409666,298.27586926322664,298.15262328062704
7.276576796406792,1.5,300.37240762557343,298.2759989052356,298.15263021923647
7.280202395209186,1.5,300.37291560415974,298.276128591513,298.1526371705417
7.283827994011581,1.5,300.373423476804,298.27625832202904,298.1526441345541
7.287453592813976,1.5,300.3739312435846,298.276388096754,298.1526511112851
7.291079191616371,1.5,300.3744389045798,298.27651791565796,298.1526581007459
7.294704790418765,1.5,300.3749464598676,298.2766477787114,298.152665102948
7.29833038922116,1.5,300.3754539095262,298.2767776858844,298.1526721179027
7.301955988023555,1.5,300.3759612536332,298.2769076371473,298.15267914562133
7.30558158682595,1.5,300.37646849226644,298.27703763247047,298.1526861861153
7.3092071856283445,1.5,300.37697562550346,298.2771676718241,298.1526932393959
7.312832784430739,1.5,300.37748265342174,298.27729775517855,298.15270030547447
7.316458383233134,1.5,300.3779895760985,298.2774278825042,298.1527073843623
7.320083982035529,1.5,300.37849639361104,298.2775580537714,298.1527144760707
7.323709580837924,1.5,300.37900310603635,298.2776882689504,298.15272158061106
7.327335179640318,1.5,300.3795097134513,298.2778185280116,298.15272869799463
7.330960778442713,1.5,300.3800162159327,298.2779488309254,298.1527358282328
7.334586377245108,1.5,300.38052261355716,298.2780791776624,298.1527429713367
7.338211976047503,1.5,300.38102890640124,298.2782095681927,298.15275012731774
7.341837574849897,1.5,300.38153509454133,298.27834000248686,298.1527572961872
7.345463173652292,1.5,300.38204117805367,298.2784704805154,298.1527644779563
7.349088772454687,1.5,300.3825471570144,298.2786010022487,298.15277167263633
7.352714371257082,1.5,300.3830530314995,298.27873156765725,298.15277888023854
7.3563399700594765,1.5,300.3835588015848,298.2788621767114,298.1527861007743
7.359965568861871,1.5,300.3840644673461,298.2789928293818,298.15279333425474
7.363591167664266,1.5,300.384570028859,298.279123525639,298.1528005806911
7.367216766466661,1.5,300.38507548619896,298.2792542654533,298.15280784009474
7.370842365269056,1.5,300.3855808394413,298.2793850487954,298.15281511247684
7.37446796407145,1.5,300.3860860886613,298.27951587563587,298.1528223978486
7.378093562873845,1.5,300.38659123393404,298.2796467459452,298.15282969622126
7.38171916167624,1.5,300.38709627533444,298.27977765969393,298.15283700760597
7.385344760478635,1.5,300.38760121293745,298.27990861685277,298.15284433201407
7.388970359281029,1.5,300.38810604681765,298.2800396173922,298.1528516694567
7.392595958083424,1.5,300.3886107770497,298.28017066128297,298.1528590199451
7.396221556885819,1.5,300.3891154037081,298.28030174849556,298.1528663834904
7.399847155688214,1.5,300.3896199268671,298.28043287900067,298.1528737601039
7.4034727544906085,1.5,300.39012434660106,298.28056405276897,298.1528811497966
7.407098353293003,1.5,300.39062866298383,298.2806952697711,298.15288855257984
7.410723952095398,1.5,300.3911328760896,298.28082652997784,298.1528959684647
7.414349550897793,1.5,300.3916369859921,298.28095783335976,298.1529033974624
7.417975149700188,1.5,300.39214099276506,298.2810891798876,298.152910839584
7.421600748502582,1.5,300.392644896482,298.2812205695322,298.15291829484084
7.425226347304977,1.5,300.3931486972164,298.2813520022641,298.1529257632439
7.428851946107372,1.5,300.3936523950418,298.28148347805427,298.15293324480444
7.432477544909767,1.5,300.39415599003115,298.2816149968733,298.1529407395335
7.436103143712161,1.5,300.39465948225774,298.281746558692,298.1529482474422
7.439728742514556,1.5,300.3951628717944,298.2818781634812,298.15295576854174
7.443354341316951,1.5,300.39566615871405,298.28200981121176,298.15296330284315
7.446979940119346,1.5,300.39616934308947,298.28214150185437,298.15297085035763
7.4506055389217405,1.5,300.39667242499314,298.28227323537993,298.1529784110962
7.454231137724135,1.5,300.39717540449766,298.28240501175924,298.15298598506996
7.45785673652653,1.5,300.3976782816753,298.2825368309632,298.15299357229014
7.461482335328925,1.5,300.39818105659845,298.2826686929627,298.1530011727677
7.46510793413132,1.5,300.3986837293391,298.28280059772857,298.1530087865136
7.468733532933714,1.5,300.39918629996936,298.28293254523174,298.15301641353915
7.472359131736109,1.5,300.39968876856096,298.28306453544315,298.15302405385535
7.475984730538504,1.5,300.4001911351858,298.28319656833366,298.15303170747325
7.479610329340899,1.5,300.4006933999155,298.28332864387426,298.1530393744039
7.483235928143293,1.5,300.40119556282156,298.2834607620359,298.1530470546582
7.486861526945688,1.5,300.40169762397545,298.28359292278947,298.1530547482474
7.490487125748083,1.5,300.40219958344835,298.28372512610605,298.1530624551825
7.494112724550478,1.5,300.40270144131154,298.28385737195657,298.1530701754745
7.4977383233528725,1.5,300.403203197636,298.2839896603121,298.1530779091344
7.501363922155267,1.5,300.40370485249264,298.2841219911436,298.1530856561731
7.504989520957662,1.5,300.4042064059524,298.28425436442205,298.1530934166019
7.508615119760057,1.5,300.4047078580859,298.2843867801186,298.1531011904316
7.512240718562452,1.5,300.4052092089637,298.2845192382043,298.15310897767324
7.515866317364846,1.5,300.40571045865636,298.28465173865015,298.15311677833785
7.519491916167241,1.5,300.4062116072342,298.2847842814274,298.1531245924363
7.523117514969636,1.5,300.40671265476743,298.28491686650693,298.1531324199798
7.526743113772031,1.5,300.40721360132613,298.28504949386,298.15314026097906
7.530368712574425,1.5,300.4077144469804,298.28518216345765,298.1531481154452
7.53399431137682,1.5,300.40821519180014,298.28531487527107,298.1531559833891
7.537619910179215,1.5,300.40871583585505,298.2854476292714,298.15316386482186
7.54124550898161,1.5,300.4092163792148,298.2855804254298,298.15317175975423
7.5448711077840045,1.5,300.40971682194896,298.2857132637176,298.1531796681973
7.548496706586399,1.5,300.410217164127,298.2858461441057,298.15318759016196
7.552122305388794,1.5,300.4107174058181,298.2859790665656,298.15319552565916
7.555747904191189,1.5,300.41121754709167,298.2861120310683,298.15320347469975
7.559373502993584,1.5,300.4117175880167,298.2862450375851,298.1532114372947
7.562999101795978,1.5,300.41221752866215,298.28637808608727,298.15321941345496
7.566624700598373,1.5,300.4127173690969,298.2865111765461,298.15322740319135
7.570250299400768,1.5,300.4132171093898,298.28664430893286,298.1532354065148
7.573875898203163,1.5,300.4137167496094,298.28677748321877,298.1532434234362
7.577501497005557,1.5,300.41421628982425,298.28691069937526,298.1532514539665
7.581127095807952,1.5,300.4147157301027,298.28704395737344,298.1532594981165
7.584752694610347,1.5,300.4152150705132,298.28717725718485,298.153267555897
7.588378293412742,1.5,300.4157143111239,298.2873105987807,298.15327562731903
7.5920038922151365,1.5,300.4162134520028,298.2874439821324,298.1532837123934
7.595629491017531,1.5,300.416712493218,298.2875774072113,298.15329181113094
7.599255089819926,1.5,300.41721143483727,298.2877108739888,298.1532999235424
7.602880688622321,1.5,300.41771027692846,298.2878443824362,298.1533080496388
7.606506287424716,1.5,300.4182090195592,298.28797793252505,298.1533161894309
7.61013188622711,1.5,300.4187076627969,298.28811152422674,298.15332434292947
7.613757485029505,1.5,300.4192062067092,298.2882451575126,298.1533325101454
7.6173830838319,1.5,300.41970465136325,298.2883788323542,298.1533406910895
7.621008682634295,1.5,300.4202029968264,298.288512548723,298.1533488857725
7.624634281436689,1.5,300.4207012431656,298.28864630659046,298.1533570942053
7.628259880239084,1.5,300.42119939044795,298.28878010592797,298.1533653163986
7.631885479041479,1.5,300.42169743874035,298.28891394670717,298.1533735523633
7.635511077843874,1.5,300.4221953881095,298.2890478288994,298.15338180211006
7.6391366766462685,1.5,300.42269323862223,298.28918175247645,298.1533900656498
7.642762275448663,1.5,300.4231909903449,298.28931571740964,298.1533983429931
7.646387874251058,1.5,300.42368864334406,298.2894497236706,298.1534066341509
7.650013473053453,1.5,300.42418619768614,298.289583771231,298.1534149391338
7.653639071855848,1.5,300.4246836534373,298.28971786006224,298.1534232579527
7.657264670658242,1.5,300.4251810106636,298.289851990136,298.1534315906183
7.660890269460637,1.5,300.4256782694313,298.2899861614239,298.1534399371413
7.664515868263032,1.5,300.4261754298061,298.2901203738976,298.15344829753235
7.668141467065427,1.5,300.426672491854,298.2902546275286,298.15345667180236
7.671767065867821,1.5,300.4271694556407,298.2903889222888,298.1534650599619
7.675392664670216,1.5,300.42766632123175,298.29052325814956,298.1534734620217
7.679018263472611,1.5,300.4281630886926,298.2906576350828,298.1534818779925
7.682643862275006,1.5,300.42865975808877,298.2907920530601,298.15349030788497
7.6862694610774005,1.5,300.4291563294855,298.2909265120532,298.15349875170983
7.689895059879795,1.5,300.429652802948,298.2910610120338,298.15350720947777
7.69352065868219,1.5,300.43014917854146,298.2911955529736,298.15351568119945
7.697146257484585,1.5,300.4306454563307,298.2913301348444,298.15352416688546
7.70077185628698,1.5,300.43114163638074,298.291464757618,298.1535326665466
7.704397455089374,1.5,300.43163771875624,298.2915994212659,298.1535411801935
7.708023053891769,1.5,300.4321337035221,298.2917341257603,298.15354970783665
7.711648652694164,1.5,300.43262959074264,298.2918688710727,298.1535582494869
7.715274251496559,1.5,300.4331253804825,298.2920036571751,298.15356680515475
7.718899850298953,1.5,300.433621072806,298.2921384840391,298.15357537485096
7.722525449101348,1.5,300.43411666777746,298.2922733516367,298.15358395858607
7.726151047903743,1.5,300.434612165461,298.29240825993975,298.15359255637065
7.729776646706138,1.5,300.4351075659207,298.2925432089201,298.1536011682153
7.7334022455085325,1.5,300.43560286922053,298.2926781985496,298.1536097941308
7.737027844310927,1.5,300.43609807542447,298.2928132288001,298.15361843412757
7.740653443113322,1.5,300.4365931845961,298.2929482996436,298.1536270882163
7.744279041915717,1.5,300.4370881967992,298.293083411052,298.1536357564075
7.747904640718112,1.5,300.4375831120974,298.2932185629972,298.1536444387118
7.751530239520506,1.5,300.4380779305541,298.29335375545116,298.1536531351398
7.755155838322901,1.5,300.43857265223255,298.2934889883858,298.1536618457019
7.758781437125296,1.5,300.4390672771962,298.2936242617732,298.15367057040885
7.762407035927691,1.5,300.4395618055082,298.2937595755852,298.15367930927107
7.766032634730085,1.5,300.44005623723166,298.2938949297939,298.1536880622991
7.76965823353248,1.5,300.4405505724294,298.2940303243713,298.15369682950364
7.773283832334875,1.5,300.4410448111644,298.2941657592894,298.1537056108951
7.77690943113727,1.5,300.44153895349933,298.2943012345202,298.15371440648397
7.7805350299396645,1.5,300.4420329994971,298.2944367500359,298.1537232162808
7.784160628742059,1.5,300.44252694922005,298.2945723058084,298.1537320402961
7.787786227544454,1.5,300.44302080273076,298.2947079018099,298.1537408785405
7.791411826346849,1.5,300.4435145600917,298.29484353801246,298.15374973102416
7.795037425149244,1.5,300.4440082213651,298.29497921438815,298.1537585977579
7.798663023951638,1.5,300.4445017866131,298.29511493090916,298.1537674787521
7.802288622754033,1.5,300.4449952558978,298.29525068754754,298.1537763740171
7.805914221556428,1.5,300.44548862928133,298.29538648427547,298.1537852835636
7.809539820358823,1.5,300.44598190682547,298.2955223210651,298.1537942074019
7.813165419161217,1.5,300.44647508859214,298.29565819788866,298.15380314554255
7.816791017963612,1.5,300.44696817464296,298.2957941147183,298.15381209799585
7.820416616766007,1.5,300.4474611650395,298.2959300715262,298.15382106477244
7.824042215568402,1.5,300.4479540598435,298.29606606828463,298.15383004588256
7.8276678143707965,1.5,300.44844685911613,298.29620210496574,298.15383904133677
7.831293413173191,1.5,300.4489395629189,298.29633818154184,298.15384805114553
7.834919011975586,1.5,300.449432171313,298.29647429798507,298.1538570753191
7.838544610777981,1.5,300.4499246843596,298.29661045426786,298.15386611386793
7.842170209580376,1.5,300.4504171021197,298.2967466503625,298.1538751668025
7.84579580838277,1.5,300.4509094246543,298.29688288624106,298.1538842341331
7.849421407185165,1.5,300.45140165202423,298.297019161876,298.15389331587016
7.85304700598756,1.5,300.45189378429023,298.2971554772397,298.15390241202414
7.856672604789955,1.5,300.45238582151313,298.2972918323043,298.15391152260526
7.860298203592349,1.5,300.45287776375335,298.2974282270424,298.15392064762403
7.863923802394744,1.5,300.4533696110715,298.29756466142624,298.15392978709076
7.867549401197139,1.5,300.4538613635279,298.2977011354281,298.1539389410158
7.871174999999534,1.5,300.4543530211829,298.29783764902055,298.1539481094094
7.8748005988019285,1.5,300.45484458409663,298.2979742021758,298.153957292282
7.878426197604323,1.5,300.45533605232936,298.29811079486643,298.1539664896439
7.882051796406718,1.5,300.455827425941,298.2982474270648,298.15397570150543
7.885677395209113,1.5,300.4563187049916,298.2983840987433,298.15398492787693
7.889302994011508,1.5,300.4568098895409,298.29852080987456,298.1539941687687
7.892928592813902,1.5,300.45730097964866,298.2986575604309,298.15400342419105
7.896554191616297,1.5,300.4577919753746,298.29879435038475,298.15401269415423
7.900179790418692,1.5,300.45828287677836,298.29893117970875,298.15402197866854
7.903805389221087,1.5,300.4587736839193,298.2990680483754,298.1540312777443
7.907430988023481,1.5,300.4592643968569,298.2992049563571,298.15404059139183
7.911056586825876,1.5,300.4597550156504,298.2993419036265,298.15404991962123
7.914682185628271,1.5,300.4602455403591,298.2994788901561,298.1540592624429
7.918307784430666,1.5,300.460735971042,298.2996159159184,298.154068619867
7.9219333832330605,1.5,300.46122630775835,298.2997529808861,298.15407799190393
7.925558982035455,1.5,300.46171655056685,298.29989008503173,298.1540873785638
7.92918458083785,1.5,300.4622066995265,298.30002722832796,298.15409677985696
7.932810179640245,1.5,300.462696754696,298.30016441074724,298.1541061957935
7.93643577844264,1.5,300.46318671613415,298.3003016322624,298.15411562638366
7.940061377245034,1.5,300.4636765838994,298.30043889284593,298.1541250716377
7.943686976047429,1.5,300.4641663580504,298.3005761924706,298.1541345315658
7.947312574849824,1.5,300.46465603864544,298.30071353110895,298.1541440061781
7.950938173652219,1.5,300.46514562574293,298.3008509087338,298.15415349548493
7.954563772454613,1.5,300.46563511940104,298.30098832531775,298.15416299949635
7.958189371257008,1.5,300.46612451967803,298.3011257808336,298.1541725182227
7.961814970059403,1.5,300.4666138266319,298.301263275254,298.154182051674
7.965440568861798,1.5,300.46710304032064,298.3014008085517,298.1541915998605
7.9690661676641925,1.5,300.4675921608021,298.30153838069947,298.1542011627923
7.972691766466587,1.5,300.46808118813414,298.3016759916701,298.15421074047947
7.976317365268982,1.5,300.4685701223745,298.3018136414363,298.1542203329323
7.979942964071377,1.5,300.4690589635808,298.3019513299709,298.15422994016086
7.983568562873772,1.5,300.46954771181055,298.30208905724663,298.1542395621753
7.987194161676166,1.5,300.4700363671212,298.3022268232365,298.1542491989857
7.990819760478561,1.5,300.4705249295703,298.30236462791316,298.1542588506022
7.994445359280956,1.5,300.4710133992149,298.30250247124945,298.1542685170349
7.998070958083351,1.5,300.47150177611235,298.30264035321835,298.154278198294
8.001696556885745,1.5,300.47199006031974,298.3027782737927,298.1542878943894
8.005322155688141,1.5,300.47247825189413,298.3029162329453,298.15429760533135
8.008947754490537,1.5,300.4729663508924,298.3030542306491,298.1543073311298
8.012573353292932,1.5,300.4734543573715,298.303192266877,298.15431707179494
8.016198952095328,1.5,300.47394227138824,298.30333034160196,298.1543268273367
8.019824550897724,1.5,300.4744300929992,298.3034684547969,298.1543365977653
8.02345014970012,1.5,300.4749178222611,298.3036066064348,298.1543463830907
8.027075748502515,1.5,300.47540545923044,298.3037447964886,298.1543561833229
8.03070134730491,1.5,300.47589300396356,298.3038830249313,298.154365998472
8.034326946107306,1.5,300.47638045651706,298.3040212917358,298.154375828548
8.037952544909702,1.5,300.47686781694705,298.30415959687514,298.15438567356085
8.041578143712098,1.5,300.4773550853098,298.30429794032244,298.15439553352076
8.045203742514493,1.5,300.47784226166135,298.3044363220506,298.1544054084376
8.048829341316889,1.5,300.4783293460579,298.3045747420328,298.1544152983214
8.052454940119285,1.5,300.4788163385552,298.30471320024196,298.15442520318214
8.05608053892168,1.5,300.47930323920923,298.30485169665127,298.15443512302977
8.059706137724076,1.5,300.47979004807576,298.3049902312337,298.1544450578742
8.063331736526472,1.5,300.4802767652106,298.3051288039625,298.1544550077257
8.066957335328867,1.5,300.48076339066915,298.30526741481066,298.1544649725939
8.070582934131263,1.5,300.48124992450715,298.3054060637513,298.154474952489
8.074208532933659,1.5,300.48173636678,298.3055447507576,298.1544849474208
8.077834131736054,1.5,300.48222271754304,298.3056834758027,298.15449495739927
8.08145973053845,1.5,300.4827089768517,298.3058222388599,298.15450498243445
8.085085329340846,1.5,300.4831951447611,298.3059610399022,298.15451502253615
8.088710928143241,1.5,300.4836812213263,298.3060998789028,298.15452507771425
8.092336526945637,1.5,300.4841672066026,298.306238755835,298.1545351479788
8.095962125748033,1.5,300.4846531006448,298.306377670672,298.1545452333396
8.099587724550428,1.5,300.48513890350773,298.306516623387,298.1545553338066
8.103213323352824,1.5,300.4856246152464,298.3066556139532,298.15456544938974
8.10683892215522,1.5,300.4861102359155,298.306794642344,298.1545755800988
8.110464520957615,1.5,300.48659576556963,298.30693370853254,298.1545857259437
8.11409011976001,1.5,300.4870812042634,298.3070728124922,298.1545958869344
8.117715718562406,1.5,300.48756655205136,298.30721195419625,298.15460606308056
8.121341317364802,1.5,300.48805180898785,298.307351133618,298.1546162543922
8.124966916167198,1.5,300.48853697512726,298.30749035073075,298.1546264608792
8.128592514969593,1.5,300.48902205052383,298.3076296055078,298.1546366825512
8.132218113771989,1.5,300.4895070352319,298.3077688979226,298.1546469194182
8.135843712574385,1.5,300.4899919293054,298.3079082279485,298.15465717149
8.13946931137678,1.5,300.49047673279836,298.3080475955588,298.1546674387764
8.143094910179176,1.5,300.49096144576487,298.30818700072706,298.1546777212872
8.146720508981572,1.5,300.4914460682587,298.30832644342655,298.1546880190322
8.150346107783967,1.5,300.4919306003337,298.3084659236307,298.15469833202127
8.153971706586363,1.5,300.49241504204366,298.308605441313,298.15470866026413
8.157597305388759,1.5,300.4928993934421,298.30874499644676,298.1547190037706
8.161222904191154,1.5,300.49338365458266,298.30888458900563,298.15472936255037
8.16484850299355,1.5,300.49386782551875,298.30902421896303,298.15473973661335
8.168474101795946,1.5,300.49435190630396,298.30916388629237,298.1547501259692
8.172099700598341,1.5,300.49483589699145,298.3093035909672,298.15476053062775
8.175725299400737,1.5,300.4953197976346,298.3094433329611,298.1547709505986
8.179350898203133,1.5,300.4958036082865,298.3095831122474,298.1547813858916
8.182976497005528,1.5,300.4962873290004,298.30972292879994,298.15479183651655
8.186602095807924,1.5,300.49677095982923,298.30986278259195,298.15480230248306
8.19022769461032,1.5,300.497254500826,298.3100026735973,298.15481278380093
8.193853293412715,1.5,300.4977379520435,298.3101426017893,298.1548232804798
8.197478892215111,1.5,300.49822131353466,298.3102825671417,298.1548337925293
8.201104491017507,1.5,300.49870458535213,298.31042256962814,298.1548443199593
8.204730089819902,1.5,300.4991877675487,298.3105626092222,298.1548548627794
8.208355688622298,1.5,300.49967086017676,298.3107026858974,298.1548654209993
8.211981287424694,1.5,300.50015386328903,298.31084279962755,298.1548759946286
8.21560688622709,1.5,300.5006367769378,298.3109829503863,298.154886583677
8.219232485029485,1.5,300.5011196011755,298.3111231381472,298.1548971881543
8.22285808383188,1.5,300.50160233605436,298.311263362884,298.15490780807
8.226483682634276,1.5,300.5020849816267,298.3114036245704,298.15491844343376
8.230109281436672,1.5,300.5025675379445,298.3115439231801,298.1549290942553
8.233734880239068,1.5,300.50305000506,298.311684258687,298.1549397605441
8.237360479041463,1.5,300.50353238302506,298.31182463106467,298.15495044230994
8.240986077843859,1.5,300.5040146718917,298.3119650402868,298.1549611395624
8.244611676646254,1.5,300.50449687171175,298.3121054863273,298.15497185231095
8.24823727544865,1.5,300.5049789825369,298.3122459691599,298.15498258056533
8.251862874251046,1.5,300.50546100441903,298.31238648875836,298.1549933243351
8.255488473053441,1.5,300.5059429374096,298.3125270450966,298.1550040836298
8.259114071855837,1.5,300.5064247815602,298.31266763814835,298.1550148584591
8.262739670658233,1.5,300.5069065369224,298.3128082678875,298.1550256488325
8.266365269460628,1.5,300.5073882035476,298.3129489342878,298.1550364547596
8.269990868263024,1.5,300.50786978148705,298.31308963732323,298.15504727624995
8.27361646706542,1.5,300.5083512707921,298.3132303769676,298.15505811331303
8.277242065867815,1.5,300.5088326715139,298.31337115319485,298.1550689659585
8.280867664670211,1.5,300.5093139837036,298.31351196597876,298.1550798341958
8.284493263472607,1.5,300.50979520741225,298.31365281529344,298.15509071803444
8.288118862275002,1.5,300.5102763426909,298.3137937011127,298.15510161748404
8.291744461077398,1.5,300.51075738959037,298.31393462341043,298.155112532554
8.295370059879794,1.5,300.5112383481615,298.3140755821607,298.155123463254
8.29899565868219,1.5,300.5117192184551,298.31421657733733,298.1551344095933
8.302621257484585,1.5,300.51220000052194,298.31435760891446,298.15514537158157
8.30624685628698,1.5,300.51268069441255,298.3144986768661,298.15515634922815
8.309872455089376,1.5,300.5131613001776,298.31463978116614,298.15516734254265
8.313498053891772,1.5,300.51364181786744,298.3147809217887,298.15517835153446
8.317123652694168,1.5,300.5141222475326,298.31492209870777,298.1551893762131
8.320749251496563,1.5,300.5146025892234,298.3150633118973,298.15520041658795
8.324374850298959,1.5,300.5150828429902,298.31520456133154,298.15521147266844
8.328000449101355,1.5,300.51556300888296,298.3153458469844,298.1552225444641
8.33162604790375,1.5,300.51604308695215,298.31548716883015,298.1552336319843
8.335251646706146,1.5,300.51652307724765,298.3156285268427,298.15524473523845
8.338877245508542,1.5,300.51700297981955,298.31576992099633,298.155255854236
8.342502844310937,1.5,300.5174827947177,298.31591135126513,298.15526698898634
8.346128443113333,1.5,300.51796252199205,298.31605281762313,298.1552781394989
8.349754041915729,1.5,300.51844216169235,298.3161943200446,298.155289305783
8.353379640718124,1.5,300.51892171386834,298.31633585850375,298.1553004878481
8.35700523952052,1.5,300.5194011785697,298.3164774329746,298.1553116857035
8.360630838322916,1.5,300.51988055584604,298.31661904343144,298.1553228993587
8.364256437125311,1.5,300.5203598457469,298.31676068984854,298.1553341288229
8.367882035927707,1.5,300.52083904832165,298.31690237220005,298.1553453741056
8.371507634730103,1.5,300.52131816361987,298.3170440904602,298.15535663521604
8.375133233532498,1.5,300.5217971916906,298.3171858446032,298.1553679121637
8.378758832334894,1.5,300.52227613258344,298.3173276346035,298.15537920495774
8.38238443113729,1.5,300.52275498634725,298.3174694604351,298.15539051360753
8.386010029939685,1.5,300.5232337530314,298.3176113220726,298.15540183812243
8.38963562874208,1.5,300.5237124326848,298.3177532194901,298.15541317851176
8.393261227544476,1.5,300.5241910253565,298.3178951526619,298.1554245347848
8.396886826346872,1.5,300.52466953109547,298.31803712156244,298.15543590695086
8.400512425149268,1.5,300.52514794995045,298.318179126166,298.15544729501926
8.404138023951663,1.5,300.5256262819704,298.318321166447,298.15545869899915
8.407763622754059,1.5,300.52610452720387,298.3184632423797,298.15547011889987
8.411389221556455,1.5,300.5265826856996,298.3186053539386,298.1554815547307
8.41501482035885,1.5,300.5270607575062,298.3187475010981,298.15549300650105
8.418640419161246,1.5,300.52753874267216,298.3188896838325,298.1555044742199
8.422266017963642,1.5,300.528016641246,298.31903190211625,298.1555159578967
8.425891616766037,1.5,300.52849445327604,298.31917415592386,298.1555274575405
8.429517215568433,1.5,300.5289721788107,298.3193164452297,298.1555389731606
8.433142814370829,1.5,300.5294498178982,298.31945877000834,298.1555505047663
8.436768413173224,1.5,300.5299273705867,298.3196011302341,298.1555620523668
8.44039401197562,1.5,300.53040483692433,298.3197435258816,298.1555736159712
8.444019610778016,1.5,300.53088221695924,298.3198859569253,298.1555851955888
8.447645209580411,1.5,300.53135951073943,298.3200284233397,298.15559679122873
8.451270808382807,1.5,300.53183671831283,298.3201709250994,298.1556084029002
8.454896407185203,1.5,300.53231383972735,298.32031346217883,298.15562003061245
8.458522005987598,1.5,300.53279087503074,298.32045603455265,298.15563167437443
8.462147604789994,1.5,300.5332678242708,298.3205986421954,298.15564333419553
8.46577320359239,1.5,300.53374468749513,298.3207412850817,298.15565501008484
8.469398802394785,1.5,300.53422146475145,298.320883963186,298.15566670205146
8.473024401197181,1.5,300.53469815608725,298.3210266764831,298.15567841010454
8.476649999999577,1.5,300.5351747615502,298.3211694249475,298.15569013425323
8.480275598801972,1.5,300.5356512811875,298.3213122085539,298.15570187450663
8.483901197604368,1.5,300.53612771504663,298.32145502727695,298.15571363087383
8.487526796406764,1.5,300.5366040631749,298.32159788109124,298.15572540336404
8.49115239520916,1.5,300.5370803256195,298.32174076997154,298.15573719198625
8.494777994011555,1.5,300.5375565024277,298.32188369389246,298.15574899674965
8.49840359281395,1.5,300.5380325936466,298.3220266528288,298.1557608176632
8.502029191616346,1.5,300.5385085993232,298.3221696467552,298.15577265473615
8.505654790418742,1.5,300.53898451950454,298.3223126756464,298.1557845079774
8.509280389221137,1.5,300.5394603542375,298.32245573947716,298.1557963773961
8.512905988023533,1.5,300.53993610356906,298.3225988382223,298.15580826300123
8.516531586825929,1.5,300.54041176754595,298.3227419718565,298.1558201648019
8.520157185628324,1.5,300.54088734621484,298.3228851403545,298.1558320828072
8.52378278443072,1.5,300.5413628396226,298.32302834369125,298.1558440170261
8.527408383233116,1.5,300.54183824781575,298.32317158184145,298.1558559674676
8.531033982035511,1.5,300.5423135708408,298.32331485477994,298.1558679341407
8.534659580837907,1.5,300.5427888087444,298.3234581624816,298.1558799170545
8.538285179640303,1.5,300.54326396157285,298.3236015049212,298.1558919162179
8.541910778442698,1.5,300.54373902937255,298.3237448820737,298.15590393163995
8.545536377245094,1.5,300.54421401218985,298.3238882939139,298.1559159633297
8.54916197604749,1.5,300.54468891007105,298.32403174041673,298.15592801129594
8.552787574849885,1.5,300.5451637230623,298.32417522155714,298.1559400755479
8.556413173652281,1.5,300.54563845120964,298.3243187373099,298.1559521560943
8.560038772454677,1.5,300.5461130945593,298.3244622876501,298.1559642529443
8.563664371257072,1.5,300.54658765315725,298.3246058725526,298.15597636610664
8.567289970059468,1.5,300.5470621270494,298.32474949199235,298.1559884955904
8.570915568861864,1.5,300.5475365162817,298.3248931459444,298.1560006414045
8.57454116766426,1.5,300.5480108208999,298.32503683438364,298.15601280355787
8.578166766466655,1.5,300.54848504094986,298.3251805572851,298.15602498205936
8.58179236526905,1.5,300.5489591764773,298.3253243146238,298.15603717691795
8.585417964071446,1.5,300.54943322752786,298.3254681063748,298.1560493881425
8.589043562873842,1.5,300.5499071941471,298.32561193251314,298.1560616157419
8.592669161676238,1.5,300.5503810763806,298.32575579301374,298.1560738597251
8.596294760478633,1.5,300.5508548742738,298.32589968785175,298.15608612010095
8.599920359281029,1.5,300.5513285878722,298.32604361700226,298.15609839687824
8.603545958083425,1.5,300.55180221722105,298.3261875804404,298.156110690066
8.60717155688582,1.5,300.5522757623657,298.3263315781412,298.1561229996729
8.610797155688216,1.5,300.55274922335144,298.3264756100798,298.1561353257079
8.614422754490612,1.5,300.5532226002234,298.3266196762313,298.1561476681798
8.618048353293007,1.5,300.55369589302677,298.3267637765709,298.15616002709754
8.621673952095403,1.5,300.5541691018066,298.32690791107376,298.1561724024698
8.625299550897799,1.5,300.5546422266079,298.327052079715,298.1561847943055
8.628925149700194,1.5,300.5551152674755,298.3271962824698,298.1561972026134
8.63255074850259,1.5,300.5555882244545,298.32734051931345,298.1562096274023
8.636176347304986,1.5,300.55606109758963,298.32748479022104,298.156222068681
8.639801946107381,1.5,300.55653388692565,298.3276290951679,298.1562345264583
8.643427544909777,1.5,300.5570065925073,298.3277734341291,298.156247000743
8.647053143712172,1.5,300.5574792143792,298.32791780708004,298.1562594915439
8.650678742514568,1.5,300.5579517525861,298.328062213996,298.1562719988696
8.654304341316964,1.5,300.5584242071725,298.32820665485224,298.1562845227291
8.65792994011936,1.5,300.5588965781828,298.3283511296239,298.156297063131
8.661555538921755,1.5,300.5593688656615,298.3284956382865,298.156309620084
8.66518113772415,1.5,300.559841069653,298.3286401808151,298.15632219359696
8.668806736526546,1.5,300.56031319020155,298.3287847571853,298.1563347836786
8.672432335328942,1.5,300.5607852273515,298.32892936737227,298.15634739033754
8.676057934131338,1.5,300.5612571811471,298.32907401135145,298.1563600135825
8.679683532933733,1.5,300.56172905163237,298.3292186890982,298.1563726534223
8.683309131736129,1.5,300.5622008388515,298.3293634005879,298.1563853098655
8.686934730538525,1.5,300.5626725428485,298.3295081457959,298.15639798292085
8.69056032934092,1.5,300.5631441636674,298.3296529246976,298.15641067259713
8.694185928143316,1.5,300.56361570135203,298.3297977372685,298.15642337890284
8.697811526945712,1.5,300.56408715594637,298.329942583484,298.15643610184674
8.701437125748107,1.5,300.5645585274942,298.33008746331944,298.15644884143745
8.705062724550503,1.5,300.5650298160393,298.3302323767505,298.1564615976837
8.708688323352899,1.5,300.56550102162544,298.33037732375254,298.156474370594
8.712313922155294,1.5,300.5659721442961,298.330522304301,298.1564871601771
8.71593952095769,1.5,300.566443184095,298.33066731837147,298.15649996644163
8.719565119760086,1.5,300.5669141410657,298.3308123659394,298.15651278939623
8.723190718562481,1.5,300.56738501525166,298.3309574469804,298.15652562904927
8.726816317364877,1.5,300.56785580669634,298.33110256146983,298.15653848540967
8.730441916167273,1.5,300.56832651544306,298.3312477093835,298.15655135848584
8.734067514969668,1.5,300.5687971415352,298.33139289069675,298.15656424828643
8.737693113772064,1.5,300.56926768501603,298.3315381053853,298.15657715482
8.74131871257446,1.5,300.56973814592874,298.3316833534248,298.1565900780952
8.744944311376855,1.5,300.57020852431646,298.33182863479067,298.1566030181205
8.748569910179251,1.5,300.5706788202223,298.33197394945864,298.1566159749045
8.752195508981647,1.5,300.5711490336895,298.33211929740435,298.1566289484557
8.755821107784042,1.5,300.57161916476076,298.3322646786034,298.15664193878274
8.759446706586438,1.5,300.57208921347933,298.3324100930315,298.15665494589416
8.763072305388834,1.5,300.57255917988783,298.3325555406643,298.1566679697984
8.76669790419123,1.5,300.57302906402924,298.33270102147753,298.156681010504
8.770323502993625,1.5,300.57349886594636,298.3328465354469,298.1566940680194
8.77394910179602,1.5,300.5739685856819,298.332992082548,298.15670714235324
8.777574700598416,1.5,300.5744382232786,298.33313766275666,298.1567202335141
8.781200299400812,1.5,300.57490777877894,298.3332832760486,298.1567333415102
8.784825898203207,1.5,300.5753772522256,298.33342892239955,298.15674646635017
8.788451497005603,1.5,300.5758466436611,298.3335746017853,298.1567596080425
8.792077095807999,1.5,300.5763159531279,298.3337203141816,298.1567727665957
8.795702694610394,1.5,300.5767851806684,298.33386605956434,298.156785942018
8.79932829341279,1.5,300.577254326325,298.3340118379092,298.15679913431813
8.802953892215186,1.5,300.5777233901399,298.33415764919215,298.1568123435044
8.806579491017581,1.5,300.5781923721555,298.3343034933889,298.15682556958524
8.810205089819977,1.5,300.57866127241397,298.3344493704753,298.15683881256905
8.813830688622373,1.5,300.57913009095745,298.3345952804272,298.15685207246446
8.817456287424768,1.5,300.579598827828,298.3347412232206,298.15686534927954
8.821081886227164,1.5,300.58006748306775,298.3348871988312,298.15687864302305
8.82470748502956,1.5,300.58053605671864,298.335033207235,298.1568919537031
8.828333083831955,1.5,300.58100454882265,298.335179248408,298.15690528132825
8.831958682634351,1.5,300.58147295942166,298.335325322326,298.1569186259068
8.835584281436747,1.5,300.5819412885576,298.33547142896504,298.1569319874472
8.839209880239142,1.5,300.58240953627205,298.3356175683009,298.1569453659578
8.842835479041538,1.5,300.58287770260694,298.3357637403097,298.1569587614469
8.846461077843934,1.5,300.5833457876039,298.33590994496734,298.15697217392284
8.85008667664633,1.5,300.5838137913047,298.3360561822498,298.15698560339405
8.853712275448725,1.5,300.58428171375067,298.3362024521332,298.15699904986883
8.85733787425112,1.5,300.5847495549836,298.3363487545935,298.1570125133554
8.860963473053516,1.5,300.5852173150448,298.3364950896067,298.1570259938623
8.864589071855912,1.5,300.5856849939758,298.3366414571488,298.15703949139765
8.868214670658308,1.5,300.58615259181795,298.33678785719593,298.15705300596983
8.871840269460703,1.5,300.58662010861264,298.3369342897242,298.1570665375872
8.875465868263099,1.5,300.587087544401,298.33708075470963,298.1570800862579
8.879091467065495,1.5,300.58755489922453,298.33722725212834,298.1570936519904
8.88271706586789,1.5,300.5880221731242,298.3373737819564,298.15710723479276
8.886342664670286,1.5,300.5884893661413,298.33752034416995,298.15712083467344
8.889968263472682,1.5,300.5889564783168,298.3376669387452,298.1571344516406
8.893593862275077,1.5,300.5894235096917,298.3378135656582,298.15714808570254
8.897219461077473,1.5,300.5898904603071,298.3379602248852,298.15716173686747
8.900845059879869,1.5,300.590357330204,298.3381069164023,298.15717540514356
8.904470658682264,1.5,300.59082411942313,298.3382536401857,298.1571890905392
8.90809625748466,1.5,300.59129082800536,298.3384003962117,298.1572027930624
8.911721856287055,1.5,300.59175745599157,298.3385471844564,298.15721651272156
8.915347455089451,1.5,300.59222400342236,298.338694004896,298.15723024952484
8.918973053891847,1.5,300.59269047033854,298.3388408575069,298.1572440034804
8.922598652694242,1.5,300.5931568567807,298.33898774226526,298.1572577745964
8.926224251496638,1.5,300.59362316278947,298.3391346591473,298.15727156288114
8.929849850299034,1.5,300.59408938840534,298.33928160812945,298.1572853683427
8.93347544910143,1.5,300.59455553366894,298.33942858918783,298.15729919098925
8.937101047903825,1.5,300.5950215986206,298.33957560229885,298.15731303082896
8.94072664670622,1.5,300.5954875833007,298.3397226474388,298.15732688787
8.944352245508616,1.5,300.5959534877497,298.33986972458405,298.15734076212055
8.947977844311012,1.5,300.59641931200775,298.3400168337109,298.1573546535886
8.951603443113408,1.5,300.59688505611524,298.34016397479576,298.15736856228244
8.955229041915803,1.5,300.5973507201123,298.340311147815,298.15738248821015
8.958854640718199,1.5,300.5978163040391,298.3404583527449,298.15739643137977
8.962480239520595,1.5,300.5982818079358,298.340605589562,298.1574103917995
8.96610583832299,1.5,300.5987472318425,298.3407528582427,298.1574243694773
8.969731437125386,1.5,300.599212575799,298.34090015876336,298.15743836442147
8.973357035927782,1.5,300.5996778398455,298.3410474911004,298.15745237663987
8.976982634730177,1.5,300.60014302402186,298.3411948552304,298.15746640614077
8.980608233532573,1.5,300.600608128368,298.3413422511297,298.1574804529321
8.984233832334969,1.5,300.60107315292356,298.34148967877485,298.157494517022
8.987859431137364,1.5,300.60153809772856,298.3416371381422,298.1575085984184
8.99148502993976,1.5,300.60200296282255,298.34178462920846,298.1575226971294
8.995110628742156,1.5,300.60246774824526,298.34193215195006,298.15753681316323
8.998736227544551,1.5,300.60293245403636,298.34207970634355,298.15755094652764
9.002361826346947,1.5,300.6033970802354,298.3422272923654,298.15756509723076
9.005987425149343,1.5,300.60386162688206,298.3423749099923,298.1575792652807
9.009613023951738,1.5,300.6043260940157,298.3425225592007,298.1575934506853
9.013238622754134,1.5,300.60479048167576,298.3426702399672,298.15760765345254
9.01686422155653,1.5,300.6052547899017,298.34281795226843,298.15762187359064
9.020489820358925,1.5,300.6057190187329,298.3429656960811,298.15763611110737
9.02411541916132,1.5,300.60618316820864,298.3431134713817,298.1576503660108
9.027741017963717,1.5,300.60664723836817,298.34326127814677,298.15766463830886
9.031366616766112,1.5,300.60711122925073,298.3434091163532,298.1576789280095
9.034992215568508,1.5,300.6075751408955,298.3435569859775,298.1576932351207
9.038617814370904,1.5,300.60803897334165,298.3437048869964,298.1577075596503
9.0422434131733,1.5,300.60850272662816,298.3438528193866,298.1577219016064
9.045869011975695,1.5,300.6089664007942,298.34400078312467,298.1577362609969
9.04949461077809,1.5,300.60942999587866,298.3441487781875,298.1577506378296
9.053120209580486,1.5,300.6098935119205,298.34429680455173,298.15776503211254
9.056745808382882,1.5,300.61035694895867,298.3444448621941,298.15777944385354
9.060371407185277,1.5,300.610820307032,298.34459295109144,298.15779387306054
9.063997005987673,1.5,300.61128358617924,298.3447410712205,298.15780831974143
9.067622604790069,1.5,300.61174678643926,298.344889222558,298.15782278390407
9.071248203592464,1.5,300.61220990785074,298.34503740508063,298.15783726555634
9.07487380239486,1.5,300.61267295045235,298.34518561876547,298.1578517647061
9.078499401197256,1.5,300.6131359142827,298.3453338635892,298.15786628136124
9.082124999999651,1.5,300.6135987993805,298.34548213952854,298.15788081552955
9.085750598802047,1.5,300.61406160578406,298.34563044656045,298.157895367219
9.089376197604443,1.5,300.614524333532,298.34577878466183,298.15790993643725
9.093001796406838,1.5,300.61498698266286,298.34592715380955,298.1579245231922
9.096627395209234,1.5,300.61544955321494,298.34607555398037,298.1579391274917
9.10025299401163,1.5,300.61591204522665,298.3462239851513,298.1579537493436
9.103878592814025,1.5,300.61637445873623,298.3463724472992,298.1579683887556
9.107504191616421,1.5,300.6168367937821,298.346520940401,298.15798304573553
9.111129790418817,1.5,300.6172990504023,298.3466694644336,298.15799772029123
9.114755389221212,1.5,300.61776122863523,298.3468180193741,298.1580124124304
9.118380988023608,1.5,300.61822332851887,298.3469666051993,298.1580271221609
9.122006586826004,1.5,300.6186853500914,298.34711522188627,298.1580418494905
9.1256321856284,1.5,300.6191472933908,298.34726386941196,298.15805659442685
9.129257784430795,1.5,300.6196091584552,298.34741254775344,298.1580713569777
9.13288338323319,1.5,300.6200709453225,298.3475612568876,298.1580861371509
9.136508982035586,1.5,300.6205326540306,298.3477099967916,298.15810093495423
9.140134580837982,1.5,300.6209942846175,298.34785876744235,298.1581157503953
9.143760179640378,1.5,300.62145583712095,298.348007568817,298.15813058348186
9.147385778442773,1.5,300.62191731157867,298.3481564008926,298.1581454342216
9.151011377245169,1.5,300.6223787080286,298.3483052636463,298.1581603026222
9.154636976047565,1.5,300.62284002650824,298.34845415705496,298.1581751886915
9.15826257484996,1.5,300.62330126705535,298.348603081096,298.158190092437
9.161888173652356,1.5,300.62376242970765,298.3487520357463,298.15820501386645
9.165513772454752,1.5,300.62422351450266,298.34890102098313,298.15821995298757
9.169139371257147,1.5,300.62468452147783,298.34905003678347,298.1582349098081
9.172764970059543,1.5,300.62514545067074,298.3491990831247,298.15824988433553
9.176390568861938,1.5,300.62560630211885,298.3493481599839,298.15826487657756
9.180016167664334,1.5,300.6260670758595,298.3494972673381,298.15827988654183
9.18364176646673,1.5,300.6265277719302,298.3496464051647,298.1582949142361
9.187267365269125,1.5,300.6269883903681,298.3497955734409,298.1583099596678
9.190892964071521,1.5,300.6274489312106,298.34994477214383,298.1583250228447
9.194518562873917,1.5,300.6279093944949,298.3500940012508,298.1583401037743
9.198144161676312,1.5,300.6283697802582,298.350243260739,298.15835520246435
9.201769760478708,1.5,300.6288300885377,298.3503925505857,298.1583703189222
9.205395359281104,1.5,300.62929031937045,298.3505418707682,298.15838545315574
9.2090209580835,1.5,300.6297504727936,298.35069122126384,298.15840060517235
9.212646556885895,1.5,300.63021054884416,298.35084060204986,298.15841577497963
9.21627215568829,1.5,300.6306705475591,298.3509900131035,298.15843096258527
9.219897754490686,1.5,300.6311304689753,298.3511394544023,298.15844616799666
9.223523353293082,1.5,300.6315903131298,298.3512889259234,298.15846139122146
9.227148952095478,1.5,300.63205008005934,298.35143842764427,298.15847663226714
9.230774550897873,1.5,300.63250976980095,298.35158795954226,298.1584918911413
9.234400149700269,1.5,300.6329693823912,298.35173752159466,298.1585071678513
9.238025748502665,1.5,300.633428917867,298.351887113779,298.158522462405
9.24165134730506,1.5,300.6338883762649,298.35203673607253,298.1585377748096
9.245276946107456,1.5,300.63434775762164,298.35218638845276,298.1585531050727
9.248902544909852,1.5,300.63480706197385,298.35233607089714,298.1585684532019
9.252528143712247,1.5,300.63526628935807,298.35248578338314,298.15858381920447
9.256153742514643,1.5,300.6357254398109,298.35263552588816,298.15859920308804
9.259779341317039,1.5,300.63618451336885,298.3527852983896,298.1586146048601
9.263404940119434,1.5,300.63664351006827,298.3529351008651,298.15863002452807
9.26703053892183,1.5,300.6371024299457,298.35308493329205,298.1586454620994
9.270656137724226,1.5,300.63756127303736,298.35323479564795,298.1586609175816
9.274281736526621,1.5,300.6380200393798,298.3533846879104,298.158676390982
9.277907335329017,1.5,300.63847872900914,298.35353461005684,298.1586918823081
9.281532934131413,1.5,300.6389373419617,298.353684562065,298.15870739156736
9.285158532933808,1.5,300.6393958782738,298.3538345439122,298.1587229187672
9.288784131736204,1.5,300.6398543379814,298.3539845555762,298.1587384639149
9.2924097305386,1.5,300.6403127211208,298.3541345970345,298.15875402701806
9.296035329340995,1.5,300.640771027728,298.3542846682647,298.15876960808396
9.29966092814339,1.5,300.6412292578392,298.35443476924445,298.15878520712005
9.303286526945787,1.5,300.64168741149024,298.35458489995136,298.15880082413355
9.306912125748182,1.5,300.64214548871723,298.35473506036305,298.1588164591321
9.310537724550578,1.5,300.64260348955605,298.3548852504572,298.1588321121228
9.314163323352973,1.5,300.6430614140426,298.3550354702115,298.1588477831132
9.31778892215537,1.5,300.64351926221275,298.3551857196035,298.15886347211057
9.321414520957765,1.5,300.6439770341023,298.35533599861105,298.1588791791222
9.32504011976016,1.5,300.64443472974716,298.3554863072117,298.15889490415555
9.328665718562556,1.5,300.64489234918284,298.35563664538336,298.15891064721785
9.332291317364952,1.5,300.64534989244527,298.3557870131036,298.15892640831646
9.335916916167347,1.5,300.64580735957,298.35593741035024,298.1589421874587
9.339542514969743,1.5,300.6462647505926,298.356087837101,298.1589579846518
9.343168113772139,1.5,300.6467220655488,298.35623829333366,298.15897379990315
9.346793712574534,1.5,300.647179304474,298.35638877902596,298.15898963322
9.35041931137693,1.5,300.64763646740386,298.3565392941557,298.1590054846097
9.354044910179326,1.5,300.6480935543737,298.3566898387008,298.15902135407936
9.357670508981721,1.5,300.64855056541904,298.356840412639,298.1590372416363
9.361296107784117,1.5,300.64900750057524,298.35699101594804,298.1590531472879
9.364921706586513,1.5,300.64946435987775,298.35714164860593,298.15906907104136
9.368547305388908,1.5,300.6499211433618,298.35729231059037,298.15908501290386
9.372172904191304,1.5,300.6503778510627,298.35744300187946,298.15910097288264
9.3757985029937,1.5,300.65083448301556,298.3575937224508,298.15911695098504
9.379424101796095,1.5,300.6512910392558,298.35774447228255,298.15913294721815
9.383049700598491,1.5,300.6517475198184,298.3578952513524,298.15914896158927
9.386675299400887,1.5,300.6522039247386,298.35804605963835,298.1591649941055
9.390300898203282,1.5,300.65266025405145,298.3581968971184,298.15918104477413
9.393926497005678,1.5,300.653116507792,298.3583477637704,298.1591971136023
9.397552095808074,1.5,300.6535726859952,298.35849865957243,298.1592132005972
9.40117769461047,1.5,300.65402878869617,298.3586495845023,298.1592293057661
9.404803293412865,1.5,300.6544848159297,298.3588005385382,298.15924542911597
9.40842889221526,1.5,300.65494076773075,298.35895152165796,298.1592615706541
9.412054491017656,1.5,300.6553966441342,298.3591025338397,298.15927773038766
9.415680089820052,1.5,300.6558524451749,298.35925357506136,298.1592939083238
9.419305688622448,1.5,300.6563081708876,298.35940464530097,298.1593101044695
9.422931287424843,1.5,300.65676382130704,298.3595557445367,298.1593263188321
9.426556886227239,1.5,300.6572193964679,298.3597068727465,298.15934255141855
9.430182485029635,1.5,300.65767489640496,298.35985802990854,298.15935880223606
9.43380808383203,1.5,300.6581303211527,298.36000921600083,298.1593750712917
9.437433682634426,1.5,300.65858567074594,298.3601604310015,298.1593913585926
9.441059281436821,1.5,300.65904094521903,298.36031167488864,298.1594076641458
9.444684880239217,1.5,300.65949614460663,298.36046294764037,298.15942398795846
9.448310479041613,1.5,300.6599512689432,298.3606142492349,298.15944033003757
9.451936077844008,1.5,300.66040631826326,298.3607655796504,298.1594566903902
9.455561676646404,1.5,300.6608612926011,298.36091693886493,298.15947306902336
9.4591872754488,1.5,300.66131619199115,298.3610683268568,298.15948946594426
9.462812874251195,1.5,300.66177101646775,298.361219743604,298.1595058811599
9.466438473053591,1.5,300.66222576606526,298.36137118908493,298.1595223146772
9.470064071855987,1.5,300.6626804408179,298.3615226632777,298.1595387665033
9.473689670658382,1.5,300.6631350407599,298.3616741661606,298.1595552366452
9.477315269460778,1.5,300.6635895659256,298.3618256977118,298.1595717251099
9.480940868263174,1.5,300.6640440163489,298.3619772579097,298.15958823190437
9.48456646706557,1.5,300.6644983920641,298.3621288467324,298.15960475703565
9.488192065867965,1.5,300.66495269310536,298.3622804641583,298.1596213005107
9.49181766467036,1.5,300.66540691950655,298.36243211016557,298.1596378623365
9.495443263472756,1.5,300.66586107130183,298.3625837847327,298.1596544425202
9.499068862275152,1.5,300.66631514852514,298.3627354878378,298.1596710410685
9.502694461077548,1.5,300.6667691512105,298.36288721945937,298.1596876579885
9.506320059879943,1.5,300.66722307939165,298.3630389795757,298.1597042932872
9.509945658682339,1.5,300.6676769331026,298.3631907681651,298.1597209469714
9.513571257484735,1.5,300.66813071237715,298.36334258520606,298.15973761904814
9.51719685628713,1.5,300.66858441724906,298.36349443067684,298.15975430952426
9.520822455089526,1.5,300.6690380477523,298.36364630455586,298.15977101840684
9.524448053891922,1.5,300.66949160392033,298.36379820682157,298.15978774570266
9.528073652694317,1.5,300.66994508578705,298.3639501374524,298.15980449141864
9.531699251496713,1.5,300.6703984933861,298.3641020964266,298.1598212555617
9.535324850299109,1.5,300.67085182675095,298.3642540837229,298.1598380381388
9.538950449101504,1.5,300.67130508591544,298.3644060993196,298.1598548391567
9.5425760479039,1.5,300.6717582709129,298.3645581431952,298.15987165862236
9.546201646706296,1.5,300.672211381777,298.3647102153282,298.1598884965426
9.549827245508691,1.5,300.6726644185412,298.3648623156971,298.15990535292434
9.553452844311087,1.5,300.6731173812389,298.36501444428035,298.15992222777436
9.557078443113483,1.5,300.6735702699037,298.36516660105656,298.1599391210995
9.560704041915878,1.5,300.6740230845687,298.36531878600425,298.15995603290673
9.564329640718274,1.5,300.6744758252675,298.3654709991019,298.1599729632028
9.56795523952067,1.5,300.67492849203325,298.36562324032815,298.15998991199444
9.571580838323065,1.5,300.67538108489936,298.3657755096615,298.16000687928863
9.57520643712546,1.5,300.675833603899,298.36592780708065,298.16002386509206
9.578832035927856,1.5,300.6762860490654,298.36608013256404,298.16004086941155
9.582457634730252,1.5,300.6767384204318,298.36623248609044,298.1600578922539
9.586083233532648,1.5,300.6771907180312,298.3663848676383,298.16007493362594
9.589708832335043,1.5,300.6776429418968,298.36653727718647,298.1600919935344
9.593334431137439,1.5,300.67809509206177,298.36668971471346,298.16010907198614
9.596960029939835,1.5,300.67854716855896,298.3668421801979,298.16012616898774
9.60058562874223,1.5,300.6789991714216,298.36699467361865,298.16014328454605
9.604211227544626,1.5,300.6794511006825,298.3671471949542,298.1601604186679
9.607836826347022,1.5,300.67990295637463,298.36729974418336,298.1601775713599
9.611462425149417,1.5,300.68035473853087,298.3674523212848,298.1601947426289
9.615088023951813,1.5,300.6808064471842,298.3676049262373,298.1602119324815
9.618713622754209,1.5,300.6812580823673,298.36775755901954,298.1602291409245
9.622339221556604,1.5,300.6817096441132,298.3679102196102,298.16024636796465
9.625964820359,1.5,300.6821611324545,298.3680629079883,298.1602636136085
9.629590419161396,1.5,300.682612547424,298.36821562413235,298.1602808778628
9.633216017963791,1.5,300.6830638890544,298.36836836802127,298.1602981607344
9.636841616766187,1.5,300.68351515737834,298.3685211396338,298.16031546222973
9.640467215568583,1.5,300.68396635242846,298.36867393894875,298.16033278235557
9.644092814370978,1.5,300.6844174742375,298.3688267659451,298.16035012111865
9.647718413173374,1.5,300.68486852283775,298.36897962060146,298.16036747852553
9.65134401197577,1.5,300.68531949826206,298.3691325028969,298.16038485458296
9.654969610778165,1.5,300.6857704005427,298.3692854128101,298.1604022492975
9.658595209580561,1.5,300.6862212297123,298.3694383503201,298.16041966267574
9.662220808382957,1.5,300.6866719858032,298.3695913154056,298.1604370947244
9.665846407185352,1.5,300.6871226688479,298.36974430804565,298.16045454545
9.669472005987748,1.5,300.68757327887874,298.36989732821917,298.1604720148593
9.673097604790144,1.5,300.68802381592803,298.37005037590507,298.1604895029588
9.67672320359254,1.5,300.68847428002806,298.37020345108226,298.16050700975507
9.680348802394935,1.5,300.68892467121117,298.3703565537297,298.1605245352548
9.68397440119733,1.5,300.6893749895096,298.37050968382636,298.1605420794645
9.687599999999726,1.5,300.6898252349555,298.37066284135113,298.1605596423907
9.691225598802122,1.5,300.6902754075811,298.37081602628325,298.1605772240401
9.694851197604518,1.5,300.69072550741856,298.3709692386015,298.1605948244191
9.698476796406913,1.5,300.6911755345,298.3711224782849,298.1606124435344
9.702102395209309,1.5,300.6916254888575,298.37127574531263,298.16063008139236
9.705727994011704,1.5,300.692075370523,298.3714290396635,298.16064773799974
9.7093535928141,1.5,300.6925251795287,298.3715823613168,298.16066541336284
9.712979191616496,1.5,300.6929749159064,298.37173571025147,298.16068310748835
9.716604790418891,1.5,300.6934245796882,298.3718890864467,298.1607008203827
9.720230389221287,1.5,300.693874170906,298.37204248988144,298.16071855205246
9.723855988023683,1.5,300.6943236895916,298.37219592053486,298.16073630250406
9.727481586826078,1.5,300.6947731357769,298.37234937838605,298.160754071744
9.731107185628474,1.5,300.6952225094938,298.3725028634142,298.16077185977883
9.73473278443087,1.5,300.69567181077406,298.37265637559835,298.160789666615
9.738358383233265,1.5,300.69612103964937,298.3728099149178,298.16080749225887
9.741983982035661,1.5,300.6965701961515,298.3729634813516,298.16082533671704
9.745609580838057,1.5,300.6970192803122,298.373117074879,298.16084319999584
9.749235179640452,1.5,300.69746829216314,298.3732706954791,298.1608610821018
9.752860778442848,1.5,300.69791723173586,298.37342434313126,298.16087898304136
9.756486377245244,1.5,300.69836609906207,298.3735780178145,298.16089690282087
9.76011197604764,1.5,300.6988148941732,298.3737317195082,298.16091484144687
9.763737574850035,1.5,300.699263617101,298.3738854481916,298.16093279892567
9.76736317365243,1.5,300.6997122678768,298.37403920384384,298.16095077526376
9.770988772454826,1.5,300.7001608465322,298.37419298644426,298.1609687704675
9.774614371257222,1.5,300.7006093530986,298.37434679597214,298.1609867845432
9.778239970059618,1.5,300.7010577876074,298.37450063240675,298.16100481749737
9.781865568862013,1.5,300.70150615009004,298.37465449572744,298.16102286933636
9.785491167664409,1.5,300.7019544405778,298.37480838591347,298.16104094006647
9.789116766466805,1.5,300.70240265910206,298.3749623029442,298.1610590296942
9.7927423652692,1.5,300.7028508056942,298.37511624679894,298.1610771382258
9.796367964071596,1.5,300.70329888038526,298.37527021745717,298.16109526566754
9.799993562873992,1.5,300.7037468832067,298.37542421489803,298.161113412026
9.803619161676387,1.5,300.7041948141896,298.3755782391011,298.16113157730723
9.807244760478783,1.5,300.70464267336513,298.37573229004573,298.1611497615178
9.810870359281179,1.5,300.70509046076444,298.37588636771136,298.16116796466383
9.814495958083574,1.5,300.70553817641866,298.3760404720772,298.16118618675176
9.81812155688597,1.5,300.7059858203589,298.3761946031229,298.1612044277879
9.821747155688366,1.5,300.70643339261613,298.37634876082774,298.1612226877784
9.825372754490761,1.5,300.70688089322147,298.37650294517135,298.1612409667297
9.828998353293157,1.5,300.70732832220585,298.3766571561331,298.16125926464804
9.832623952095553,1.5,300.70777567960016,298.3768113936925,298.1612775815396
9.836249550897948,1.5,300.70822296543554,298.3769656578289,298.1612959174108
9.839875149700344,1.5,300.7086701797426,298.377119948522,298.16131427226776
9.84350074850274,1.5,300.70911732255246,298.3772742657513,298.16133264611676
9.847126347305135,1.5,300.70956439389585,298.37742860949623,298.1613510389642
9.85075194610753,1.5,300.71001139380354,298.37758297973636,298.1613694508161
9.854377544909926,1.5,300.71045832230647,298.37773737645125,298.16138788167876
9.858003143712322,1.5,300.7109051794352,298.37789179962044,298.1614063315584
9.861628742514718,1.5,300.71135196522044,298.3780462492236,298.1614248004613
9.865254341317113,1.5,300.71179867969306,298.37820072524016,298.16144328839357
9.868879940119509,1.5,300.71224532288363,298.3783552276499,298.1614617953615
9.872505538921905,1.5,300.71269189482274,298.3785097564324,298.16148032137113
9.8761311377243,1.5,300.713138395541,298.37866431156715,298.1614988664288
9.879756736526696,1.5,300.71358482506906,298.3788188930339,298.1615174305407
9.883382335329092,1.5,300.7140311834374,298.3789735008124,298.1615360137128
9.887007934131487,1.5,300.7144774706765,298.3791281348821,298.16155461595145
9.890633532933883,1.5,300.714923686817,298.3792827952228,298.1615732372627
9.894259131736279,1.5,300.715369831889,298.3794374818142,298.1615918776527
9.897884730538674,1.5,300.7158159059233,298.3795921946359,298.16161053712773
9.90151032934107,1.5,300.7162619089501,298.3797469336677,298.1616292156938
9.905135928143466,1.5,300.71670784099985,298.37990169888946,298.16164791335694
9.908761526945861,1.5,300.71715370210285,298.38005649028065,298.16166663012336
9.912387125748257,1.5,300.71759949228937,298.3802113078212,298.1616853659993
9.916012724550653,1.5,300.71804521158975,298.38036615149076,298.16170412099063
9.919638323353048,1.5,300.7184908600342,298.3805210212692,298.16172289510365
9.923263922155444,1.5,300.718936437653,298.38067591713633,298.16174168834425
9.92688952095784,1.5,300.7193819444762,298.38083083907185,298.1617605007187
9.930515119760235,1.5,300.7198273805341,298.38098578705564,298.1617793322329
9.934140718562631,1.5,300.72027274585685,298.3811407610675,298.16179818289305
9.937766317365027,1.5,300.7207180404744,298.3812957610873,298.1618170527051
9.941391916167422,1.5,300.72116326441693,298.3814507870949,298.1618359416752
9.945017514969818,1.5,300.72160841771455,298.38160583907006,298.1618548498093
9.948643113772214,1.5,300.7220535003971,298.38176091699273,298.16187377711344
9.95226871257461,1.5,300.7224985124948,298.3819160208428,298.1618927235937
9.955894311377005,1.5,300.7229434540374,298.3820711506002,298.1619116892561
9.9595199101794,1.5,300.723388325055,298.38222630624483,298.16193067410666
9.963145508981796,1.5,300.72383312557736,298.3823814877565,298.1619496781513
9.966771107784192,1.5,300.7242778556344,298.3825366951153,298.16196870139606
9.970396706586587,1.5,300.724722515256,298.3826919283011,298.161987743847
9.974022305388983,1.5,300.72516710447206,298.38284718729386,298.16200680551
9.977647904191379,1.5,300.7256116233122,298.3830024720736,298.16202588639106
9.981273502993774,1.5,300.7260560718063,298.38315778262023,298.1620449864962
9.98489910179617,1.5,300.726500449984,298.38331311891386,298.1620641058314
9.988524700598566,1.5,300.7269447578751,298.3834684809345,298.1620832444025
9.992150299400961,1.5,300.7273889955093,298.38362386866197,298.1621024022155
9.995775898203357,1.5,300.72783316291617,298.3837792820765,298.16212157927635
9.999401497005753,1.5,300.7282772601253,298.38393472115814,298.16214077559096
10.003027095808148,1.5,300.7287212871664,298.3840901858868,298.1621599911653
10.006652694610544,1.5,300.729165244069,298.3842456762427,298.1621792260052
10.01027829341294,1.5,300.7296091308626,298.38440119220587,298.16219848011673
10.013903892215335,1.5,300.7300529475768,298.3845567337563,298.16221775350556
10.017529491017731,1.5,300.7304966942409,298.38471230087436,298.1622370461778
10.021155089820127,1.5,300.7309403708846,298.38486789353993,298.16225635813913
10.024780688622522,1.5,300.7313839775372,298.3850235117332,298.1622756893956
10.028406287424918,1.5,300.73182751422803,298.38517915543434,298.16229503995294
10.032031886227314,1.5,300.7322709809866,298.3853348246235,298.1623144098172
10.03565748502971,1.5,300.7327143778422,298.38549051928095,298.1623337989941
10.039283083832105,1.5,300.7331577048242,298.38564623938674,298.1623532074896
10.0429086826345,1.5,300.73360096196177,298.3858019849211,298.1623726353094
10.046534281436896,1.5,300.73404414928433,298.38595775586424,298.16239208245946
10.050159880239292,1.5,300.73448726682096,298.3861135521963,298.16241154894544
10.053785479041688,1.5,300.73493031460106,298.3862693738977,298.1624310347733
10.057411077844083,1.5,300.7353732926536,298.38642522094847,298.16245053994885
10.061036676646479,1.5,300.7358162010079,298.386581093329,298.1624700644778
10.064662275448875,1.5,300.73625903969304,298.38673699101963,298.1624896083661
10.06828787425127,1.5,300.7367018087381,298.38689291400044,298.1625091716194
10.071913473053666,1.5,300.7371445081722,298.38704886225185,298.16252875424357
10.075539071856062,1.5,300.7375871380243,298.3872048357541,298.16254835624443
10.079164670658457,1.5,300.73802969832354,298.38736083448754,298.1625679776276
10.082790269460853,1.5,300.73847218909884,298.3875168584325,298.1625876183989
10.086415868263249,1.5,300.7389146103792,298.3876729075693,298.1626072785641
10.090041467065644,1.5,300.7393569621935,298.3878289818784,298.16262695812895
10.09366706586804,1.5,300.73979924457075,298.38798508133993,298.1626466570992
10.097292664670436,1.5,300.74024145753975,298.38814120593446,298.1626663754805
10.100918263472831,1.5,300.74068360112943,298.38829735564235,298.16268611327877
10.104543862275227,1.5,300.7411256753686,298.3884535304439,298.16270587049956
10.108169461077622,1.5,300.74156768028604,298.3886097303196,298.1627256471486
10.111795059880018,1.5,300.7420096159106,298.38876595525005,298.1627454432316
10.115420658682414,1.5,300.74245148227095,298.38892220521535,298.16276525875423
10.11904625748481,1.5,300.74289327939584,298.38907848019613,298.1627850937223
10.122671856287205,1.5,300.74333500731404,298.3892347801728,298.1628049481414
10.1262974550896,1.5,300.7437766660542,298.3893911051259,298.16282482201717
10.129923053891996,1.5,300.7442182556449,298.38954745503594,298.16284471535533
10.133548652694392,1.5,300.7446597761149,298.38970382988333,298.16286462816157
10.137174251496788,1.5,300.74510122749257,298.38986022964866,298.16288456044146
10.140799850299183,1.5,300.7455426098067,298.3900166543123,298.16290451220067
10.144425449101579,1.5,300.7459839230857,298.39017310385503,298.16292448344495
10.148051047903975,1.5,300.7464251673583,298.3903295782571,298.1629444741797
10.15167664670637,1.5,300.74686634265277,298.39048607749936,298.1629644844108
10.155302245508766,1.5,300.7473074489977,298.39064260156215,298.16298451414366
10.158927844311162,1.5,300.7477484864215,298.3907991504261,298.16300456338405
10.162553443113557,1.5,300.7481894549524,298.39095572407194,298.1630246321374
10.166179041915953,1.5,300.7486303546191,298.3911123224801,298.1630447204094
10.169804640718349,1.5,300.74907118544985,298.3912689456314,298.1630648282056
10.173430239520744,1.5,300.7495119474729,298.39142559350626,298.1630849555317
10.17705583832314,1.5,300.7499526407167,298.3915822660855,298.1631051023932
10.180681437125536,1.5,300.7503932652094,298.39173896334967,298.1631252687956
10.184307035927931,1.5,300.7508338209794,298.3918956852794,298.1631454547445
10.187932634730327,1.5,300.7512743080548,298.39205243185546,298.1631656602455
10.191558233532723,1.5,300.7517147264639,298.39220920305854,298.1631858853041
10.195183832335118,1.5,300.7521550762349,298.39236599886925,298.16320612992575
10.198809431137514,1.5,300.7525953573959,298.39252281926844,298.1632263941161
10.20243502993991,1.5,300.7530355699751,298.3926796642367,298.1632466778807
10.206060628742305,1.5,300.75347571400056,298.39283653375486,298.1632669812249
10.209686227544701,1.5,300.75391578950035,298.3929934278036,298.1632873041543
10.213311826347097,1.5,300.7543557965025,298.3931503463638,298.16330764667447
10.216937425149492,1.5,300.75479573503526,298.39330728941616,298.1633280087908
10.220563023951888,1.5,300.75523560512636,298.39346425694146,298.1633483905088
10.224188622754284,1.5,300.75567540680385,298.39362124892045,298.163368791834
10.22781422155668,1.5,300.75611514009586,298.3937782653341,298.16338921277185
10.231439820359075,1.5,300.75655480503013,298.39393530616303,298.16340965332773
10.23506541916147,1.5,300.7569944016347,298.39409237138824,298.1634301135072
10.238691017963866,1.5,300.75743392993735,298.3942494609905,298.16345059331564
10.242316616766262,1.5,300.757873389966,298.3944065749507,298.1634710927586
10.245942215568657,1.5,300.75831278174843,298.39456371324974,298.1634916118413
10.249567814371053,1.5,300.7587521053125,298.3947208758684,298.1635121505694
10.253193413173449,1.5,300.75919136068603,298.3948780627876,298.16353270894814
10.256819011975844,1.5,300.7596305478967,298.39503527398836,298.1635532869831
10.26044461077824,1.5,300.76006966697224,298.3951925094515,298.1635738846795
10.264070209580636,1.5,300.7605087179404,298.3953497691579,298.16359450204294
10.267695808383031,1.5,300.76094770082886,298.39550705308864,298.1636151390787
10.271321407185427,1.5,300.76138661566534,298.39566436122453,298.1636357957921
10.274947005987823,1.5,300.7618254624774,298.3958216935467,298.1636564721886
10.278572604790218,1.5,300.76226424129266,298.39597905003603,298.16367716827364
10.282198203592614,1.5,300.76270295213874,298.39613643067355,298.16369788405245
10.28582380239501,1.5,300.7631415950431,298.3962938354402,298.1637186195304
10.289449401197405,1.5,300.76358017003344,298.39645126431697,298.1637393747129
10.293074999999801,1.5,300.7640186771372,298.396608717285,298.1637601496053
10.296700598802197,1.5,300.7644571163819,298.3967661943253,298.16378094421293
10.300326197604592,1.5,300.7648954877949,298.3969236954189,298.16380175854107
10.303951796406988,1.5,300.7653337914037,298.39708122054674,298.163822592595
10.307577395209384,1.5,300.76577202723576,298.39723876969015,298.1638434463801
10.31120299401178,1.5,300.7662101953185,298.39739634282995,298.16386431990173
10.314828592814175,1.5,300.7666482956791,298.39755393994744,298.1638852131651
10.31845419161657,1.5,300.76708632834516,298.39771156102364,298.1639061261755
10.322079790418966,1.5,300.7675242933438,298.3978692060397,298.1639270589382
10.325705389221362,1.5,300.7679621907024,298.3980268749767,298.16394801145856
10.329330988023758,1.5,300.7684000204482,298.39818456781586,298.1639689837418
10.332956586826153,1.5,300.76883778260856,298.3983422845383,298.16398997579324
10.336582185628549,1.5,300.7692754772106,298.3985000251251,298.16401098761804
10.340207784430945,1.5,300.76971310428155,298.3986577895576,298.16403201922145
10.34383338323334,1.5,300.7701506638486,298.3988155778169,298.16405307060876
10.347458982035736,1.5,300.77058815593887,298.39897338988425,298.16407414178525
10.351084580838132,1.5,300.7710255805795,298.39913122574075,298.16409523275604
10.354710179640527,1.5,300.77146293779754,298.3992890853678,298.16411634352636
10.358335778442923,1.5,300.7719002276201,298.3994469687466,298.16413747410155
10.361961377245319,1.5,300.7723374500744,298.39960487585824,298.16415862448673
10.365586976047714,1.5,300.7727746051873,298.3997628066842,298.164179794687
10.36921257485011,1.5,300.77321169298585,298.39992076120564,298.1642009847077
10.372838173652505,1.5,300.7736487134971,298.40007873940374,298.164222194554
10.376463772454901,1.5,300.77408566674796,298.4002367412601,298.16424342423096
10.380089371257297,1.5,300.77452255276535,298.40039476675577,298.1642646737439
10.383714970059692,1.5,300.77495937157624,298.40055281587223,298.16428594309787
10.387340568862088,1.5,300.7753961232075,298.40071088859065,298.1643072322981
10.390966167664484,1.5,300.77583280768596,298.4008689848925,298.1643285413496
10.39459176646688,1.5,300.7762694250386,298.4010271047591,298.1643498702577
10.398217365269275,1.5,300.7767059752921,298.4011852481718,298.16437121902743
10.40184296407167,1.5,300.77714245847335,298.4013434151121,298.16439258766394
10.405468562874066,1.5,300.7775788746091,298.4015016055612,298.16441397617234
10.409094161676462,1.5,300.7780152237261,298.4016598195006,298.16443538455775
10.412719760478858,1.5,300.778451505851,298.40181805691174,298.1644568128252
10.416345359281253,1.5,300.77888772101073,298.401976317776,298.16447826098
10.419970958083649,1.5,300.7793238692318,298.4021346020749,298.164499729027
10.423596556886045,1.5,300.7797599505409,298.4022929097898,298.1645212169714
10.42722215568844,1.5,300.7801959649648,298.4024512409022,298.1645427248183
10.430847754490836,1.5,300.7806319125299,298.40260959539364,298.16456425257275
10.434473353293232,1.5,300.78106779326293,298.40276797324555,298.16458580023976
10.438098952095627,1.5,300.7815036071904,298.4029263744394,298.1646073678245
10.441724550898023,1.5,300.781939354339,298.4030847989567,298.16462895533186
10.445350149700419,1.5,300.7823750347351,298.403243246779,298.16465056276706
10.448975748502814,1.5,300.78281064840525,298.40340171788785,298.1646721901349
10.45260134730521,1.5,300.78324619537597,298.4035602122648,298.16469383744067
10.456226946107606,1.5,300.7836816756737,298.40371872989135,298.1647155046892
10.459852544910001,1.5,300.78411708932487,298.4038772707491,298.1647371918856
10.463478143712397,1.5,300.78455243635585,298.40403583481964,298.16475889903484
10.467103742514793,1.5,300.78498771679307,298.4041944220846,298.164780626142
10.470729341317188,1.5,300.78542293066295,298.4043530325255,298.1648023732119
10.474354940119584,1.5,300.78585807799175,298.404511666124,298.1648241402497
10.47798053892198,1.5,300.7862931588058,298.4046703228617,298.16484592726033
10.481606137724375,1.5,300.78672817313156,298.40482900272025,298.16486773424873
10.48523173652677,1.5,300.7871631209951,298.4049877056814,298.1648895612198
10.488857335329167,1.5,300.7875980024227,298.4051464317267,298.1649114081786
10.492482934131562,1.5,300.78803281744075,298.4053051808378,298.1649332751301
10.496108532933958,1.5,300.7884675660754,298.40546395299646,298.16495516207914
10.499734131736354,1.5,300.7889022483527,298.4056227481843,298.16497706903084
10.50335973053875,1.5,300.78933686429906,298.40578156638315,298.1649989959899
10.506985329341145,1.5,300.78977141394034,298.4059404075747,298.16502094296135
10.51061092814354,1.5,300.7902058973029,298.4060992717406,298.1650429099501
10.514236526945936,1.5,300.79064031441277,298.40625815886267,298.1650648969611
10.517862125748332,1.5,300.791074665296,298.4064170689226,298.16508690399917
10.521487724550727,1.5,300.79150894997866,298.4065760019022,298.16510893106926
10.525113323353123,1.5,300.7919431684868,298.40673495778327,298.1651309781762
10.528738922155519,1.5,300.7923773208464,298.4068939365476,298.1651530453249
10.532364520957914,1.5,300.7928114070835,298.40705293817683,298.16517513252035
10.53599011976031,1.5,300.793245427224,298.407211962653,298.1651972397673
10.539615718562706,1.5,300.793679381294,298.40737100995784,298.1652193670706
10.543241317365101,1.5,300.7941132693193,298.4075300800732,298.16524151443514
10.546866916167497,1.5,300.7945470913258,298.40768917298084,298.1652636818657
10.550492514969893,1.5,300.79498084733945,298.40784828866276,298.1652858693672
10.554118113772288,1.5,300.795414537386,298.40800742710076,298.1653080769444
10.557743712574684,1.5,300.79584816149145,298.4081665882768,298.1653303046023
10.56136931137708,1.5,300.7962817196815,298.40832577217265,298.16535255234555
10.564994910179475,1.5,300.7967152119819,298.4084849787703,298.16537482017895
10.568620508981871,1.5,300.7971486384186,298.40864420805156,298.1653971081073
10.572246107784267,1.5,300.79758199901727,298.4088034599985,298.16541941613553
10.575871706586662,1.5,300.7980152938036,298.408962734593,298.1654417442683
10.579497305389058,1.5,300.7984485228033,298.409122031817,298.16546409251055
10.583122904191454,1.5,300.79888168604214,298.40928135165245,298.1654864608668
10.58674850299385,1.5,300.7993147835457,298.40944069408135,298.165508849342
10.590374101796245,1.5,300.7997478153397,298.4096000590858,298.1655312579409
10.59399970059864,1.5,300.8001807814496,298.40975944664757,298.16555368666826
10.597625299401036,1.5,300.80061368190127,298.40991885674885,298.1655761355288
10.601250898203432,1.5,300.8010465167201,298.4100782893716,298.1655986045272
10.604876497005828,1.5,300.80147928593175,298.41023774449786,298.16562109366834
10.608502095808223,1.5,300.8019119895617,298.4103972221097,298.16564360295683
10.612127694610619,1.5,300.8023446276354,298.4105567221891,298.16566613239746
10.615753293413015,1.5,300.8027772001785,298.4107162447181,298.1656886819949
10.61937889221541,1.5,300.80320970721647,298.410875789679,298.1657112517538
10.623004491017806,1.5,300.80364214877466,298.4110353570536,298.16573384167896
10.626630089820202,1.5,300.80407452487856,298.4111949468242,298.165756451775
10.630255688622597,1.5,300.8045068355536,298.41135455897285,298.1657790820467
10.633881287424993,1.5,300.8049390808251,298.4115141934817,298.16580173249866
10.637506886227388,1.5,300.80537126071846,298.4116738503329,298.1658244031356
10.641132485029784,1.5,300.80580337525913,298.4118335295085,298.16584709396216
10.64475808383218,1.5,300.80623542447233,298.4119932309908,298.165869804983
10.648383682634575,1.5,300.8066674083834,298.41215295476184,298.16589253620276
10.652009281436971,1.5,300.8070993270177,298.4123127008039,298.1659152876261
10.655634880239367,1.5,300.80753118040036,298.41247246909904,298.16593805925766
10.659260479041762,1.5,300.8079629685567,298.4126322596296,298.16596085110206
10.662886077844158,1.5,300.808394691512,298.4127920723778,298.16598366316396
10.666511676646554,1.5,300.80882634929134,298.4129519073258,298.1660064954479
10.67013727544895,1.5,300.80925794191995,298.41311176445583,298.16602934795856
10.673762874251345,1.5,300.8096894694231,298.4132716437502,298.1660522207005
10.67738847305374,1.5,300.8101209318258,298.41343154519114,298.1660751136784
10.681014071856136,1.5,300.81055232915327,298.41359146876096,298.16609802689675
10.684639670658532,1.5,300.8109836614305,298.4137514144419,298.16612096036016
10.688265269460928,1.5,300.8114149286827,298.41391138221627,298.16614391407325
10.691890868263323,1.5,300.81184613093484,298.4140713720663,298.1661668880405
10.695516467065719,1.5,300.81227726821203,298.4142313839744,298.16618988226656
10.699142065868115,1.5,300.8127083405392,298.414391417923,298.166212896756
10.70276766467051,1.5,300.8131393479414,298.4145514738943,298.16623593151326
10.706393263472906,1.5,300.8135702904437,298.41471155187065,298.16625898654297
10.710018862275302,1.5,300.8140011680709,298.4148716518344,298.1662820618496
10.713644461077697,1.5,300.81443198084804,298.4150317737681,298.16630515743776
10.717270059880093,1.5,300.81486272880005,298.4151919176539,298.1663282733119
10.720895658682489,1.5,300.8152934119517,298.4153520834743,298.16635140947665
10.724521257484884,1.5,300.81572403032806,298.41551227121175,298.16637456593634
10.72814685628728,1.5,300.8161545839539,298.4156724808486,298.16639774269555
10.731772455089676,1.5,300.816585072854,298.41583271236743,298.16642093975884
10.735398053892071,1.5,300.81701549705326,298.4159929657505,298.16644415713057
10.739023652694467,1.5,300.81744585657646,298.4161532409803,298.16646739481536
10.742649251496863,1.5,300.8178761514484,298.41631353803945,298.1664906528176
10.746274850299258,1.5,300.81830638169373,298.4164738569102,298.1665139311417
10.749900449101654,1.5,300.8187365473373,298.41663419757526,298.1665372297923
10.75352604790405,1.5,300.81916664840384,298.416794560017,298.16656054877376
10.757151646706445,1.5,300.81959668491805,298.41695494421793,298.16658388809043
10.76077724550884,1.5,300.8200266569045,298.41711535016066,298.16660724774687
10.764402844311237,1.5,300.8204565643879,298.4172757778276,298.16663062774745
10.768028443113632,1.5,300.8208864073929,298.4174362272014,298.1666540280967
10.771654041916028,1.5,300.8213161859441,298.41759669826456,298.1666774487989
10.775279640718423,1.5,300.8217459000662,298.4177571909997,298.16670088985853
10.77890523952082,1.5,300.8221755497837,298.4179177053893,298.16672435128
10.782530838323215,1.5,300.82260513512114,298.4180782414161,298.16674783306763
10.78615643712561,1.5,300.8230346561031,298.4182387990626,298.1667713352259
10.789782035928006,1.5,300.82346411275415,298.4183993783114,298.1667948577592
10.793407634730402,1.5,300.8238935050987,298.4185599791452,298.1668184006719
10.797033233532797,1.5,300.82432283316126,298.4187206015465,298.16684196396835
10.800658832335193,1.5,300.8247520969663,298.41888124549814,298.1668655476529
10.804284431137589,1.5,300.82518129653823,298.4190419109827,298.16688915172995
10.807910029939984,1.5,300.8256104319015,298.41920259798275,298.16691277620384
10.81153562874238,1.5,300.8260395030806,298.4193633064811,298.16693642107896
10.815161227544776,1.5,300.8264685100998,298.41952403646036,298.16696008635944
10.818786826347171,1.5,300.8268974529835,298.4196847879033,298.16698377204983
10.822412425149567,1.5,300.827326331756,298.41984556079257,298.16700747815446
10.826038023951963,1.5,300.8277551464417,298.42000635511096,298.16703120467747
10.829663622754358,1.5,300.8281838970649,298.4201671708412,298.16705495162336
10.833289221556754,1.5,300.82861258364983,298.42032800796585,298.16707871899627
10.83691482035915,1.5,300.82904120622084,298.420488866468,298.16710250680063
10.840540419161545,1.5,300.8294697648021,298.4206497463302,298.16712631504066
10.844166017963941,1.5,300.829898259418,298.4208106475353,298.1671501437206
10.847791616766337,1.5,300.83032669009253,298.42097157006606,298.16717399284494
10.851417215568732,1.5,300.83075505684997,298.42113251390526,298.1671978624177
10.855042814371128,1.5,300.8311833597146,298.42129347903585,298.1672217524433
10.858668413173524,1.5,300.83161159871037,298.4214544654405,298.16724566292595
10.86229401197592,1.5,300.83203977386154,298.4216154731021,298.16726959386983
10.865919610778315,1.5,300.8324678851923,298.4217765020035,298.1672935452793
10.86954520958071,1.5,300.83289593272656,298.4219375521276,298.1673175171585
10.873170808383106,1.5,300.8333239164885,298.42209862345726,298.1673415095117
10.876796407185502,1.5,300.83375183650224,298.4222597159754,298.16736552234323
10.880422005987898,1.5,300.83417969279174,298.4224208296647,298.1673895556571
10.884047604790293,1.5,300.83460748538096,298.4225819645083,298.1674136094577
10.887673203592689,1.5,300.83503521429407,298.42274312048903,298.16743768374914
10.891298802395085,1.5,300.83546287955494,298.42290429758975,298.16746177853565
10.89492440119748,1.5,300.8358904811875,298.4230654957935,298.16748589382144
10.898549999999876,1.5,300.83631801921587,298.4232267150833,298.1675100296106
10.902175598802271,1.5,300.8367454936637,298.42338795544185,298.16753418590736
10.905801197604667,1.5,300.8371729045552,298.42354921685234,298.16755836271597
10.909426796407063,1.5,300.8376002519141,298.4237104992977,298.1675825600405
10.913052395209458,1.5,300.83802753576435,298.4238718027609,298.1676067778851
10.916677994011854,1.5,300.83845475612964,298.424033127225,298.167631016254
10.92030359281425,1.5,300.83888191303396,298.4241944726729,298.1676552751513
10.923929191616645,1.5,300.8393090065011,298.42435583908775,298.167679554581
10.927554790419041,1.5,300.83973603655477,298.4245172264525,298.1677038545475
10.931180389221437,1.5,300.8401630032188,298.42467863475025,298.1677281750548
10.934805988023832,1.5,300.840589906517,298.42484006396404,298.16775251610693
10.938431586826228,1.5,300.8410167464731,298.42500151407694,298.16777687770815
10.942057185628624,1.5,300.84144352311074,298.42516298507206,298.1678012598624
10.94568278443102,1.5,300.8418702364537,298.4253244769324,298.167825662574
10.949308383233415,1.5,300.8422968865256,298.42548598964123,298.1678500858468
10.95293398203581,1.5,300.8427234733502,298.4256475231815,298.167874529685
10.956559580838206,1.5,300.84314999695107,298.4258090775364,298.1678989940927
10.960185179640602,1.5,300.8435764573519,298.4259706526891,298.1679234790739
10.963810778442998,1.5,300.8440028545763,298.42613224862276,298.16794798463275
10.967436377245393,1.5,300.8444291886478,298.4262938653204,298.16797251077327
10.971061976047789,1.5,300.84485545959,298.42645550276535,298.1679970574995
10.974687574850185,1.5,300.84528166742655,298.4266171609407,298.16802162481554
10.97831317365258,1.5,300.8457078121809,298.42677883982975,298.1680462127253
10.981938772454976,1.5,300.8461338938765,298.42694053941545,298.1680708212329
10.985564371257372,1.5,300.846559912537,298.4271022596813,298.1680954503423
10.989189970059767,1.5,300.8469858681858,298.42726400061036,298.16812010005765
10.992815568862163,1.5,300.8474117608464,298.427425762186,298.16814477038287
10.996441167664559,1.5,300.84783759054227,298.4275875443913,298.16816946132195
11.000066766466954,1.5,300.84826335729684,298.42774934720967,298.16819417287894
11.00369236526935,1.5,300.8486890611334,298.4279111706242,298.1682189050578
11.007317964071746,1.5,300.8491147020755,298.4280730146183,298.16824365786255
11.010943562874141,1.5,300.8495402801465,298.4282348791753,298.1682684312971
11.014569161676537,1.5,300.8499657953697,298.42839676427843,298.1682932253655
11.018194760478933,1.5,300.85039124776847,298.42855866991096,298.16831804007165
11.021820359281328,1.5,300.8508166373661,298.42872059605634,298.16834287541957
11.025445958083724,1.5,300.85124196418593,298.42888254269775,298.1683677314132
11.02907155688612,1.5,300.85166722825124,298.42904450981865,298.1683926080564
11.032697155688515,1.5,300.8520924295853,298.42920649740233,298.1684175053532
11.03632275449091,1.5,300.8525175682114,298.42936850543225,298.1684424233075
11.039948353293306,1.5,300.8529426441527,298.42953053389164,298.1684673619233
11.043573952095702,1.5,300.85336765743244,298.429692582764,298.16849232120444
11.047199550898098,1.5,300.8537926080738,298.42985465203276,298.1685173011548
11.050825149700493,1.5,300.8542174961001,298.4300167416812,298.16854230177836
11.05445074850289,1.5,300.8546423215343,298.43017885169286,298.16856732307895
11.058076347305285,1.5,300.8550670843997,298.4303409820511,298.1685923650606
11.06170194610768,1.5,300.8554917847194,298.4305031327394,298.16861742772704
11.065327544910076,1.5,300.85591642251643,298.4306653037412,298.1686425110822
11.068953143712472,1.5,300.856340997814,298.4308274950399,298.16866761513006
11.072578742514867,1.5,300.85676551063506,298.43098970661913,298.1686927398743
11.076204341317263,1.5,300.85718996100275,298.4311519384623,298.168717885319
11.079829940119659,1.5,300.85761434894016,298.4313141905528,298.1687430514678
11.083455538922054,1.5,300.85803867447015,298.43147646287434,298.1687682383246
11.08708113772445,1.5,300.8584629376159,298.4316387554103,298.1687934458934
11.090706736526846,1.5,300.85888713840035,298.43180106814424,298.1688186741778
11.094332335329241,1.5,300.8593112768464,298.4319634010597,298.16884392318184
11.097957934131637,1.5,300.85973535297705,298.4321257541403,298.16886919290926
11.101583532934033,1.5,300.86015936681525,298.4322881273695,298.1688944833638
11.105209131736428,1.5,300.86058331838393,298.4324505207309,298.16891979454937
11.108834730538824,1.5,300.861007207706,298.4326129342081,298.16894512646974
11.11246032934122,1.5,300.8614310348043,298.4327753677847,298.1689704791287
11.116085928143615,1.5,300.8618547997017,298.4329378214443,298.16899585253003
11.119711526946011,1.5,300.8622785024211,298.4331002951705,298.1690212466776
11.123337125748407,1.5,300.8627021429852,298.43326278894693,298.169046661575
11.126962724550802,1.5,300.86312572141696,298.43342530275726,298.1690720972262
11.130588323353198,1.5,300.86354923773916,298.4335878365851,298.1690975536348
11.134213922155594,1.5,300.8639726919746,298.4337503904141,298.16912303080466
11.13783952095799,1.5,300.86439608414594,298.433912964228,298.1691485287396
11.141465119760385,1.5,300.86481941427604,298.4340755580105,298.16917404744316
11.14509071856278,1.5,300.86524268238753,298.4342381717451,298.16919958691926
11.148716317365176,1.5,300.8656658885032,298.4344008054157,298.1692251471715
11.152341916167572,1.5,300.8660890326458,298.4345634590059,298.16925072820374
11.155967514969968,1.5,300.86651211483775,298.4347261324995,298.1692763300195
11.159593113772363,1.5,300.86693513510204,298.43488882588025,298.1693019526227
11.163218712574759,1.5,300.8673580934612,298.4350515391318,298.16932759601696
11.166844311377154,1.5,300.8677809899377,298.43521427223794,298.169353260206
11.17046991017955,1.5,300.8682038245543,298.4353770251825,298.16937894519344
11.174095508981946,1.5,300.8686265973337,298.4355397979492,298.1694046509831
11.177721107784341,1.5,300.86904930829826,298.4357025905218,298.1694303775786
11.181346706586737,1.5,300.86947195747075,298.4358654028842,298.1694561249835
11.184972305389133,1.5,300.86989454487355,298.4360282350201,298.16948189320163
11.188597904191528,1.5,300.87031707052927,298.43619108691337,298.16950768223654
11.192223502993924,1.5,300.8707395344603,298.4363539585479,298.16953349209194
11.19584910179632,1.5,300.8711619366893,298.4365168499074,298.1695593227715
11.199474700598715,1.5,300.8715842772387,298.43667976097584,298.1695851742788
11.203100299401111,1.5,300.8720065561309,298.43684269173696,298.1696110466175
11.206725898203507,1.5,300.8724287733885,298.43700564217477,298.1696369397913
11.210351497005902,1.5,300.87285092903375,298.43716861227307,298.1696628538037
11.213977095808298,1.5,300.8732730230891,298.43733160201583,298.16968878865833
11.217602694610694,1.5,300.873695055577,298.43749461138685,298.1697147443589
11.22122829341309,1.5,300.8741170265198,298.43765764037016,298.169740720909
11.224853892215485,1.5,300.8745389359399,298.4378206889496,298.1697667183121
11.22847949101788,1.5,300.87496078385954,298.4379837571091,298.1697927365719
11.232105089820276,1.5,300.87538257030116,298.4381468448327,298.16981877569197
11.235730688622672,1.5,300.875804295287,298.43830995210425,298.16984483567586
11.239356287425068,1.5,300.8762259588395,298.4384730789078,298.16987091652726
11.242981886227463,1.5,300.87664756098076,298.4386362252273,298.1698970182495
11.246607485029859,1.5,300.8770691017331,298.43879939104676,298.1699231408463
11.250233083832255,1.5,300.8774905811188,298.43896257635015,298.1699492843213
11.25385868263465,1.5,300.87791199916006,298.43912578112156,298.16997544867786
11.257484281437046,1.5,300.87833335587914,298.43928900534485,298.17000163391964
11.261109880239442,1.5,300.8787546512982,298.4394522490042,298.1700278400501
11.264735479041837,1.5,300.8791758854395,298.43961551208355,298.1700540670727
11.268361077844233,1.5,300.87959705832503,298.4397787945671,298.1700803149912
11.271986676646629,1.5,300.88001816997706,298.43994209643876,298.1701065838089
11.275612275449024,1.5,300.88043922041777,298.4401054176827,298.17013287352944
11.27923787425142,1.5,300.88086020966915,298.4402687582829,298.17015918415626
11.282863473053816,1.5,300.88128113775343,298.44043211822367,298.17018551569276
11.286489071856211,1.5,300.8817020046926,298.44059549748886,298.1702118681426
11.290114670658607,1.5,300.88212281050886,298.4407588960628,298.1702382415092
11.293740269461003,1.5,300.88254355522406,298.4409223139295,298.170264635796
11.297365868263398,1.5,300.8829642388603,298.4410857510731,298.1702910510065
11.300991467065794,1.5,300.88338486143977,298.44124920747777,298.17031748714425
11.30461706586819,1.5,300.88380542298427,298.4414126831277,298.1703439442125
11.308242664670585,1.5,300.8842259235159,298.441576178007,298.17037042221494
11.31186826347298,1.5,300.88464636305656,298.44173969209993,298.17039692115486
11.315493862275376,1.5,300.8850667416283,298.44190322539055,298.17042344103567
11.319119461077772,1.5,300.88548705925297,298.44206677786326,298.17044998186094
11.322745059880168,1.5,300.8859073159525,298.4422303495021,298.170476543634
11.326370658682563,1.5,300.8863275117489,298.44239394029137,298.1705031263583
11.329996257484959,1.5,300.886747646664,298.44255755021527,298.1705297300373
11.333621856287355,1.5,300.8871677207196,298.44272117925806,298.1705563546743
11.33724745508975,1.5,300.8875877339377,298.442884827404,298.1705830002728
11.340873053892146,1.5,300.8880076863401,298.44304849463737,298.1706096668362
11.344498652694542,1.5,300.88842757794845,298.4432121809424,298.1706363543678
11.348124251496937,1.5,300.88884740878484,298.4433758863034,298.1706630628711
11.351749850299333,1.5,300.88926717887097,298.44353961070465,298.17068979234926
11.355375449101729,1.5,300.88968688822854,298.4437033541305,298.17071654280596
11.359001047904124,1.5,300.89010653687944,298.44386711656523,298.1707433142443
11.36262664670652,1.5,300.89052612484534,298.4440308979931,298.17077010666776
11.366252245508916,1.5,300.890945652148,298.44419469839863,298.1707969200797
11.369877844311311,1.5,300.8913651188092,298.444358517766,298.1708237544834
11.373503443113707,1.5,300.89178452485044,298.4445223560797,298.1708506098823
11.377129041916103,1.5,300.89220387029366,298.4446862133239,298.1708774862796
11.380754640718498,1.5,300.8926231551603,298.44485008948317,298.17090438367876
11.384380239520894,1.5,300.89304237947226,298.44501398454184,298.170931302083
11.38800583832329,1.5,300.8934615432511,298.44517789848436,298.17095824149567
11.391631437125685,1.5,300.8938806465183,298.4453418312951,298.1709852019201
11.395257035928081,1.5,300.8942996892957,298.4455057829584,298.17101218335955
11.398882634730477,1.5,300.89471867160466,298.44566975345873,298.1710391858174
11.402508233532872,1.5,300.89513759346687,298.4458337427806,298.1710662092968
11.406133832335268,1.5,300.895556454904,298.4459977509085,298.1710932538012
11.409759431137664,1.5,300.89597525593746,298.4461617778268,298.17112031933374
11.41338502994006,1.5,300.8963939965888,298.4463258235199,298.1711474058977
11.417010628742455,1.5,300.8968126768796,298.4464898879724,298.17117451349645
11.42063622754485,1.5,300.8972312968313,298.4466539711688,298.1712016421332
11.424261826347246,1.5,300.8976498564655,298.44681807309354,298.1712287918112
11.427887425149642,1.5,300.8980683558035,298.4469821937312,298.1712559625336
11.431513023952037,1.5,300.8984867948668,298.44714633306626,298.17128315430375
11.435138622754433,1.5,300.89890517367695,298.44731049108333,298.17131036712493
11.438764221556829,1.5,300.89932349225535,298.4474746677668,298.1713376010003
11.442389820359224,1.5,300.8997417506233,298.4476388631013,298.17136485593295
11.44601541916162,1.5,300.90015994880235,298.4478030770714,298.1713921319263
11.449641017964016,1.5,300.9005780868138,298.44796730966175,298.1714194289835
11.453266616766411,1.5,300.900996164679,298.44813156085684,298.1714467471077
11.456892215568807,1.5,300.9014141824193,298.4482958306413,298.17147408630217
11.460517814371203,1.5,300.90183214005606,298.4484601189998,298.1715014465701
11.464143413173598,1.5,300.9022500376106,298.4486244259169,298.1715288279146
11.467769011975994,1.5,300.90266787510416,298.44878875137715,298.17155623033887
11.47139461077839,1.5,300.9030856525581,298.44895309536525,298.17158365384614
11.475020209580785,1.5,300.90350336999376,298.4491174578659,298.1716110984395
11.478645808383181,1.5,300.90392102743226,298.4492818388637,298.17163856412213
11.482271407185577,1.5,300.90433862489493,298.4494462383434,298.1716660508973
11.485897005987972,1.5,300.90475616240303,298.44961065628956,298.171693558768
11.489522604790368,1.5,300.9051736399777,298.44977509268693,298.1717210877374
11.493148203592764,1.5,300.9055910576402,298.4499395475202,298.1717486378088
11.49677380239516,1.5,300.9060084154117,298.4501040207741,298.171776208985
11.500399401197555,1.5,300.9064257133133,298.4502685124333,298.1718038012695
11.50402499999995,1.5,300.9068429513662,298.45043302248257,298.1718314146651
11.507650598802346,1.5,300.90726012959146,298.45059755090665,298.17185904917517
11.511276197604742,1.5,300.90767724801043,298.4507620976903,298.17188670480266
11.514901796407138,1.5,300.90809430664405,298.4509266628183,298.1719143815507
11.518527395209533,1.5,300.90851130551346,298.4510912462753,298.1719420794224
11.522152994011929,1.5,300.90892824463975,298.4512558480463,298.17196979842083
11.525778592814325,1.5,300.9093451240439,298.4514204681158,298.1719975385491
11.52940419161672,1.5,300.90976194374707,298.4515851064689,298.1720252998103
11.533029790419116,1.5,300.91017870377027,298.4517497630903,298.17205308220736
11.536655389221512,1.5,300.91059540413454,298.4519144379647,298.1720808857435
11.540280988023907,1.5,300.9110120448608,298.452079131077,298.17210871042175
11.543906586826303,1.5,300.9114286259702,298.45224384241214,298.1721365562451
11.547532185628699,1.5,300.9118451474835,298.4524085719549,298.17216442321666
11.551157784431094,1.5,300.9122616094218,298.4525733196901,298.1721923113394
11.55478338323349,1.5,300.9126780118061,298.4527380856027,298.17222022061645
11.558408982035886,1.5,300.9130943546573,298.45290286967753,298.1722481510507
11.562034580838281,1.5,300.91351063799624,298.4530676718995,298.17227610264536
11.565660179640677,1.5,300.91392686184383,298.4532324922535,298.17230407540325
11.569285778443072,1.5,300.91434302622105,298.45339733072444,298.17233206932747
11.572911377245468,1.5,300.9147591311487,298.4535621872972,298.17236008442103
11.576536976047864,1.5,300.9151751766477,298.45372706195684,298.172388120687
11.58016257485026,1.5,300.91559116273885,298.4538919546882,298.1724161781282
11.583788173652655,1.5,300.91600708944304,298.45405686547633,298.1724442567477
11.58741377245505,1.5,300.91642295678105,298.45422179430614,298.1724723565485
11.591039371257446,1.5,300.9168387647737,298.4543867411625,298.17250047753356
11.594664970059842,1.5,300.9172545134417,298.4545517060306,298.1725286197058
11.598290568862238,1.5,300.91767020280594,298.45471668889525,298.1725567830682
11.601916167664633,1.5,300.91808583288713,298.4548816897415,298.17258496762383
11.605541766467029,1.5,300.918501403706,298.45504670855445,298.17261317337545
11.609167365269425,1.5,300.91891691528326,298.455211745319,298.1726414003261
11.61279296407182,1.5,300.9193323676397,298.4553768000203,298.17266964847875
11.616418562874216,1.5,300.919747760796,298.4555418726434,298.1726979178363
11.620044161676612,1.5,300.9201630947728,298.4557069631732,298.1727262084016
11.623669760479007,1.5,300.9205783695909,298.45587207159485,298.1727545201777
11.627295359281403,1.5,300.9209935852709,298.4560371978935,298.1727828531674
11.630920958083799,1.5,300.9214087418333,298.4562023420542,298.17281120737357
11.634546556886194,1.5,300.92182383929895,298.456367504062,298.17283958279927
11.63817215568859,1.5,300.92223887768836,298.45653268390197,298.1728679794474
11.641797754490986,1.5,300.9226538570221,298.45669788155936,298.17289639732064
11.645423353293381,1.5,300.9230687773208,298.4568630970192,298.1729248364221
11.649048952095777,1.5,300.9234836386051,298.45702833026655,298.17295329675454
11.652674550898173,1.5,300.9238984408954,298.45719358128673,298.1729817783209
11.656300149700568,1.5,300.9243131842124,298.45735885006474,298.1730102811238
11.659925748502964,1.5,300.9247278685766,298.45752413658585,298.17303880516647
11.66355134730536,1.5,300.9251424940085,298.4576894408352,298.17306735045156
11.667176946107755,1.5,300.92555706052855,298.457854762798,298.17309591698194
11.670802544910151,1.5,300.92597156815737,298.45802010245944,298.1731245047604
11.674428143712547,1.5,300.92638601691533,298.45818545980467,298.1731531137899
11.678053742514942,1.5,300.9268004068229,298.458350834819,298.17318174407313
11.681679341317338,1.5,300.9272147379006,298.4585162274875,298.173210395613
11.685304940119734,1.5,300.9276290101688,298.45868163779556,298.1732390684124
11.68893053892213,1.5,300.928043223648,298.4588470657283,298.1732677624739
11.692556137724525,1.5,300.9284573783585,298.45901251127106,298.17329647780053
11.69618173652692,1.5,300.9288714743207,298.4591779744091,298.17332521439505
11.699807335329316,1.5,300.92928551155507,298.4593434551277,298.17335397226014
11.703432934131712,1.5,300.92969949008193,298.4595089534121,298.1733827513988
11.707058532934107,1.5,300.9301134099216,298.4596744692476,298.17341155181356
11.710684131736503,1.5,300.9305272710945,298.45984000261956,298.1734403735074
11.714309730538899,1.5,300.93094107362083,298.4600055535132,298.17346921648294
11.717935329341294,1.5,300.93135481752097,298.46017112191396,298.173498080743
11.72156092814369,1.5,300.9317685028152,298.460336707807,298.1735269662904
11.725186526946086,1.5,300.9321821295239,298.4605023111779,298.17355587312784
11.728812125748481,1.5,300.9325956976672,298.46066793201186,298.1735848012581
11.732437724550877,1.5,300.93300920726546,298.46083357029426,298.1736137506839
11.736063323353273,1.5,300.93342265833877,298.4609992260105,298.17364272140793
11.739688922155668,1.5,300.93383605090753,298.4611648991459,298.1736717134329
11.743314520958064,1.5,300.9342493849919,298.46133058968593,298.1737007267617
11.74694011976046,1.5,300.93466266061205,298.46149629761607,298.1737297613969
11.750565718562855,1.5,300.93507587778817,298.46166202292153,298.17375881734125
11.754191317365251,1.5,300.9354890365405,298.4618277655878,298.17378789459747
11.757816916167647,1.5,300.93590213688907,298.4619935256004,298.17381699316826
11.761442514970042,1.5,300.93631517885416,298.4621593029448,298.17384611305624
11.765068113772438,1.5,300.9367281624558,298.4623250976063,298.1738752542642
11.768693712574834,1.5,300.93714108771417,298.4624909095705,298.1739044167948
11.77231931137723,1.5,300.9375539546493,298.4626567388227,298.1739336006506
11.775944910179625,1.5,300.9379667632814,298.4628225853486,298.1739628058345
11.77957050898202,1.5,300.9383795136304,298.4629884491335,298.17399203234896
11.783196107784416,1.5,300.9387922057165,298.46315433016304,298.1740212801967
11.786821706586812,1.5,300.9392048395597,298.46332022842256,298.17405054938047
11.790447305389208,1.5,300.93961741518,298.46348614389785,298.1740798399028
11.794072904191603,1.5,300.94002993259755,298.46365207657425,298.17410915176634
11.797698502993999,1.5,300.9404423918322,298.4638180264373,298.1741384849738
11.801324101796395,1.5,300.940854792904,298.4639839934726,298.17416783952774
11.80494970059879,1.5,300.941267135833,298.4641499776657,298.1741972154308
11.808575299401186,1.5,300.9416794206391,298.4643159790022,298.17422661268563
11.812200898203582,1.5,300.94209164734224,298.46448199746766,298.17425603129476
11.815826497005977,1.5,300.9425038159625,298.4646480330476,298.17428547126093
11.819452095808373,1.5,300.9429159265196,298.4648140857277,298.17431493258664
11.823077694610769,1.5,300.9433279790336,298.46498015549355,298.1743444152745
11.826703293413164,1.5,300.9437399735245,298.46514624233083,298.17437391932714
11.83032889221556,1.5,300.94415191001195,298.46531234622506,298.17440344474716
11.833954491017955,1.5,300.94456378851595,298.4654784671619,298.17443299153706
11.837580089820351,1.5,300.94497560905637,298.46564460512707,298.1744625596994
11.841205688622747,1.5,300.94538737165306,298.46581076010614,298.1744921492368
11.844831287425142,1.5,300.94579907632584,298.4659769320849,298.17452176015183
11.848456886227538,1.5,300.9462107230945,298.4661431210489,298.1745513924471
11.852082485029934,1.5,300.94662231197884,298.46630932698383,298.174581046125
11.85570808383233,1.5,300.9470338429988,298.4664755498755,298.1746107211883
11.859333682634725,1.5,300.947445316174,298.4666417897095,298.1746404176393
11.86295928143712,1.5,300.9478567315243,298.46680804647167,298.17467013548065
11.866584880239516,1.5,300.94826808906953,298.46697432014764,298.17469987471486
11.870210479041912,1.5,300.94867938882925,298.46714061072316,298.1747296353445
11.873836077844308,1.5,300.94909063082326,298.46730691818397,298.174759417372
11.877461676646703,1.5,300.94950181507136,298.4674732425158,298.1747892207999
11.881087275449099,1.5,300.94991294159325,298.4676395837045,298.1748190456307
11.884712874251495,1.5,300.9503240104085,298.46780594173583,298.174848891867
11.88833847305389,1.5,300.9507350215369,298.4679723165955,298.17487875951116
11.891964071856286,1.5,300.9511459749981,298.4681387082693,298.17490864856563
11.895589670658682,1.5,300.9515568708117,298.4683051167431,298.174938559033
11.899215269461077,1.5,300.95196770899736,298.46847154200276,298.1749684909158
11.902840868263473,1.5,300.95237848957476,298.468637984034,298.17499844421627
11.906466467065869,1.5,300.95278921256346,298.46880444282266,298.1750284189371
11.910092065868264,1.5,300.9531998779831,298.46897091835467,298.1750584150807
11.91371766467066,1.5,300.95361048585323,298.4691374106158,298.1750884326494
11.917343263473056,1.5,300.95402103619347,298.4693039195919,298.1751184716458
11.920968862275451,1.5,300.9544315290234,298.4694704452689,298.1751485320723
11.924594461077847,1.5,300.95484196436246,298.4696369876326,298.1751786139312
11.928220059880243,1.5,300.95525234223027,298.469803546669,298.1752087172252
11.931845658682638,1.5,300.9556626626464,298.4699701223639,298.1752388419565
11.935471257485034,1.5,300.9560729256302,298.4701367147033,298.1752689881275
11.93909685628743,1.5,300.95648313120137,298.4703033236731,298.1752991557408
11.942722455089825,1.5,300.9568932793792,298.4704699492591,298.1753293447987
11.94634805389222,1.5,300.95730337018335,298.47063659144743,298.17535955530354
11.949973652694617,1.5,300.95771340363325,298.47080325022387,298.17538978725776
11.953599251497012,1.5,300.9581233797482,298.4709699255745,298.1754200406639
11.957224850299408,1.5,300.9585332985477,298.47113661748523,298.1754503155241
11.960850449101804,1.5,300.95894316005126,298.471303325942,298.1754806118409
11.9644760479042,1.5,300.95935296427825,298.4714700509309,298.1755109296166
11.968101646706595,1.5,300.95976271124806,298.47163679243783,298.1755412688536
11.97172724550899,1.5,300.96017240097996,298.47180355044884,298.17557162955427
11.975352844311386,1.5,300.96058203349355,298.4719703249499,298.1756020117209
11.978978443113782,1.5,300.960991608808,298.4721371159272,298.175632415356
11.982604041916177,1.5,300.96140112694275,298.4723039233665,298.1756628404617
11.986229640718573,1.5,300.96181058791706,298.4724707472541,298.1756932870405
11.989855239520969,1.5,300.9622199917504,298.47263758757583,298.1757237550947
11.993480838323364,1.5,300.96262933846185,298.47280444431783,298.1757542446265
11.99710643712576,1.5,300.9630386280708,298.47297131746626,298.17578475563846
12.000732035928156,1.5,300.9634478605967,298.47313820700714,298.1758152881327
12.004357634730551,1.5,300.96385703605864,298.4733051129266,298.17584584211164
12.007983233532947,1.5,300.9642661544759,298.4734720352107,298.1758764175775
12.011608832335343,1.5,300.9646752158678,298.47363897384554,298.1759070145327
12.015234431137738,1.5,300.9650842202535,298.4738059288172,298.1759376329794
12.018860029940134,1.5,300.96549316765226,298.4739729001119,298.17596827292
12.02248562874253,1.5,300.96590205808326,298.47413988771575,298.1759989343567
12.026111227544925,1.5,300.9663108915657,298.47430689161484,298.1760296172918
12.029736826347321,1.5,300.96671966811874,298.4744739117954,298.1760603217276
12.033362425149717,1.5,300.96712838776165,298.4746409482435,298.1760910476663
12.036988023952112,1.5,300.9675370505135,298.4748080009455,298.1761217951103
12.040613622754508,1.5,300.96794565639345,298.4749750698874,298.1761525640617
12.044239221556904,1.5,300.96835420542067,298.4751421550555,298.17618335452283
12.0478648203593,1.5,300.96876269761424,298.47530925643593,298.17621416649587
12.051490419161695,1.5,300.96917113299327,298.4754763740149,298.17624499998317
12.05511601796409,1.5,300.9695795115769,298.4756435077787,298.1762758549869
12.058741616766486,1.5,300.9699878333842,298.47581065771357,298.1763067315093
12.062367215568882,1.5,300.9703960984342,298.47597782380564,298.1763376295526
12.065992814371278,1.5,300.970804306746,298.4761450060413,298.176368549119
12.069618413173673,1.5,300.97121245833864,298.47631220440667,298.17639949021066
12.073244011976069,1.5,300.9716205532312,298.4764794188882,298.1764304528299
12.076869610778465,1.5,300.9720285914426,298.47664664947206,298.1764614369788
12.08049520958086,1.5,300.97243657299197,298.47681389614445,298.1764924426597
12.084120808383256,1.5,300.9728444978982,298.4769811588918,298.17652346987455
12.087746407185652,1.5,300.97325236618036,298.4771484377004,298.1765545186258
12.091372005988047,1.5,300.9736601778573,298.4773157325565,298.1765855889155
12.094997604790443,1.5,300.9740679329482,298.4774830434465,298.17661668074584
12.098623203592838,1.5,300.9744756314718,298.47765037035674,298.176647794119
12.102248802395234,1.5,300.9748832734471,298.47781771327345,298.17667892903705
12.10587440119763,1.5,300.9752908588931,298.4779850721832,298.17671008550224
12.109500000000025,1.5,300.9756983878287,298.47815244707203,298.1767412635167
12.113125598802421,1.5,300.97610586027264,298.4783198379266,298.17677246308267
12.116751197604817,1.5,300.976513276244,298.47848724473323,298.17680368420207
12.120376796407212,1.5,300.97692063576164,298.4786546674782,298.1768349268773
12.124002395209608,1.5,300.9773279388443,298.478822106148,298.1768661911102
12.127627994012004,1.5,300.97773518551094,298.478989560729,298.17689747690315
12.1312535928144,1.5,300.9781423757804,298.4791570312077,298.1769287842581
12.134879191616795,1.5,300.97854950967144,298.4793245175705,298.17696011317736
12.13850479041919,1.5,300.97895658720296,298.47949201980373,298.1769914636627
12.142130389221586,1.5,300.97936360839367,298.47965953789395,298.1770228357165
12.145755988023982,1.5,300.97977057326244,298.4798270718275,298.1770542293408
12.149381586826378,1.5,300.98017748182804,298.47999462159106,298.17708564453767
12.153007185628773,1.5,300.98058433410915,298.4801621871709,298.17711708130923
12.156632784431169,1.5,300.9809911301247,298.48032976855353,298.1771485396575
12.160258383233565,1.5,300.9813978698933,298.48049736572557,298.1771800195845
12.16388398203596,1.5,300.98180455343373,298.48066497867336,298.1772115210925
12.167509580838356,1.5,300.98221118076475,298.4808326073836,298.1772430441834
12.171135179640752,1.5,300.9826177519049,298.48100025184266,298.17727458885923
12.174760778443147,1.5,300.9830242668732,298.4811679120371,298.1773061551221
12.178386377245543,1.5,300.983430725688,298.4813355879535,298.1773377429742
12.182011976047939,1.5,300.9838371283681,298.48150327957836,298.1773693524174
12.185637574850334,1.5,300.98424347493216,298.4816709868983,298.1774009834537
12.18926317365273,1.5,300.98464976539896,298.48183870989976,298.17743263608526
12.192888772455126,1.5,300.985055999787,298.48200644856945,298.177464310314
12.196514371257521,1.5,300.98546217811486,298.48217420289393,298.17749600614206
12.200139970059917,1.5,300.9858683004013,298.4823419728598,298.17752772357136
12.203765568862313,1.5,300.9862743666648,298.4825097584536,298.17755946260394
12.207391167664708,1.5,300.9866803769241,298.48267755966197,298.1775912232418
12.211016766467104,1.5,300.9870863311976,298.4828453764716,298.1776230054869
12.2146423652695,1.5,300.98749222950397,298.483013208869,298.17765480934133
12.218267964071895,1.5,300.9878980718618,298.48318105684086,298.177686634807
12.22189356287429,1.5,300.9883038582895,298.483348920374,298.17771848188585
12.225519161676687,1.5,300.98870958880576,298.4835167994547,298.17775035057997
12.229144760479082,1.5,300.989115263429,298.48368469407006,298.17778224089125
12.232770359281478,1.5,300.9895208821778,298.48385260420645,298.1778141528217
12.236395958083873,1.5,300.9899264450706,298.4840205298507,298.17784608637334
12.24002155688627,1.5,300.99033195212587,298.48418847098947,298.177878041548
12.243647155688665,1.5,300.9907374033622,298.4843564276094,298.1779100183477
12.24727275449106,1.5,300.9911427987979,298.4845243996973,298.1779420167743
12.250898353293456,1.5,300.9915481384515,298.4846923872399,298.1779740368298
12.254523952095852,1.5,300.99195342234145,298.4848603902238,298.17800607851626
12.258149550898247,1.5,300.9923586504862,298.4850284086359,298.1780381418354
12.261775149700643,1.5,300.99276382290407,298.48519644246284,298.17807022678926
12.265400748503039,1.5,300.99316893961355,298.4853644916915,298.1781023333797
12.269026347305434,1.5,300.99357400063303,298.48553255630844,298.17813446160864
12.27265194610783,1.5,300.9939790059809,298.4857006363007,298.17816661147805
12.276277544910226,1.5,300.99438395567546,298.4858687316548,298.1781987829898
12.279903143712621,1.5,300.9947888497352,298.48603684235775,298.17823097614576
12.283528742515017,1.5,300.9951936881783,298.48620496839624,298.1782631909478
12.287154341317413,1.5,300.9955984710232,298.4863731097571,298.17829542739787
12.290779940119808,1.5,300.9960031982882,298.48654126642725,298.17832768549783
12.294405538922204,1.5,300.9964078699916,298.48670943839335,298.17835996524957
12.2980311377246,1.5,300.9968124861517,298.48687762564236,298.178392266655
12.301656736526995,1.5,300.99721704678694,298.4870458281611,298.17842458971586
12.305282335329391,1.5,300.9976215519154,298.4872140459365,298.17845693443405
12.308907934131787,1.5,300.99802600155544,298.48738227895535,298.17848930081146
12.312533532934182,1.5,300.9984303957253,298.4875505272045,298.17852168885
12.316159131736578,1.5,300.99883473444316,298.48771879067095,298.17855409855144
12.319784730538974,1.5,300.9992390177274,298.48788706934147,298.1785865299176
12.32341032934137,1.5,300.9996432455962,298.48805536320305,298.17861898295035
12.327035928143765,1.5,301.00004741806765,298.4882236722425,298.1786514576514
12.33066152694616,1.5,301.00045153516004,298.4883919964468,298.17868395402286
12.334287125748556,1.5,301.0008555968916,298.48856033580296,298.17871647206624
12.337912724550952,1.5,301.00125960328046,298.4887286902978,298.1787490117835
12.341538323353348,1.5,301.00166355434476,298.48889705991843,298.1787815731764
12.345163922155743,1.5,301.0020674501027,298.4890654446516,298.17881415624686
12.348789520958139,1.5,301.0024712905724,298.4892338444844,298.1788467609965
12.352415119760535,1.5,301.002875075772,298.4894022594038,298.17887938742723
12.35604071856293,1.5,301.0032788057196,298.48957068939666,298.17891203554075
12.359666317365326,1.5,301.0036824804333,298.48973913445025,298.1789447053389
12.363291916167721,1.5,301.0040860999314,298.48990759455137,298.1789773968234
12.366917514970117,1.5,301.00448966423164,298.490076069687,298.1790101099961
12.370543113772513,1.5,301.0048931733524,298.4902445598443,298.17904284485877
12.374168712574908,1.5,301.00529662731157,298.4904130650102,298.17907560141316
12.377794311377304,1.5,301.0057000261272,298.49058158517175,298.1791083796609
12.3814199101797,1.5,301.0061033698175,298.4907501203161,298.17914117960385
12.385045508982095,1.5,301.0065066584003,298.4909186704302,298.1791740012437
12.388671107784491,1.5,301.00690989189377,298.4910872355011,298.1792068445823
12.392296706586887,1.5,301.00731307031583,298.49125581551596,298.1792397096213
12.395922305389282,1.5,301.00771619368453,298.49142441046183,298.17927259636247
12.399547904191678,1.5,301.00811926201783,298.49159302032575,298.1793055048074
12.403173502994074,1.5,301.0085222753337,298.4917616450949,298.17933843495797
12.40679910179647,1.5,301.00892523365013,298.4919302847564,298.1793713868159
12.410424700598865,1.5,301.0093281369851,298.49209893929725,298.1794043603827
12.41405029940126,1.5,301.0097309853566,298.4922676087047,298.1794373556603
12.417675898203656,1.5,301.0101337787824,298.4924362929658,298.17947037265026
12.421301497006052,1.5,301.0105365172805,298.49260499206775,298.17950341135435
12.424927095808448,1.5,301.01093920086885,298.4927737059977,298.17953647177416
12.428552694610843,1.5,301.01134182956525,298.4929424347428,298.17956955391145
12.432178293413239,1.5,301.0117444033877,298.4931111782903,298.1796026577678
12.435803892215635,1.5,301.0121469223541,298.49327993662723,298.17963578334513
12.43942949101803,1.5,301.01254938648214,298.49344870974085,298.1796689306448
12.443055089820426,1.5,301.01295179578983,298.4936174976184,298.17970209966865
12.446680688622822,1.5,301.013354150295,298.49378630024705,298.17973529041825
12.450306287425217,1.5,301.0137564500154,298.493955117614,298.17976850289534
12.453931886227613,1.5,301.01415869496896,298.49412394970653,298.1798017371015
12.457557485030009,1.5,301.0145608851734,298.49429279651184,298.1798349930384
12.461183083832404,1.5,301.01496302064663,298.49446165801714,298.1798682707077
12.4648086826348,1.5,301.01536510140636,298.49463053420976,298.1799015701109
12.468434281437196,1.5,301.0157671274704,298.49479942507696,298.17993489124973
12.472059880239591,1.5,301.01616909885644,298.49496833060584,298.17996823412585
12.475685479041987,1.5,301.0165710155824,298.49513725078396,298.18000159874083
12.479311077844383,1.5,301.0169728776658,298.49530618559834,298.1800349850962
12.482936676646778,1.5,301.0173746851246,298.49547513503643,298.18006839319366
12.486562275449174,1.5,301.01777643797647,298.4956440990855,298.1801018230349
12.49018787425157,1.5,301.018178136239,298.49581307773286,298.18013527462125
12.493813473053965,1.5,301.01857977993,298.49598207096585,298.18016874795455
12.49743907185636,1.5,301.0189813690671,298.49615107877173,298.18020224303626
12.501064670658756,1.5,301.0193829036681,298.49632010113794,298.18023575986797
12.504690269461152,1.5,301.01978438375056,298.49648913805174,298.1802692984513
12.508315868263548,1.5,301.02018580933225,298.4966581895006,298.18030285878774
12.511941467065943,1.5,301.0205871804307,298.4968272554717,298.18033644087893
12.51556706586834,1.5,301.0209884970637,298.49699633595264,298.1803700447264
12.519192664670735,1.5,301.0213897592487,298.49716543093075,298.1804036703317
12.52281826347313,1.5,301.02179096700337,298.49733454039324,298.1804373176964
12.526443862275526,1.5,301.02219212034544,298.4975036643277,298.18047098682194
12.530069461077922,1.5,301.0225932192924,298.49767280272147,298.1805046777101
12.533695059880317,1.5,301.02299426386185,298.49784195556197,298.1805383903621
12.537320658682713,1.5,301.0233952540713,298.49801112283666,298.18057212477964
12.540946257485109,1.5,301.0237961899385,298.4981803045329,298.18060588096426
12.544571856287504,1.5,301.0241970714808,298.4983495006382,298.1806396589174
12.5481974550899,1.5,301.0245978987159,298.49851871114,298.18067345864074
12.551823053892296,1.5,301.02499867166125,298.4986879360258,298.1807072801356
12.555448652694691,1.5,301.02539939033437,298.49885717528304,298.18074112340355
12.559074251497087,1.5,301.0258000547528,298.49902642889907,298.1807749884461
12.562699850299483,1.5,301.0262006649341,298.4991956968616,298.1808088752647
12.566325449101878,1.5,301.0266012208956,298.49936497915803,298.1808427838609
12.569951047904274,1.5,301.027001722655,298.49953427577583,298.18087671423615
12.57357664670667,1.5,301.02740217022955,298.49970358670254,298.1809106663919
12.577202245509065,1.5,301.0278025636369,298.4998729119257,298.1809446403297
12.580827844311461,1.5,301.02820290289435,298.5000422514328,298.1809786360509
12.584453443113857,1.5,301.0286031880194,298.5002116052114,298.18101265355705
12.588079041916252,1.5,301.0290034190295,298.5003809732491,298.18104669284963
12.591704640718648,1.5,301.0294035959421,298.50055035553333,298.1810807539301
12.595330239521044,1.5,301.02980371877453,298.50071975205185,298.1811148367997
12.59895583832344,1.5,301.03020378754417,298.50088916279213,298.1811489414601
12.602581437125835,1.5,301.03060380226844,298.5010585877417,298.1811830679126
12.60620703592823,1.5,301.03100376296476,298.50122802688816,298.18121721615887
12.609832634730626,1.5,301.0314036696505,298.5013974802192,298.18125138620013
12.613458233533022,1.5,301.0318035223429,298.5015669477224,298.1812855780378
12.617083832335418,1.5,301.0322033210595,298.5017364293853,298.1813197916734
12.620709431137813,1.5,301.03260306581745,298.5019059251956,298.1813540271082
12.624335029940209,1.5,301.0330027566342,298.5020754351409,298.18138828434377
12.627960628742604,1.5,301.03340239352696,298.50224495920895,298.1814225633814
12.631586227545,1.5,301.03380197651313,298.50241449738724,298.1814568642225
12.635211826347396,1.5,301.03420150560993,298.5025840496635,298.1814911868685
12.638837425149791,1.5,301.0346009808347,298.50275361602536,298.1815255313208
12.642463023952187,1.5,301.0350004022046,298.5029231964606,298.18155989758077
12.646088622754583,1.5,301.03539976973707,298.5030927909568,298.1815942856498
12.649714221556978,1.5,301.03579908344926,298.50326239950175,298.1816286955292
12.653339820359374,1.5,301.03619834335836,298.50343202208313,298.18166312722036
12.65696541916177,1.5,301.03659754948177,298.5036016586886,298.18169758072463
12.660591017964165,1.5,301.0369967018365,298.5037713093058,298.1817320560435
12.664216616766561,1.5,301.0373958004399,298.5039409739226,298.1817665531781
12.667842215568957,1.5,301.0377948453091,298.5041106525268,298.18180107212993
12.671467814371352,1.5,301.03819383646146,298.50428034510594,298.18183561290033
12.675093413173748,1.5,301.038592773914,298.50445005164795,298.18187017549053
12.678719011976144,1.5,301.0389916576839,298.50461977214053,298.18190475990207
12.68234461077854,1.5,301.03939048778835,298.5047895065714,298.1819393661361
12.685970209580935,1.5,301.0397892642445,298.50495925492834,298.181973994194
12.68959580838333,1.5,301.0401879870695,298.50512901719924,298.18200864407703
12.693221407185726,1.5,301.0405866562804,298.5052987933719,298.18204331578664
12.696847005988122,1.5,301.04098527189444,298.505468583434,298.182078009324
12.700472604790518,1.5,301.04138383392865,298.5056383873734,298.1821127246905
12.704098203592913,1.5,301.0417823424002,298.50580820517797,298.18214746188744
12.707723802395309,1.5,301.0421807973261,298.50597803683553,298.18218222091605
12.711349401197705,1.5,301.0425791987235,298.50614788233383,298.1822170017776
12.7149750000001,1.5,301.0429775466094,298.50631774166084,298.18225180447354
12.718600598802496,1.5,301.0433758410009,298.5064876148043,298.182286629005
12.722226197604892,1.5,301.0437740819151,298.5066575017522,298.1823214753732
12.725851796407287,1.5,301.04417226936897,298.5068274024924,298.1823563435796
12.729477395209683,1.5,301.04457040337957,298.5069973170127,298.1823912336253
12.733102994012079,1.5,301.0449684839638,298.50716724530093,298.1824261455117
12.736728592814474,1.5,301.04536651113887,298.5073371873452,298.18246107923994
12.74035419161687,1.5,301.0457644849217,298.50750714313324,298.1824960348114
12.743979790419266,1.5,301.04616240532914,298.507677112653,298.1825310122272
12.747605389221661,1.5,301.0465602723784,298.50784709589243,298.1825660114886
12.751230988024057,1.5,301.0469580860863,298.50801709283945,298.18260103259684
12.754856586826453,1.5,301.0473558464698,298.50818710348204,298.1826360755531
12.758482185628848,1.5,301.04775355354593,298.5083571278081,298.18267114035876
12.762107784431244,1.5,301.0481512073316,298.5085271658056,298.18270622701493
12.76573338323364,1.5,301.0485488078437,298.5086972174625,298.18274133552285
12.769358982036035,1.5,301.0489463550992,298.5088672827668,298.18277646588376
12.77298458083843,1.5,301.049343849115,298.5090373617065,298.18281161809875
12.776610179640826,1.5,301.049741289908,298.5092074542694,298.18284679216924
12.780235778443222,1.5,301.05013867749506,298.5093775604438,298.18288198809626
12.783861377245618,1.5,301.0505360118931,298.5095476802175,298.18291720588104
12.787486976048013,1.5,301.05093329311893,298.5097178135786,298.18295244552473
12.791112574850409,1.5,301.05133052118947,298.50988796051513,298.1829877070286
12.794738173652805,1.5,301.05172769612153,298.51005812101505,298.1830229903937
12.7983637724552,1.5,301.052124817932,298.51022829506644,298.1830582956213
12.801989371257596,1.5,301.0525218866377,298.51039848265737,298.1830936227126
12.805614970059992,1.5,301.0529189022554,298.5105686837759,298.1831289716687
12.809240568862387,1.5,301.0533158648019,298.51073889841007,298.1831643424907
12.812866167664783,1.5,301.05371277429407,298.5109091265479,298.1831997351799
12.816491766467179,1.5,301.0541096307487,298.51107936817755,298.18323514973736
12.820117365269574,1.5,301.0545064341826,298.51124962328714,298.1832705861642
12.82374296407197,1.5,301.05490318461244,298.51141989186465,298.1833060444617
12.827368562874366,1.5,301.05529988205507,298.5115901738983,298.1833415246308
12.830994161676761,1.5,301.05569652652713,298.51176046937616,298.1833770266727
12.834619760479157,1.5,301.0560931180455,298.5119307782863,298.1834125505886
12.838245359281553,1.5,301.0564896566268,298.512101100617,298.1834480963796
12.841870958083948,1.5,301.05688614228785,298.5122714363562,298.1834836640467
12.845496556886344,1.5,301.05728257504524,298.5124417854921,298.1835192535912
12.84912215568874,1.5,301.05767895491584,298.5126121480131,298.183554865014
12.852747754491135,1.5,301.0580752819163,298.5127825239071,298.18359049831633
12.856373353293531,1.5,301.0584715560632,298.51295291316234,298.18362615349923
12.859998952095927,1.5,301.0588677773732,298.51312331576696,298.18366183056384
12.863624550898322,1.5,301.05926394586317,298.51329373170927,298.1836975295112
12.867250149700718,1.5,301.05966006154955,298.5134641609774,298.18373325034247
12.870875748503114,1.5,301.0600561244491,298.5136346035595,298.1837689930586
12.87450134730551,1.5,301.06045213457844,298.5138050594439,298.1838047576609
12.878126946107905,1.5,301.0608480919542,298.51397552861874,298.18384054415014
12.8817525449103,1.5,301.06124399659296,298.5141460110722,298.18387635252753
12.885378143712696,1.5,301.06163984851133,298.5143165067927,298.1839121827942
12.889003742515092,1.5,301.06203564772596,298.5144870157683,298.1839480349511
12.892629341317488,1.5,301.0624313942534,298.5146575379873,298.1839839089992
12.896254940119883,1.5,301.0628270881102,298.51482807343814,298.18401980493974
12.899880538922279,1.5,301.06322272931305,298.5149986221088,298.1840557227736
12.903506137724674,1.5,301.0636183178783,298.51516918398784,298.18409166250194
12.90713173652707,1.5,301.0640138538227,298.5153397590634,298.1841276241257
12.910757335329466,1.5,301.0644093371628,298.5155103473237,298.184163607646
12.914382934131861,1.5,301.06480476791495,298.51568094875716,298.18419961306364
12.918008532934257,1.5,301.0652001460958,298.5158515633521,298.1842356403799
12.921634131736653,1.5,301.0655954717218,298.51602219109685,298.1842716895957
12.925259730539048,1.5,301.0659907448094,298.51619283197965,298.18430776071204
12.928885329341444,1.5,301.0663859653753,298.5163634859889,298.1843438537299
12.93251092814384,1.5,301.0667811334358,298.5165341531129,298.18437996865026
12.936136526946235,1.5,301.0671762490075,298.51670483334004,298.18441610547416
12.939762125748631,1.5,301.0675713121068,298.51687552665874,298.1844522642026
12.943387724551027,1.5,301.0679663227501,298.5170462330572,298.1844884448365
12.947013323353422,1.5,301.0683612809539,298.5172169525241,298.1845246473769
12.950638922155818,1.5,301.0687561867346,298.5173876850474,298.1845608718248
12.954264520958214,1.5,301.0691510401087,298.5175584306159,298.18459711818105
12.95789011976061,1.5,301.0695458410926,298.51772918921773,298.18463338644665
12.961515718563005,1.5,301.06994058970264,298.5178999608414,298.18466967662266
12.9651413173654,1.5,301.0703352859553,298.51807074547537,298.18470598871
12.968766916167796,1.5,301.0707299298669,298.51824154310805,298.18474232270955
12.972392514970192,1.5,301.0711245214539,298.51841235372774,298.18477867862225
12.976018113772588,1.5,301.0715190607326,298.5185831773231,298.1848150564491
12.979643712574983,1.5,301.07191354771936,298.51875401388236,298.18485145619104
12.983269311377379,1.5,301.07230798243063,298.5189248633942,298.18488787784906
12.986894910179775,1.5,301.0727023648826,298.5190957258469,298.184924321424
12.99052050898217,1.5,301.07309669509175,298.519266601229,298.18496078691675
12.994146107784566,1.5,301.07349097307434,298.519437489529,298.1849972743283
12.997771706586962,1.5,301.0738851988466,298.5196083907354,298.1850337836595
13.001397305389357,1.5,301.074279372425,298.51977930483673,298.18507031491134
13.005022904191753,1.5,301.0746734938256,298.51995023182144,298.1851068680847
13.008648502994149,1.5,301.07506756306503,298.520121171678,298.18514344318044
13.012274101796544,1.5,301.0754615801593,298.52029212439504,298.1851800401995
13.01589970059894,1.5,301.07585554512474,298.520463089961,298.1852166591428
13.019525299401336,1.5,301.0762494579776,298.52063406836453,298.18525330001114
13.023150898203731,1.5,301.0766433187342,298.52080505959407,298.1852899628054
13.026776497006127,1.5,301.07703712741073,298.5209760636381,298.18532664752655
13.030402095808522,1.5,301.07743088402344,298.52114708048543,298.18536335417537
13.034027694610918,1.5,301.0778245885885,298.52131811012435,298.1854000827528
13.037653293413314,1.5,301.0782182411222,298.5214891525437,298.18543683325964
13.04127889221571,1.5,301.0786118416407,298.52166020773194,298.18547360569676
13.044904491018105,1.5,301.0790053901601,298.5218312756777,298.1855104000651
13.0485300898205,1.5,301.0793988866968,298.5220023563695,298.1855472163654
13.052155688622896,1.5,301.07979233126684,298.5221734497961,298.18558405459856
13.055781287425292,1.5,301.08018572388636,298.522344555946,298.1856209147655
13.059406886227688,1.5,301.08057906457157,298.52251567480783,298.18565779686685
13.063032485030083,1.5,301.08097235333867,298.52268680637025,298.18569470090364
13.066658083832479,1.5,301.08136559020375,298.5228579506219,298.18573162687653
13.070283682634875,1.5,301.08175877518283,298.52302910755145,298.18576857478644
13.07390928143727,1.5,301.0821519082922,298.52320027714757,298.1858055446342
13.077534880239666,1.5,301.0825449895479,298.52337145939885,298.18584253642064
13.081160479042062,1.5,301.08293801896605,298.5235426542941,298.18587955014647
13.084786077844457,1.5,301.0833309965628,298.5237138618219,298.1859165858126
13.088411676646853,1.5,301.08372392235407,298.5238850819709,298.1859536434197
13.092037275449249,1.5,301.084116796356,298.5240563147299,298.1859907229687
13.095662874251644,1.5,301.0845096185847,298.52422756008747,298.1860278244603
13.09928847305404,1.5,301.08490238905625,298.5243988180325,298.1860649478954
13.102914071856436,1.5,301.0852951077867,298.52457008855373,298.1861020932746
13.106539670658831,1.5,301.085687774792,298.52474137163966,298.1861392605988
13.110165269461227,1.5,301.0860803900883,298.52491266727924,298.18617644986887
13.113790868263623,1.5,301.08647295369144,298.5250839754611,298.1862136610854
13.117416467066018,1.5,301.0868654656176,298.525255296174,298.18625089424916
13.121042065868414,1.5,301.0872579258828,298.52542662940675,298.186288149361
13.12466766467081,1.5,301.0876503345029,298.5255979751481,298.18632542642166
13.128293263473205,1.5,301.088042691494,298.5257693333869,298.1863627254318
13.131918862275601,1.5,301.08843499687197,298.52594070411186,298.1864000463923
13.135544461077997,1.5,301.08882725065286,298.52611208731173,298.1864373893038
13.139170059880392,1.5,301.0892194528526,298.5262834829754,298.18647475416714
13.142795658682788,1.5,301.0896116034871,298.5264548910916,298.1865121409829
13.146421257485184,1.5,301.09000370257246,298.5266263116492,298.18654954975193
13.15004685628758,1.5,301.0903957501244,298.52679774463695,298.18658698047494
13.153672455089975,1.5,301.090787746159,298.5269691900438,298.1866244331526
13.15729805389237,1.5,301.09117969069206,298.5271406478586,298.18666190778566
13.160923652694766,1.5,301.0915715837395,298.52731211807003,298.18669940437474
13.164549251497162,1.5,301.0919634253174,298.5274836006671,298.1867369229207
13.168174850299557,1.5,301.0923552154414,298.5276550956386,298.1867744634242
13.171800449101953,1.5,301.0927469541275,298.5278266029734,298.1868120258858
13.175426047904349,1.5,301.09313864139153,298.5279981226604,298.18684961030635
13.179051646706744,1.5,301.0935302772494,298.5281696546885,298.18688721668644
13.18267724550914,1.5,301.0939218617168,298.5283411990466,298.1869248450268
13.186302844311536,1.5,301.09431339480983,298.5285127557236,298.1869624953282
13.189928443113931,1.5,301.0947048765442,298.5286843247084,298.1870001675911
13.193554041916327,1.5,301.0950963069357,298.52885590598993,298.18703786181635
13.197179640718723,1.5,301.0954876860002,298.5290274995571,298.1870755780045
13.200805239521118,1.5,301.09587901375346,298.5291991053988,298.1871133161563
13.204430838323514,1.5,301.0962702902114,298.5293707235041,298.18715107627236
13.20805643712591,1.5,301.09666151538966,298.5295423538618,298.18718885835335
13.211682035928305,1.5,301.09705268930406,298.52971399646094,298.1872266623999
13.215307634730701,1.5,301.0974438119704,298.5298856512905,298.1872644884126
13.218933233533097,1.5,301.0978348834044,298.5300573183394,298.1873023363923
13.222558832335492,1.5,301.0982259036218,298.5302289975966,298.18734020633934
13.226184431137888,1.5,301.0986168726385,298.53040068905113,298.1873780982546
13.229810029940284,1.5,301.09900779047007,298.530572392692,298.18741601213856
13.23343562874268,1.5,301.0993986571324,298.5307441085082,298.1874539479919
13.237061227545075,1.5,301.099789472641,298.5309158364888,298.1874919058152
13.24068682634747,1.5,301.1001802370118,298.5310875766228,298.18752988560914
13.244312425149866,1.5,301.1005709502603,298.5312593288991,298.1875678873742
13.247938023952262,1.5,301.10096161240233,298.5314310933068,298.18760591111106
13.251563622754658,1.5,301.10135222345355,298.53160286983507,298.18764395682035
13.255189221557053,1.5,301.1017427834296,298.5317746584728,298.18768202450264
13.258814820359449,1.5,301.10213329234614,298.5319464592091,298.1877201141585
13.262440419161845,1.5,301.10252375021884,298.532118272033,298.18775822578857
13.26606601796424,1.5,301.1029141570634,298.53229009693365,298.18779635939336
13.269691616766636,1.5,301.1033045128955,298.5324619339001,298.18783451497353
13.273317215569032,1.5,301.10369481773057,298.5326337829214,298.1878726925296
13.276942814371427,1.5,301.1040850715844,298.5328056439867,298.1879108920621
13.280568413173823,1.5,301.1044752744726,298.53297751708504,298.1879491135717
13.284194011976219,1.5,301.1048654264107,298.53314940220565,298.1879873570589
13.287819610778614,1.5,301.10525552741433,298.5333212993375,298.1880256225242
13.29144520958101,1.5,301.10564557749916,298.53349320846985,298.1880639099682
13.295070808383405,1.5,301.1060355766807,298.53366512959167,298.18810221939157
13.298696407185801,1.5,301.10642552497455,298.5338370626923,298.1881405507947
13.302322005988197,1.5,301.10681542239627,298.53400900776074,298.1881789041781
13.305947604790592,1.5,301.1072052689613,298.53418096478623,298.18821727954236
13.309573203592988,1.5,301.10759506468537,298.5343529337579,298.18825567688805
13.313198802395384,1.5,301.10798480958397,298.53452491466487,298.18829409621577
13.31682440119778,1.5,301.10837450367256,298.5346969074965,298.18833253752587
13.320450000000175,1.5,301.1087641469667,298.5348689122418,298.1883710008189
13.32407559880257,1.5,301.1091537394818,298.53504092889,298.18840948609545
13.327701197604966,1.5,301.1095432812335,298.5352129574303,298.1884479933559
13.331326796407362,1.5,301.10993277223736,298.53538499785196,298.1884865226009
13.334952395209758,1.5,301.1103222125087,298.5355570501441,298.1885250738309
13.338577994012153,1.5,301.11071160206313,298.53572911429615,298.18856364704635
13.342203592814549,1.5,301.111100940916,298.5359011902972,298.1886022422478
13.345829191616945,1.5,301.11149022908285,298.5360732781364,298.1886408594357
13.34945479041934,1.5,301.1118794665792,298.5362453778032,298.18867949861055
13.353080389221736,1.5,301.11226865342024,298.5364174892867,298.18871815977286
13.356705988024132,1.5,301.11265778962166,298.53658961257617,298.18875684292306
13.360331586826527,1.5,301.1130468751988,298.53676174766093,298.1887955480616
13.363957185628923,1.5,301.1134359101671,298.53693389453036,298.188834275189
13.367582784431319,1.5,301.1138248945419,298.5371060531736,298.1888730243056
13.371208383233714,1.5,301.1142138283387,298.53727822357996,298.1889117954121
13.37483398203611,1.5,301.11460271157284,298.5374504057388,298.1889505885087
13.378459580838506,1.5,301.1149915442597,298.5376225996394,298.18898940359594
13.382085179640901,1.5,301.1153803264147,298.537794805271,298.18902824067436
13.385710778443297,1.5,301.1157690580532,298.5379670226231,298.18906709974425
13.389336377245693,1.5,301.11615773919056,298.53813925168487,298.1891059808061
13.392961976048088,1.5,301.116546369842,298.5383114924457,298.18914488386037
13.396587574850484,1.5,301.1169349500231,298.53848374489496,298.1891838089075
13.40021317365288,1.5,301.117323479749,298.5386560090221,298.18922275594787
13.403838772455275,1.5,301.1177119590351,298.53882828481625,298.1892617249819
13.40746437125767,1.5,301.1181003878968,298.5390005722669,298.18930071601005
13.411089970060067,1.5,301.1184887663493,298.5391728713634,298.18933972903267
13.414715568862462,1.5,301.1188770944079,298.53934518209525,298.1893787640502
13.418341167664858,1.5,301.1192653720879,298.5395175044517,298.18941782106305
13.421966766467254,1.5,301.11965359940467,298.5396898384222,298.1894569000716
13.42559236526965,1.5,301.1200417763735,298.53986218399615,298.1894960010762
13.429217964072045,1.5,301.1204299030095,298.540034541163,298.18953512407734
13.43284356287444,1.5,301.120817979328,298.5402069099121,298.1895742690753
13.436469161676836,1.5,301.12120600534433,298.540379290233,298.18961343607054
13.440094760479232,1.5,301.12159398107366,298.54055168211494,298.1896526250634
13.443720359281627,1.5,301.1219819065312,298.54072408554754,298.1896918360543
13.447345958084023,1.5,301.12236978173223,298.54089650052015,298.1897310690435
13.450971556886419,1.5,301.12275760669195,298.5410689270223,298.18977032403143
13.454597155688814,1.5,301.1231453814257,298.5412413650434,298.18980960101845
13.45822275449121,1.5,301.12353310594847,298.54141381457293,298.18984890000496
13.461848353293606,1.5,301.1239207802755,298.5415862756004,298.1898882209912
13.465473952096001,1.5,301.12430840442215,298.54175874811534,298.1899275639776
13.469099550898397,1.5,301.1246959784034,298.5419312321072,298.18996692896457
13.472725149700793,1.5,301.1250835022345,298.5421037275654,298.19000631595225
13.476350748503188,1.5,301.12547097593057,298.54227623447963,298.19004572494117
13.479976347305584,1.5,301.12585839950685,298.54244875283916,298.19008515593157
13.48360194610798,1.5,301.12624577297845,298.5426212826337,298.19012460892384
13.487227544910375,1.5,301.12663309636037,298.5427938238528,298.1901640839182
13.490853143712771,1.5,301.12702036966795,298.5429663764859,298.19020358091495
13.494478742515167,1.5,301.12740759291614,298.54313894052257,298.1902430999146
13.498104341317562,1.5,301.12779476612025,298.54331151595244,298.19028264091725
13.501729940119958,1.5,301.1281818892952,298.543484102765,298.1903222039233
13.505355538922354,1.5,301.1285689624562,298.5436567009498,298.1903617889331
13.50898113772475,1.5,301.12895598561823,298.5438293104964,298.1904013959469
13.512606736527145,1.5,301.1293429587965,298.54400193139446,298.19044102496485
13.51623233532954,1.5,301.12972988200596,298.54417456363365,298.19048067598743
13.519857934131936,1.5,301.1301167552618,298.5443472072033,298.19052034901483
13.523483532934332,1.5,301.1305035785789,298.5445198620933,298.19056004404746
13.527109131736728,1.5,301.1308903519724,298.54469252829307,298.1905997610854
13.530734730539123,1.5,301.1312770754575,298.54486520579235,298.1906395001291
13.534360329341519,1.5,301.131663749049,298.54503789458073,298.19067926117873
13.537985928143915,1.5,301.13205037276197,298.54521059464776,298.1907190442345
13.54161152694631,1.5,301.1324369466115,298.54538330598325,298.1907588492969
13.545237125748706,1.5,301.13282347061255,298.54555602857664,298.19079867636594
13.548862724551102,1.5,301.1332099447801,298.5457287624178,298.190838525442
13.552488323353497,1.5,301.1335963691292,298.54590150749624,298.19087839652525
13.556113922155893,1.5,301.1339827436748,298.54607426380176,298.19091828961604
13.559739520958288,1.5,301.1343690684319,298.54624703132396,298.1909582047145
13.563365119760684,1.5,301.1347553434154,298.54641981005256,298.1909981418209
13.56699071856308,1.5,301.13514156864034,298.54659259997715,298.19103810093554
13.570616317365475,1.5,301.1355277441216,298.54676540108755,298.1910780820586
13.574241916167871,1.5,301.1359138698741,298.54693821337344,298.1911180851902
13.577867514970267,1.5,301.1362999459129,298.5471110368245,298.1911581103307
13.581493113772662,1.5,301.1366859722529,298.54728387143047,298.19119815748024
13.585118712575058,1.5,301.13707194890895,298.54745671718115,298.1912382266392
13.588744311377454,1.5,301.1374578758959,298.54762957406626,298.19127831780753
13.59236991017985,1.5,301.1378437532289,298.54780244207535,298.1913184309856
13.595995508982245,1.5,301.1382295809226,298.5479753211985,298.1913585661735
13.59962110778464,1.5,301.138615358992,298.54814821142514,298.19139872337155
13.603246706587036,1.5,301.13900108745185,298.5483211127452,298.1914389025799
13.606872305389432,1.5,301.1393867663172,298.5484940251485,298.19147910379866
13.610497904191828,1.5,301.1397723956029,298.5486669486248,298.19151932702806
13.614123502994223,1.5,301.14015797532363,298.5488398831638,298.1915595722683
13.617749101796619,1.5,301.1405435054944,298.5490128287554,298.19159983951954
13.621374700599015,1.5,301.14092898613,298.5491857853892,298.19164012878196
13.62500029940141,1.5,301.1413144172453,298.54935875305534,298.1916804400557
13.628625898203806,1.5,301.14169979885503,298.54953173174334,298.19172077334105
13.632251497006202,1.5,301.1420851309741,298.54970472144316,298.1917611286379
13.635877095808597,1.5,301.1424704136173,298.54987772214463,298.19180150594667
13.639502694610993,1.5,301.1428556467993,298.5500507338375,298.1918419052673
13.643128293413389,1.5,301.14324083053515,298.55022375651174,298.1918823266001
13.646753892215784,1.5,301.1436259648394,298.5503967901572,298.19192276994517
13.65037949101818,1.5,301.1440110497269,298.5505698347636,298.1919632353026
13.654005089820576,1.5,301.14439608521246,298.550742890321,298.19200372267255
13.657630688622971,1.5,301.14478107131083,298.55091595681904,298.19204423205514
13.661256287425367,1.5,301.14516600803677,298.5510890342478,298.1920847634506
13.664881886227763,1.5,301.14555089540494,298.55126212259705,298.19212531685895
13.668507485030158,1.5,301.1459357334302,298.55143522185676,298.1921658922803
13.672133083832554,1.5,301.14632052212716,298.5516083320168,298.19220648971475
13.67575868263495,1.5,301.14670526151065,298.5517814530671,298.1922471091625
13.679384281437345,1.5,301.1470899515953,298.5519545849976,298.19228775062356
13.68300988023974,1.5,301.1474745923958,298.5521277277981,298.19232841409814
13.686635479042137,1.5,301.147859183927,298.5523008814587,298.1923690995862
13.690261077844532,1.5,301.1482437262035,298.5524740459692,298.192409807088
13.693886676646928,1.5,301.14862821923987,298.5526472213196,298.19245053660353
13.697512275449323,1.5,301.14901266305094,298.5528204074999,298.1924912881329
13.70113787425172,1.5,301.1493970576513,298.5529936045,298.19253206167616
13.704763473054115,1.5,301.1497814030557,298.5531668123099,298.19257285723336
13.70838907185651,1.5,301.1501656992787,298.55334003091946,298.1926136748047
13.712014670658906,1.5,301.150549946335,298.5535132603188,298.19265451439014
13.715640269461302,1.5,301.15093414423916,298.5536865004979,298.19269537598984
13.719265868263697,1.5,301.1513182930059,298.5538597514468,298.19273625960375
13.722891467066093,1.5,301.1517023926498,298.55403301315533,298.192777165232
13.726517065868489,1.5,301.1520864431854,298.5542062856136,298.1928180928747
13.730142664670884,1.5,301.15247044462745,298.55437956881167,298.1928590425318
13.73376826347328,1.5,301.15285439699045,298.5545528627394,298.1929000142033
13.737393862275676,1.5,301.15323830028893,298.55472616738695,298.1929410078894
13.741019461078071,1.5,301.1536221545377,298.5548994827444,298.19298202359
13.744645059880467,1.5,301.1540059597511,298.55507280880175,298.1930230613052
13.748270658682863,1.5,301.1543897159438,298.555246145549,298.1930641210351
13.751896257485258,1.5,301.1547734231304,298.5554194929763,298.1931052027796
13.755521856287654,1.5,301.1551570813254,298.5555928510736,298.1931463065388
13.75914745509005,1.5,301.15554069054326,298.555766219831,298.1931874323127
13.762773053892445,1.5,301.15592425079865,298.5559395992387,298.19322858010133
13.766398652694841,1.5,301.15630776210605,298.55611298928665,298.19326974990474
13.770024251497237,1.5,301.15669122448,298.556286389965,298.19331094172287
13.773649850299632,1.5,301.157074637935,298.5564598012638,298.19335215555566
13.777275449102028,1.5,301.1574580024855,298.5566332231733,298.1933933914032
13.780901047904424,1.5,301.15784131814615,298.5568066556835,298.19343464926555
13.78452664670682,1.5,301.15822458493125,298.55698009878455,298.1934759291426
13.788152245509215,1.5,301.1586078028554,298.55715355246656,298.1935172310344
13.79177784431161,1.5,301.15899097193306,298.5573270167197,298.19355855494086
13.795403443114006,1.5,301.15937409217867,298.557500491534,298.193599900862
13.799029041916402,1.5,301.15975716360674,298.55767397689976,298.1936412687978
13.802654640718798,1.5,301.1601401862317,298.55784747280705,298.1936826587483
13.806280239521193,1.5,301.16052316006795,298.5580209792461,298.1937240707133
13.809905838323589,1.5,301.16090608513,298.558194496207,298.193765504693
13.813531437125985,1.5,301.1612889614322,298.55836802368003,298.19380696068714
13.81715703592838,1.5,301.16167178898905,298.5585415616553,298.19384843869585
13.820782634730776,1.5,301.16205456781495,298.558715110123,298.1938899387189
13.824408233533171,1.5,301.16243729792427,298.5588886690733,298.1939314607564
13.828033832335567,1.5,301.16281997933135,298.5590622384965,298.19397300480824
13.831659431137963,1.5,301.1632026120507,298.5592358183827,298.19401457087434
13.835285029940358,1.5,301.1635851960968,298.5594094087223,298.19405615895465
13.838910628742754,1.5,301.16396773148375,298.5595830095053,298.19409776904916
13.84253622754515,1.5,301.16435021822616,298.55975662072206,298.19413940115777
13.846161826347545,1.5,301.16473265633834,298.5599302423628,298.19418105528035
13.849787425149941,1.5,301.1651150458345,298.5601038744178,298.1942227314168
13.853413023952337,1.5,301.16549738672916,298.56027751687725,298.1942644295672
13.857038622754732,1.5,301.16587967903655,298.56045116973144,298.19430614973135
13.860664221557128,1.5,301.16626192277107,298.5606248329707,298.1943478919092
13.864289820359524,1.5,301.16664411794704,298.5607985065852,298.19438965610055
13.86791541916192,1.5,301.16702626457874,298.5609721905652,298.19443144230553
13.871541017964315,1.5,301.1674083626805,298.5611458849012,298.1944732505238
13.87516661676671,1.5,301.16779041226664,298.56131958958326,298.19451508075537
13.878792215569106,1.5,301.16817241335144,298.5614933046018,298.1945569330002
13.882417814371502,1.5,301.1685543659492,298.5616670299471,298.194598807258
13.886043413173898,1.5,301.16893627007414,298.5618407656095,298.1946407035288
13.889669011976293,1.5,301.1693181257406,298.5620145115792,298.19468262181243
13.893294610778689,1.5,301.16969993296277,298.56218826784675,298.1947245621088
13.896920209581085,1.5,301.17008169175506,298.5623620344023,298.19476652441773
13.90054580838348,1.5,301.1704634021316,298.5625358112364,298.19480850873913
13.904171407185876,1.5,301.17084506410663,298.56270959833915,298.19485051507286
13.907797005988272,1.5,301.1712266776945,298.56288339570096,298.19489254341875
13.911422604790667,1.5,301.17160824290926,298.5630572033123,298.19493459377674
13.915048203593063,1.5,301.1719897597653,298.5632310211636,298.19497666614654
13.918673802395459,1.5,301.17237122827675,298.56340484924505,298.1950187605281
13.922299401197854,1.5,301.1727526484578,298.5635786875471,298.19506087692133
13.92592500000025,1.5,301.17313402032266,298.5637525360602,298.19510301532597
13.929550598802646,1.5,301.1735153438856,298.5639263947746,298.19514517574186
13.933176197605041,1.5,301.17389661916076,298.5641002636809,298.1951873581689
13.936801796407437,1.5,301.1742778461623,298.5642741427694,298.19522956260687
13.940427395209833,1.5,301.1746590249043,298.5644480320306,298.19527178905565
13.944052994012228,1.5,301.17504015540106,298.56462193145484,298.19531403751495
13.947678592814624,1.5,301.17542123766674,298.56479584103255,298.19535630798475
13.95130419161702,1.5,301.1758022717155,298.56496976075425,298.1953986004647
13.954929790419415,1.5,301.1761832575613,298.5651436906103,298.1954409149548
13.95855538922181,1.5,301.17656419521853,298.56531763059115,298.1954832514548
13.962180988024206,1.5,301.1769450847011,298.56549158068736,298.1955256099643
13.965806586826602,1.5,301.17732592602323,298.5656655408893,298.19556799048337
13.969432185628998,1.5,301.17770671919897,298.56583951118745,298.19561039301163
13.973057784431393,1.5,301.17808746424254,298.56601349157233,298.19565281754905
13.97668338323379,1.5,301.17846816116787,298.5661874820344,298.1956952640953
13.980308982036185,1.5,301.1788488099893,298.56636148256416,298.19573773265023
13.98393458083858,1.5,301.17922941072067,298.5665354931522,298.19578022321355
13.987560179640976,1.5,301.1796099633761,298.56670951378885,298.19582273578504
13.991185778443372,1.5,301.17999046796973,298.5668835444647,298.19586527036455
13.994811377245767,1.5,301.1803709245156,298.56705758517035,298.1959078269518
13.998436976048163,1.5,301.18075133302784,298.56723163589623,298.1959504055465
14.002062574850559,1.5,301.18113169352034,298.56740569663293,298.19599300614857
14.005688173652954,1.5,301.18151200600727,298.5675797673709,298.1960356287577
14.00931377245535,1.5,301.1818922705026,298.5677538481008,298.19607827337353
14.012939371257746,1.5,301.1822724870204,298.5679279388131,298.196120939996
14.016564970060141,1.5,301.1826526555746,298.56810203949846,298.19616362862473
14.020190568862537,1.5,301.1830327761793,298.56827615014737,298.19620633925956
14.023816167664933,1.5,301.18341284884843,298.56845027075036,298.19624907190024
14.027441766467328,1.5,301.183792873596,298.5686244012981,298.1962918265463
14.031067365269724,1.5,301.1841728504361,298.5687985417812,298.1963346031978
14.03469296407212,1.5,301.1845527793826,298.56897269219013,298.19637740185425
14.038318562874515,1.5,301.18493266044953,298.5691468525155,298.1964202225154
14.041944161676911,1.5,301.18531249365077,298.56932102274806,298.196463065181
14.045569760479307,1.5,301.1856922790004,298.56949520287833,298.1965059298508
14.049195359281702,1.5,301.18607201651236,298.5696693928969,298.1965488165245
14.052820958084098,1.5,301.1864517062005,298.5698435927945,298.19659172520176
14.056446556886494,1.5,301.1868313480789,298.5700178025616,298.1966346558824
14.06007215568889,1.5,301.1872109421613,298.570192022189,298.196677608566
14.063697754491285,1.5,301.18759048846186,298.5703662516674,298.1967205832524
14.06732335329368,1.5,301.18796998699423,298.5705404909872,298.1967635799412
14.070948952096076,1.5,301.1883494377726,298.57071474013924,298.19680659863207
14.074574550898472,1.5,301.18872884081065,298.5708889991142,298.19684963932485
14.078200149700868,1.5,301.1891081961224,298.57106326790256,298.19689270201906
14.081825748503263,1.5,301.1894875037217,298.57123754649524,298.19693578671445
14.085451347305659,1.5,301.1898667636225,298.57141183488284,298.1969788934108
14.089076946108054,1.5,301.19024597583854,298.571586133056,298.1970220221076
14.09270254491045,1.5,301.1906251403838,298.5717604410055,298.1970651728046
14.096328143712846,1.5,301.1910042572721,298.57193475872197,298.19710834550153
14.099953742515241,1.5,301.19138332651727,298.5721090861962,298.197151540198
14.103579341317637,1.5,301.19176234813324,298.57228342341887,298.1971947568937
14.107204940120033,1.5,301.1921413221337,298.57245777038077,298.1972379955882
14.110830538922428,1.5,301.19252024853273,298.5726321270725,298.1972812562813
14.114456137724824,1.5,301.1928991273439,298.5728064934849,298.19732453897257
14.11808173652722,1.5,301.1932779585811,298.57298086960867,298.1973678436617
14.121707335329615,1.5,301.1936567422583,298.5731552554346,298.1974111703483
14.125332934132011,1.5,301.1940354783892,298.57332965095344,298.197454519032
14.128958532934407,1.5,301.19441416698754,298.5735040561559,298.1974978897124
14.132584131736802,1.5,301.1947928080671,298.57367847103285,298.19754128238924
14.136209730539198,1.5,301.1951714016418,298.573852895575,298.1975846970621
14.139835329341594,1.5,301.1955499477252,298.5740273297731,298.1976281337306
14.14346092814399,1.5,301.19592844633127,298.5742017736181,298.19767159239433
14.147086526946385,1.5,301.19630689747373,298.57437622710063,298.19771507305296
14.15071212574878,1.5,301.19668530116627,298.5745506902116,298.1977585757061
14.154337724551176,1.5,301.1970636574227,298.5747251629418,298.1978021003534
14.157963323353572,1.5,301.1974419662568,298.57489964528196,298.1978456469943
14.161588922155968,1.5,301.1978202276822,298.575074137223,298.19788921562866
14.165214520958363,1.5,301.19819844171275,298.5752486387558,298.1979328062559
14.168840119760759,1.5,301.19857660836203,298.5754231498711,298.19797641887567
14.172465718563155,1.5,301.19895472764387,298.5755976705597,298.1980200534876
14.17609131736555,1.5,301.1993327995719,298.5757722008126,298.19806371009116
14.179716916167946,1.5,301.19971082415987,298.57594674062057,298.19810738868614
14.183342514970342,1.5,301.20008880142143,298.5761212899744,298.1981510892719
14.186968113772737,1.5,301.20046673137034,298.5762958488652,298.1981948118481
14.190593712575133,1.5,301.2008446140202,298.5764704172836,298.1982385564144
14.194219311377529,1.5,301.2012224493847,298.57664499522053,298.19828232297033
14.197844910179924,1.5,301.2016002374775,298.57681958266693,298.1983261115154
14.20147050898232,1.5,301.2019779783124,298.57699417961373,298.19836992204927
14.205096107784716,1.5,301.20235567190286,298.57716878605186,298.19841375457145
14.208721706587111,1.5,301.20273331826263,298.5773434019721,298.19845760908146
14.212347305389507,1.5,301.20311091740535,298.57751802736544,298.1985014855789
14.215972904191903,1.5,301.20348846934456,298.5776926622228,298.1985453840634
14.219598502994298,1.5,301.203865974094,298.57786730653504,298.1985893045344
14.223224101796694,1.5,301.20424343166724,298.5780419602932,298.1986332469914
14.22684970059909,1.5,301.20462084207793,298.57821662348823,298.1986772114341
14.230475299401485,1.5,301.2049982053395,298.578391296111,298.1987211978619
14.23410089820388,1.5,301.2053755214658,298.5785659781525,298.1987652062744
14.237726497006276,1.5,301.2057527904702,298.57874066960363,298.19880923667114
14.241352095808672,1.5,301.20613001236643,298.5789153704554,298.1988532890516
14.244977694611068,1.5,301.2065071871681,298.57909008069885,298.19889736341537
14.248603293413463,1.5,301.20688431488855,298.5792648003249,298.1989414597619
14.252228892215859,1.5,301.2072613955416,298.57943952932453,298.1989855780908
14.255854491018255,1.5,301.2076384291407,298.5796142676888,298.19902971840145
14.25948008982065,1.5,301.2080154156994,298.57978901540855,298.1990738806935
14.263105688623046,1.5,301.2083923552312,298.5799637724749,298.19911806496634
14.266731287425442,1.5,301.20876924774973,298.5801385388789,298.1991622712195
14.270356886227837,1.5,301.2091460932685,298.5803133146115,298.19920649945254
14.273982485030233,1.5,301.20952289180093,298.58048809966374,298.19925074966494
14.277608083832629,1.5,301.20989964336064,298.5806628940267,298.19929502185613
14.281233682635024,1.5,301.2102763479611,298.5808376976914,298.1993393160256
14.28485928143742,1.5,301.2106530056159,298.5810125106488,298.199383632173
14.288484880239816,1.5,301.21102961633835,298.58118733289,298.1994279702976
14.292110479042211,1.5,301.21140618014203,298.581362164406,298.199472330399
14.295736077844607,1.5,301.2117826970405,298.58153700518807,298.1995167124766
14.299361676647003,1.5,301.2121591670472,298.58171185522707,298.19956111652994
14.302987275449398,1.5,301.21253559017555,298.58188671451416,298.1996055425585
14.306612874251794,1.5,301.21291196643904,298.58206158304046,298.19964999056174
14.31023847305419,1.5,301.2132882958511,298.5822364607969,298.19969446053904
14.313864071856585,1.5,301.21366457842527,298.5824113477748,298.1997389524899
14.317489670658981,1.5,301.21404081417484,298.5825862439651,298.1997834664138
14.321115269461377,1.5,301.21441700311334,298.58276114935893,298.19982800231026
14.324740868263772,1.5,301.21479314525425,298.5829360639475,298.19987256017856
14.328366467066168,1.5,301.2151692406109,298.58311098772174,298.1999171400182
14.331992065868564,1.5,301.2155452891967,298.58328592067295,298.1999617418287
14.33561766467096,1.5,301.21592129102515,298.5834608627922,298.20000636560945
14.339243263473355,1.5,301.21629724610955,298.5836358140707,298.20005101135985
14.34286886227575,1.5,301.21667315446336,298.58381077449945,298.20009567907937
14.346494461078146,1.5,301.2170490160999,298.5839857440697,298.20014036876745
14.350120059880542,1.5,301.21742483103264,298.58416072277265,298.20018508042347
14.353745658682938,1.5,301.21780059927494,298.5843357105993,298.20022981404685
14.357371257485333,1.5,301.2181763208401,298.5845107075411,298.2002745696371
14.360996856287729,1.5,301.21855199574156,298.5846857135889,298.20031934719356
14.364622455090124,1.5,301.2189276239926,298.5848607287341,298.2003641467156
14.36824805389252,1.5,301.21930320560665,298.5850357529678,298.2004089682027
14.371873652694916,1.5,301.2196787405969,298.5852107862813,298.20045381165426
14.375499251497311,1.5,301.220054228977,298.5853858286657,298.2004986770696
14.379124850299707,1.5,301.2204296707599,298.5855608801122,298.20054356444825
14.382750449102103,1.5,301.22080506595915,298.5857359406121,298.20058847378954
14.386376047904498,1.5,301.22118041458805,298.5859110101565,298.2006334050928
14.390001646706894,1.5,301.2215557166598,298.58608608873675,298.20067835835744
14.39362724550929,1.5,301.22193097218786,298.58626117634407,298.20072333358286
14.397252844311685,1.5,301.2223061811854,298.58643627296965,298.2007683307685
14.400878443114081,1.5,301.2226813436657,298.5866113786047,298.2008133499137
14.404504041916477,1.5,301.2230564596422,298.5867864932406,298.20085839101773
14.408129640718872,1.5,301.223431529128,298.58696161686845,298.20090345408016
14.411755239521268,1.5,301.22380655213647,298.5871367494796,298.2009485391002
14.415380838323664,1.5,301.2241815286808,298.58731189106544,298.2009936460772
14.41900643712606,1.5,301.2245564587744,298.587487041617,298.2010387750106
14.422632035928455,1.5,301.2249313424303,298.58766220112574,298.2010839258998
14.42625763473085,1.5,301.22530617966186,298.58783736958287,298.20112909874405
14.429883233533246,1.5,301.22568097048224,298.5880125469797,298.20117429354275
14.433508832335642,1.5,301.2260557149048,298.5881877333076,298.2012195102953
14.437134431138038,1.5,301.2264304129427,298.58836292855784,298.2012647490008
14.440760029940433,1.5,301.2268050646092,298.5885381327217,298.20131000965887
14.444385628742829,1.5,301.2271796699174,298.58871334579055,298.2013552922687
14.448011227545225,1.5,301.22755422888065,298.5888885677556,298.2014005968298
14.45163682634762,1.5,301.2279287415121,298.58906379860827,298.2014459233413
14.455262425150016,1.5,301.22830320782475,298.58923903834,298.2014912718026
14.458888023952412,1.5,301.22867762783204,298.58941428694203,298.201536642213
14.462513622754807,1.5,301.2290520015471,298.5895895444056,298.2015820345718
14.466139221557203,1.5,301.2294263289829,298.58976481072233,298.2016274488784
14.469764820359599,1.5,301.2298006101529,298.58994008588337,298.20167288513204
14.473390419161994,1.5,301.23017484507005,298.59011536988015,298.2017183433321
14.47701601796439,1.5,301.23054903374765,298.59029066270404,298.20176382347785
14.480641616766786,1.5,301.23092317619876,298.59046596434644,298.20180932556855
14.484267215569181,1.5,301.23129727243645,298.59064127479877,298.20185484960354
14.487892814371577,1.5,301.231671322474,298.59081659405234,298.2019003955821
14.491518413173972,1.5,301.23204532632445,298.5909919220987,298.20194596350353
14.495144011976368,1.5,301.2324192840009,298.5911672589291,298.2019915533672
14.498769610778764,1.5,301.2327931955165,298.59134260453504,298.20203716517227
14.50239520958116,1.5,301.23316706088434,298.5915179589079,298.2020827989181
14.506020808383555,1.5,301.23354088011763,298.5916933220391,298.20212845460395
14.50964640718595,1.5,301.2339146532293,298.5918686939201,298.20217413222906
14.513272005988346,1.5,301.23428838023256,298.59204407454234,298.2022198317928
14.516897604790742,1.5,301.2346620611404,298.5922194638972,298.2022655532943
14.520523203593138,1.5,301.2350356959659,298.59239486197623,298.20231129673294
14.524148802395533,1.5,301.2354092847222,298.5925702687709,298.20235706210804
14.527774401197929,1.5,301.2357828274223,298.59274568427253,298.2024028494186
14.531400000000325,1.5,301.23615632407933,298.5929211084727,298.2024486586642
14.53502559880272,1.5,301.23652977470624,298.59309654136274,298.2024944898439
14.538651197605116,1.5,301.2369031793162,298.59327198293437,298.202540342957
14.542276796407512,1.5,301.2372765379221,298.5934474331789,298.20258621800275
14.545902395209907,1.5,301.2376498505371,298.59362289208786,298.2026321149803
14.549527994012303,1.5,301.2380231171741,298.5937983596528,298.202678033889
14.553153592814699,1.5,301.2383963378462,298.5939738358651,298.20272397472814
14.556779191617094,1.5,301.2387695125664,298.59414932071644,298.2027699374969
14.56040479041949,1.5,301.2391426413477,298.5943248141982,298.2028159221944
14.564030389221886,1.5,301.2395157242031,298.594500316302,298.20286192881997
14.567655988024281,1.5,301.2398887611456,298.5946758270193,298.2029079573729
14.571281586826677,1.5,301.24026175218813,298.59485134634167,298.2029540078523
14.574907185629073,1.5,301.24063469734375,298.5950268742606,298.2030000802575
14.578532784431468,1.5,301.24100759662537,298.59520241076774,298.20304617458754
14.582158383233864,1.5,301.241380450046,298.59537795585453,298.20309229084177
14.58578398203626,1.5,301.2417532576186,298.59555350951257,298.2031384290194
14.589409580838655,1.5,301.2421260193561,298.59572907173344,298.20318458911953
14.593035179641051,1.5,301.2424987352714,298.5959046425087,298.2032307711415
14.596660778443447,1.5,301.24287140537757,298.5960802218299,298.2032769750844
14.600286377245842,1.5,301.2432440296874,298.5962558096887,298.2033232009474
14.603911976048238,1.5,301.2436166082139,298.59643140607665,298.20336944872986
14.607537574850634,1.5,301.24398914097003,298.59660701098534,298.2034157184308
14.61116317365303,1.5,301.24436162796866,298.59678262440633,298.2034620100496
14.614788772455425,1.5,301.24473406922266,298.5969582463313,298.2035083235852
14.61841437125782,1.5,301.24510646474494,298.59713387675185,298.20355465903697
14.622039970060216,1.5,301.2454788145485,298.59730951565956,298.2036010164039
14.625665568862612,1.5,301.24585111864616,298.59748516304603,298.2036473956854
14.629291167665007,1.5,301.2462233770508,298.59766081890297,298.2036937968805
14.632916766467403,1.5,301.24659558977527,298.59783648322195,298.2037402199884
14.636542365269799,1.5,301.24696775683253,298.59801215599464,298.2037866650082
14.640167964072194,1.5,301.2473398782353,298.5981878372127,298.2038331319391
14.64379356287459,1.5,301.24771195399666,298.59836352686784,298.2038796207803
14.647419161676986,1.5,301.24808398412927,298.5985392249516,298.203926131531
14.651044760479381,1.5,301.24845596864606,298.59871493145573,298.20397266419013
14.654670359281777,1.5,301.24882790755987,298.5988906463719,298.2040192187571
14.658295958084173,1.5,301.2491998008835,298.5990663696917,298.2040657952309
14.661921556886568,1.5,301.24957164862974,298.59924210140696,298.2041123936107
14.665547155688964,1.5,301.2499434508115,298.5994178415092,298.2041590138957
14.66917275449136,1.5,301.25031520744164,298.5995935899902,298.2042056560849
14.672798353293755,1.5,301.25068691853284,298.59976934684175,298.2042523201776
14.676423952096151,1.5,301.251058584098,298.5999451120555,298.20429900617273
14.680049550898547,1.5,301.25143020414987,298.6001208856231,298.2043457140697
14.683675149700942,1.5,301.25180177870124,298.60029666753627,298.2043924438674
14.687300748503338,1.5,301.2521733077649,298.6004724577868,298.204439195565
14.690926347305734,1.5,301.25254479135367,298.60064825636647,298.2044859691616
14.69455194610813,1.5,301.2529162294802,298.6008240632669,298.20453276465645
14.698177544910525,1.5,301.2532876221575,298.60099987847985,298.2045795820485
14.70180314371292,1.5,301.2536589693981,298.6011757019971,298.2046264213369
14.705428742515316,1.5,301.2540302712148,298.6013515338105,298.2046732825208
14.709054341317712,1.5,301.2544015276205,298.6015273739116,298.20472016559927
14.712679940120108,1.5,301.25477273862765,298.6017032222924,298.2047670705714
14.716305538922503,1.5,301.2551439042492,298.6018790789445,298.20481399743636
14.719931137724899,1.5,301.25551502449787,298.60205494385974,298.2048609461931
14.723556736527295,1.5,301.2558860993864,298.60223081702986,298.2049079168408
14.72718233532969,1.5,301.2562571289274,298.60240669844677,298.2049549093785
14.730807934132086,1.5,301.2566281131337,298.60258258810217,298.2050019238054
14.734433532934482,1.5,301.25699905201793,298.60275848598786,298.20504896012045
14.738059131736877,1.5,301.25736994559276,298.60293439209573,298.20509601832276
14.741684730539273,1.5,301.25774079387094,298.6031103064175,298.20514309841144
14.745310329341669,1.5,301.25811159686515,298.603286228945,298.2051902003856
14.748935928144064,1.5,301.2584823545882,298.60346215967013,298.20523732424414
14.75256152694646,1.5,301.2588530670525,298.60363809858467,298.2052844699862
14.756187125748855,1.5,301.25922373427085,298.60381404568045,298.2053316376109
14.759812724551251,1.5,301.2595943562559,298.60399000094935,298.20537882711733
14.763438323353647,1.5,301.2599649330204,298.6041659643831,298.2054260385044
14.767063922156042,1.5,301.2603354645769,298.60434193597376,298.20547327177127
14.770689520958438,1.5,301.2607059509381,298.6045179157131,298.205520526917
14.774315119760834,1.5,301.26107639211654,298.60469390359293,298.20556780394054
14.77794071856323,1.5,301.261446788125,298.6048698996051,298.205615102841
14.781566317365625,1.5,301.26181713897597,298.60504590374165,298.2056624236174
14.78519191616802,1.5,301.2621874446821,298.6052219159943,298.20570976626874
14.788817514970416,1.5,301.2625577052561,298.6053979363551,298.20575713079415
14.792443113772812,1.5,301.2629279207104,298.60557396481573,298.20580451719263
14.796068712575208,1.5,301.26329809105783,298.6057500013683,298.20585192546315
14.799694311377603,1.5,301.2636682163108,298.6059260460045,298.20589935560474
14.803319910179999,1.5,301.264038296482,298.6061020987165,298.20594680761656
14.806945508982395,1.5,301.264408331584,298.60627815949607,298.20599428149745
14.81057110778479,1.5,301.26477832162925,298.6064542283351,298.20604177724647
14.814196706587186,1.5,301.26514826663055,298.6066303052256,298.20608929486264
14.817822305389582,1.5,301.2655181666003,298.6068063901595,298.20613683434505
14.821447904191977,1.5,301.2658880215511,298.6069824831287,298.2061843956926
14.825073502994373,1.5,301.2662578314955,298.6071585841252,298.2062319789044
14.828699101796769,1.5,301.26662759644614,298.60733469314096,298.2062795839793
14.832324700599164,1.5,301.2669973164154,298.6075108101678,298.2063272109164
14.83595029940156,1.5,301.26736699141594,298.6076869351979,298.2063748597147
14.839575898203956,1.5,301.26773662146024,298.607863068223,298.2064225303731
14.843201497006351,1.5,301.26810620656084,298.6080392092353,298.20647022289063
14.846827095808747,1.5,301.26847574673025,298.60821535822663,298.2065179372664
14.850452694611143,1.5,301.2688452419809,298.608391515189,298.2065656734992
14.854078293413538,1.5,301.26921469232553,298.60856768011456,298.20661343158815
14.857703892215934,1.5,301.26958409777643,298.608743852995,298.20666121153215
14.86132949101833,1.5,301.2699534583461,298.6089200338227,298.20670901333017
14.864955089820725,1.5,301.2703227740471,298.6090962225894,298.20675683698124
14.86858068862312,1.5,301.2706920448919,298.60927241928715,298.2068046824843
14.872206287425517,1.5,301.271061270893,298.60944862390807,298.2068525498383
14.875831886227912,1.5,301.27143045206276,298.6096248364441,298.20690043904216
14.879457485030308,1.5,301.2717995884138,298.60980105688736,298.20694835009493
14.883083083832704,1.5,301.27216867995844,298.6099772852298,298.2069962829955
14.8867086826351,1.5,301.2725377267093,298.6101535214635,298.2070442377428
14.890334281437495,1.5,301.27290672867866,298.6103297655805,298.2070922143359
14.89395988023989,1.5,301.273275685879,298.61050601757285,298.20714021277365
14.897585479042286,1.5,301.27364459832285,298.61068227743266,298.207188233055
14.901211077844682,1.5,301.2740134660225,298.6108585451519,298.2072362751789
14.904836676647077,1.5,301.2743822889904,298.61103482072286,298.2072843391442
14.908462275449473,1.5,301.27475106723915,298.6112111041374,298.20733242495
14.912087874251869,1.5,301.275119800781,298.6113873953877,298.20738053259515
14.915713473054264,1.5,301.2754884896283,298.6115636944658,298.20742866207854
14.91933907185666,1.5,301.2758571337935,298.61174000136384,298.2074768133992
14.922964670659056,1.5,301.2762257332891,298.6119163160739,298.2075249865559
14.926590269461451,1.5,301.27659428812734,298.6120926385881,298.2075731815476
14.930215868263847,1.5,301.2769627983207,298.6122689688985,298.2076213983734
14.933841467066243,1.5,301.2773312638816,298.6124453069973,298.20766963703204
14.937467065868638,1.5,301.27769968482227,298.6126216528766,298.2077178975224
14.941092664671034,1.5,301.2780680611551,298.6127980065285,298.2077661798435
14.94471826347343,1.5,301.27843639289256,298.6129743679452,298.2078144839942
14.948343862275825,1.5,301.2788046800469,298.61315073711876,298.20786280997334
14.951969461078221,1.5,301.2791729226305,298.6133271140413,298.2079111577799
14.955595059880617,1.5,301.27954112065567,298.61350349870514,298.20795952741275
14.959220658683012,1.5,301.2799092741348,298.61367989110227,298.2080079188708
14.962846257485408,1.5,301.2802773830802,298.613856291225,298.2080563321529
14.966471856287804,1.5,301.2806454475042,298.6140326990653,298.208104767258
14.9700974550902,1.5,301.28101346741914,298.61420911461556,298.20815322418497
14.973723053892595,1.5,301.2813814428372,298.61438553786775,298.2082017029326
14.97734865269499,1.5,301.2817493737708,298.61456196881426,298.20825020349986
14.980974251497386,1.5,301.28211726023227,298.61473840744713,298.2082987258855
14.984599850299782,1.5,301.28248510223386,298.61491485375865,298.2083472700886
14.988225449102178,1.5,301.2828528997878,298.615091307741,298.20839583610785
14.991851047904573,1.5,301.2832206529065,298.6152677693864,298.20844442394224
14.995476646706969,1.5,301.28358836160214,298.61544423868696,298.20849303359057
14.999102245509365,1.5,301.28395602588705,298.61562071563503,298.20854166505165
15.00272784431176,1.5,301.2843236457734,298.6157972002228,298.2085903183245
15.006353443114156,1.5,301.28469122127353,298.61597369244254,298.2086389934078
15.009979041916552,1.5,301.28505875239966,298.6161501922864,298.2086876903005
15.013604640718947,1.5,301.2854262391641,298.6163266997466,298.20873640900146
15.017230239521343,1.5,301.2857936815791,298.61650321481545,298.2087851495095
15.020855838323738,1.5,301.2861610796567,298.61667973748524,298.2088339118234
15.024481437126134,1.5,301.28652843340933,298.6168562677481,298.208882695942
15.02810703592853,1.5,301.2868957428492,298.6170328055965,298.2089315018643
15.031732634730925,1.5,301.2872630079885,298.61720935102255,298.20898032958894
15.035358233533321,1.5,301.2876302288394,298.61738590401853,298.2090291791149
15.038983832335717,1.5,301.2879974054141,298.6175624645768,298.2090780504409
15.042609431138112,1.5,301.28836453772493,298.61773903268954,298.2091269435658
15.046235029940508,1.5,301.28873162578395,298.61791560834916,298.2091758584885
15.049860628742904,1.5,301.28909866960345,298.6180921915479,298.2092247952077
15.0534862275453,1.5,301.28946566919547,298.618268782278,298.2092737537223
15.057111826347695,1.5,301.28983262457234,298.61844538053185,298.20932273403105
15.06073742515009,1.5,301.2901995357462,298.6186219863018,298.2093717361328
15.064363023952486,1.5,301.29056640272916,298.6187985995801,298.2094207600265
15.067988622754882,1.5,301.2909332255334,298.618975220359,298.2094698057107
15.071614221557278,1.5,301.29130000417115,298.619151848631,298.20951887318427
15.075239820359673,1.5,301.29166673865444,298.6193284843884,298.20956796244616
15.078865419162069,1.5,301.2920334289955,298.61950512762337,298.209617073495
15.082491017964465,1.5,301.2924000752065,298.61968177832847,298.20966620632964
15.08611661676686,1.5,301.29276667729954,298.619858436496,298.2097153609489
15.089742215569256,1.5,301.29313323528663,298.62003510211815,298.20976453735153
15.093367814371652,1.5,301.2934997491801,298.62021177518744,298.2098137355364
15.096993413174047,1.5,301.293866218992,298.6203884556963,298.2098629555022
15.100619011976443,1.5,301.2942326447343,298.62056514363695,298.2099121972477
15.104244610778839,1.5,301.2945990264192,298.6207418390019,298.20996146077175
15.107870209581234,1.5,301.2949653640589,298.62091854178334,298.2100107460731
15.11149580838363,1.5,301.29533165766526,298.62109525197394,298.2100600531505
15.115121407186026,1.5,301.29569790725066,298.62127196956584,298.21010938200277
15.118747005988421,1.5,301.29606411282697,298.62144869455165,298.21015873262866
15.122372604790817,1.5,301.2964302744063,298.6216254269236,298.2102081050269
15.125998203593213,1.5,301.2967963920008,298.62180216667423,298.2102574991962
15.129623802395608,1.5,301.2971624656224,298.62197891379583,298.21030691513545
15.133249401198004,1.5,301.29752849528336,298.6221556682809,298.2103563528433
15.1368750000004,1.5,301.2978944809956,298.62233243012196,298.2104058123185
15.140500598802795,1.5,301.29826042277114,298.6225091993113,298.2104552935599
15.14412619760519,1.5,301.2986263206221,298.6226859758414,298.21050479656617
15.147751796407587,1.5,301.2989921745605,298.6228627597048,298.2105543213361
15.151377395209982,1.5,301.2993579845983,298.62303955089374,298.21060386786843
15.155002994012378,1.5,301.29972375074766,298.6232163494009,298.21065343616175
15.158628592814773,1.5,301.30008947302053,298.6233931552186,298.210703026215
15.16225419161717,1.5,301.30045515142893,298.6235699683393,298.21075263802686
15.165879790419565,1.5,301.3008207859849,298.62374678875557,298.210802271596
15.16950538922196,1.5,301.30118637670034,298.6239236164598,298.2108519269211
15.173130988024356,1.5,301.30155192358734,298.6241004514445,298.2109016040011
15.176756586826752,1.5,301.3019174266579,298.6242772937022,298.2109513028345
15.180382185629147,1.5,301.302282885924,298.62445414322536,298.21100102342007
15.184007784431543,1.5,301.30264830139754,298.6246310000065,298.2110507657566
15.187633383233939,1.5,301.30301367309056,298.6248078640381,298.21110052984284
15.191258982036334,1.5,301.30337900101506,298.6249847353127,298.21115031567734
15.19488458083873,1.5,301.3037442851829,298.62516161382274,298.21120012325895
15.198510179641126,1.5,301.3041095256063,298.6253384995607,298.21124995258623
15.202135778443521,1.5,301.3044747222969,298.62551539251933,298.21129980365805
15.205761377245917,1.5,301.30483987526674,298.6256922926909,298.21134967647305
15.209386976048313,1.5,301.30520498452785,298.6258692000682,298.2113995710298
15.213012574850708,1.5,301.3055700500921,298.62604611464354,298.2114494873271
15.216638173653104,1.5,301.3059350719715,298.6262230364096,298.21149942536374
15.2202637724555,1.5,301.3063000501778,298.6263999653589,298.21154938513826
15.223889371257895,1.5,301.30666498472317,298.626576901484,298.21159936664935
15.227514970060291,1.5,301.3070298756193,298.6267538447775,298.21164936989584
15.231140568862687,1.5,301.3073947228782,298.62693079523194,298.21169939487623
15.234766167665082,1.5,301.30775952651186,298.6271077528398,298.21174944158935
15.238391766467478,1.5,301.308124286532,298.6272847175937,298.21179951003376
15.242017365269874,1.5,301.3084890029506,298.6274616894863,298.21184960020815
15.24564296407227,1.5,301.3088536757796,298.6276386685102,298.21189971211123
15.249268562874665,1.5,301.3092183050308,298.6278156546579,298.21194984574174
15.25289416167706,1.5,301.30958289071606,298.6279926479221,298.21200000109815
15.256519760479456,1.5,301.30994743284737,298.6281696482953,298.21205017817925
15.260145359281852,1.5,301.31031193143644,298.6283466557702,298.2121003769837
15.263770958084248,1.5,301.31067638649523,298.62852367033935,298.2121505975102
15.267396556886643,1.5,301.3110407980356,298.62870069199545,298.2122008397572
15.271022155689039,1.5,301.31140516606933,298.62887772073105,298.2122511037236
15.274647754491435,1.5,301.3117694906084,298.6290547565388,298.2123013894079
15.27827335329383,1.5,301.3121337716645,298.6292317994114,298.21235169680875
15.281898952096226,1.5,301.3124980092495,298.6294088493414,298.21240202592486
15.285524550898621,1.5,301.3128622033753,298.6295859063215,298.21245237675487
15.289150149701017,1.5,301.3132263540537,298.6297629703443,298.2125027492973
15.292775748503413,1.5,301.3135904612964,298.6299400414025,298.2125531435509
15.296401347305808,1.5,301.3139545251154,298.6301171194888,298.21260355951426
15.300026946108204,1.5,301.3143185455223,298.6302942045958,298.21265399718607
15.3036525449106,1.5,301.31468252252915,298.6304712967162,298.21270445656484
15.307278143712995,1.5,301.3150464561475,298.63064839584274,298.21275493764927
15.310903742515391,1.5,301.3154103463893,298.630825501968,298.212805440438
15.314529341317787,1.5,301.3157741932662,298.6310026150847,298.2128559649296
15.318154940120182,1.5,301.31613799679013,298.6311797351855,298.21290651112264
15.321780538922578,1.5,301.3165017569727,298.63135686226326,298.2129570790159
15.325406137724974,1.5,301.3168654738259,298.6315339963105,298.2130076686078
15.32903173652737,1.5,301.3172291473612,298.63171113732005,298.21305827989715
15.332657335329765,1.5,301.3175927775906,298.6318882852846,298.2131089128823
15.33628293413216,1.5,301.31795636452574,298.6320654401968,298.21315956756206
15.339908532934556,1.5,301.3183199081784,298.6322426020495,298.21321024393495
15.343534131736952,1.5,301.3186834085604,298.63241977083527,298.2132609419995
15.347159730539348,1.5,301.3190468656833,298.632596946547,298.2133116617545
15.350785329341743,1.5,301.3194102795589,298.6327741291774,298.21336240319846
15.354410928144139,1.5,301.31977365019895,298.6329513187191,298.2134131663299
15.358036526946535,1.5,301.32013697761516,298.63312851516497,298.2134639511474
15.36166212574893,1.5,301.3205002618193,298.63330571850776,298.2135147576496
15.365287724551326,1.5,301.320863502823,298.63348292874025,298.21356558583506
15.368913323353722,1.5,301.32122670063796,298.6336601458551,298.21361643570236
15.372538922156117,1.5,301.32158985527593,298.6338373698452,298.21366730725003
15.376164520958513,1.5,301.32195296674854,298.6340146007032,298.21371820047676
15.379790119760909,1.5,301.3223160350676,298.63419183842205,298.21376911538107
15.383415718563304,1.5,301.32267906024464,298.63436908299434,298.2138200519615
15.3870413173657,1.5,301.32304204229143,298.634546334413,298.2138710102167
15.390666916168096,1.5,301.32340498121965,298.63472359267087,298.213921990145
15.394292514970491,1.5,301.32376787704084,298.6349008577606,298.21397299174527
15.397918113772887,1.5,301.3241307297668,298.63507812967515,298.21402401501587
15.401543712575283,1.5,301.32449353940916,298.6352554084073,298.21407505995535
15.405169311377678,1.5,301.3248563059795,298.6354326939498,298.2141261265624
15.408794910180074,1.5,301.3252190294896,298.6356099862955,298.21417721483544
15.41242050898247,1.5,301.3255817099509,298.63578728543723,298.2142283247731
15.416046107784865,1.5,301.3259443473752,298.6359645913679,298.2142794563739
15.41967170658726,1.5,301.326306941774,298.6361419040802,298.21433060963636
15.423297305389656,1.5,301.3266694931591,298.63631922356717,298.214381784559
15.426922904192052,1.5,301.3270320015419,298.63649654982146,298.2144329811404
15.430548502994448,1.5,301.3273944669342,298.6366738828361,298.2144841993791
15.434174101796843,1.5,301.32775688934754,298.63685122260375,298.2145354392737
15.43779970059924,1.5,301.3281192687935,298.63702856911755,298.2145867008225
15.441425299401635,1.5,301.3284816052837,298.63720592237013,298.2146379840243
15.44505089820403,1.5,301.32884389882975,298.63738328235445,298.2146892888774
15.448676497006426,1.5,301.32920614944317,298.6375606490634,298.2147406153805
15.452302095808822,1.5,301.3295683571356,298.6377380224899,298.2147919635319
15.455927694611217,1.5,301.3299305219186,298.63791540262673,298.2148433333304
15.459553293413613,1.5,301.3302926438037,298.63809278946695,298.2148947247743
15.463178892216009,1.5,301.3306547228025,298.63827018300327,298.2149461378622
15.466804491018404,1.5,301.3310167589266,298.63844758322875,298.21499757259255
15.4704300898208,1.5,301.3313787521875,298.6386249901362,298.21504902896396
15.474055688623196,1.5,301.3317407025968,298.6388024037186,298.2151005069748
15.477681287425591,1.5,301.332102610166,298.63897982396884,298.2151520066236
15.481306886227987,1.5,301.33246447490654,298.6391572508799,298.215203527909
15.484932485030383,1.5,301.33282629683015,298.63933468444463,298.21525507082936
15.488558083832778,1.5,301.3331880759482,298.6395121246561,298.21530663538323
15.492183682635174,1.5,301.33354981227234,298.63968957150706,298.215358221569
15.49580928143757,1.5,301.33391150581406,298.6398670249906,298.21540982938524
15.499434880239965,1.5,301.3342731565848,298.6400444850997,298.2154614588304
15.503060479042361,1.5,301.33463476459616,298.64022195182713,298.2155131099031
15.506686077844757,1.5,301.3349963298595,298.64039942516604,298.21556478260163
15.510311676647152,1.5,301.33535785238644,298.64057690510936,298.2156164769246
15.513937275449548,1.5,301.3357193321885,298.64075439164986,298.2156681928704
15.517562874251944,1.5,301.33608076927703,298.64093188478085,298.21571993043756
15.52118847305434,1.5,301.3364421636636,298.6411093844951,298.21577168962455
15.524814071856735,1.5,301.33680351535975,298.64128689078564,298.21582347042977
15.52843967065913,1.5,301.3371648243768,298.6414644036455,298.21587527285175
15.532065269461526,1.5,301.3375260907264,298.64164192306765,298.215927096889
15.535690868263922,1.5,301.3378873144198,298.64181944904504,298.21597894253983
15.539316467066318,1.5,301.3382484954686,298.64199698157074,298.2160308098028
15.542942065868713,1.5,301.3386096338841,298.6421745206378,298.21608269867636
15.546567664671109,1.5,301.33897072967795,298.6423520662391,298.2161346091589
15.550193263473505,1.5,301.3393317828615,298.6425296183678,298.21618654124904
15.5538188622759,1.5,301.33969279344615,298.6427071770169,298.216238494945
15.557444461078296,1.5,301.34005376144336,298.6428847421794,298.21629047024544
15.561070059880691,1.5,301.34041468686456,298.6430623138483,298.21634246714865
15.564695658683087,1.5,301.34077556972113,298.6432398920167,298.21639448565315
15.568321257485483,1.5,301.34113641002455,298.64341747667766,298.2164465257573
15.571946856287878,1.5,301.34149720778623,298.64359506782415,298.21649858745957
15.575572455090274,1.5,301.3418579630175,298.6437726654494,298.2165506707584
15.57919805389267,1.5,301.3422186757298,298.6439502695463,298.21660277565223
15.582823652695065,1.5,301.3425793459345,298.6441278801079,298.2166549021395
15.586449251497461,1.5,301.34293997364296,298.6443054971274,298.21670705021864
15.590074850299857,1.5,301.34330055886664,298.64448312059784,298.21675921988805
15.593700449102252,1.5,301.34366110161693,298.6446607505123,298.2168114111461
15.597326047904648,1.5,301.3440216019052,298.6448383868638,298.2168636239913
15.600951646707044,1.5,301.34438205974266,298.64501602964555,298.216915858422
15.60457724550944,1.5,301.34474247514083,298.64519367885055,298.21696811443667
15.608202844311835,1.5,301.345102848111,298.645371334472,298.2170203920337
15.61182844311423,1.5,301.34546317866466,298.6455489965028,298.21707269121146
15.615454041916626,1.5,301.345823466813,298.6457266649363,298.2171250119684
15.619079640719022,1.5,301.3461837125674,298.64590433976554,298.2171773543029
15.622705239521418,1.5,301.3465439159392,298.6460820209836,298.2172297182134
15.626330838323813,1.5,301.3469040769397,298.64625970858367,298.2172821036982
15.629956437126209,1.5,301.34726419558035,298.6464374025588,298.2173345107558
15.633582035928605,1.5,301.3476242718724,298.64661510290216,298.21738693938454
15.637207634731,1.5,301.3479843058271,298.6467928096069,298.21743938958286
15.640833233533396,1.5,301.3483442974558,298.6469705226662,298.217491861349
15.644458832335792,1.5,301.34870424676984,298.6471482420732,298.2175443546816
15.648084431138187,1.5,301.34906415378055,298.64732596782096,298.2175968695788
15.651710029940583,1.5,301.3494240184991,298.64750369990276,298.21764940603913
15.655335628742979,1.5,301.34978384093694,298.6476814383117,298.2177019640609
15.658961227545374,1.5,301.35014362110525,298.64785918304096,298.21775454364257
15.66258682634777,1.5,301.3505033590153,298.64803693408373,298.21780714478234
15.666212425150166,1.5,301.3508630546785,298.6482146914332,298.2178597674788
15.669838023952561,1.5,301.35122270810587,298.64839245508256,298.2179124117302
15.673463622754957,1.5,301.35158231930893,298.648570225025,298.21796507753487
15.677089221557353,1.5,301.3519418882988,298.64874800125375,298.2180177648913
15.680714820359748,1.5,301.3523014150869,298.6489257837619,298.21807047379764
15.684340419162144,1.5,301.3526608996843,298.64910357254274,298.21812320425244
15.68796601796454,1.5,301.3530203421023,298.6492813675894,298.218175956254
15.691591616766935,1.5,301.3533797423521,298.64945916889525,298.2182287298008
15.69521721556933,1.5,301.353739100445,298.64963697645334,298.2182815248909
15.698842814371726,1.5,301.3540984163922,298.6498147902569,298.21833434152285
15.702468413174122,1.5,301.354457690205,298.64999261029936,298.21838717969507
15.706094011976518,1.5,301.3548169218945,298.6501704365738,298.2184400394057
15.709719610778913,1.5,301.355176111472,298.6503482690735,298.2184929206532
15.713345209581309,1.5,301.3555352589487,298.65052610779156,298.21854582343593
15.716970808383705,1.5,301.35589436433577,298.65070395272147,298.21859874775214
15.7205964071861,1.5,301.3562534276445,298.6508818038563,298.2186516936002
15.724222005988496,1.5,301.356612448886,298.65105966118944,298.21870466097846
15.727847604790892,1.5,301.3569714280714,298.6512375247141,298.21875764988533
15.731473203593287,1.5,301.357330365212,298.6514153944235,298.21881066031904
15.735098802395683,1.5,301.357689260319,298.6515932703109,298.21886369227786
15.738724401198079,1.5,301.35804811340347,298.6517711523697,298.21891674576017
15.742350000000474,1.5,301.35840692447664,298.6519490405931,298.2189698207644
15.74597559880287,1.5,301.35876569354974,298.6521269349744,298.2190229172887
15.749601197605266,1.5,301.3591244206338,298.6523048355068,298.2190760353315
15.753226796407661,1.5,301.35948310574,298.65248274218385,298.2191291748911
15.756852395210057,1.5,301.35984174887955,298.65266065499856,298.21918233596574
15.760477994012453,1.5,301.3602003500636,298.65283857394445,298.2192355185538
15.764103592814848,1.5,301.3605589093032,298.6530164990147,298.2192887226535
15.767729191617244,1.5,301.36091742660966,298.65319443020275,298.21934194826326
15.77135479041964,1.5,301.3612759019939,298.6533723675018,298.21939519538137
15.774980389222035,1.5,301.36163433546716,298.6535503109052,298.219448464006
15.778605988024431,1.5,301.36199272704056,298.65372826040635,298.21950175413554
15.782231586826827,1.5,301.3623510767252,298.65390621599846,298.21955506576836
15.785857185629222,1.5,301.36270938453225,298.654084177675,298.21960839890255
15.789482784431618,1.5,301.36306765047266,298.6542621454293,298.2196617535366
15.793108383234014,1.5,301.36342587455766,298.6544401192546,298.2197151296687
15.79673398203641,1.5,301.36378405679835,298.6546180991444,298.2197685272972
15.800359580838805,1.5,301.36414219720575,298.6547960850919,298.21982194642027
15.8039851796412,1.5,301.364500295791,298.6549740770907,298.2198753870363
15.807610778443596,1.5,301.3648583525652,298.6551520751339,298.2199288491435
15.811236377245992,1.5,301.3652163675394,298.65533007921505,298.21998233274024
15.814861976048388,1.5,301.3655743407246,298.65550808932744,298.22003583782464
15.818487574850783,1.5,301.365932272132,298.6556861054645,298.2200893643951
15.822113173653179,1.5,301.36629016177255,298.65586412761957,298.22014291244983
15.825738772455574,1.5,301.3666480096573,298.65604215578617,298.2201964819871
15.82936437125797,1.5,301.3670058157975,298.65622018995754,298.2202500730052
15.832989970060366,1.5,301.3673635802039,298.6563982301272,298.2203036855025
15.836615568862761,1.5,301.3677213028878,298.6565762762885,298.22035731947693
15.840241167665157,1.5,301.3680789838601,298.65675432843483,298.22041097492706
15.843866766467553,1.5,301.3684366231318,298.6569323865596,298.22046465185105
15.847492365269948,1.5,301.368794220714,298.6571104506563,298.2205183502471
15.851117964072344,1.5,301.3691517766178,298.6572885207183,298.22057207011363
15.85474356287474,1.5,301.369509290854,298.6574665967391,298.22062581144866
15.858369161677135,1.5,301.3698667634339,298.6576446787121,298.2206795742506
15.861994760479531,1.5,301.37022419436823,298.65782276663066,298.22073335851763
15.865620359281927,1.5,301.3705815836681,298.6580008604883,298.22078716424795
15.869245958084322,1.5,301.3709389313446,298.6581789602785,298.2208409914399
15.872871556886718,1.5,301.37129623740867,298.6583570659946,298.2208948400916
15.876497155689114,1.5,301.37165350187126,298.65853517763026,298.2209487102014
15.88012275449151,1.5,301.37201072474335,298.65871329517876,298.22100260176745
15.883748353293905,1.5,301.37236790603595,298.6588914186336,298.2210565147881
15.8873739520963,1.5,301.37272504576,298.65906954798834,298.22111044926135
15.890999550898696,1.5,301.37308214392647,298.6592476832363,298.2211644051856
15.894625149701092,1.5,301.3734392005464,298.65942582437106,298.2212183825591
15.898250748503488,1.5,301.37379621563065,298.65960397138616,298.22127238137995
15.901876347305883,1.5,301.3741531891903,298.659782124275,298.2213264016464
15.905501946108279,1.5,301.37451012123614,298.6599602830311,298.22138044335674
15.909127544910675,1.5,301.3748670117792,298.6601384476481,298.22143450650907
15.91275314371307,1.5,301.3752238608305,298.6603166181193,298.2214885911018
15.916378742515466,1.5,301.3755806684008,298.66049479443825,298.2215426971329
15.920004341317862,1.5,301.37593743450117,298.6606729765986,298.22159682460074
15.923629940120257,1.5,301.37629415914245,298.6608511645937,298.2216509735034
15.927255538922653,1.5,301.37665084233566,298.6610293584172,298.2217051438392
15.930881137725049,1.5,301.3770074840916,298.6612075580625,298.2217593356063
15.934506736527444,1.5,301.3773640844213,298.66138576352324,298.22181354880286
15.93813233532984,1.5,301.3777206433355,298.66156397479295,298.2218677834271
15.941757934132236,1.5,301.3780771608453,298.66174219186513,298.22192203947725
15.945383532934631,1.5,301.3784336369614,298.66192041473334,298.22197631695144
15.949009131737027,1.5,301.3787900716949,298.6620986433912,298.2220306158479
15.952634730539422,1.5,301.3791464650565,298.66227687783214,298.2220849361648
15.956260329341818,1.5,301.37950281705724,298.66245511804976,298.22213927790034
15.959885928144214,1.5,301.37985912770796,298.6626333640378,298.2221936410527
15.96351152694661,1.5,301.3802153970194,298.66281161578956,298.22224802562005
15.967137125749005,1.5,301.3805716250025,298.6629898732987,298.22230243160055
15.9707627245514,1.5,301.38092781166824,298.663168136559,298.2223568589925
15.974388323353796,1.5,301.38128395702734,298.6633464055638,298.2224113077939
15.978013922156192,1.5,301.38164006109076,298.66352468030675,298.2224657780029
15.981639520958588,1.5,301.3819961238692,298.66370296078145,298.2225202696179
15.985265119760983,1.5,301.3823521453736,298.6638812469816,298.22257478263685
15.988890718563379,1.5,301.3827081256149,298.66405953890063,298.222629317058
15.992516317365775,1.5,301.3830640646038,298.66423783653227,298.22268387287954
15.99614191616817,1.5,301.38341996235107,298.6644161398701,298.2227384500996
15.999767514970566,1.5,301.38377581886766,298.6645944489078,298.22279304871626
16.00339311377296,1.5,301.3841316341644,298.66477276363884,298.2228476687278
16.007018712575356,1.5,301.384487408252,298.66495108405695,298.2229023101323
16.01064431137775,1.5,301.3848431411414,298.6651294101557,298.222956972928
16.014269910180143,1.5,301.38519883284334,298.6653077419288,298.2230116571129
16.017895508982537,1.5,301.38555448336854,298.6654860793698,298.2230663626853
16.02152110778493,1.5,301.38591009272795,298.66566442247256,298.2231210896432
16.025146706587325,1.5,301.3862656609322,298.6658427712305,298.22317583798485
16.02877230538972,1.5,301.3866211879923,298.66602112563726,298.22323060770833
16.032397904192113,1.5,301.38697667391887,298.66619948568666,298.2232853988118
16.036023502994507,1.5,301.38733211872267,298.66637785137226,298.2233402112934
16.0396491017969,1.5,301.3876875224145,298.6665562226877,298.22339504515134
16.043274700599294,1.5,301.38804288500523,298.6667345996267,298.2234499003836
16.04690029940169,1.5,301.3883982065055,298.66691298218296,298.2235047769884
16.050525898204082,1.5,301.38875348692613,298.66709137035014,298.2235596749639
16.054151497006476,1.5,301.38910872627787,298.66726976412195,298.2236145943081
16.05777709580887,1.5,301.38946392457143,298.667448163492,298.2236695350193
16.061402694611264,1.5,301.38981908181756,298.667626568454,298.2237244970955
16.065028293413658,1.5,301.3901741980271,298.66780497900174,298.2237794805348
16.06865389221605,1.5,301.3905292732107,298.6679833951289,298.2238344853354
16.072279491018445,1.5,301.390884307379,298.66816181682907,298.2238895114953
16.07590508982084,1.5,301.39123930054296,298.66834024409604,298.22394455901275
16.079530688623233,1.5,301.3915942527131,298.6685186769236,298.22399962788575
16.083156287425627,1.5,301.3919491639003,298.66869711530535,298.2240547181125
16.08678188622802,1.5,301.3923040341151,298.66887555923506,298.224109829691
16.090407485030415,1.5,301.39265886336835,298.6690540087065,298.22416496261934
16.09403308383281,1.5,301.3930136516706,298.66923246371334,298.2242201168959
16.097658682635203,1.5,301.39336839903274,298.6694109242494,298.2242752925184
16.101284281437596,1.5,301.3937231054653,298.6695893903083,298.22433048948517
16.10490988023999,1.5,301.39407777097904,298.66976786188394,298.2243857077942
16.108535479042384,1.5,301.3944323955847,298.66994633896996,298.22444094744367
16.112161077844778,1.5,301.39478697929286,298.67012482156014,298.2244962084317
16.115786676647172,1.5,301.3951415221143,298.6703033096482,298.22455149075614
16.119412275449566,1.5,301.3954960240595,298.67048180322803,298.2246067944153
16.12303787425196,1.5,301.39585048513936,298.6706603022933,298.22466211940724
16.126663473054354,1.5,301.3962049053643,298.6708388068378,298.22471746572995
16.130289071856748,1.5,301.3965592847452,298.6710173168554,298.22477283338156
16.13391467065914,1.5,301.3969136232927,298.6711958323397,298.22482822236014
16.137540269461535,1.5,301.39726792101726,298.67137435328465,298.2248836326638
16.14116586826393,1.5,301.39762217792963,298.671552879684,298.2249390642906
16.144791467066323,1.5,301.3979763940404,298.6717314115314,298.2249945172386
16.148417065868717,1.5,301.3983305693604,298.67190994882094,298.2250499915059
16.15204266467111,1.5,301.3986847039001,298.6720884915462,298.22510548709045
16.155668263473505,1.5,301.39903879767,298.6722670397011,298.2251610039904
16.1592938622759,1.5,301.399392850681,298.6724455932794,298.2252165422039
16.162919461078292,1.5,301.3997468629435,298.672624152275,298.2252721017289
16.166545059880686,1.5,301.4001008344682,298.6728027166816,298.22532768256343
16.17017065868308,1.5,301.4004547652657,298.6729812864931,298.22538328470563
16.173796257485474,1.5,301.40080865534657,298.6731598617033,298.22543890815354
16.177421856287868,1.5,301.40116250472147,298.6733384423061,298.2254945529052
16.181047455090262,1.5,301.4015163134009,298.67351702829524,298.22555021895863
16.184673053892656,1.5,301.40187008139554,298.67369561966467,298.22560590631196
16.18829865269505,1.5,301.4022238087159,298.6738742164082,298.2256616149631
16.191924251497444,1.5,301.40257749537267,298.6740528185196,298.2257173449102
16.195549850299837,1.5,301.40293114137626,298.6742314259929,298.2257730961513
16.19917544910223,1.5,301.40328474673737,298.6744100388218,298.2258288686844
16.202801047904625,1.5,301.40363831146647,298.67458865700036,298.22588466250755
16.20642664670702,1.5,301.40399183557423,298.67476728052225,298.2259404776188
16.210052245509413,1.5,301.4043453190711,298.6749459093815,298.22599631401613
16.213677844311807,1.5,301.40469876196767,298.6751245435718,298.22605217169763
16.2173034431142,1.5,301.40505216427454,298.6753031830873,298.22610805066137
16.220929041916595,1.5,301.4054055260021,298.67548182792166,298.22616395090523
16.22455464071899,1.5,301.4057588471611,298.6756604780689,298.2262198724274
16.228180239521382,1.5,301.40611212776196,298.6758391335228,298.2262758152258
16.231805838323776,1.5,301.40646536781514,298.67601779427736,298.22633177929845
16.23543143712617,1.5,301.4068185673313,298.67619646032654,298.22638776464345
16.239057035928564,1.5,301.4071717263209,298.6763751316642,298.2264437712587
16.242682634730958,1.5,301.40752484479447,298.67655380828415,298.2264997991423
16.24630823353335,1.5,301.40787792276245,298.6767324901804,298.22655584829226
16.249933832335746,1.5,301.4082309602354,298.676911177347,298.22661191870657
16.25355943113814,1.5,301.4085839572238,298.67708986977766,298.2266680103832
16.257185029940533,1.5,301.4089369137382,298.67726856746646,298.22672412332025
16.260810628742927,1.5,301.4092898297891,298.67744727040724,298.2267802575156
16.26443622754532,1.5,301.4096427053869,298.677625978594,298.2268364129674
16.268061826347715,1.5,301.4099955405421,298.67780469202063,298.22689258967347
16.27168742515011,1.5,301.4103483352652,298.6779834106812,298.226948787632
16.275313023952503,1.5,301.41070108956677,298.67816213456956,298.2270050068409
16.278938622754897,1.5,301.41105380345715,298.6783408636797,298.22706124729814
16.28256422155729,1.5,301.4114064769468,298.67851959800555,298.22711750900174
16.286189820359684,1.5,301.41175911004626,298.6786983375412,298.22717379194967
16.28981541916208,1.5,301.41211170276597,298.67887708228045,298.2272300961399
16.293441017964472,1.5,301.41246425511633,298.67905583221744,298.22728642157057
16.297066616766866,1.5,301.41281676710787,298.679234587346,298.2273427682394
16.30069221556926,1.5,301.413169238751,298.6794133476602,298.22739913614464
16.304317814371654,1.5,301.4135216700561,298.6795921131541,298.22745552528403
16.307943413174048,1.5,301.41387406103365,298.67977088382156,298.22751193565574
16.31156901197644,1.5,301.41422641169413,298.67994965965664,298.22756836725756
16.315194610778835,1.5,301.41457872204785,298.6801284406533,298.22762482008767
16.31882020958123,1.5,301.4149309921053,298.68030722680567,298.22768129414396
16.322445808383623,1.5,301.4152832218769,298.68048601810756,298.2277377894242
16.326071407186017,1.5,301.415635411373,298.6806648145532,298.2277943059268
16.32969700598841,1.5,301.41598756060404,298.6808436161365,298.2278508436493
16.333322604790805,1.5,301.41633966958045,298.6810224228514,298.2279074025899
16.3369482035932,1.5,301.4166917383127,298.68120123469214,298.2279639827465
16.340573802395593,1.5,301.41704376681105,298.6813800516526,298.22802058411696
16.344199401197987,1.5,301.4173957550859,298.68155887372683,298.2280772066994
16.34782500000038,1.5,301.41774770314777,298.6817377009089,298.22813385049164
16.351450598802774,1.5,301.4180996110069,298.6819165331929,298.22819051549175
16.355076197605168,1.5,301.41845147867366,298.68209537057277,298.2282472016976
16.358701796407562,1.5,301.41880330615845,298.68227421304266,298.22830390910724
16.362327395209956,1.5,301.4191550934718,298.68245306059663,298.2283606377185
16.36595299401235,1.5,301.4195068406238,298.68263191322865,298.2284173875293
16.369578592814744,1.5,301.419858547625,298.68281077093286,298.22847415853784
16.373204191617138,1.5,301.4202102144856,298.6829896337033,298.2285309507417
16.37682979041953,1.5,301.4205618412161,298.6831685015341,298.2285877641391
16.380455389221925,1.5,301.4209134278268,298.68334737441927,298.2286445987278
16.38408098802432,1.5,301.421264974328,298.683526252353,298.2287014545058
16.387706586826713,1.5,301.42161648073005,298.68370513532926,298.2287583314711
16.391332185629107,1.5,301.42196794704336,298.68388402334216,298.2288152296216
16.3949577844315,1.5,301.4223193732781,298.68406291638587,298.22887214895525
16.398583383233895,1.5,301.4226707594447,298.6842418144544,298.22892908946983
16.40220898203629,1.5,301.4230221055535,298.6844207175419,298.2289860511634
16.405834580838683,1.5,301.4233734116148,298.68459962564253,298.22904303403385
16.409460179641076,1.5,301.42372467763886,298.68477853875027,298.22910003807914
16.41308577844347,1.5,301.424075903636,298.6849574568594,298.2291570632971
16.416711377245864,1.5,301.4244270896165,298.6851363799639,298.22921410968576
16.420336976048258,1.5,301.4247782355907,298.6853153080581,298.22927117724294
16.423962574850652,1.5,301.42512934156883,298.68549424113587,298.2293282659666
16.427588173653046,1.5,301.4254804075613,298.68567317919155,298.2293853758547
16.43121377245544,1.5,301.4258314335783,298.6858521222191,298.229442506905
16.434839371257834,1.5,301.4261824196301,298.68603107021283,298.22949965911556
16.438464970060227,1.5,301.42653336572704,298.6862100231668,298.2295568324842
16.44209056886262,1.5,301.4268842718793,298.68638898107514,298.2296140270089
16.445716167665015,1.5,301.42723513809733,298.68656794393206,298.22967124268746
16.44934176646741,1.5,301.42758596439114,298.68674691173175,298.2297284795179
16.452967365269803,1.5,301.42793675077115,298.6869258844683,298.22978573749805
16.456592964072197,1.5,301.4282874972475,298.68710486213587,298.22984301662575
16.46021856287459,1.5,301.4286382038306,298.68728384472877,298.2299003168991
16.463844161676985,1.5,301.42898887053053,298.68746283224095,298.22995763831574
16.46746976047938,1.5,301.4293394973576,298.6876418246668,298.23001498087376
16.471095359281772,1.5,301.4296900843221,298.6878208220004,298.23007234457083
16.474720958084166,1.5,301.43004063143417,298.68799982423593,298.23012972940506
16.47834655688656,1.5,301.43039113870407,298.6881788313677,298.23018713537425
16.481972155688954,1.5,301.4307416061421,298.6883578433898,298.2302445624762
16.485597754491348,1.5,301.43109203375826,298.6885368602964,298.23030201070884
16.489223353293742,1.5,301.43144242156296,298.6887158820818,298.2303594800702
16.492848952096136,1.5,301.43179276956636,298.6888949087402,298.23041697055794
16.49647455089853,1.5,301.4321430777787,298.68907394026576,298.23047448217005
16.500100149700923,1.5,301.4324933462101,298.6892529766527,298.2305320149044
16.503725748503317,1.5,301.4328435748708,298.6894320178953,298.23058956875883
16.50735134730571,1.5,301.433193763771,298.68961106398774,298.23064714373123
16.510976946108105,1.5,301.43354391292087,298.6897901149243,298.23070473981943
16.5146025449105,1.5,301.43389402233055,298.6899691706991,298.23076235702143
16.518228143712893,1.5,301.4342440920103,298.6901482313065,298.2308199953349
16.521853742515287,1.5,301.4345941219703,298.6903272967407,298.2308776547578
16.52547934131768,1.5,301.4349441122206,298.690506366996,298.23093533528805
16.529104940120074,1.5,301.4352940627715,298.6906854420666,298.2309930369234
16.53273053892247,1.5,301.43564397363315,298.6908645219467,298.23105075966174
16.536356137724862,1.5,301.43599384481564,298.69104360663067,298.23110850350093
16.539981736527256,1.5,301.43634367632916,298.6912226961127,298.2311662684388
16.54360733532965,1.5,301.43669346818376,298.6914017903871,298.23122405447333
16.547232934132044,1.5,301.4370432203898,298.69158088944806,298.23128186160216
16.550858532934438,1.5,301.43739293295727,298.69175999328996,298.2313396898233
16.55448413173683,1.5,301.4377426058963,298.69193910190705,298.23139753913443
16.558109730539226,1.5,301.43809223921704,298.6921182152936,298.2314554095336
16.56173532934162,1.5,301.4384418329296,298.69229733344383,298.23151330101854
16.565360928144013,1.5,301.43879138704415,298.6924764563522,298.2315712135871
16.568986526946407,1.5,301.4391409015708,298.69265558401287,298.2316291472371
16.5726121257488,1.5,301.4394903765197,298.6928347164202,298.2316871019664
16.576237724551195,1.5,301.4398398119008,298.69301385356846,298.2317450777728
16.57986332335359,1.5,301.4401892077244,298.693192995452,298.2318030746542
16.583488922155983,1.5,301.4405385640006,298.69337214206513,298.2318610926083
16.587114520958377,1.5,301.4408878807393,298.6935512934021,298.2319191316331
16.59074011976077,1.5,301.44123715795075,298.69373044945735,298.23197719172634
16.594365718563164,1.5,301.441586395645,298.69390961022503,298.2320352728858
16.597991317365558,1.5,301.4419355938321,298.6940887756997,298.2320933751094
16.601616916167952,1.5,301.44228475252226,298.6942679458755,298.2321514983949
16.605242514970346,1.5,301.44263387172543,298.6944471207468,298.2322096427401
16.60886811377274,1.5,301.4429829514517,298.69462630030796,298.23226780814286
16.612493712575134,1.5,301.44333199171115,298.6948054845534,298.23232599460096
16.616119311377528,1.5,301.44368099251386,298.6949846734774,298.23238420211226
16.61974491017992,1.5,301.44402995386986,298.6951638670743,298.23244243067455
16.623370508982315,1.5,301.44437887578925,298.69534306533853,298.2325006802856
16.62699610778471,1.5,301.444727758282,298.6955222682644,298.23255895094337
16.630621706587103,1.5,301.44507660135827,298.69570147584625,298.23261724264546
16.634247305389497,1.5,301.44542540502806,298.6958806880785,298.2326755553898
16.63787290419189,1.5,301.4457741693013,298.6960599049555,298.2327338891741
16.641498502994285,1.5,301.4461228941882,298.69623912647165,298.23279224399624
16.64512410179668,1.5,301.44647157969865,298.6964183526213,298.232850619854
16.648749700599073,1.5,301.44682022584277,298.6965975833989,298.2329090167451
16.652375299401466,1.5,301.4471688326305,298.6967768187987,298.2329674346675
16.65600089820386,1.5,301.44751740007183,298.6969560588153,298.23302587361883
16.659626497006254,1.5,301.44786592817695,298.6971353034429,298.23308433359705
16.663252095808648,1.5,301.44821441695575,298.697314552676,298.2331428145997
16.666877694611042,1.5,301.44856286641823,298.69749380650904,298.2332013166248
16.670503293413436,1.5,301.4489112765744,298.69767306493634,298.2332598396701
16.67412889221583,1.5,301.44925964743425,298.6978523279524,298.23331838373326
16.677754491018224,1.5,301.4496079790078,298.6980315955515,298.2333769488122
16.681380089820617,1.5,301.44995627130504,298.6982108677282,298.2334355349046
16.68500568862301,1.5,301.45030452433593,298.6983901444769,298.2334941420083
16.688631287425405,1.5,301.4506527381105,298.698569425792,298.233552770121
16.6922568862278,1.5,301.45100091263856,298.698748711668,298.23361141924056
16.695882485030193,1.5,301.45134904793025,298.69892800209925,298.23367008936475
16.699508083832587,1.5,301.4516971439955,298.6991072970802,298.2337287804913
16.70313368263498,1.5,301.4520452008442,298.6992865966054,298.23378749261803
16.706759281437375,1.5,301.4523932184864,298.6994659006692,298.23384622574264
16.71038488023977,1.5,301.4527411969321,298.69964520926607,298.23390497986287
16.714010479042162,1.5,301.45308913619107,298.6998245223905,298.23396375497657
16.717636077844556,1.5,301.45343703627344,298.70000384003686,298.2340225510815
16.72126167664695,1.5,301.453784897189,298.7001831621997,298.2340813681754
16.724887275449344,1.5,301.45413271894785,298.7003624888736,298.234140206256
16.728512874251738,1.5,301.4544805015598,298.7005418200528,298.2341990653211
16.732138473054132,1.5,301.4548282450347,298.70072115573197,298.23425794536837
16.735764071856526,1.5,301.4551759493827,298.7009004959054,298.23431684639564
16.73938967065892,1.5,301.4555236146135,298.70107984056773,298.2343757684007
16.743015269461313,1.5,301.4558712407372,298.7012591897135,298.23443471138125
16.746640868263707,1.5,301.4562188277637,298.701438543337,298.234493675335
16.7502664670661,1.5,301.4565663757027,298.7016179014329,298.23455266025974
16.753892065868495,1.5,301.4569138845644,298.7017972639956,298.2346116661533
16.75751766467089,1.5,301.4572613543584,298.7019766310197,298.23467069301324
16.761143263473283,1.5,301.4576087850949,298.70215600249963,298.23472974083734
16.764768862275677,1.5,301.45795617678357,298.7023353784299,298.23478880962347
16.76839446107807,1.5,301.45830352943443,298.70251475880514,298.2348478993693
16.772020059880465,1.5,301.45865084305717,298.70269414361974,298.2349070100725
16.77564565868286,1.5,301.4589981176619,298.7028735328682,298.23496614173087
16.779271257485252,1.5,301.4593453532583,298.7030529265452,298.2350252943421
16.782896856287646,1.5,301.4596925498564,298.7032323246452,298.235084467904
16.78652245509004,1.5,301.460039707466,298.70341172716275,298.23514366241426
16.790148053892434,1.5,301.4603868260971,298.70359113409233,298.23520287787056
16.793773652694828,1.5,301.46073390575924,298.70377054542854,298.2352621142707
16.79739925149722,1.5,301.4610809464626,298.70394996116596,298.2353213716123
16.801024850299616,1.5,301.46142794821685,298.704129381299,298.2353806498932
16.80465044910201,1.5,301.46177491103185,298.70430880582245,298.2354399491111
16.808276047904403,1.5,301.46212183491747,298.70448823473066,298.2354992692636
16.811901646706797,1.5,301.4624687198836,298.7046676680183,298.2355586103485
16.81552724550919,1.5,301.46281556594,298.7048471056799,298.2356179723635
16.819152844311585,1.5,301.4631623730965,298.70502654771,298.23567735530645
16.82277844311398,1.5,301.463509141363,298.7052059941033,298.23573675917487
16.826404041916373,1.5,301.4638558707493,298.7053854448543,298.23579618396644
16.830029640718767,1.5,301.46420256126515,298.70556489995755,298.2358556296791
16.83365523952116,1.5,301.4645492129204,298.70574435940773,298.2359150963104
16.837280838323554,1.5,301.46489582572497,298.70592382319927,298.235974583858
16.84090643712595,1.5,301.46524239968846,298.70610329132694,298.23603409231976
16.844532035928342,1.5,301.46558893482086,298.7062827637852,298.2360936216932
16.848157634730736,1.5,301.46593543113187,298.7064622405689,298.2361531719761
16.85178323353313,1.5,301.4662818886312,298.7066417216723,298.2362127431662
16.855408832335524,1.5,301.4666283073289,298.7068212070903,298.23627233526116
16.859034431137918,1.5,301.4669746872345,298.7070006968173,298.23633194825874
16.86266002994031,1.5,301.4673210283579,298.7071801908481,298.2363915821565
16.866285628742705,1.5,301.4676673307089,298.7073596891771,298.2364512369522
16.8699112275451,1.5,301.4680135942972,298.7075391917992,298.23651091264344
16.873536826347493,1.5,301.46835981913256,298.70771869870885,298.2365706092281
16.877162425149887,1.5,301.4687060052249,298.70789820990075,298.2366303267038
16.88078802395228,1.5,301.46905215258374,298.7080777253695,298.2366900650681
16.884413622754675,1.5,301.46939826121906,298.70825724510973,298.2367498243188
16.88803922155707,1.5,301.4697443311404,298.70843676911613,298.2368096044535
16.891664820359463,1.5,301.4700903623577,298.70861629738334,298.23686940547
16.895290419161856,1.5,301.4704363548807,298.708795829906,298.23692922736586
16.89891601796425,1.5,301.47078230871904,298.7089753666789,298.23698907013875
16.902541616766644,1.5,301.47112822388243,298.7091549076964,298.2370489337864
16.906167215569038,1.5,301.47147410038076,298.7093344529535,298.2371088183065
16.909792814371432,1.5,301.4718199382236,298.70951400244456,298.2371687236967
16.913418413173826,1.5,301.47216573742077,298.7096935561645,298.2372286499546
16.91704401197622,1.5,301.472511497982,298.70987311410784,298.23728859707796
16.920669610778614,1.5,301.4728572199169,298.7100526762694,298.23734856506445
16.924295209581008,1.5,301.47320290323523,298.71023224264377,298.2374085539116
16.9279208083834,1.5,301.4735485479468,298.71041181322556,298.23746856361726
16.931546407185795,1.5,301.4738941540612,298.7105913880097,298.2375285941789
16.93517200598819,1.5,301.4742397215882,298.7107709669906,298.23758864559437
16.938797604790583,1.5,301.4745852505374,298.71095055016315,298.23764871786113
16.942423203592977,1.5,301.47493074091864,298.711130137522,298.23770881097704
16.94604880239537,1.5,301.4752761927415,298.71130972906184,298.2377689249396
16.949674401197765,1.5,301.4756216060157,298.7114893247774,298.2378290597465
16.95330000000016,1.5,301.47596698075097,298.71166892466346,298.2378892153954
16.956925598802552,1.5,301.47631231695686,298.7118485287146,298.23794939188394
16.960551197604946,1.5,301.4766576146431,298.71202813692565,298.2380095892098
16.96417679640734,1.5,301.4770028738194,298.71220774929134,298.23806980737055
16.967802395209734,1.5,301.4773480944955,298.7123873658063,298.23813004636395
16.971427994012128,1.5,301.47769327668084,298.7125669864654,298.23819030618756
16.975053592814522,1.5,301.47803842038525,298.71274661126324,298.238250586839
16.978679191616916,1.5,301.47838352561837,298.71292624019463,298.238310888316
16.98230479041931,1.5,301.47872859238976,298.7131058732543,298.23837121061604
16.985930389221704,1.5,301.47907362070913,298.71328551043706,298.238431553737
16.989555988024097,1.5,301.47941861058604,298.7134651517375,298.2384919176762
16.99318158682649,1.5,301.4797635620303,298.71364479715055,298.2385523024315
16.996807185628885,1.5,301.48010847505145,298.71382444667097,298.23861270800046
17.00043278443128,1.5,301.48045334965906,298.7140041002934,298.23867313438075
17.004058383233673,1.5,301.48079818586285,298.71418375801267,298.23873358156993
17.007683982036067,1.5,301.4811429836724,298.71436341982354,298.2387940495657
17.01130958083846,1.5,301.4814877430973,298.7145430857207,298.2388545383656
17.014935179640855,1.5,301.4818324641472,298.71472275569914,298.23891504796734
17.01856077844325,1.5,301.4821771468317,298.7149024297534,298.23897557836847
17.022186377245642,1.5,301.48252179116037,298.7150821078785,298.2390361295666
17.025811976048036,1.5,301.4828663971429,298.71526179006906,298.23909670155945
17.02943757485043,1.5,301.48321096478884,298.71544147632005,298.23915729434447
17.033063173652824,1.5,301.48355549410775,298.715621166626,298.2392179079195
17.036688772455218,1.5,301.48389998510925,298.7158008609819,298.2392785422819
17.04031437125761,1.5,301.48424443780294,298.71598055938256,298.23933919742944
17.043939970060006,1.5,301.48458885219844,298.7161602618227,298.2393998733597
17.0475655688624,1.5,301.48493322830524,298.71633996829723,298.23946057007026
17.051191167664793,1.5,301.48527756613294,298.71651967880086,298.2395212875587
17.054816766467187,1.5,301.48562186569114,298.71669939332844,298.23958202582276
17.05844236526958,1.5,301.4859661269894,298.7168791118749,298.23964278485994
17.062067964071975,1.5,301.4863103500373,298.71705883443485,298.2397035646678
17.06569356287437,1.5,301.4866545348443,298.71723856100334,298.239764365244
17.069319161676763,1.5,301.4869986814201,298.71741829157514,298.2398251865862
17.072944760479157,1.5,301.4873427897742,298.717598026145,298.2398860286918
17.07657035928155,1.5,301.48768685991604,298.7177777647079,298.2399468915586
17.080195958083944,1.5,301.4880308918553,298.7179575072585,298.2400077751841
17.08382155688634,1.5,301.4883748856015,298.71813725379184,298.24006867956587
17.087447155688732,1.5,301.4887188411641,298.71831700430266,298.2401296047015
17.091072754491126,1.5,301.4890627585527,298.7184967587858,298.24019055058864
17.09469835329352,1.5,301.48940663777677,298.71867651723625,298.24025151722486
17.098323952095914,1.5,301.48975047884585,298.71885627964883,298.2403125046078
17.101949550898308,1.5,301.49009428176953,298.7190360460183,298.2403735127349
17.1055751497007,1.5,301.49043804655724,298.7192158163396,298.2404345416038
17.109200748503095,1.5,301.49078177321854,298.7193955906077,298.24049559121215
17.11282634730549,1.5,301.491125461763,298.7195753688173,298.24055666155743
17.116451946107883,1.5,301.4914691122,298.7197551509634,298.2406177526372
17.120077544910277,1.5,301.49181272453905,298.7199349370408,298.24067886444925
17.12370314371267,1.5,301.49215629878967,298.7201147270445,298.2407399969909
17.127328742515065,1.5,301.49249983496145,298.72029452096933,298.24080115025987
17.13095434131746,1.5,301.4928433330638,298.7204743188102,298.2408623242536
17.134579940119853,1.5,301.49318679310613,298.720654120562,298.2409235189698
17.138205538922247,1.5,301.493530215098,298.72083392621965,298.2409847344059
17.14183113772464,1.5,301.4938735990489,298.721013735778,298.24104597055964
17.145456736527034,1.5,301.49421694496834,298.72119354923205,298.2411072274284
17.149082335329428,1.5,301.49456025286565,298.72137336657664,298.2411685050099
17.152707934131822,1.5,301.4949035227504,298.7215531878068,298.2412298033016
17.156333532934216,1.5,301.4952467546321,298.72173301291735,298.24129112230116
17.15995913173661,1.5,301.4955899485201,298.7219128419032,298.241352462006
17.163584730539004,1.5,301.49593310442384,298.7220926747593,298.24141382241373
17.167210329341398,1.5,301.4962762223529,298.72227251148075,298.2414752035219
17.17083592814379,1.5,301.4966193023166,298.72245235206225,298.2415366053281
17.174461526946185,1.5,301.4969623443245,298.72263219649886,298.2415980278299
17.17808712574858,1.5,301.49730534838596,298.7228120447854,298.2416594710249
17.181712724550973,1.5,301.4976483145104,298.72299189691705,298.24172093491046
17.185338323353367,1.5,301.4979912427073,298.7231717528886,298.2417824194842
17.18896392215576,1.5,301.49833413298603,298.72335161269496,298.2418439247437
17.192589520958155,1.5,301.4986769853561,298.72353147633123,298.24190545068655
17.19621511976055,1.5,301.4990197998269,298.7237113437923,298.24196699731027
17.199840718562942,1.5,301.49936257640775,298.7238912150731,298.24202856461227
17.203466317365336,1.5,301.49970531510814,298.7240710901686,298.24209015259027
17.20709191616773,1.5,301.5000480159375,298.72425096907386,298.2421517612417
17.210717514970124,1.5,301.5003906789052,298.72443085178384,298.24221339056413
17.214343113772518,1.5,301.5007333040207,298.72461073829345,298.2422750405551
17.217968712574912,1.5,301.50107589129334,298.72479062859776,298.2423367112122
17.221594311377306,1.5,301.5014184407325,298.7249705226917,298.24239840253284
17.2252199101797,1.5,301.5017609523476,298.72515042057023,298.2424601145146
17.228845508982094,1.5,301.50210342614804,298.72533032222844,298.242521847155
17.232471107784487,1.5,301.5024458621431,298.72551022766135,298.2425836004516
17.23609670658688,1.5,301.50278826034224,298.72569013686376,298.2426453744019
17.239722305389275,1.5,301.5031306207549,298.7258700498308,298.24270716900344
17.24334790419167,1.5,301.50347294339036,298.7260499665576,298.2427689842537
17.246973502994063,1.5,301.50381522825796,298.72622988703904,298.2428308201503
17.250599101796457,1.5,301.50415747536715,298.72640981127006,298.24289267669064
17.25422470059885,1.5,301.50449968472725,298.72658973924587,298.2429545538723
17.257850299401245,1.5,301.5048418563476,298.7267696709613,298.2430164516928
17.26147589820364,1.5,301.5051839902376,298.72694960641155,298.2430783701497
17.265101497006032,1.5,301.5055260864066,298.72712954559154,298.2431403092404
17.268727095808426,1.5,301.5058681448638,298.72730948849636,298.2432022689624
17.27235269461082,1.5,301.5062101656187,298.727489435121,298.2432642493134
17.275978293413214,1.5,301.50655214868056,298.72766938546056,298.2433262502908
17.279603892215608,1.5,301.50689409405874,298.72784933951004,298.24338827189206
17.283229491018,1.5,301.5072360017625,298.72802929726447,298.2434503141147
17.286855089820396,1.5,301.50757787180135,298.72820925871895,298.24351237695623
17.29048068862279,1.5,301.5079197041844,298.7283892238685,298.24357446041415
17.294106287425183,1.5,301.5082614989211,298.7285691927083,298.243636564486
17.297731886227577,1.5,301.5086032560207,298.7287491652332,298.2436986891693
17.30135748502997,1.5,301.50894497549257,298.7289291414384,298.24376083446145
17.304983083832365,1.5,301.50928665734597,298.7291091213189,298.24382300036007
17.30860868263476,1.5,301.50962830159017,298.7292891048699,298.2438851868626
17.312234281437153,1.5,301.50996990823455,298.72946909208633,298.24394739396644
17.315859880239547,1.5,301.5103114772883,298.72964908296336,298.24400962166925
17.31948547904194,1.5,301.5106530087608,298.72982907749605,298.2440718699684
17.323111077844334,1.5,301.51099450266133,298.7300090756795,298.24413413886145
17.32673667664673,1.5,301.51133595899915,298.7301890775087,298.24419642834584
17.330362275449122,1.5,301.5116773777835,298.730369082979,298.2442587384191
17.333987874251516,1.5,301.51201875902376,298.73054909208525,298.2443210690787
17.33761347305391,1.5,301.51236010272913,298.7307291048226,298.2443834203221
17.341239071856304,1.5,301.51270140890887,298.73090912118624,298.2444457921468
17.344864670658698,1.5,301.5130426775723,298.73108914117125,298.2445081845502
17.34849026946109,1.5,301.51338390872866,298.7312691647726,298.24457059752996
17.352115868263486,1.5,301.51372510238707,298.7314491919856,298.24463303108337
17.35574146706588,1.5,301.514066258557,298.7316292228053,298.24469548520807
17.359367065868273,1.5,301.5144073772476,298.73180925722676,298.24475795990134
17.362992664670667,1.5,301.51474845846815,298.73198929524517,298.24482045516083
17.36661826347306,1.5,301.51508950222785,298.73216933685563,298.24488297098395
17.370243862275455,1.5,301.5154305085359,298.7323493820533,298.24494550736824
17.37386946107785,1.5,301.51577147740176,298.7325294308333,298.24500806431104
17.377495059880243,1.5,301.5161124088343,298.73270948319083,298.2450706418099
17.381120658682637,1.5,301.51645330284305,298.73288953912095,298.2451332398622
17.38474625748503,1.5,301.5167941594371,298.73306959861884,298.2451958584655
17.388371856287424,1.5,301.5171349786257,298.7332496616797,298.2452584976172
17.391997455089818,1.5,301.51747576041805,298.7334297282986,298.24532115731483
17.395623053892212,1.5,301.5178165048234,298.73360979847064,298.24538383755583
17.399248652694606,1.5,301.5181572118509,298.73378987219115,298.2454465383376
17.402874251497,1.5,301.5184978815098,298.73396994945523,298.24550925965764
17.406499850299394,1.5,301.51883851380927,298.734150030258,298.24557200151344
17.410125449101788,1.5,301.5191791087585,298.7343301145946,298.2456347639024
17.41375104790418,1.5,301.5195196663668,298.73451020246034,298.245697546822
17.417376646706575,1.5,301.51986018664326,298.73469029385035,298.2457603502697
17.42100224550897,1.5,301.5202006695971,298.7348703887597,298.2458231742429
17.424627844311363,1.5,301.52054111523745,298.7350504871837,298.24588601873904
17.428253443113757,1.5,301.52088152357356,298.7352305891175,298.24594888375566
17.43187904191615,1.5,301.5212218946145,298.73541069455626,298.24601176929013
17.435504640718545,1.5,301.5215622283696,298.7355908034953,298.24607467534
17.43913023952094,1.5,301.52190252484786,298.73577091592966,298.2461376019026
17.442755838323333,1.5,301.5222427840586,298.7359510318546,298.2462005489754
17.446381437125726,1.5,301.52258300601085,298.73613115126534,298.24626351655587
17.45000703592812,1.5,301.5229231907139,298.73631127415706,298.2463265046414
17.453632634730514,1.5,301.5232633381768,298.736491400525,298.2463895132294
17.457258233532908,1.5,301.5236034484087,298.7366715303644,298.2464525423174
17.460883832335302,1.5,301.52394352141886,298.7368516636704,298.2465155919028
17.464509431137696,1.5,301.5242835572163,298.7370318004383,298.246578661983
17.46813502994009,1.5,301.5246235558102,298.73721194066326,298.24664175255543
17.471760628742484,1.5,301.52496351720964,298.7373920843405,298.24670486361765
17.475386227544877,1.5,301.52530344142383,298.7375722314654,298.2467679951669
17.47901182634727,1.5,301.5256433284619,298.737752382033,298.24683114720074
17.482637425149665,1.5,301.52598317833304,298.73793253603867,298.24689431971655
17.48626302395206,1.5,301.5263229910462,298.7381126934777,298.24695751271173
17.489888622754453,1.5,301.52666276661057,298.73829285434516,298.24702072618373
17.493514221556847,1.5,301.52700250503534,298.73847301863645,298.24708396012994
17.49713982035924,1.5,301.5273422063295,298.7386531863467,298.24714721454785
17.500765419161635,1.5,301.52768187050225,298.7388333574713,298.24721048943485
17.50439101796403,1.5,301.52802149756263,298.73901353200546,298.2472737847883
17.508016616766422,1.5,301.5283610875198,298.73919370994435,298.2473371006057
17.511642215568816,1.5,301.52870064038285,298.7393738912833,298.2474004368844
17.51526781437121,1.5,301.52904015616076,298.7395540760177,298.24746379362193
17.518893413173604,1.5,301.5293796348627,298.73973426414267,298.24752717081554
17.522519011975998,1.5,301.5297190764979,298.73991445565355,298.2475905684627
17.526144610778392,1.5,301.5300584810752,298.74009465054564,298.24765398656086
17.529770209580786,1.5,301.5303978486038,298.74027484881407,298.24771742510745
17.53339580838318,1.5,301.53073717909274,298.7404550504544,298.24778088409977
17.537021407185573,1.5,301.5310764725511,298.74063525546165,298.24784436353525
17.540647005987967,1.5,301.53141572898795,298.74081546383127,298.2479078634114
17.54427260479036,1.5,301.53175494841236,298.7409956755585,298.24797138372554
17.547898203592755,1.5,301.5320941308334,298.74117589063866,298.2480349244751
17.55152380239515,1.5,301.5324332762601,298.74135610906706,298.24809848565747
17.555149401197543,1.5,301.5327723847015,298.741536330839,298.24816206726996
17.558774999999937,1.5,301.53311145616675,298.7417165559498,298.2482256693101
17.56240059880233,1.5,301.53345049066473,298.7418967843947,298.2482892917752
17.566026197604725,1.5,301.5337894882046,298.74207701616916,298.2483529346627
17.56965179640712,1.5,301.5341284487954,298.7422572512684,298.24841659797
17.573277395209512,1.5,301.5344673724461,298.7424374896878,298.2484802816944
17.576902994011906,1.5,301.53480625916575,298.7426177314226,298.24854398583346
17.5805285928143,1.5,301.5351451089634,298.74279797646824,298.2486077103845
17.584154191616694,1.5,301.5354839218481,298.74297822482,298.24867145534483
17.587779790419088,1.5,301.5358226978288,298.7431584764731,298.24873522071186
17.59140538922148,1.5,301.5361614369146,298.7433387314232,298.248799006483
17.595030988023876,1.5,301.5365001391144,298.7435189896653,298.24886281265566
17.59865658682627,1.5,301.5368388044373,298.7436992511949,298.24892663922714
17.602282185628663,1.5,301.5371774328923,298.74387951600744,298.24899048619494
17.605907784431057,1.5,301.53751602448835,298.7440597840981,298.2490543535563
17.60953338323345,1.5,301.5378545792345,298.7442400554623,298.2491182413087
17.613158982035845,1.5,301.5381930971397,298.7444203300954,298.2491821494495
17.61678458083824,1.5,301.538531578213,298.7446006079928,298.24924607797607
17.620410179640633,1.5,301.53887002246336,298.74478088914987,298.24931002688584
17.624035778443027,1.5,301.53920842989976,298.74496117356193,298.249373996176
17.62766137724542,1.5,301.5395468005312,298.7451414612244,298.24943798584417
17.631286976047814,1.5,301.5398851343666,298.7453217521326,298.2495019958875
17.63491257485021,1.5,301.54022343141503,298.745502046282,298.24956602630346
17.638538173652602,1.5,301.5405616916854,298.74568234366797,298.2496300770894
17.642163772454996,1.5,301.5408999151866,298.7458626442858,298.2496941482427
17.64578937125739,1.5,301.5412381019277,298.746042948131,298.24975823976075
17.649414970059784,1.5,301.5415762519177,298.7462232551988,298.24982235164094
17.653040568862178,1.5,301.5419143651655,298.7464035654848,298.24988648388046
17.65666616766457,1.5,301.5422524416799,298.74658387898427,298.24995063647685
17.660291766466965,1.5,301.5425904814702,298.7467641956926,298.2500148094274
17.66391736526936,1.5,301.542928484545,298.74694451560526,298.2500790027294
17.667542964071753,1.5,301.54326645091345,298.7471248387177,298.2501432163803
17.671168562874147,1.5,301.5436043805844,298.74730516502524,298.2502074503775
17.67479416167654,1.5,301.54394227356676,298.74748549452335,298.2502717047183
17.678419760478935,1.5,301.54428012986955,298.7476658272074,298.25033597939995
17.68204535928133,1.5,301.5446179495017,298.7478461630729,298.2504002744199
17.685670958083723,1.5,301.544955732472,298.7480265021152,298.25046458977556
17.689296556886116,1.5,301.54529347878946,298.74820684432973,298.2505289254642
17.69292215568851,1.5,301.54563118846306,298.748387189712,298.2505932814832
17.696547754490904,1.5,301.5459688615016,298.74856753825736,298.2506576578298
17.700173353293298,1.5,301.54630649791414,298.7487478899613,298.25072205450147
17.703798952095692,1.5,301.5466440977094,298.7489282448192,298.25078647149553
17.707424550898086,1.5,301.5469816608964,298.7491086028266,298.2508509088093
17.71105014970048,1.5,301.547319187484,298.7492889639789,298.25091536644015
17.714675748502874,1.5,301.54765667748114,298.7494693282716,298.25097984438537
17.718301347305268,1.5,301.54799413089665,298.74964969570004,298.25104434264233
17.72192694610766,1.5,301.54833154773945,298.7498300662598,298.25110886120837
17.725552544910055,1.5,301.54866892801846,298.75001043994627,298.2511734000808
17.72917814371245,1.5,301.5490062717425,298.7501908167549,298.251237959257
17.732803742514843,1.5,301.54934357892046,298.7503711966813,298.2513025387343
17.736429341317237,1.5,301.5496808495613,298.7505515797208,298.2513671385099
17.74005494011963,1.5,301.5500180836739,298.75073196586897,298.2514317585813
17.743680538922025,1.5,301.55035528126695,298.75091235512116,298.25149639894573
17.74730613772442,1.5,301.55069244234943,298.75109274747297,298.2515610596006
17.750931736526812,1.5,301.5510295669302,298.7512731429198,298.2516257405432
17.754557335329206,1.5,301.55136665501806,298.75145354145724,298.2516904417709
17.7581829341316,1.5,301.55170370662194,298.75163394308066,298.2517551632809
17.761808532933994,1.5,301.55204072175076,298.7518143477857,298.25181990507065
17.765434131736388,1.5,301.55237770041316,298.7519947555677,298.2518846671374
17.769059730538782,1.5,301.5527146426181,298.75217516642226,298.25194944947845
17.772685329341176,1.5,301.5530515483745,298.7523555803449,298.25201425209116
17.77631092814357,1.5,301.5533884176911,298.7525359973311,298.25207907497287
17.779936526945963,1.5,301.55372525057675,298.75271641737635,298.2521439181209
17.783562125748357,1.5,301.55406204704025,298.7528968404761,298.2522087815325
17.78718772455075,1.5,301.5543988070905,298.753077266626,298.25227366520494
17.790813323353145,1.5,301.5547355307362,298.75325769582156,298.2523385691357
17.79443892215554,1.5,301.5550722179863,298.7534381280582,298.252403493322
17.798064520957933,1.5,301.5554088688496,298.75361856333154,298.25246843776114
17.801690119760327,1.5,301.5557454833348,298.7537990016371,298.25253340245047
17.80531571856272,1.5,301.55608206145087,298.7539794429704,298.25259838738725
17.808941317365115,1.5,301.5564186032065,298.7541598873269,298.2526633925688
17.81256691616751,1.5,301.55675510861056,298.75434033470225,298.2527284179925
17.816192514969902,1.5,301.55709157767177,298.75452078509187,298.25279346365556
17.819818113772296,1.5,301.55742801039906,298.7547012384915,298.2528585295553
17.82344371257469,1.5,301.557764406801,298.75488169489654,298.252923615689
17.827069311377084,1.5,301.55810076688664,298.7550621543026,298.252988722054
17.830694910179478,1.5,301.55843709066454,298.7552426167052,298.2530538486476
17.83432050898187,1.5,301.5587733781436,298.75542308209987,298.25311899546705
17.837946107784266,1.5,301.5591096293327,298.7556035504823,298.25318416250974
17.84157170658666,1.5,301.5594458442404,298.7557840218479,298.2532493497729
17.845197305389053,1.5,301.55978202287554,298.75596449619235,298.2533145572538
17.848822904191447,1.5,301.560118165247,298.75614497351114,298.25337978494986
17.85244850299384,1.5,301.5604542713634,298.7563254537999,298.2534450328582
17.856074101796235,1.5,301.5607903412336,298.7565059370542,298.25351030097625
17.85969970059863,1.5,301.5611263748664,298.7566864232696,298.25357558930114
17.863325299401023,1.5,301.56146237227034,298.75686691244175,298.2536408978304
17.866950898203417,1.5,301.5617983334543,298.75704740456615,298.253706226561
17.87057649700581,1.5,301.5621342584271,298.75722789963845,298.25377157549053
17.874202095808204,1.5,301.5624701471974,298.7574083976542,298.2538369446161
17.8778276946106,1.5,301.56280599977396,298.7575888986091,298.253902333935
17.881453293412992,1.5,301.56314181616557,298.7577694024986,298.2539677434446
17.885078892215386,1.5,301.5634775963809,298.75794990931837,298.25403317314215
17.88870449101778,1.5,301.5638133404286,298.75813041906406,298.25409862302484
17.892330089820174,1.5,301.5641490483176,298.7583109317312,298.2541640930901
17.895955688622568,1.5,301.56448472005644,298.75849144731546,298.2542295833351
17.89958128742496,1.5,301.564820355654,298.75867196581237,298.2542950937571
17.903206886227355,1.5,301.5651559551189,298.75885248721767,298.25436062435335
17.90683248502975,1.5,301.56549151845985,298.7590330115269,298.2544261751213
17.910458083832143,1.5,301.5658270456855,298.7592135387358,298.2544917460581
17.914083682634537,1.5,301.56616253680465,298.75939406883987,298.2545573371609
17.91770928143693,1.5,301.5664979918261,298.75957460183474,298.2546229484272
17.921334880239325,1.5,301.56683341075836,298.7597551377161,298.25468857985425
17.92496047904172,1.5,301.5671687936102,298.75993567647964,298.2547542314391
17.928586077844113,1.5,301.5675041403903,298.7601162181209,298.2548199031792
17.932211676646507,1.5,301.56783945110743,298.7602967626355,298.2548855950718
17.9358372754489,1.5,301.5681747257702,298.7604773100192,298.2549513071141
17.939462874251294,1.5,301.56850996438726,298.7606578602676,298.25501703930337
17.943088473053688,1.5,301.5688451669674,298.7608384133764,298.2550827916369
17.946714071856082,1.5,301.5691803335192,298.7610189693411,298.2551485641119
17.950339670658476,1.5,301.5695154640514,298.76119952815753,298.25521435672573
17.95396526946087,1.5,301.5698505585726,298.7613800898213,298.25528016947555
17.957590868263264,1.5,301.57018561709157,298.761560654328,298.2553460023587
17.961216467065658,1.5,301.57052063961686,298.76174122167345,298.25541185537236
17.96484206586805,1.5,301.5708556261572,298.7619217918531,298.2554777285138
17.968467664670445,1.5,301.57119057672116,298.76210236486287,298.2555436217803
17.97209326347284,1.5,301.5715254913175,298.76228294069836,298.2556095351691
17.975718862275233,1.5,301.5718603699549,298.76246351935515,298.25567546867745
17.979344461077627,1.5,301.5721952126418,298.762644100829,298.2557414223026
17.98297005988002,1.5,301.572530019387,298.7628246851156,298.25580739604175
17.986595658682415,1.5,301.5728647901992,298.7630052722106,298.2558733898922
17.99022125748481,1.5,301.5731995250869,298.7631858621098,298.25593940385124
17.993846856287202,1.5,301.57353422405885,298.76336645480876,298.25600543791603
17.997472455089596,1.5,301.5738688871236,298.76354705030326,298.2560714920839
18.00109805389199,1.5,301.57420351428976,298.76372764858894,298.2561375663519
18.004723652694384,1.5,301.57453810556603,298.7639082496616,298.2562036607175
18.008349251496778,1.5,301.5748726609609,298.7640888535169,298.2562697751779
18.011974850299172,1.5,301.5752071804832,298.7642694601505,298.2563359097302
18.015600449101566,1.5,301.5755416641413,298.7644500695583,298.2564020643718
18.01922604790396,1.5,301.57587611194396,298.7646306817358,298.2564682390998
18.022851646706354,1.5,301.57621052389976,298.76481129667883,298.25653443391155
18.026477245508747,1.5,301.57654490001727,298.764991914383,298.2566006488041
18.03010284431114,1.5,301.5768792403051,298.76517253484417,298.2566668837749
18.033728443113535,1.5,301.57721354477195,298.7653531580581,298.2567331388212
18.03735404191593,1.5,301.5775478134263,298.7655337840204,298.25679941394003
18.040979640718323,1.5,301.5778820462767,298.7657144127269,298.2568657091287
18.044605239520717,1.5,301.57821624333184,298.76589504417325,298.2569320243845
18.04823083832311,1.5,301.57855040460015,298.7660756783552,298.25699835970454
18.051856437125505,1.5,301.5788845300905,298.76625631526855,298.25706471508613
18.0554820359279,1.5,301.5792186198112,298.766436954909,298.2571310905265
18.059107634730292,1.5,301.5795526737709,298.7666175972724,298.2571974860229
18.062733233532686,1.5,301.5798866919782,298.76679824235447,298.25726390157246
18.06635883233508,1.5,301.58022067444165,298.7669788901509,298.25733033717245
18.069984431137474,1.5,301.5805546211698,298.7671595406574,298.2573967928201
18.073610029939868,1.5,301.5808885321713,298.7673401938699,298.25746326851265
18.07723562874226,1.5,301.5812224074545,298.7675208497841,298.2575297642472
18.080861227544656,1.5,301.5815562470281,298.76770150839576,298.2575962800211
18.08448682634705,1.5,301.58189005090077,298.76788216970067,298.2576628158315
18.088112425149443,1.5,301.5822238190808,298.7680628336945,298.2577293716757
18.091738023951837,1.5,301.5825575515768,298.76824350037316,298.25779594755073
18.09536362275423,1.5,301.5828912483975,298.7684241697323,298.257862543454
18.098989221556625,1.5,301.5832249095512,298.76860484176797,298.2579291593826
18.10261482035902,1.5,301.58355853504656,298.76878551647565,298.25799579533384
18.106240419161413,1.5,301.5838921248921,298.76896619385127,298.2580624513048
18.109866017963807,1.5,301.5842256790963,298.7691468738907,298.25812912729276
18.1134916167662,1.5,301.5845591976677,298.7693275565896,298.25819582329495
18.117117215568594,1.5,301.58489268061487,298.76950824194375,298.2582625393085
18.12074281437099,1.5,301.5852261279463,298.7696889299491,298.2583292753307
18.124368413173382,1.5,301.5855595396705,298.76986962060136,298.2583960313587
18.127994011975776,1.5,301.58589291579597,298.77005031389626,298.2584628073898
18.13161961077817,1.5,301.58622625633114,298.77023100982984,298.25852960342104
18.135245209580564,1.5,301.58655956128473,298.7704117083978,298.25859641944976
18.138870808382958,1.5,301.586892830665,298.77059240959585,298.258663255473
18.14249640718535,1.5,301.5872260644806,298.77077311342,298.2587301114881
18.146122005987745,1.5,301.58755926273994,298.77095381986584,298.2587969874922
18.14974760479014,1.5,301.5878924254516,298.77113452892945,298.25886388348255
18.153373203592533,1.5,301.58822555262407,298.77131524060644,298.25893079945627
18.156998802394927,1.5,301.5885586442657,298.7714959548928,298.25899773541056
18.16062440119732,1.5,301.5888917003851,298.77167667178435,298.25906469134264
18.164249999999715,1.5,301.5892247209906,298.77185739127685,298.25913166724973
18.16787559880211,1.5,301.5895577060909,298.7720381133662,298.259198663129
18.171501197604503,1.5,301.58989065569426,298.7722188380482,298.25926567897756
18.175126796406897,1.5,301.5902235698093,298.7723995653187,298.25933271479266
18.17875239520929,1.5,301.59055644844443,298.77258029517367,298.2593997705716
18.182377994011684,1.5,301.590889291608,298.7727610276088,298.25946684631134
18.186003592814078,1.5,301.5912220993087,298.77294176262006,298.2595339420093
18.189629191616472,1.5,301.5915548715548,298.77312250020316,298.2596010576624
18.193254790418866,1.5,301.5918876083548,298.77330324035415,298.259668193268
18.19688038922126,1.5,301.59222030971716,298.7734839830688,298.25973534882326
18.200505988023654,1.5,301.5925529756504,298.773664728343,298.2598025243253
18.204131586826048,1.5,301.59288560616284,298.7738454761726,298.2598697197714
18.20775718562844,1.5,301.5932182012629,298.7740262265535,298.2599369351587
18.211382784430835,1.5,301.59355076095915,298.77420697948156,298.2600041704843
18.21500838323323,1.5,301.59388328525995,298.7743877349526,298.2600714257455
18.218633982035623,1.5,301.59421577417373,298.7745684929626,298.26013870093936
18.222259580838017,1.5,301.59454822770886,298.77474925350737,298.2602059960631
18.22588517964041,1.5,301.5948806458739,298.77493001658297,298.2602733111139
18.229510778442805,1.5,301.59521302867716,298.77511078218504,298.26034064608893
18.2331363772452,1.5,301.5955453761272,298.77529155030965,298.26040800098536
18.236761976047593,1.5,301.5958776882322,298.77547232095264,298.26047537580035
18.240387574849986,1.5,301.5962099650007,298.7756530941099,298.260542770531
18.24401317365238,1.5,301.5965422064411,298.7758338697774,298.26061018517476
18.247638772454774,1.5,301.5968744125618,298.77601464795094,298.2606776197284
18.251264371257168,1.5,301.59720658337125,298.77619542862647,298.26074507418934
18.254889970059562,1.5,301.59753871887784,298.77637621179997,298.26081254855467
18.258515568861956,1.5,301.5978708190898,298.77655699746725,298.2608800428215
18.26214116766435,1.5,301.59820288401573,298.7767377856243,298.2609475569871
18.265766766466744,1.5,301.5985349136639,298.77691857626706,298.2610150910486
18.269392365269137,1.5,301.5988669080428,298.77709936939135,298.2610826450031
18.27301796407153,1.5,301.5991988671607,298.77728016499316,298.2611502188478
18.276643562873925,1.5,301.5995307910259,298.77746096306845,298.26121781257984
18.28026916167632,1.5,301.59986267964706,298.77764176361313,298.2612854261964
18.283894760478713,1.5,301.6001945330324,298.7778225666232,298.26135305969467
18.287520359281107,1.5,301.6005263511902,298.7780033720944,298.26142071307174
18.2911459580835,1.5,301.60085813412894,298.77818418002295,298.2614883863248
18.294771556885895,1.5,301.6011898818569,298.77836499040455,298.261556079451
18.29839715568829,1.5,301.6015215943825,298.77854580323526,298.26162379244744
18.302022754490682,1.5,301.6018532717141,298.77872661851103,298.2616915253113
18.305648353293076,1.5,301.60218491385996,298.77890743622777,298.2617592780397
18.30927395209547,1.5,301.60251652082854,298.7790882563814,298.2618270506299
18.312899550897864,1.5,301.60284809262816,298.77926907896796,298.26189484307895
18.316525149700258,1.5,301.6031796292672,298.77944990398345,298.261962655384
18.320150748502652,1.5,301.6035111307538,298.7796307314237,298.26203048754223
18.323776347305046,1.5,301.6038425970965,298.7798115612849,298.26209833955073
18.32740194610744,1.5,301.60417402830365,298.77999239356274,298.2621662114067
18.331027544909833,1.5,301.60450542438343,298.7801732282534,298.26223410310723
18.334653143712227,1.5,301.60483678534433,298.78035406535275,298.26230201464955
18.33827874251462,1.5,301.6051681111945,298.7805349048568,298.2623699460307
18.341904341317015,1.5,301.6054994019424,298.78071574676153,298.2624378972478
18.34552994011941,1.5,301.60583065759636,298.7808965910629,298.26250586829815
18.349155538921803,1.5,301.6061618781645,298.78107743775695,298.26257385917876
18.352781137724197,1.5,301.60649306365536,298.7812582868396,298.26264186988675
18.35640673652659,1.5,301.6068242140771,298.781439138307,298.26270990041934
18.360032335328984,1.5,301.60715532943817,298.78161999215496,298.26277795077357
18.36365793413138,1.5,301.60748640974674,298.7818008483796,298.26284602094665
18.367283532933772,1.5,301.6078174550111,298.78198170697686,298.26291411093564
18.370909131736166,1.5,301.60814846523965,298.7821625679427,298.26298222073774
18.37453473053856,1.5,301.6084794404406,298.78234343127326,298.26305035035
18.378160329340954,1.5,301.6088103806223,298.78252429696437,298.2631184997697
18.381785928143348,1.5,301.60914128579293,298.7827051650122,298.2631866689938
18.38541152694574,1.5,301.6094721559609,298.78288603541273,298.2632548580195
18.389037125748136,1.5,301.6098029911344,298.78306690816197,298.2633230668439
18.39266272455053,1.5,301.6101337913218,298.78324778325594,298.26339129546415
18.396288323352923,1.5,301.61046455653127,298.7834286606907,298.26345954387733
18.399913922155317,1.5,301.6107952867712,298.7836095404622,298.2635278120806
18.40353952095771,1.5,301.6111259820497,298.7837904225664,298.2635961000712
18.407165119760105,1.5,301.6114566423751,298.7839713069996,298.26366440784597
18.4107907185625,1.5,301.6117872677558,298.7841521937576,298.26373273540224
18.414416317364893,1.5,301.6121178581999,298.78433308283655,298.2638010827371
18.418041916167287,1.5,301.6124484137157,298.7845139742325,298.26386944984756
18.42166751496968,1.5,301.6127789343114,298.78469486794137,298.2639378367309
18.425293113772074,1.5,301.6131094199953,298.78487576395935,298.2640062433842
18.42891871257447,1.5,301.6134398707756,298.7850566622824,298.2640746698044
18.432544311376862,1.5,301.6137702866607,298.7852375629066,298.2641431159888
18.436169910179256,1.5,301.6141006676587,298.78541846582806,298.26421158193443
18.43979550898165,1.5,301.61443101377785,298.7855993710427,298.2642800676384
18.443421107784044,1.5,301.61476132502634,298.78578027854667,298.2643485730979
18.447046706586438,1.5,301.6150916014125,298.78596118833605,298.26441709831
18.45067230538883,1.5,301.61542184294444,298.7861421004069,298.26448564327177
18.454297904191225,1.5,301.61575204963054,298.7863230147553,298.2645542079803
18.45792350299362,1.5,301.6160822214789,298.78650393137724,298.26462279243276
18.461549101796013,1.5,301.6164123584978,298.7866848502689,298.26469139662623
18.465174700598407,1.5,301.61674246069543,298.7868657714263,298.2647600205578
18.4688002994008,1.5,301.61707252808,298.78704669484557,298.2648286642246
18.472425898203195,1.5,301.61740256065974,298.7872276205227,298.26489732762366
18.47605149700559,1.5,301.6177325584428,298.78740854845387,298.2649660107522
18.479677095807983,1.5,301.6180625214374,298.7875894786351,298.26503471360724
18.483302694610376,1.5,301.61839244965176,298.7877704110625,298.26510343618594
18.48692829341277,1.5,301.6187223430941,298.7879513457323,298.26517217848533
18.490553892215164,1.5,301.61905220177255,298.7881322826404,298.2652409405025
18.494179491017558,1.5,301.61938202569536,298.78831322178297,298.26530972223463
18.497805089819952,1.5,301.61971181487064,298.7884941631561,298.26537852367875
18.501430688622346,1.5,301.62004156930664,298.78867510675593,298.26544734483195
18.50505628742474,1.5,301.6203712890116,298.7888560525785,298.2655161856914
18.508681886227134,1.5,301.62070097399345,298.7890370006201,298.2655850462541
18.512307485029527,1.5,301.6210306242607,298.7892179508766,298.2656539265172
18.51593308383192,1.5,301.6213602398213,298.7893989033443,298.2657228264777
18.519558682634315,1.5,301.62168982068346,298.7895798580193,298.2657917461329
18.52318428143671,1.5,301.62201936685534,298.7897608148976,298.26586068547965
18.526809880239103,1.5,301.6223488783452,298.78994177397544,298.2659296445151
18.530435479041497,1.5,301.62267835516104,298.79012273524893,298.26599862323644
18.53406107784389,1.5,301.6230077973111,298.7903036987142,298.2660676216406
18.537686676646285,1.5,301.6233372048036,298.7904846643673,298.26613663972483
18.54131227544868,1.5,301.62366657764653,298.7906656322044,298.26620567748614
18.544937874251072,1.5,301.62399591584824,298.7908466022218,298.2662747349216
18.548563473053466,1.5,301.62432521941673,298.7910275744154,298.26634381202825
18.55218907185586,1.5,301.62465448836014,298.7912085487816,298.26641290880326
18.555814670658254,1.5,301.6249837226867,298.7913895253163,298.2664820252437
18.559440269460648,1.5,301.62531292240436,298.7915705040158,298.26655116134657
18.563065868263042,1.5,301.62564208752144,298.79175148487616,298.266620317109
18.566691467065436,1.5,301.62597121804606,298.7919324678936,298.26668949252803
18.57031706586783,1.5,301.6263003139862,298.7921134530643,298.2667586876008
18.573942664670223,1.5,301.62662937535015,298.79229444038435,298.26682790232445
18.577568263472617,1.5,301.6269584021459,298.79247542984996,298.2668971366959
18.58119386227501,1.5,301.6272873943816,298.7926564214573,298.26696639071224
18.584819461077405,1.5,301.62761635206544,298.79283741520254,298.2670356643706
18.5884450598798,1.5,301.62794527520543,298.7930184110818,298.26710495766804
18.592070658682193,1.5,301.62827416380975,298.79319940909124,298.2671742706017
18.595696257484587,1.5,301.62860301788646,298.79338040922715,298.2672436031685
18.59932185628698,1.5,301.6289318374437,298.79356141148565,298.26731295536564
18.602947455089375,1.5,301.62926062248954,298.79374241586294,298.26738232719015
18.60657305389177,1.5,301.6295893730321,298.79392342235514,298.267451718639
18.610198652694162,1.5,301.62991808907935,298.7941044309585,298.2675211297094
18.613824251496556,1.5,301.63024677063953,298.79428544166916,298.26759056039833
18.61744985029895,1.5,301.6305754177207,298.7944664544834,298.2676600107029
18.621075449101344,1.5,301.6309040303309,298.7946474693974,298.2677294806201
18.624701047903738,1.5,301.63123260847823,298.79482848640725,298.26779897014706
18.62832664670613,1.5,301.6315611521708,298.79500950550926,298.2678684792809
18.631952245508526,1.5,301.6318896614166,298.7951905266996,298.26793800801846
18.63557784431092,1.5,301.6322181362238,298.7953715499745,298.2680075563571
18.639203443113313,1.5,301.6325465766004,298.79555257533013,298.26807712429354
18.642829041915707,1.5,301.6328749825545,298.7957336027627,298.2681467118252
18.6464546407181,1.5,301.6332033540941,298.7959146322685,298.26821631894876
18.650080239520495,1.5,301.63353169122735,298.7960956638436,298.2682859456616
18.65370583832289,1.5,301.63385999396223,298.79627669748436,298.26835559196064
18.657331437125283,1.5,301.6341882623068,298.79645773318697,298.268425257843
18.660957035927677,1.5,301.63451649626916,298.79663877094765,298.26849494330554
18.66458263473007,1.5,301.6348446958573,298.7968198107626,298.2685646483455
18.668208233532464,1.5,301.6351728610793,298.79700085262806,298.26863437295987
18.67183383233486,1.5,301.63550099194316,298.79718189654034,298.2687041171457
18.675459431137252,1.5,301.635829088457,298.79736294249557,298.2687738809001
18.679085029939646,1.5,301.63615715062883,298.79754399049006,298.26884366422
18.68271062874204,1.5,301.6364851784666,298.79772504052,298.26891346710255
18.686336227544434,1.5,301.6368131719784,298.7979060925816,298.2689832895447
18.689961826346828,1.5,301.6371411311723,298.79808714667126,298.2690531315436
18.69358742514922,1.5,301.63746905605626,298.79826820278515,298.2691229930963
18.697213023951615,1.5,301.63779694663833,298.7984492609195,298.2691928741997
18.70083862275401,1.5,301.63812480292654,298.79863032107056,298.269262774851
18.704464221556403,1.5,301.63845262492885,298.7988113832346,298.2693326950471
18.708089820358797,1.5,301.6387804126532,298.7989924474079,298.2694026347852
18.71171541916119,1.5,301.6391081661078,298.7991735135867,298.2694725940623
18.715341017963585,1.5,301.63943588530054,298.79935458176726,298.2695425728753
18.71896661676598,1.5,301.6397635702395,298.79953565194586,298.2696125712214
18.722592215568373,1.5,301.64009122093256,298.7997167241188,298.2696825890975
18.726217814370766,1.5,301.64041883738776,298.79989779828236,298.2697526265007
18.72984341317316,1.5,301.6407464196131,298.8000788744328,298.2698226834281
18.733469011975554,1.5,301.6410739676165,298.80025995256636,298.26989275987665
18.737094610777948,1.5,301.6414014814061,298.8004410326793,298.26996285584346
18.740720209580342,1.5,301.6417289609897,298.80062211476803,298.2700329713255
18.744345808382736,1.5,301.6420564063755,298.80080319882876,298.2701031063198
18.74797140718513,1.5,301.64238381757133,298.80098428485775,298.27017326082347
18.751597005987524,1.5,301.64271119458516,298.8011653728513,298.27024343483345
18.755222604789918,1.5,301.64303853742507,298.8013464628057,298.2703136283468
18.75884820359231,1.5,301.6433658460989,298.8015275547174,298.27038384136057
18.762473802394705,1.5,301.6436931206147,298.8017086485825,298.27045407387175
18.7660994011971,1.5,301.6440203609804,298.8018897443974,298.2705243258773
18.769724999999493,1.5,301.644347567204,298.80207084215846,298.27059459737444
18.773350598801887,1.5,301.6446747392934,298.80225194186175,298.27066488836005
18.77697619760428,1.5,301.6450018772566,298.8024330435039,298.2707351988312
18.780601796406675,1.5,301.64532898110144,298.80261414708104,298.27080552878493
18.78422739520907,1.5,301.64565605083607,298.8027952525894,298.2708758782182
18.787852994011462,1.5,301.6459830864682,298.8029763600255,298.2709462471281
18.791478592813856,1.5,301.6463100880061,298.8031574693856,298.2710166355116
18.79510419161625,1.5,301.64663705545735,298.803338580666,298.27108704336575
18.798729790418644,1.5,301.64696398883007,298.80351969386294,298.2711574706875
18.802355389221038,1.5,301.64729088813226,298.80370080897296,298.2712279174741
18.805980988023432,1.5,301.64761775337166,298.80388192599224,298.27129838372224
18.809606586825826,1.5,301.6479445845564,298.80406304491714,298.2713688694292
18.81323218562822,1.5,301.64827138169426,298.80424416574397,298.2714393745918
18.816857784430614,1.5,301.6485981447932,298.80442528846913,298.2715098992072
18.820483383233007,1.5,301.6489248738611,298.8046064130889,298.27158044327234
18.8241089820354,1.5,301.64925156890604,298.80478753959966,298.2716510067842
18.827734580837795,1.5,301.6495782299358,298.8049686679978,298.2717215897399
18.83136017964019,1.5,301.64990485695824,298.80514979827956,298.27179219213633
18.834985778442583,1.5,301.6502314499813,298.80533093044147,298.2718628139706
18.838611377244977,1.5,301.65055800901297,298.80551206447973,298.2719334552397
18.84223697604737,1.5,301.6508845340611,298.80569320039075,298.2720041159406
18.845862574849765,1.5,301.65121102513353,298.80587433817084,298.2720747960704
18.84948817365216,1.5,301.6515374822383,298.80605547781647,298.2721454956259
18.853113772454552,1.5,301.65186390538327,298.8062366193239,298.2722162146044
18.856739371256946,1.5,301.6521902945762,298.80641776268953,298.27228695300266
18.86036497005934,1.5,301.65251664982503,298.80659890790974,298.2723577108178
18.863990568861734,1.5,301.6528429711377,298.80678005498095,298.27242848804684
18.867616167664128,1.5,301.6531692585221,298.80696120389945,298.2724992846867
18.87124176646652,1.5,301.653495511986,298.8071423546617,298.2725701007344
18.874867365268916,1.5,301.65382173153745,298.807323507264,298.27264093618703
18.87849296407131,1.5,301.65414791718416,298.80750466170286,298.2727117910415
18.882118562873703,1.5,301.6544740689341,298.8076858179745,298.2727826652948
18.885744161676097,1.5,301.65480018679506,298.80786697607545,298.272853558944
18.88936976047849,1.5,301.65512627077493,298.80804813600196,298.2729244719861
18.892995359280885,1.5,301.65545232088164,298.8082292977506,298.272995404418
18.89662095808328,1.5,301.6557783371229,298.80841046131764,298.27306635623677
18.900246556885673,1.5,301.6561043195067,298.8085916266995,298.2731373274394
18.903872155688067,1.5,301.6564302680408,298.8087727938926,298.2732083180229
18.90749775449046,1.5,301.6567561827332,298.8089539628934,298.2732793279842
18.911123353292854,1.5,301.65708206359153,298.8091351336982,298.27335035732034
18.91474895209525,1.5,301.6574079106238,298.80931630630346,298.2734214060283
18.918374550897642,1.5,301.65773372383785,298.80949748070555,298.27349247410507
18.922000149700036,1.5,301.6580595032415,298.809678656901,298.2735635615477
18.92562574850243,1.5,301.6583852488424,298.8098598348861,298.27363466835305
18.929251347304824,1.5,301.65871096064865,298.8100410146573,298.27370579451826
18.932876946107218,1.5,301.6590366386679,298.81022219621116,298.27377694004025
18.93650254490961,1.5,301.6593622829081,298.8104033795439,298.27384810491594
18.940128143712005,1.5,301.65968789337694,298.81058456465206,298.27391928914244
18.9437537425144,1.5,301.6600134700824,298.81076575153196,298.2739904927167
18.947379341316793,1.5,301.6603390130321,298.8109469401802,298.2740617156356
18.951004940119187,1.5,301.660664522234,298.8111281305931,298.27413295789626
18.95463053892158,1.5,301.660989997696,298.81130932276716,298.2742042194956
18.958256137723975,1.5,301.66131543942566,298.81149051669877,298.2742755004305
18.96188173652637,1.5,301.66164084743093,298.8116717123844,298.2743468006982
18.965507335328763,1.5,301.66196622171964,298.81185290982046,298.2744181202955
18.969132934131157,1.5,301.6622915622995,298.8120341090035,298.2744894592194
18.97275853293355,1.5,301.6626168691784,298.8122153099298,298.27456081746686
18.976384131735944,1.5,301.66294214236416,298.8123965125959,298.2746321950349
18.980009730538338,1.5,301.6632673818644,298.81257771699836,298.27470359192046
18.983635329340732,1.5,301.663592587687,298.81275892313346,298.27477500812057
18.987260928143126,1.5,301.6639177598398,298.8129401309978,298.27484644363216
18.99088652694552,1.5,301.66424289833054,298.8131213405878,298.27491789845226
18.994512125747914,1.5,301.664568003167,298.8133025518998,298.2749893725778
18.998137724550308,1.5,301.66489307435694,298.8134837649305,298.27506086600573
19.0017633233527,1.5,301.66521811190813,298.81366497967616,298.27513237873313
19.005388922155095,1.5,301.6655431158284,298.8138461961334,298.27520391075683
19.00901452095749,1.5,301.66586808612556,298.81402741429855,298.27527546207386
19.012640119759883,1.5,301.6661930228072,298.8142086341682,298.2753470326813
19.016265718562277,1.5,301.66651792588124,298.8143898557389,298.2754186225759
19.01989131736467,1.5,301.6668427953553,298.814571079007,298.2754902317548
19.023516916167065,1.5,301.6671676312373,298.81475230396904,298.27556186021496
19.02714251496946,1.5,301.66749243353496,298.81493353062143,298.2756335079532
19.030768113771853,1.5,301.66781720225595,298.81511475896065,298.2757051749667
19.034393712574246,1.5,301.668141937408,298.81529598898334,298.2757768612522
19.03801931137664,1.5,301.668466638999,298.8154772206859,298.2758485668069
19.041644910179034,1.5,301.6687913070366,298.8156584540649,298.2759202916276
19.045270508981428,1.5,301.6691159415285,298.81583968911673,298.2759920357113
19.048896107783822,1.5,301.66944054248256,298.81602092583796,298.276063799055
19.052521706586216,1.5,301.6697651099064,298.8162021642251,298.2761355816556
19.05614730538861,1.5,301.67008964380784,298.81638340427463,298.27620738351004
19.059772904191004,1.5,301.6704141441945,298.8165646459831,298.27627920461543
19.063398502993397,1.5,301.6707386110742,298.816745889347,298.27635104496864
19.06702410179579,1.5,301.6710630444547,298.81692713436274,298.2764229045666
19.070649700598185,1.5,301.6713874443436,298.817108381027,298.2764947834063
19.07427529940058,1.5,301.6717118107487,298.81728962933624,298.2765666814846
19.077900898202973,1.5,301.6720361436777,298.817470879287,298.2766385987987
19.081526497005367,1.5,301.67236044313836,298.8176521308757,298.2767105353453
19.08515209580776,1.5,301.6726847091382,298.81783338409906,298.2767824911214
19.088777694610155,1.5,301.67300894168517,298.81801463895346,298.27685446612406
19.09240329341255,1.5,301.67333314078684,298.81819589543545,298.27692646035024
19.096028892214942,1.5,301.6736573064509,298.8183771535416,298.27699847379677
19.099654491017336,1.5,301.67398143868513,298.8185584132684,298.2770705064607
19.10328008981973,1.5,301.6743055374972,298.81873967461246,298.27714255833894
19.106905688622124,1.5,301.67462960289475,298.81892093757034,298.27721462942844
19.110531287424518,1.5,301.6749536348855,298.8191022021385,298.27728671972625
19.114156886226912,1.5,301.67527763347726,298.81928346831353,298.2773588292292
19.117782485029306,1.5,301.6756015986775,298.81946473609196,298.27743095793414
19.1214080838317,1.5,301.67592553049394,298.81964600547036,298.27750310583826
19.125033682634093,1.5,301.67624942893434,298.8198272764452,298.27757527293835
19.128659281436487,1.5,301.6765732940064,298.8200085490132,298.27764745923133
19.13228488023888,1.5,301.67689712571774,298.82018982317084,298.2777196647143
19.135910479041275,1.5,301.6772209240761,298.8203710989146,298.2777918893841
19.13953607784367,1.5,301.67754468908896,298.8205523762412,298.2778641332377
19.143161676646063,1.5,301.67786842076424,298.8207336551471,298.277936396272
19.146787275448457,1.5,301.67819211910944,298.8209149356288,298.278008678484
19.15041287425085,1.5,301.6785157841323,298.8210962176831,298.2780809798706
19.154038473053244,1.5,301.67883941584034,298.8212775013064,298.27815330042876
19.15766407185564,1.5,301.67916301424134,298.82145878649527,298.2782256401554
19.161289670658032,1.5,301.6794865793429,298.8216400732464,298.27829799904754
19.164915269460426,1.5,301.6798101111526,298.82182136155626,298.27837037710196
19.16854086826282,1.5,301.68013360967825,298.8220026514215,298.27844277431575
19.172166467065214,1.5,301.6804570749274,298.8221839428387,298.27851519068577
19.175792065867608,1.5,301.68078050690775,298.82236523580434,298.27858762620895
19.17941766467,1.5,301.68110390562686,298.8225465303152,298.2786600808823
19.183043263472396,1.5,301.6814272710924,298.8227278263678,298.27873255470263
19.18666886227479,1.5,301.681750603312,298.8229091239587,298.278805047667
19.190294461077183,1.5,301.6820739022933,298.8230904230845,298.2788775597723
19.193920059879577,1.5,301.6823971680439,298.8232717237418,298.2789500910155
19.19754565868197,1.5,301.6827204005715,298.82345302592717,298.2790226413934
19.201171257484365,1.5,301.6830435998836,298.8236343296374,298.27909521090305
19.20479685628676,1.5,301.6833667659878,298.8238156348689,298.27916779954137
19.208422455089153,1.5,301.6836898988918,298.8239969416183,298.27924040730517
19.212048053891547,1.5,301.68401299860335,298.82417824988227,298.27931303419155
19.21567365269394,1.5,301.6843360651298,298.8243595596574,298.2793856801974
19.219299251496334,1.5,301.68465909847885,298.8245408709403,298.27945834531954
19.222924850298728,1.5,301.68498209865817,298.82472218372766,298.279531029555
19.226550449101122,1.5,301.68530506567527,298.824903498016,298.2796037329007
19.230176047903516,1.5,301.68562799953787,298.8250848138021,298.27967645535347
19.23380164670591,1.5,301.68595090025343,298.8252661310824,298.2797491969104
19.237427245508304,1.5,301.68627376782956,298.8254474498536,298.27982195756823
19.241052844310698,1.5,301.68659660227394,298.82562877011236,298.27989473732407
19.24467844311309,1.5,301.6869194035941,298.8258100918553,298.2799675361747
19.248304041915485,1.5,301.68724217179766,298.8259914150791,298.28004035411703
19.25192964071788,1.5,301.68756490689213,298.8261727397803,298.2801131911481
19.255555239520273,1.5,301.68788760888515,298.8263540659556,298.2801860472647
19.259180838322667,1.5,301.6882102777843,298.82653539360166,298.2802589224639
19.26280643712506,1.5,301.68853291359716,298.82671672271505,298.28033181674243
19.266432035927455,1.5,301.6888555163313,298.8268980532925,298.2804047300974
19.27005763472985,1.5,301.6891780859942,298.82707938533065,298.2804776625257
19.273683233532243,1.5,301.68950062259347,298.82726071882615,298.2805506140241
19.277308832334636,1.5,301.68982312613673,298.8274420537756,298.2806235845896
19.28093443113703,1.5,301.6901455966315,298.82762339017575,298.2806965742191
19.284560029939424,1.5,301.69046803408537,298.8278047280232,298.28076958290956
19.288185628741818,1.5,301.69079043850587,298.8279860673146,298.2808426106579
19.291811227544212,1.5,301.6911128099006,298.8281674080467,298.280915657461
19.295436826346606,1.5,301.6914351482769,298.828348750216,298.2809887233158
19.299062425149,1.5,301.6917574536426,298.8285300938193,298.2810618082191
19.302688023951394,1.5,301.6920797260051,298.8287114388533,298.28113491216794
19.306313622753787,1.5,301.6924019653719,298.8288927853146,298.2812080351592
19.30993922155618,1.5,301.6927241717506,298.8290741331999,298.2812811771898
19.313564820358575,1.5,301.6930463451488,298.8292554825059,298.2813543382565
19.31719041916097,1.5,301.69336848557396,298.8294368332293,298.28142751835645
19.320816017963363,1.5,301.6936905930336,298.82961818536666,298.2815007174864
19.324441616765757,1.5,301.6940126675353,298.8297995389148,298.28157393564334
19.32806721556815,1.5,301.6943347090865,298.82998089387036,298.2816471728241
19.331692814370545,1.5,301.6946567176948,298.83016225023005,298.2817204290256
19.33531841317294,1.5,301.6949786933676,298.8303436079905,298.2817937042449
19.338944011975332,1.5,301.6953006361126,298.83052496714845,298.2818669984786
19.342569610777726,1.5,301.6956225459372,298.8307063277006,298.2819403117239
19.34619520958012,1.5,301.695944422849,298.83088768964376,298.28201364397745
19.349820808382514,1.5,301.6962662668554,298.8310690529743,298.2820869952364
19.353446407184908,1.5,301.6965880779639,298.8312504176894,298.28216036549753
19.357072005987302,1.5,301.6969098561821,298.8314317837853,298.2822337547577
19.360697604789696,1.5,301.6972316015175,298.8316131512591,298.28230716301385
19.36432320359209,1.5,301.69755331397744,298.8317945201072,298.2823805902629
19.367948802394483,1.5,301.6978749935696,298.83197589032653,298.2824540365017
19.371574401196877,1.5,301.69819664030143,298.8321572619138,298.2825275017272
19.37519999999927,1.5,301.6985182541803,298.83233863486555,298.2826009859363
19.378825598801665,1.5,301.6988398352139,298.83252000917867,298.2826744891259
19.38245119760406,1.5,301.6991613834095,298.83270138484977,298.2827480112928
19.386076796406453,1.5,301.69948289877476,298.8328827618757,298.28282155243403
19.389702395208847,1.5,301.69980438131705,298.83306414025304,298.2828951125464
19.39332799401124,1.5,301.7001258310439,298.8332455199786,298.28296869162676
19.396953592813635,1.5,301.7004472479627,298.8334269010491,298.28304228967215
19.40057919161603,1.5,301.700768632081,298.83360828346133,298.2831159066793
19.404204790418422,1.5,301.7010899834063,298.83378966721205,298.28318954264535
19.407830389220816,1.5,301.70141130194594,298.8339710522979,298.2832631975669
19.41145598802321,1.5,301.70173258770757,298.8341524387156,298.283336871441
19.415081586825604,1.5,301.7020538406984,298.834333826462,298.2834105642645
19.418707185627998,1.5,301.7023750609261,298.8345152155338,298.28348427603424
19.42233278443039,1.5,301.70269624839807,298.83469660592766,298.2835580067472
19.425958383232786,1.5,301.70301740312175,298.83487799764055,298.28363175640027
19.42958398203518,1.5,301.7033385251045,298.835059390669,298.28370552499024
19.433209580837573,1.5,301.70365961435397,298.83524078500994,298.2837793125141
19.436835179639967,1.5,301.70398067087746,298.83542218066,298.28385311896875
19.44046077844236,1.5,301.70430169468244,298.83560357761604,298.2839269443509
19.444086377244755,1.5,301.7046226857763,298.8357849758747,298.28400078865764
19.44771197604715,1.5,301.7049436441666,298.8359663754328,298.28407465188576
19.451337574849543,1.5,301.7052645698606,298.8361477762872,298.2841485340321
19.454963173651937,1.5,301.7055854628659,298.83632917843454,298.2842224350936
19.45858877245433,1.5,301.70590632318977,298.83651058187166,298.2842963550672
19.462214371256724,1.5,301.70622715083977,298.8366919865953,298.28437029394973
19.46583997005912,1.5,301.70654794582333,298.83687339260234,298.284444251738
19.469465568861512,1.5,301.70686870814774,298.8370547998894,298.284518228429
19.473091167663906,1.5,301.70718943782055,298.83723620845336,298.28459222401955
19.4767167664663,1.5,301.7075101348491,298.83741761829106,298.28466623850653
19.480342365268694,1.5,301.7078307992408,298.8375990293992,298.28474027188685
19.483967964071088,1.5,301.7081514310031,298.8377804417745,298.2848143241574
19.48759356287348,1.5,301.7084720301434,298.8379618554139,298.28488839531497
19.491219161675875,1.5,301.70879259666907,298.83814327031405,298.28496248535646
19.49484476047827,1.5,301.7091131305876,298.8383246864718,298.2850365942789
19.498470359280663,1.5,301.7094336319062,298.838506103884,298.28511072207897
19.502095958083057,1.5,301.7097541006325,298.83868752254745,298.2851848687536
19.50572155688545,1.5,301.71007453677373,298.8388689424589,298.2852590342997
19.509347155687845,1.5,301.7103949403374,298.8390503636151,298.28533321871413
19.51297275449024,1.5,301.7107153113307,298.83923178601293,298.28540742199374
19.516598353292633,1.5,301.71103564976124,298.8394132096493,298.2854816441354
19.520223952095026,1.5,301.7113559556363,298.8395946345208,298.2855558851361
19.52384955089742,1.5,301.7116762289633,298.83977606062444,298.2856301449925
19.527475149699814,1.5,301.7119964697496,298.83995748795695,298.2857044237017
19.531100748502208,1.5,301.71231667800254,298.8401389165151,298.2857787212604
19.534726347304602,1.5,301.71263685372946,298.8403203462958,298.2858530376655
19.538351946106996,1.5,301.71295699693786,298.8405017772958,298.28592737291393
19.54197754490939,1.5,301.713277107635,298.84068320951195,298.2860017270025
19.545603143711784,1.5,301.7135971858284,298.8408646429411,298.28607609992804
19.549228742514178,1.5,301.7139172315252,298.84104607758,298.2861504916875
19.55285434131657,1.5,301.71423724473294,298.8412275134256,298.28622490227775
19.556479940118965,1.5,301.71455722545886,298.8414089504747,298.28629933169566
19.56010553892136,1.5,301.7148771737103,298.84159038872417,298.28637377993806
19.563731137723753,1.5,301.7151970894948,298.8417718281707,298.28644824700183
19.567356736526147,1.5,301.7155169728195,298.8419532688112,298.2865227328838
19.57098233532854,1.5,301.71583682369186,298.84213471064265,298.28659723758074
19.574607934130935,1.5,301.71615664211913,298.84231615366167,298.2866717610897
19.57823353293333,1.5,301.71647642810876,298.8424975978652,298.2867463034075
19.581859131735722,1.5,301.71679618166803,298.84267904325014,298.2868208645309
19.585484730538116,1.5,301.71711590280427,298.84286048981335,298.2868954444569
19.58911032934051,1.5,301.7174355915248,298.84304193755156,298.28697004318224
19.592735928142904,1.5,301.7177552478371,298.8432233864617,298.2870446607038
19.596361526945298,1.5,301.7180748717483,298.8434048365407,298.28711929701853
19.599987125747692,1.5,301.7183944632658,298.84358628778534,298.2871939521232
19.603612724550086,1.5,301.71871402239697,298.84376774019245,298.2872686260147
19.60723832335248,1.5,301.71903354914906,298.843949193759,298.28734331868986
19.610863922154874,1.5,301.71935304352945,298.8441306484818,298.28741803014555
19.614489520957267,1.5,301.71967250554536,298.84431210435764,298.2874927603786
19.61811511975966,1.5,301.71999193520423,298.84449356138356,298.287567509386
19.621740718562055,1.5,301.72031133251335,298.84467501955623,298.2876422771644
19.62536631736445,1.5,301.72063069747986,298.8448564788727,298.28771706371083
19.628991916166843,1.5,301.7209500301112,298.84503793932976,298.287791869022
19.632617514969237,1.5,301.72126933041477,298.8452194009243,298.2878666930948
19.63624311377163,1.5,301.7215885983977,298.8454008636532,298.2879415359262
19.639868712574025,1.5,301.7219078340674,298.8455823275134,298.28801639751293
19.64349431137642,1.5,301.722227037431,298.84576379250177,298.28809127785183
19.647119910178812,1.5,301.72254620849606,298.8459452586152,298.28816617693985
19.650745508981206,1.5,301.7228653472696,298.84612672585047,298.28824109477375
19.6543711077836,1.5,301.7231844537591,298.8463081942046,298.28831603135046
19.657996706585994,1.5,301.7235035279717,298.8464896636744,298.2883909866667
19.661622305388388,1.5,301.7238225699148,298.84667113425684,298.2884659607194
19.66524790419078,1.5,301.72414157959554,298.84685260594875,298.2885409535055
19.668873502993176,1.5,301.7244605570214,298.8470340787472,298.28861596502173
19.67249910179557,1.5,301.7247795021995,298.8472155526489,298.2886909952649
19.676124700597963,1.5,301.72509841513715,298.8473970276508,298.28876604423203
19.679750299400357,1.5,301.7254172958416,298.84757850374984,298.28884111191974
19.68337589820275,1.5,301.72573614432014,298.84775998094295,298.288916198325
19.687001497005145,1.5,301.7260549605801,298.847941459227,298.2889913034447
19.69062709580754,1.5,301.7263737446286,298.848122938599,298.28906642727554
19.694252694609933,1.5,301.72669249647294,298.8483044190557,298.28914156981455
19.697878293412327,1.5,301.7270112161205,298.84848590059414,298.2892167310584
19.70150389221472,1.5,301.7273299035784,298.8486673832112,298.28929191100394
19.705129491017114,1.5,301.7276485588539,298.84884886690384,298.2893671096482
19.70875508981951,1.5,301.72796718195434,298.8490303516689,298.2894423269878
19.712380688621902,1.5,301.72828577288686,298.8492118375034,298.28951756301973
19.716006287424296,1.5,301.7286043316588,298.8493933244043,298.28959281774075
19.71963188622669,1.5,301.7289228582773,298.84957481236836,298.28966809114775
19.723257485029084,1.5,301.7292413527497,298.8497563013927,298.2897433832375
19.726883083831478,1.5,301.7295598150832,298.8499377914742,298.28981869400684
19.73050868263387,1.5,301.72987824528497,298.85011928260974,298.2898940234527
19.734134281436265,1.5,301.73019664336226,298.8503007747964,298.28996937157183
19.73775988023866,1.5,301.7305150093224,298.85048226803093,298.29004473836113
19.741385479041053,1.5,301.7308333431725,298.8506637623104,298.29012012381736
19.745011077843447,1.5,301.7311516449198,298.85084525763176,298.29019552793744
19.74863667664584,1.5,301.7314699145716,298.85102675399185,298.2902709507182
19.752262275448235,1.5,301.7317881521351,298.8512082513878,298.2903463921563
19.75588787425063,1.5,301.7321063576174,298.8513897498164,298.2904218522488
19.759513473053023,1.5,301.7324245310258,298.8515712492747,298.2904973309924
19.763139071855417,1.5,301.73274267236746,298.8517527497596,298.29057282838403
19.76676467065781,1.5,301.7330607816497,298.8519342512682,298.2906483444204
19.770390269460204,1.5,301.73337885887963,298.85211575379725,298.29072387909844
19.774015868262598,1.5,301.7336969040645,298.8522972573439,298.29079943241493
19.777641467064992,1.5,301.73401491721154,298.85247876190493,298.29087500436674
19.781267065867386,1.5,301.73433289832786,298.8526602674776,298.2909505949507
19.78489266466978,1.5,301.73465084742065,298.8528417740585,298.29102620416353
19.788518263472174,1.5,301.7349687644972,298.8530232816449,298.29110183200214
19.792143862274568,1.5,301.73528664956456,298.8532047902337,298.29117747846345
19.79576946107696,1.5,301.73560450263005,298.8533862998218,298.2912531435441
19.799395059879355,1.5,301.7359223237008,298.85356781040633,298.2913288272411
19.80302065868175,1.5,301.73624011278406,298.8537493219841,298.29140452955113
19.806646257484143,1.5,301.7365578698869,298.85393083455216,298.2914802504711
19.810271856286537,1.5,301.73687559501656,298.85411234810755,298.2915559899978
19.81389745508893,1.5,301.73719328818015,298.8542938626472,298.291631748128
19.817523053891325,1.5,301.7375109493849,298.8544753781681,298.2917075248587
19.82114865269372,1.5,301.73782857863796,298.8546568946673,298.29178332018654
19.824774251496112,1.5,301.73814617594655,298.8548384121417,298.2918591341085
19.828399850298506,1.5,301.73846374131784,298.85501993058847,298.2919349666213
19.8320254491009,1.5,301.7387812747589,298.85520145000436,298.2920108177217
19.835651047903294,1.5,301.73909877627693,298.8553829703866,298.2920866874066
19.839276646705688,1.5,301.7394162458791,298.8555644917321,298.2921625756728
19.842902245508082,1.5,301.7397336835726,298.8557460140378,298.29223848251723
19.846527844310476,1.5,301.7400510893645,298.85592753730083,298.2923144079366
19.85015344311287,1.5,301.740368463262,298.8561090615181,298.2923903519277
19.853779041915264,1.5,301.7406858052721,298.85629058668667,298.29246631448746
19.857404640717657,1.5,301.74100311540224,298.8564721128035,298.2925422956126
19.86103023952005,1.5,301.7413203936594,298.8566536398657,298.29261829530003
19.864655838322445,1.5,301.7416376400507,298.85683516787026,298.29269431354635
19.86828143712484,1.5,301.74195485458335,298.8570166968141,298.2927703503487
19.871907035927233,1.5,301.7422720372644,298.8571982266944,298.2928464057036
19.875532634729627,1.5,301.742589188101,298.8573797575081,298.2929224796081
19.87915823353202,1.5,301.7429063071004,298.8575612892522,298.2929985720589
19.882783832334415,1.5,301.7432233942696,298.85774282192375,298.2930746830528
19.88640943113681,1.5,301.7435404496157,298.85792435551986,298.29315081258665
19.890035029939202,1.5,301.74385747314585,298.8581058900374,298.29322696065725
19.893660628741596,1.5,301.7441744648672,298.8582874254735,298.2933031272614
19.89728622754399,1.5,301.74449142478693,298.85846896182534,298.293379312396
19.900911826346384,1.5,301.74480835291206,298.8586504990897,298.2934555160577
19.904537425148778,1.5,301.7451252492497,298.8588320372638,298.2935317382435
19.90816302395117,1.5,301.74544211380703,298.8590135763446,298.29360797895004
19.911788622753566,1.5,301.7457589465911,298.8591951163291,298.29368423817425
19.91541422155596,1.5,301.746075747609,298.85937665721445,298.2937605159129
19.919039820358353,1.5,301.7463925168679,298.8595581989977,298.29383681216274
19.922665419160747,1.5,301.7467092543749,298.85973974167587,298.29391312692064
19.92629101796314,1.5,301.74702596013697,298.859921285246,298.2939894601834
19.929916616765535,1.5,301.7473426341613,298.86010282970517,298.2940658119478
19.93354221556793,1.5,301.74765927645507,298.86028437505036,298.2941421822107
19.937167814370323,1.5,301.7479758870252,298.8604659212787,298.2942185709689
19.940793413172717,1.5,301.7482924658789,298.8606474683873,298.29429497821917
19.94441901197511,1.5,301.74860901302316,298.86082901637315,298.29437140395834
19.948044610777504,1.5,301.7489255284651,298.86101056523336,298.29444784818315
19.9516702095799,1.5,301.74924201221194,298.8611921149649,298.2945243108905
19.955295808382292,1.5,301.74955846427054,298.861373665565,298.2946007920772
19.958921407184686,1.5,301.7498748846481,298.86155521703057,298.29467729173996
19.96254700598708,1.5,301.75019127335156,298.8617367693588,298.29475380987566
19.966172604789474,1.5,301.7505076303882,298.8619183225467,298.2948303464811
19.969798203591868,1.5,301.75082395576493,298.8620998765914,298.294906901553
19.97342380239426,1.5,301.7511402494889,298.86228143149,298.2949834750882
19.977049401196656,1.5,301.75145651156714,298.86246298723944,298.2950600670836
19.98067499999905,1.5,301.75177274200666,298.86264454383695,298.2951366775359
19.984300598801443,1.5,301.7520889408146,298.8628261012796,298.2952133064419
19.987926197603837,1.5,301.75240510799796,298.86300765956435,298.2952899537984
19.99155179640623,1.5,301.7527212435638,298.86318921868855,298.29536661960225
19.995177395208625,1.5,301.7530373475193,298.863370778649,298.2954433038503
19.99880299401102,1.5,301.7533534198713,298.86355233944295,298.2955200065391
20.002428592813413,1.5,301.7536694606269,298.86373390106746,298.2955967276657
20.006054191615807,1.5,301.75398546979324,298.8639154635197,298.29567346722683
20.0096797904182,1.5,301.7543014473773,298.8640970267967,298.2957502252192
20.013305389220594,1.5,301.75461739338607,298.86427859089554,298.2958270016398
20.016930988022988,1.5,301.75493330782666,298.8644601558134,298.2959037964852
20.020556586825382,1.5,301.7552491907061,298.8646417215474,298.2959806097523
20.024182185627776,1.5,301.7555650420313,298.8648232880945,298.2960574414379
20.02780778443017,1.5,301.75588086180954,298.865004855452,298.2961342915388
20.031433383232564,1.5,301.7561966500476,298.8651864236169,298.29621116005177
20.035058982034958,1.5,301.75651240675273,298.8653679925863,298.29628804697364
20.03868458083735,1.5,301.75682813193174,298.86554956235744,298.29636495230113
20.042310179639745,1.5,301.7571438255917,298.86573113292724,298.2964418760311
20.04593577844214,1.5,301.75745948773965,298.865912704293,298.2965188181603
20.049561377244533,1.5,301.75777511838265,298.8660942764518,298.29659577868557
20.053186976046927,1.5,301.75809071752764,298.8662758494008,298.2966727576037
20.05681257484932,1.5,301.75840628518165,298.866457423137,298.2967497549114
20.060438173651715,1.5,301.75872182135174,298.86663899765756,298.2968267706055
20.06406377245411,1.5,301.75903732604485,298.86682057295974,298.29690380468287
20.067689371256503,1.5,301.759352799268,298.86700214904056,298.29698085714017
20.071314970058896,1.5,301.7596682410282,298.86718372589723,298.29705792797427
20.07494056886129,1.5,301.75998365133245,298.86736530352675,298.297135017182
20.078566167663684,1.5,301.7602990301877,298.8675468819265,298.29721212476
20.082191766466078,1.5,301.76061437760103,298.86772846109335,298.29728925070515
20.085817365268472,1.5,301.7609296935794,298.8679100410247,298.2973663950142
20.089442964070866,1.5,301.7612449781297,298.86809162171744,298.297443557684
20.09306856287326,1.5,301.761560231259,298.8682732031689,298.29752073871134
20.096694161675654,1.5,301.76187545297427,298.8684547853761,298.2975979380929
20.100319760478047,1.5,301.76219064328257,298.8686363683364,298.2976751558256
20.10394535928044,1.5,301.76250580219073,298.8688179520467,298.29775239190616
20.107570958082835,1.5,301.7628209297058,298.8689995365043,298.29782964633125
20.11119655688523,1.5,301.76313602583474,298.8691811217064,298.2979069190979
20.114822155687623,1.5,301.76345109058457,298.86936270765,298.2979842102027
20.118447754490017,1.5,301.7637661239621,298.8695442943324,298.2980615196425
20.12207335329241,1.5,301.7640811259745,298.86972588175075,298.298138847414
20.125698952094805,1.5,301.7643960966287,298.8699074699021,298.2982161935141
20.1293245508972,1.5,301.76471103593155,298.8700890587838,298.29829355793953
20.132950149699592,1.5,301.76502594389007,298.8702706483928,298.2983709406871
20.136575748501986,1.5,301.76534082051126,298.8704522387265,298.29844834175356
20.14020134730438,1.5,301.76565566580194,298.8706338297819,298.2985257611357
20.143826946106774,1.5,301.7659704797692,298.8708154215563,298.2986031988303
20.147452544909168,1.5,301.7662852624199,298.87099701404685,298.2986806548341
20.151078143711562,1.5,301.76660001376104,298.8711786072506,298.2987581291439
20.154703742513956,1.5,301.7669147337995,298.8713602011649,298.29883562175655
20.15832934131635,1.5,301.7672294225423,298.87154179578687,298.29891313266876
20.161954940118743,1.5,301.76754407999636,298.87172339111373,298.2989906618773
20.165580538921137,1.5,301.7678587061686,298.87190498714256,298.29906820937896
20.16920613772353,1.5,301.768173301066,298.87208658387067,298.29914577517053
20.172831736525925,1.5,301.7684878646953,298.87226818129517,298.29922335924874
20.17645733532832,1.5,301.7688023970637,298.8724497794133,298.2993009616104
20.180082934130713,1.5,301.76911689817797,298.8726313782222,298.2993785822523
20.183708532933107,1.5,301.7694313680451,298.87281297771915,298.2994562211712
20.1873341317355,1.5,301.7697458066719,298.87299457790135,298.29953387836395
20.190959730537895,1.5,301.77006021406544,298.8731761787659,298.29961155382716
20.19458532934029,1.5,301.77037459023256,298.8733577803101,298.29968924755764
20.198210928142682,1.5,301.7706889351802,298.8735393825311,298.2997669595523
20.201836526945076,1.5,301.7710032489152,298.8737209854261,298.2998446898078
20.20546212574747,1.5,301.7713175314446,298.8739025889923,298.2999224383209
20.209087724549864,1.5,301.7716317827752,298.874084193227,298.3000002050884
20.212713323352258,1.5,301.771946002914,298.8742657981274,298.3000779901071
20.21633892215465,1.5,301.77226019186776,298.8744474036906,298.30015579337385
20.219964520957046,1.5,301.7725743496435,298.8746290099139,298.30023361488526
20.22359011975944,1.5,301.7728884762481,298.8748106167946,298.3003114546381
20.227215718561833,1.5,301.77320257168844,298.87499222432984,298.30038931262925
20.230841317364227,1.5,301.7735166359714,298.87517383251674,298.30046718885546
20.23446691616662,1.5,301.7738306691039,298.87535544135267,298.3005450833134
20.238092514969015,1.5,301.7741446710928,298.8755370508348,298.30062299599996
20.24171811377141,1.5,301.77445864194505,298.8757186609604,298.30070092691176
20.245343712573803,1.5,301.77477258166743,298.87590027172666,298.30077887604574
20.248969311376197,1.5,301.775086490267,298.87608188313084,298.30085684339855
20.25259491017859,1.5,301.77540036775036,298.87626349517006,298.30093482896706
20.256220508980984,1.5,301.7757142141246,298.8764451078418,298.30101283274786
20.25984610778338,1.5,301.77602802939657,298.87662672114305,298.30109085473794
20.263471706585772,1.5,301.77634181357314,298.8768083350712,298.3011688949339
20.267097305388166,1.5,301.77665556666113,298.8769899496234,298.3012469533325
20.27072290419056,1.5,301.77696928866743,298.8771715647969,298.30132502993064
20.274348502992954,1.5,301.7772829795989,298.8773531805891,298.30140312472497
20.277974101795348,1.5,301.77759663946244,298.87753479699705,298.30148123771227
20.28159970059774,1.5,301.7779102682649,298.87771641401815,298.3015593688893
20.285225299400135,1.5,301.7782238660131,298.87789803164964,298.30163751825285
20.28885089820253,1.5,301.77853743271385,298.87807964988866,298.3017156857997
20.292476497004923,1.5,301.7788509683742,298.8782612687325,298.3017938715266
20.296102095807317,1.5,301.77916447300083,298.8784428881785,298.3018720754303
20.29972769460971,1.5,301.7794779466006,298.8786245082238,298.3019502975075
20.303353293412105,1.5,301.7797913891804,298.8788061288658,298.30202853775506
20.3069788922145,1.5,301.78010480074704,298.8789877501016,298.3021067961697
20.310604491016893,1.5,301.7804181813074,298.87916937192864,298.3021850727481
20.314230089819286,1.5,301.7807315308683,298.8793509943442,298.30226336748717
20.31785568862168,1.5,301.7810448494366,298.8795326173453,298.30234168038356
20.321481287424074,1.5,301.78135813701914,298.87971424092945,298.30242001143415
20.325106886226468,1.5,301.7816713936227,298.87989586509383,298.3024983606355
20.328732485028862,1.5,301.78198461925416,298.8800774898357,298.30257672798456
20.332358083831256,1.5,301.78229781392037,298.88025911515246,298.30265511347795
20.33598368263365,1.5,301.78261097762805,298.8804407410412,298.30273351711253
20.339609281436044,1.5,301.7829241103841,298.8806223674993,298.302811938885
20.343234880238438,1.5,301.78323721219533,298.88080399452406,298.30289037879203
20.34686047904083,1.5,301.78355028306856,298.88098562211275,298.30296883683053
20.350486077843225,1.5,301.7838633230106,298.88116725026265,298.30304731299725
20.35411167664562,1.5,301.7841763320283,298.8813488789711,298.30312580728884
20.357737275448013,1.5,301.7844893101285,298.8815305082353,298.3032043197021
20.361362874250407,1.5,301.7848022573179,298.88171213805254,298.30328285023387
20.3649884730528,1.5,301.7851151736033,298.8818937684201,298.3033613988808
20.368614071855195,1.5,301.7854280589916,298.88207539933546,298.3034399656396
20.37223967065759,1.5,301.78574091348963,298.88225703079576,298.30351855050714
20.375865269459982,1.5,301.78605373710406,298.88243866279834,298.3035971534801
20.379490868262376,1.5,301.78636652984176,298.8826202953405,298.3036757745553
20.38311646706477,1.5,301.7866792917096,298.88280192841944,298.3037544137294
20.386742065867164,1.5,301.7869920227142,298.8829835620327,298.3038330709992
20.390367664669558,1.5,301.7873047228625,298.8831651961774,298.3039117463615
20.393993263471952,1.5,301.7876173921611,298.88334683085094,298.30399043981294
20.397618862274346,1.5,301.7879300306171,298.88352846605056,298.3040691513503
20.40124446107674,1.5,301.788242638237,298.88371010177354,298.30414788097045
20.404870059879133,1.5,301.78855521502777,298.8838917380174,298.30422662867
20.408495658681527,1.5,301.788867760996,298.88407337477923,298.30430539444575
20.41212125748392,1.5,301.78918027614867,298.8842550120564,298.30438417829447
20.415746856286315,1.5,301.78949276049235,298.88443664984635,298.30446298021286
20.41937245508871,1.5,301.78980521403395,298.8846182881463,298.3045418001977
20.422998053891103,1.5,301.7901176367802,298.8847999269537,298.3046206382457
20.426623652693497,1.5,301.79043002873794,298.8849815662657,298.30469949435366
20.43024925149589,1.5,301.7907423899138,298.88516320607965,298.30477836851827
20.433874850298285,1.5,301.79105472031466,298.8853448463931,298.30485726073636
20.43750044910068,1.5,301.7913670199472,298.8855264872031,298.3049361710046
20.441126047903072,1.5,301.7916792888182,298.885708128507,298.3050150993198
20.444751646705466,1.5,301.7919915269345,298.8858897703024,298.30509404567863
20.44837724550786,1.5,301.7923037343028,298.8860714125865,298.3051730100779
20.452002844310254,1.5,301.7926159109298,298.8862530553565,298.30525199251434
20.455628443112648,1.5,301.7929280568223,298.8864346986099,298.3053309929846
20.45925404191504,1.5,301.79324017198695,298.886616342344,298.30541001148555
20.462879640717436,1.5,301.79355225643064,298.88679798655613,298.3054890480139
20.46650523951983,1.5,301.7938643101601,298.88697963124366,298.3055681025663
20.470130838322223,1.5,301.79417633318195,298.88716127640396,298.30564717513965
20.473756437124617,1.5,301.794488325503,298.8873429220343,298.3057262657306
20.47738203592701,1.5,301.79480028713,298.88752456813216,298.3058053743359
20.481007634729405,1.5,301.7951122180697,298.8877062146948,298.3058845009523
20.4846332335318,1.5,301.79542411832875,298.88788786171955,298.3059636455766
20.488258832334193,1.5,301.79573598791393,298.88806950920383,298.30604280820546
20.491884431136587,1.5,301.79604782683197,298.888251157145,298.30612198883557
20.49551002993898,1.5,301.7963596350896,298.88843280554045,298.3062011874638
20.499135628741374,1.5,301.7966714126935,298.8886144543875,298.3062804040868
20.50276122754377,1.5,301.79698315965044,298.88879610368355,298.30635963870134
20.506386826346162,1.5,301.7972948759671,298.8889777534258,298.3064388913042
20.510012425148556,1.5,301.7976065616503,298.88915940361187,298.3065181618921
20.51363802395095,1.5,301.7979182167066,298.889341054239,298.30659745046165
20.517263622753344,1.5,301.79822984114276,298.8895227053046,298.30667675700977
20.520889221555738,1.5,301.7985414349655,298.889704356806,298.30675608153314
20.52451482035813,1.5,301.79885299818153,298.88988600874063,298.30683542402846
20.528140419160525,1.5,301.79916453079755,298.89006766110583,298.30691478449245
20.53176601796292,1.5,301.79947603282034,298.89024931389895,298.3069941629219
20.535391616765313,1.5,301.79978750425647,298.8904309671175,298.30707355931355
20.539017215567707,1.5,301.8000989451127,298.89061262075876,298.307152973664
20.5426428143701,1.5,301.8004103553957,298.8907942748201,298.30723240597024
20.546268413172495,1.5,301.8007217351122,298.890975929299,298.3073118562288
20.54989401197489,1.5,301.80103308426885,298.89115758419274,298.3073913244365
20.553519610777283,1.5,301.8013444028724,298.8913392394988,298.3074708105901
20.557145209579677,1.5,301.80165569092946,298.8915208952145,298.3075503146862
20.56077080838207,1.5,301.8019669484467,298.89170255133735,298.3076298367217
20.564396407184464,1.5,301.80227817543096,298.8918842078647,298.30770937669314
20.568022005986858,1.5,301.80258937188876,298.89206586479384,298.3077889345975
20.571647604789252,1.5,301.80290053782676,298.8922475221222,298.3078685104313
20.575273203591646,1.5,301.8032116732518,298.8924291798473,298.3079481041913
20.57889880239404,1.5,301.8035227781704,298.89261083796646,298.3080277158744
20.582524401196434,1.5,301.8038338525892,298.8927924964771,298.30810734547714
20.586149999998828,1.5,301.804144896515,298.8929741553767,298.30818699299635
20.58977559880122,1.5,301.80445590995447,298.8931558146626,298.3082666584288
20.593401197603615,1.5,301.80476689291424,298.8933374743322,298.30834634177114
20.59702679640601,1.5,301.8050778454009,298.8935191343829,298.3084260430201
20.600652395208403,1.5,301.8053887674211,298.89370079481216,298.30850576217244
20.604277994010797,1.5,301.80569965898155,298.89388245561736,298.3085854992249
20.60790359281319,1.5,301.806010520089,298.89406411679596,298.3086652541741
20.611529191615585,1.5,301.80632135074995,298.89424577834535,298.3087450270169
20.61515479041798,1.5,301.8066321509711,298.8944274402631,298.30882481775
20.618780389220372,1.5,301.8069429207591,298.8946091025463,298.3089046263701
20.622405988022766,1.5,301.80725366012064,298.8947907651927,298.3089844528739
20.62603158682516,1.5,301.8075643690623,298.89497242819954,298.30906429725826
20.629657185627554,1.5,301.80787504759076,298.89515409156434,298.3091441595198
20.633282784429948,1.5,301.8081856957126,298.8953357552845,298.30922403965525
20.636908383232342,1.5,301.8084963134346,298.8955174193575,298.30930393766135
20.640533982034736,1.5,301.80880690076316,298.89569908378064,298.3093838535348
20.64415958083713,1.5,301.80911745770504,298.8958807485516,298.30946378727236
20.647785179639524,1.5,301.80942798426696,298.89606241366755,298.3095437388708
20.651410778441917,1.5,301.8097384804554,298.89624407912606,298.30962370832674
20.65503637724431,1.5,301.81004894627705,298.8964257449246,298.309703695637
20.658661976046705,1.5,301.8103593817386,298.89660741106053,298.3097837007982
20.6622875748491,1.5,301.8106697868465,298.8967890775314,298.3098637238072
20.665913173651493,1.5,301.8109801616076,298.89697074433457,298.30994376466055
20.669538772453887,1.5,301.8112905060283,298.8971524114676,298.3100238233552
20.67316437125628,1.5,301.8116008201153,298.89733407892777,298.3101038998877
20.676789970058675,1.5,301.8119111038752,298.89751574671266,298.31018399425477
20.68041556886107,1.5,301.81222135731457,298.8976974148197,298.31026410645325
20.684041167663462,1.5,301.8125315804401,298.89787908324627,298.31034423647975
20.687666766465856,1.5,301.8128417732584,298.89806075198993,298.31042438433104
20.69129236526825,1.5,301.813151935776,298.8982424210481,298.3105045500039
20.694917964070644,1.5,301.8134620679996,298.8984240904183,298.310584733495
20.698543562873038,1.5,301.81377216993565,298.8986057600979,298.310664934801
20.70216916167543,1.5,301.8140822415909,298.89878743008444,298.3107451539187
20.705794760477826,1.5,301.81439228297177,298.8989691003753,298.31082539084474
20.70942035928022,1.5,301.81470229408507,298.89915077096805,298.31090564557593
20.713045958082613,1.5,301.8150122749372,298.89933244186017,298.310985918109
20.716671556885007,1.5,301.8153222255348,298.899514113049,298.3110662084406
20.7202971556874,1.5,301.81563214588454,298.89969578453207,298.3111465165675
20.723922754489795,1.5,301.8159420359929,298.89987745630697,298.3112268424863
20.72754835329219,1.5,301.81625189586657,298.900059128371,298.31130718619386
20.731173952094583,1.5,301.816561725512,298.9002408007218,298.3113875476869
20.734799550896977,1.5,301.81687152493583,298.90042247335674,298.311467926962
20.73842514969937,1.5,301.8171812941446,298.9006041462734,298.311548324016
20.742050748501764,1.5,301.8174910331449,298.90078581946915,298.31162873884557
20.74567634730416,1.5,301.81780074194336,298.90096749294156,298.31170917144743
20.749301946106552,1.5,301.81811042054653,298.901149166688,298.3117896218184
20.752927544908946,1.5,301.81842006896085,298.9013308407062,298.311870089955
20.75655314371134,1.5,301.818729687193,298.90151251499344,298.31195057585415
20.760178742513734,1.5,301.81903927524957,298.9016941895473,298.31203107951245
20.763804341316128,1.5,301.81934883313704,298.90187586436525,298.3121116009266
20.76742994011852,1.5,301.819658360862,298.9020575394448,298.31219214009326
20.771055538920915,1.5,301.81996785843097,298.9022392147834,298.3122726970094
20.77468113772331,1.5,301.8202773258505,298.9024208903786,298.31235327167144
20.778306736525703,1.5,301.82058676312727,298.902602566228,298.31243386407624
20.781932335328097,1.5,301.82089617026764,298.90278424232895,298.3125144742205
20.78555793413049,1.5,301.8212055472782,298.90296591867894,298.31259510210094
20.789183532932885,1.5,301.82151489416566,298.9031475952756,298.3126757477143
20.79280913173528,1.5,301.82182421093637,298.90332927211637,298.31275641105725
20.796434730537673,1.5,301.8221334975969,298.90351094919873,298.3128370921265
20.800060329340067,1.5,301.8224427541539,298.9036926265203,298.31291779091873
20.80368592814246,1.5,301.82275198061376,298.9038743040785,298.31299850743073
20.807311526944854,1.5,301.8230611769831,298.9040559818709,298.3130792416592
20.810937125747248,1.5,301.82337034326844,298.90423765989505,298.3131599936007
20.814562724549642,1.5,301.8236794794763,298.9044193381484,298.31324076325217
20.818188323352036,1.5,301.8239885856132,298.90460101662853,298.3133215506102
20.82181392215443,1.5,301.82429766168565,298.9047826953328,298.3134023556716
20.825439520956824,1.5,301.8246067077002,298.904964374259,298.31348317843293
20.829065119759218,1.5,301.82491572366337,298.90514605340445,298.313564018891
20.83269071856161,1.5,301.8252247095816,298.9053277327667,298.31364487704246
20.836316317364005,1.5,301.82553366546153,298.90550941234335,298.31372575288407
20.8399419161664,1.5,301.8258425913096,298.905691092132,298.31380664641244
20.843567514968793,1.5,301.82615148713234,298.90587277213007,298.31388755762447
20.847193113771187,1.5,301.82646035293624,298.90605445233507,298.3139684865167
20.85081871257358,1.5,301.82676918872784,298.9062361327446,298.314049433086
20.854444311375975,1.5,301.82707799451356,298.9064178133562,298.3141303973289
20.85806991017837,1.5,301.82738677030005,298.90659949416744,298.3142113792422
20.861695508980763,1.5,301.8276955160936,298.90678117517575,298.3142923788226
20.865321107783156,1.5,301.828004231901,298.90696285637875,298.3143733960667
20.86894670658555,1.5,301.82831291772845,298.90714453777406,298.3144544309714
20.872572305387944,1.5,301.8286215735826,298.90732621935905,298.31453548353335
20.876197904190338,1.5,301.82893019946994,298.9075079011314,298.31461655374915
20.879823502992732,1.5,301.82923879539686,298.9076895830886,298.3146976416157
20.883449101795126,1.5,301.82954736137003,298.9078712652283,298.3147787471295
20.88707470059752,1.5,301.8298558973957,298.90805294754796,298.3148598702873
20.890700299399914,1.5,301.8301644034806,298.9082346300452,298.31494101108586
20.894325898202307,1.5,301.8304728796309,298.90841631271746,298.3150221695219
20.8979514970047,1.5,301.83078132585337,298.90859799556245,298.3151033455921
20.901577095807095,1.5,301.8310897421544,298.90877967857756,298.31518453929317
20.90520269460949,1.5,301.8313981285404,298.9089613617606,298.3152657506218
20.908828293411883,1.5,301.8317064850179,298.9091430451089,298.31534697957466
20.912453892214277,1.5,301.8320148115934,298.90932472862016,298.31542822614847
20.91607949101667,1.5,301.8323231082733,298.90950641229193,298.31550949034005
20.919705089819065,1.5,301.832631375064,298.9096880961217,298.315590772146
20.92333068862146,1.5,301.8329396119721,298.90986978010716,298.315672071563
20.926956287423852,1.5,301.8332478190041,298.9100514642458,298.3157533885878
20.930581886226246,1.5,301.8335559961663,298.91023314853516,298.31583472321705
20.93420748502864,1.5,301.83386414346523,298.91041483297295,298.31591607544755
20.937833083831034,1.5,301.8341722609073,298.91059651755666,298.31599744527585
20.941458682633428,1.5,301.834480348499,298.9107782022839,298.31607883269885
20.945084281435822,1.5,301.8347884062468,298.91095988715216,298.3161602377132
20.948709880238216,1.5,301.83509643415715,298.9111415721592,298.3162416603154
20.95233547904061,1.5,301.8354044322365,298.9113232573024,298.31632310050236
20.955961077843003,1.5,301.8357124004912,298.91150494257954,298.31640455827073
20.959586676645397,1.5,301.8360203389279,298.91168662798805,298.3164860336172
20.96321227544779,1.5,301.8363282475528,298.9118683135256,298.3165675265385
20.966837874250185,1.5,301.8366361263724,298.9120499991898,298.31664903703125
20.97046347305258,1.5,301.83694397539324,298.91223168497817,298.3167305650922
20.974089071854973,1.5,301.8372517946217,298.9124133708884,298.31681211071816
20.977714670657367,1.5,301.83755958406414,298.912595056918,298.31689367390567
20.98134026945976,1.5,301.83786734372705,298.9127767430646,298.3169752546514
20.984965868262154,1.5,301.8381750736169,298.9129584293259,298.31705685295225
20.98859146706455,1.5,301.83848277374005,298.9131401156993,298.3171384688047
20.992217065866942,1.5,301.83879044410304,298.91332180218257,298.3172201022057
20.995842664669336,1.5,301.8390980847121,298.91350348877324,298.3173017531517
20.99946826347173,1.5,301.8394056955737,298.91368517546897,298.3173834216395
21.003093862274124,1.5,301.8397132766944,298.91386686226735,298.3174651076658
21.006719461076518,1.5,301.8400208280804,298.9140485491659,298.3175468112272
21.01034505987891,1.5,301.84032834973834,298.9142302361624,298.31762853232055
21.013970658681306,1.5,301.84063584167444,298.9144119232543,298.3177102709425
21.0175962574837,1.5,301.84094330389513,298.91459361043934,298.3177920270897
21.021221856286093,1.5,301.84125073640695,298.91477529771504,298.3178738007589
21.024847455088487,1.5,301.8415581392162,298.9149569850791,298.31795559194677
21.02847305389088,1.5,301.84186551232926,298.9151386725291,298.31803740065
21.032098652693275,1.5,301.84217285575266,298.9153203600626,298.31811922686524
21.03572425149567,1.5,301.8424801694926,298.91550204767736,298.3182010705893
21.039349850298063,1.5,301.8427874535557,298.9156837353709,298.31828293181877
21.042975449100457,1.5,301.8430947079481,298.91586542314093,298.3183648105504
21.04660104790285,1.5,301.84340193267644,298.91604711098495,298.31844670678095
21.050226646705244,1.5,301.843709127747,298.91622879890076,298.31852862050704
21.05385224550764,1.5,301.8440162931661,298.91641048688587,298.31861055172527
21.057477844310032,1.5,301.84432342894013,298.91659217493793,298.31869250043246
21.061103443112426,1.5,301.8446305350756,298.91677386305463,298.31877446662526
21.06472904191482,1.5,301.8449376115788,298.91695555123357,298.31885645030036
21.068354640717214,1.5,301.8452446584562,298.91713723947237,298.3189384514545
21.071980239519608,1.5,301.84555167571403,298.9173189277687,298.3190204700844
21.075605838322,1.5,301.84585866335874,298.9175006161202,298.3191025061866
21.079231437124395,1.5,301.8461656213967,298.9176823045245,298.3191845597579
21.08285703592679,1.5,301.84647254983435,298.9178639929792,298.31926663079497
21.086482634729183,1.5,301.84677944867786,298.91804568148206,298.31934871929457
21.090108233531577,1.5,301.8470863179338,298.91822737003065,298.3194308252532
21.09373383233397,1.5,301.84739315760845,298.9184090586226,298.31951294866786
21.097359431136365,1.5,301.84769996770814,298.9185907472556,298.31959508953497
21.10098502993876,1.5,301.8480067482393,298.91877243592734,298.3196772478513
21.104610628741153,1.5,301.84831349920825,298.9189541246355,298.3197594236136
21.108236227543546,1.5,301.84862022062134,298.91913581337764,298.3198416168185
21.11186182634594,1.5,301.8489269124849,298.9193175021514,298.31992382746273
21.115487425148334,1.5,301.84923357480534,298.9194991909545,298.320006055543
21.119113023950728,1.5,301.849540207589,298.9196808797846,298.3200883010559
21.122738622753122,1.5,301.8498468108421,298.91986256863936,298.32017056399815
21.126364221555516,1.5,301.8501533845712,298.92004425751645,298.3202528443665
21.12998982035791,1.5,301.8504599287825,298.92022594641355,298.3203351421576
21.133615419160304,1.5,301.85076644348237,298.92040763532833,298.32041745736814
21.137241017962697,1.5,301.8510729286772,298.9205893242584,298.32049978999487
21.14086661676509,1.5,301.85137938437316,298.92077101320143,298.3205821400344
21.144492215567485,1.5,301.85168581057684,298.9209527021552,298.3206645074834
21.14811781436988,1.5,301.8519922072944,298.9211343911173,298.3207468923386
21.151743413172273,1.5,301.85229857453214,298.9213160800854,298.32082929459676
21.155369011974667,1.5,301.85260491229656,298.9214977690572,298.32091171425446
21.15899461077706,1.5,301.8529112205938,298.92167945803044,298.3209941513084
21.162620209579455,1.5,301.8532174994303,298.9218611470027,298.32107660575537
21.16624580838185,1.5,301.8535237488123,298.9220428359717,298.3211590775919
21.169871407184242,1.5,301.8538299687462,298.9222245249352,298.3212415668149
21.173497005986636,1.5,301.85413615923824,298.9224062138907,298.3213240734207
21.17712260478903,1.5,301.85444232029477,298.9225879028361,298.3214065974064
21.180748203591424,1.5,301.8547484519222,298.922769591769,298.32148913876836
21.184373802393818,1.5,301.8550545541267,298.9229512806871,298.32157169750343
21.187999401196212,1.5,301.8553606269146,298.923132969588,298.32165427360826
21.191624999998606,1.5,301.8556666702923,298.9233146584695,298.3217368670796
21.195250598801,1.5,301.85597268426596,298.92349634732926,298.321819477914
21.198876197603393,1.5,301.8562786688421,298.923678036165,298.3219021061082
21.202501796405787,1.5,301.85658462402677,298.92385972497436,298.32198475165893
21.20612739520818,1.5,301.8568905498264,298.92404141375516,298.32206741456287
21.209752994010575,1.5,301.8571964462472,298.92422310250504,298.32215009481666
21.21337859281297,1.5,301.85750231329564,298.9244047912216,298.322232792417
21.217004191615363,1.5,301.85780815097786,298.9245864799027,298.3223155073606
21.220629790417757,1.5,301.8581139593003,298.92476816854594,298.32239823964414
21.22425538922015,1.5,301.85841973826905,298.9249498571491,298.32248098926425
21.227880988022545,1.5,301.8587254878905,298.9251315457099,298.3225637562177
21.23150658682494,1.5,301.85903120817096,298.92531323422594,298.32264654050107
21.235132185627332,1.5,301.85933689911667,298.92549492269507,298.3227293421112
21.238757784429726,1.5,301.85964256073396,298.9256766111149,298.3228121610445
21.24238338323212,1.5,301.8599481930291,298.9258582994832,298.3228949972979
21.246008982034514,1.5,301.86025379600824,298.92603998779765,298.3229778508681
21.249634580836908,1.5,301.8605593696778,298.92622167605606,298.32306072175163
21.2532601796393,1.5,301.860864914044,298.9264033642561,298.32314360994525
21.256885778441696,1.5,301.86117042911314,298.9265850523954,298.3232265154456
21.26051137724409,1.5,301.86147591489146,298.92676674047186,298.32330943824934
21.264136976046483,1.5,301.8617813713852,298.92694842848306,298.32339237835333
21.267762574848877,1.5,301.8620867986006,298.9271301164267,298.32347533575404
21.27138817365127,1.5,301.8623921965441,298.92731180430076,298.3235583104482
21.275013772453665,1.5,301.86269756522177,298.9274934921027,298.32364130243263
21.27863937125606,1.5,301.8630029046399,298.9276751798304,298.3237243117038
21.282264970058453,1.5,301.8633082148049,298.92785686748147,298.3238073382586
21.285890568860847,1.5,301.8636134957228,298.9280385550538,298.3238903820935
21.28951616766324,1.5,301.8639187473999,298.928220242545,298.3239734432053
21.293141766465634,1.5,301.86422396984256,298.9284019299529,298.3240565215907
21.29676736526803,1.5,301.86452916305694,298.92858361727514,298.3241396172463
21.300392964070422,1.5,301.8648343270494,298.92876530450957,298.32422273016897
21.304018562872816,1.5,301.86513946182606,298.9289469916539,298.32430586035514
21.30764416167521,1.5,301.86544456739324,298.9291286787058,298.32438900780164
21.311269760477604,1.5,301.86574964375706,298.9293103656631,298.32447217250507
21.314895359279998,1.5,301.8660546909239,298.9294920525235,298.3245553544622
21.31852095808239,1.5,301.8663597088999,298.92967373928485,298.3246385536695
21.322146556884785,1.5,301.86666469769136,298.9298554259448,298.324721770124
21.32577215568718,1.5,301.8669696573044,298.93003711250117,298.32480500382206
21.329397754489573,1.5,301.86727458774544,298.9302187989516,298.32488825476054
21.333023353291967,1.5,301.86757948902056,298.930400485294,298.324971522936
21.33664895209436,1.5,301.867884361136,298.930582171526,298.3250548083452
21.340274550896755,1.5,301.86818920409803,298.9307638576454,298.3251381109848
21.34390014969915,1.5,301.8684940179128,298.93094554364995,298.3252214308515
21.347525748501543,1.5,301.8687988025866,298.9311272295374,298.325304767942
21.351151347303936,1.5,301.86910355812563,298.93130891530564,298.32538812225283
21.35477694610633,1.5,301.8694082845361,298.93149060095226,298.3254714937808
21.358402544908724,1.5,301.8697129818242,298.9316722864752,298.32555488252257
21.362028143711118,1.5,301.87001764999616,298.93185397187204,298.32563828847475
21.365653742513512,1.5,301.87032228905815,298.9320356571407,298.32572171163406
21.369279341315906,1.5,301.8706268990165,298.9322173422789,298.32580515199726
21.3729049401183,1.5,301.8709314798773,298.93239902728436,298.3258886095609
21.376530538920694,1.5,301.8712360316468,298.93258071215496,298.32597208432173
21.380156137723088,1.5,301.87154055433115,298.9327623968884,298.3260555762764
21.38378173652548,1.5,301.87184504793663,298.93294408148245,298.32613908542163
21.387407335327875,1.5,301.8721495124694,298.93312576593496,298.32622261175396
21.39103293413027,1.5,301.8724539479355,298.93330745024366,298.3263061552702
21.394658532932663,1.5,301.87275835434144,298.9334891344064,298.32638971596697
21.398284131735057,1.5,301.8730627316932,298.93367081842086,298.326473293841
21.40190973053745,1.5,301.8733670799969,298.9338525022848,298.32655688888883
21.405535329339845,1.5,301.873671399259,298.9340341859962,298.3266405011073
21.40916092814224,1.5,301.87397568948546,298.93421586955265,298.326724130493
21.412786526944632,1.5,301.8742799506825,298.934397552952,298.3268077770426
21.416412125747026,1.5,301.8745841828563,298.9345792361921,298.32689144075283
21.42003772454942,1.5,301.8748883860131,298.93476091927073,298.32697512162025
21.423663323351814,1.5,301.87519256015906,298.9349426021857,298.3270588196417
21.427288922154208,1.5,301.8754967053003,298.93512428493466,298.3271425348137
21.430914520956602,1.5,301.8758008214431,298.93530596751555,298.3272262671331
21.434540119758996,1.5,301.8761049085935,298.93548764992613,298.3273100165963
21.43816571856139,1.5,301.8764089667577,298.9356693321642,298.32739378320025
21.441791317363784,1.5,301.87671299594194,298.9358510142276,298.32747756694147
21.445416916166177,1.5,301.8770169961524,298.93603269611407,298.32756136781666
21.44904251496857,1.5,301.8773209673951,298.9362143778214,298.3276451858225
21.452668113770965,1.5,301.87762490967634,298.93639605934754,298.3277290209557
21.45629371257336,1.5,301.87792882300215,298.93657774069015,298.3278128732129
21.459919311375753,1.5,301.8782327073788,298.93675942184706,298.3278967425908
21.463544910178147,1.5,301.87853656281237,298.93694110281615,298.32798062908597
21.46717050898054,1.5,301.8788403893091,298.93712278359516,298.3280645326952
21.470796107782935,1.5,301.87914418687507,298.937304464182,298.3281484534151
21.47442170658533,1.5,301.87944795551647,298.93748614457445,298.32823239124235
21.478047305387722,1.5,301.87975169523946,298.93766782477024,298.3283163461736
21.481672904190116,1.5,301.8800554060501,298.93784950476726,298.32840031820564
21.48529850299251,1.5,301.88035908795456,298.93803118456333,298.3284843073351
21.488924101794904,1.5,301.880662740959,298.9382128641563,298.32856831355843
21.492549700597298,1.5,301.8809663650696,298.9383945435439,298.32865233687255
21.49617529939969,1.5,301.88126996029246,298.9385762227241,298.3287363772741
21.499800898202086,1.5,301.88157352663364,298.9387579016946,298.32882043475973
21.50342649700448,1.5,301.8818770640994,298.9389395804533,298.32890450932604
21.507052095806873,1.5,301.88218057269586,298.939121258998,298.3289886009698
21.510677694609267,1.5,301.8824840524291,298.93930293732643,298.3290727096875
21.51430329341166,1.5,301.8827875033053,298.9394846154367,298.32915683547606
21.517928892214055,1.5,301.88309092533046,298.93966629332635,298.329240978332
21.52155449101645,1.5,301.8833943185108,298.93984797099336,298.32932513825205
21.525180089818843,1.5,301.8836976828524,298.9400296484356,298.32940931523285
21.528805688621237,1.5,301.88400101836146,298.9402113256508,298.329493509271
21.53243128742363,1.5,301.88430432504396,298.9403930026369,298.3295777203633
21.536056886226024,1.5,301.88460760290616,298.9405746793917,298.3296619485064
21.53968248502842,1.5,301.8849108519541,298.94075635591304,298.3297461936968
21.543308083830812,1.5,301.88521407219395,298.9409380321987,298.32983045593136
21.546933682633206,1.5,301.8855172636317,298.9411197082466,298.32991473520667
21.5505592814356,1.5,301.88582042627354,298.94130138405455,298.3299990315195
21.554184880237994,1.5,301.8861235601256,298.9414830596205,298.33008334486635
21.557810479040388,1.5,301.8864266651939,298.94166473494226,298.33016767524396
21.56143607784278,1.5,301.8867297414846,298.94184641001755,298.33025202264906
21.565061676645175,1.5,301.8870327890038,298.94202808484437,298.33033638707826
21.56868727544757,1.5,301.88733580775755,298.94220975942056,298.33042076852826
21.572312874249963,1.5,301.887638797752,298.942391433744,298.3305051669956
21.575938473052357,1.5,301.8879417589933,298.9425731078124,298.3305895824771
21.57956407185475,1.5,301.8882446914874,298.9427547816237,298.3306740149694
21.583189670657145,1.5,301.8885475952405,298.94293645517587,298.33075846446917
21.58681526945954,1.5,301.8888504702586,298.9431181284666,298.33084293097306
21.590440868261933,1.5,301.88915331654783,298.9432998014939,298.33092741447774
21.594066467064327,1.5,301.8894561341143,298.9434814742555,298.3310119149798
21.59769206586672,1.5,301.889758922964,298.94366314674943,298.33109643247604
21.601317664669114,1.5,301.8900616831031,298.94384481897345,298.33118096696296
21.604943263471508,1.5,301.8903644145377,298.94402649092535,298.3312655184374
21.608568862273902,1.5,301.8906671172738,298.94420816260316,298.331350086896
21.612194461076296,1.5,301.8909697913175,298.94438983400465,298.3314346723354
21.61582005987869,1.5,301.89127243667485,298.94457150512784,298.3315192747522
21.619445658681084,1.5,301.89157505335197,298.94475317597045,298.3316038941431
21.623071257483478,1.5,301.89187764135494,298.9449348465304,298.33168853050483
21.62669685628587,1.5,301.8921802006897,298.9451165168056,298.331773183834
21.630322455088265,1.5,301.89248273136246,298.94529818679393,298.3318578541273
21.63394805389066,1.5,301.89278523337924,298.94547985649325,298.3319425413813
21.637573652693053,1.5,301.89308770674614,298.9456615259014,298.33202724559277
21.641199251495447,1.5,301.893390151469,298.9458431950163,298.3321119667584
21.64482485029784,1.5,301.89369256755424,298.94602486383593,298.3321967048748
21.648450449100235,1.5,301.8939949550076,298.9462065323581,298.3322814599386
21.65207604790263,1.5,301.8942973138353,298.9463882005806,298.3323662319466
21.655701646705023,1.5,301.89459964404324,298.9465698685015,298.3324510208953
21.659327245507416,1.5,301.8949019456376,298.94675153611854,298.33253582678145
21.66295284430981,1.5,301.89520421862454,298.94693320342975,298.3326206496017
21.666578443112204,1.5,301.89550646300984,298.9471148704329,298.33270548935275
21.670204041914598,1.5,301.89580867879965,298.94729653712596,298.3327903460312
21.673829640716992,1.5,301.8961108660001,298.9474782035068,298.3328752196337
21.677455239519386,1.5,301.89641302461706,298.9476598695734,298.332960110157
21.68108083832178,1.5,301.89671515465665,298.94784153532356,298.3330450175978
21.684706437124174,1.5,301.89701725612497,298.9480232007552,298.33312994195256
21.688332035926567,1.5,301.897319329028,298.9482048658662,298.3332148832182
21.69195763472896,1.5,301.89762137337175,298.9483865306546,298.3332998413912
21.695583233531355,1.5,301.8979233891623,298.9485681951181,298.33338481646825
21.69920883233375,1.5,301.89822537640566,298.94874985925486,298.33346980844607
21.702834431136143,1.5,301.8985273351078,298.9489315230626,298.3335548173213
21.706460029938537,1.5,301.89882926527474,298.94911318653925,298.3336398430906
21.71008562874093,1.5,301.8991311669126,298.9492948496828,298.33372488575066
21.713711227543325,1.5,301.8994330400274,298.9494765124912,298.3338099452981
21.71733682634572,1.5,301.89973488462505,298.94965817496217,298.33389502172963
21.720962425148112,1.5,301.90003670071167,298.9498398370938,298.3339801150418
21.724588023950506,1.5,301.9003384882932,298.9500214988839,298.3340652252315
21.7282136227529,1.5,301.90064024737563,298.95020316033043,298.3341503522952
21.731839221555294,1.5,301.900941977965,298.95038482143144,298.3342354962295
21.735464820357688,1.5,301.90124368006735,298.95056648218457,298.33432065703124
21.739090419160082,1.5,301.9015453536887,298.950748142588,298.33440583469707
21.742716017962476,1.5,301.901846998835,298.95092980263956,298.33449102922356
21.74634161676487,1.5,301.9021486155124,298.9511114623372,298.3345762406075
21.749967215567263,1.5,301.90245020372663,298.9512931216788,298.33466146884535
21.753592814369657,1.5,301.9027517634839,298.9514747806624,298.33474671393395
21.75721841317205,1.5,301.9030532947901,298.9516564392858,298.3348319758699
21.760844011974445,1.5,301.9033547976513,298.95183809754695,298.33491725464984
21.76446961077684,1.5,301.9036562720734,298.95201975544387,298.33500255027053
21.768095209579233,1.5,301.90395771806254,298.9522014129745,298.3350878627284
21.771720808381627,1.5,301.9042591356246,298.95238307013665,298.3351731920204
21.77534640718402,1.5,301.9045605247656,298.95256472692836,298.33525853814297
21.778972005986414,1.5,301.9048618854915,298.9527463833475,298.3353439010929
21.78259760478881,1.5,301.9051632178083,298.9529280393921,298.33542928086683
21.786223203591202,1.5,301.90546452172197,298.95310969506005,298.33551467746145
21.789848802393596,1.5,301.90576579723853,298.95329135034933,298.33560009087324
21.79347440119599,1.5,301.90606704436385,298.9534730052578,298.3356855210991
21.797099999998384,1.5,301.90636826310407,298.9536546597835,298.3357709681356
21.800725598800778,1.5,301.906669453465,298.95383631392434,298.3358564319794
21.80435119760317,1.5,301.9069706154527,298.95401796767834,298.335941912627
21.807976796405566,1.5,301.9072717490731,298.9541996210433,298.3360274100753
21.81160239520796,1.5,301.9075728543322,298.9543812740173,298.3361129243209
21.815227994010353,1.5,301.90787393123605,298.9545629265982,298.3361984553604
21.818853592812747,1.5,301.90817497979043,298.9547445787841,298.3362840031904
21.82247919161514,1.5,301.90847600000143,298.9549262305728,298.3363695678078
21.826104790417535,1.5,301.908776991875,298.95510788196236,298.33645514920903
21.82973038921993,1.5,301.9090779554171,298.9552895329507,298.3365407473909
21.833355988022323,1.5,301.9093788906336,298.95547118353585,298.33662636234993
21.836981586824717,1.5,301.9096797975305,298.95565283371565,298.3367119940829
21.84060718562711,1.5,301.9099806761139,298.9558344834881,298.3367976425864
21.844232784429504,1.5,301.9102815263895,298.95601613285123,298.3368833078572
21.847858383231898,1.5,301.9105823483634,298.95619778180287,298.3369689898917
21.851483982034292,1.5,301.9108831420415,298.9563794303412,298.3370546886868
21.855109580836686,1.5,301.9111839074298,298.956561078464,298.33714040423916
21.85873517963908,1.5,301.9114846445342,298.95674272616935,298.33722613654527
21.862360778441474,1.5,301.91178535336064,298.9569243734552,298.337311885602
21.865986377243868,1.5,301.91208603391505,298.95710602031954,298.3373976514058
21.86961197604626,1.5,301.9123866862034,298.9572876667603,298.3374834339535
21.873237574848655,1.5,301.9126873102316,298.95746931277546,298.3375692332416
21.87686317365105,1.5,301.91298790600564,298.95765095836305,298.3376550492669
21.880488772453443,1.5,301.91328847353134,298.957832603521,298.33774088202597
21.884114371255837,1.5,301.9135890128147,298.95801424824737,298.3378267315156
21.88773997005823,1.5,301.91388952386177,298.95819589254,298.33791259773227
21.891365568860625,1.5,301.91419000667827,298.958377536397,298.33799848067275
21.89499116766302,1.5,301.9144904612702,298.95855917981623,298.3380843803336
21.898616766465413,1.5,301.91479088764345,298.9587408227958,298.33817029671167
21.902242365267806,1.5,301.915091285804,298.95892246533367,298.33825622980345
21.9058679640702,1.5,301.91539165575773,298.9591041074278,298.3383421796056
21.909493562872594,1.5,301.91569199751063,298.95928574907623,298.3384281461149
21.913119161674988,1.5,301.9159923110686,298.95946739027687,298.3385141293279
21.916744760477382,1.5,301.9162925964374,298.9596490310278,298.3386001292413
21.920370359279776,1.5,301.9165928536231,298.959830671327,298.3386861458517
21.92399595808217,1.5,301.91689308263165,298.96001231117236,298.33877217915585
21.927621556884564,1.5,301.9171932834688,298.96019395056203,298.3388582291503
21.931247155686957,1.5,301.9174934561405,298.9603755894939,298.3389442958318
21.93487275448935,1.5,301.9177936006527,298.96055722796604,298.339030379197
21.938498353291745,1.5,301.9180937170113,298.9607388659764,298.33911647924253
21.94212395209414,1.5,301.9183938052222,298.960920503523,298.33920259596516
21.945749550896533,1.5,301.9186938652913,298.9611021406039,298.33928872936133
21.949375149698927,1.5,301.9189938972244,298.961283777217,298.33937487942785
21.95300074850132,1.5,301.9192939010276,298.9614654133603,298.3394610461613
21.956626347303715,1.5,301.91959387670653,298.96164704903197,298.33954722955843
21.96025194610611,1.5,301.9198938242673,298.9618286842299,298.3396334296158
21.963877544908502,1.5,301.9201937437157,298.96201031895214,298.33971964633014
21.967503143710896,1.5,301.92049363505765,298.9621919531967,298.339805879698
21.97112874251329,1.5,301.920793498299,298.9623735869616,298.3398921297162
21.974754341315684,1.5,301.92109333344564,298.96255522024484,298.33997839638135
21.978379940118078,1.5,301.9213931405035,298.96273685304436,298.34006467969
21.982005538920472,1.5,301.92169291947835,298.9629184853583,298.3401509796389
21.985631137722866,1.5,301.9219926703762,298.96310011718464,298.3402372962247
21.98925673652526,1.5,301.92229239320284,298.96328174852135,298.340323629444
21.992882335327653,1.5,301.92259208796423,298.96346337936654,298.34040997929355
21.996507934130047,1.5,301.9228917546661,298.9636450097182,298.34049634576996
22.00013353293244,1.5,301.9231913933145,298.9638266395744,298.34058272886983
22.003759131734835,1.5,301.92349100391516,298.96400826893307,298.3406691285899
22.00738473053723,1.5,301.92379058647396,298.96418989779227,298.3407555449268
22.011010329339623,1.5,301.9240901409969,298.96437152615005,298.3408419778771
22.014635928142017,1.5,301.92438966748966,298.9645531540044,298.34092842743763
22.01826152694441,1.5,301.92468916595817,298.96473478135346,298.34101489360495
22.021887125746805,1.5,301.9249886364083,298.96491640819517,298.3411013763757
22.0255127245492,1.5,301.92528807884594,298.96509803452756,298.3411878757466
22.029138323351592,1.5,301.9255874932769,298.9652796603487,298.3412743917142
22.032763922153986,1.5,301.925886879707,298.96546128565666,298.34136092427525
22.03638952095638,1.5,301.9261862381422,298.9656429104494,298.3414474734264
22.040015119758774,1.5,301.92648556858825,298.965824534725,298.3415340391642
22.043640718561168,1.5,301.926784871051,298.9660061584815,298.34162062148545
22.04726631736356,1.5,301.92708414553636,298.96618778171694,298.34170722038675
22.050891916165956,1.5,301.92738339205016,298.9663694044294,298.3417938358648
22.05451751496835,1.5,301.9276826105982,298.9665510266169,298.3418804679161
22.058143113770743,1.5,301.92798180118643,298.96673264827746,298.3419671165375
22.061768712573137,1.5,301.92828096382055,298.9669142694092,298.3420537817255
22.06539431137553,1.5,301.9285800985065,298.96709589001,298.3421404634769
22.069019910177925,1.5,301.92887920525,298.96727751007813,298.3422271617882
22.07264550898032,1.5,301.92917828405695,298.96745912961154,298.34231387665614
22.076271107782713,1.5,301.92947733493327,298.9676407486083,298.34240060807747
22.079896706585107,1.5,301.92977635788463,298.9678223670664,298.34248735604865
22.0835223053875,1.5,301.93007535291696,298.96800398498397,298.34257412056644
22.087147904189894,1.5,301.9303743200361,298.9681856023591,298.3426609016276
22.09077350299229,1.5,301.93067325924784,298.9683672191897,298.34274769922854
22.094399101794682,1.5,301.93097217055794,298.968548835474,298.34283451336614
22.098024700597076,1.5,301.9312710539723,298.9687304512099,298.3429213440369
22.10165029939947,1.5,301.9315699094967,298.96891206639566,298.3430081912376
22.105275898201864,1.5,301.931868737137,298.9690936810292,298.34309505496475
22.108901497004258,1.5,301.932167536899,298.9692752951086,298.3431819352151
22.11252709580665,1.5,301.93246630878843,298.969456908632,298.3432688319853
22.116152694609045,1.5,301.93276505281125,298.96963852159746,298.3433557452721
22.11977829341144,1.5,301.93306376897317,298.969820134003,298.343442675072
22.123403892213833,1.5,301.93336245728,298.9700017458466,298.3435296213817
22.127029491016227,1.5,301.9336611177376,298.9701833571266,298.3436165841979
22.13065508981862,1.5,301.93395975035173,298.97036496784074,298.3437035635172
22.134280688621015,1.5,301.93425835512824,298.9705465779873,298.34379055933624
22.13790628742341,1.5,301.9345569320729,298.97072818756436,298.3438775716517
22.141531886225803,1.5,301.9348554811914,298.97090979656997,298.3439646004603
22.145157485028196,1.5,301.9351540024897,298.97109140500214,298.3440516457586
22.14878308383059,1.5,301.93545249597355,298.97127301285906,298.3441387075434
22.152408682632984,1.5,301.9357509616487,298.9714546201388,298.34422578581115
22.156034281435378,1.5,301.93604939952104,298.97163622683934,298.3443128805587
22.159659880237772,1.5,301.9363478095962,298.97181783295883,298.3443999917825
22.163285479040166,1.5,301.93664619188013,298.9719994384954,298.34448711947937
22.16691107784256,1.5,301.93694454637847,298.97218104344705,298.3445742636459
22.170536676644954,1.5,301.9372428730971,298.9723626478119,298.34466142427874
22.174162275447348,1.5,301.9375411720418,298.97254425158815,298.3447486013746
22.17778787424974,1.5,301.9378394432183,298.9727258547737,298.3448357949301
22.181413473052135,1.5,301.9381376866325,298.9729074573668,298.3449230049418
22.18503907185453,1.5,301.93843590229005,298.9730890593654,298.3450102314065
22.188664670656923,1.5,301.9387340901967,298.97327066076775,298.34509747432077
22.192290269459317,1.5,301.9390322503583,298.9734522615719,298.3451847336813
22.19591586826171,1.5,301.93933038278067,298.97363386177585,298.3452720094848
22.199541467064105,1.5,301.93962848746946,298.9738154613778,298.3453593017278
22.2031670658665,1.5,301.93992656443055,298.9739970603758,298.34544661040707
22.206792664668892,1.5,301.94022461366956,298.974178658768,298.3455339355191
22.210418263471286,1.5,301.9405226351924,298.9743602565525,298.34562127706073
22.21404386227368,1.5,301.9408206290048,298.97454185372726,298.3457086350286
22.217669461076074,1.5,301.94111859511247,298.9747234502906,298.34579600941925
22.221295059878468,1.5,301.9414165335212,298.9749050462405,298.34588340022935
22.224920658680862,1.5,301.9417144442367,298.9750866415751,298.3459708074556
22.228546257483256,1.5,301.9420123272648,298.97526823629255,298.3460582310947
22.23217185628565,1.5,301.94231018261127,298.97544983039086,298.3461456711432
22.235797455088044,1.5,301.9426080102818,298.97563142386826,298.3462331275978
22.239423053890437,1.5,301.9429058102821,298.9758130167228,298.3463206004552
22.24304865269283,1.5,301.943203582618,298.97599460895253,298.346408089712
22.246674251495225,1.5,301.9435013272953,298.9761762005557,298.34649559536484
22.25029985029762,1.5,301.9437990443196,298.9763577915304,298.34658311741043
22.253925449100013,1.5,301.9440967336967,298.9765393818747,298.3466706558454
22.257551047902407,1.5,301.94439439543237,298.9767209715867,298.34675821066634
22.2611766467048,1.5,301.9446920295323,298.9769025606646,298.34684578187
22.264802245507195,1.5,301.9449896360023,298.9770841491064,298.34693336945304
22.26842784430959,1.5,301.945287214848,298.97726573691034,298.347020973412
22.272053443111982,1.5,301.9455847660752,298.97744732407455,298.3471085937436
22.275679041914376,1.5,301.9458822896896,298.9776289105971,298.3471962304446
22.27930464071677,1.5,301.94617978569704,298.9778104964761,298.34728388351147
22.282930239519164,1.5,301.9464772541031,298.9779920817097,298.34737155294096
22.286555838321558,1.5,301.94677469491364,298.9781736662961,298.3474592387297
22.29018143712395,1.5,301.9470721081343,298.97835525023334,298.34754694087434
22.293807035926346,1.5,301.9473694937708,298.9785368335196,298.34763465937164
22.29743263472874,1.5,301.94766685182884,298.978718416153,298.34772239421807
22.301058233531133,1.5,301.9479641823142,298.97889999813174,298.34781014541045
22.304683832333527,1.5,301.9482614852326,298.97908157945375,298.3478979129453
22.30830943113592,1.5,301.9485587605897,298.9792631601174,298.3479856968194
22.311935029938315,1.5,301.9488560083913,298.9794447401207,298.3480734970293
22.31556062874071,1.5,301.949153228643,298.97962631946194,298.3481613135717
22.319186227543103,1.5,301.9494504213506,298.9798078981391,298.34824914644327
22.322811826345497,1.5,301.9497475865198,298.97998947615037,298.34833699564064
22.32643742514789,1.5,301.95004472415627,298.98017105349385,298.3484248611604
22.330063023950284,1.5,301.9503418342657,298.9803526301678,298.34851274299933
22.33368862275268,1.5,301.9506389168539,298.98053420617026,298.34860064115395
22.337314221555072,1.5,301.9509359719264,298.98071578149944,298.34868855562104
22.340939820357466,1.5,301.95123299948904,298.9808973561535,298.3487764863972
22.34456541915986,1.5,301.9515299995475,298.98107893013054,298.34886443347904
22.348191017962254,1.5,301.9518269721074,298.9812605034287,298.34895239686335
22.351816616764648,1.5,301.95212391717456,298.9814420760463,298.34904037654667
22.35544221556704,1.5,301.95242083475455,298.9816236479812,298.3491283725256
22.359067814369435,1.5,301.95271772485313,298.9818052192318,298.34921638479693
22.36269341317183,1.5,301.953014587476,298.9819867897962,298.34930441335723
22.366319011974223,1.5,301.95331142262876,298.9821683596725,298.3493924582032
22.369944610776617,1.5,301.9536082303172,298.9823499288589,298.34948051933145
22.37357020957901,1.5,301.9539050105469,298.9825314973536,298.34956859673866
22.377195808381405,1.5,301.9542017633236,298.98271306515466,298.34965669042145
22.3808214071838,1.5,301.95449848865303,298.9828946322604,298.3497448003765
22.384447005986193,1.5,301.9547951865408,298.9830761986688,298.3498329266006
22.388072604788587,1.5,301.9550918569926,298.9832577643782,298.3499210690901
22.39169820359098,1.5,301.9553885000141,298.98343932938667,298.3500092278419
22.395323802393374,1.5,301.95568511561106,298.9836208936923,298.3500974028526
22.398949401195768,1.5,301.95598170378895,298.9838024572934,298.3501855941188
22.402574999998162,1.5,301.9562782645536,298.98398402018813,298.35027380163723
22.406200598800556,1.5,301.9565747979107,298.9841655823746,298.3503620254044
22.40982619760295,1.5,301.95687130386585,298.98434714385104,298.3504502654171
22.413451796405344,1.5,301.9571677824247,298.98452870461557,298.3505385216719
22.417077395207738,1.5,301.95746423359293,298.9847102646663,298.35062679416563
22.42070299401013,1.5,301.95776065737624,298.98489182400164,298.3507150828948
22.424328592812525,1.5,301.95805705378024,298.9850733826196,298.35080338785605
22.42795419161492,1.5,301.9583534228106,298.98525494051836,298.35089170904604
22.431579790417313,1.5,301.958649764473,298.98543649769607,298.3509800464615
22.435205389219707,1.5,301.95894607877307,298.985618054151,298.35106840009894
22.4388309880221,1.5,301.9592423657165,298.9857996098814,298.35115676995514
22.442456586824495,1.5,301.9595386253089,298.9859811648853,298.3512451560267
22.44608218562689,1.5,301.9598348575559,298.986162719161,298.3513335583104
22.449707784429282,1.5,301.9601310624632,298.98634427270656,298.3514219768027
22.453333383231676,1.5,301.9604272400364,298.9865258255203,298.3515104115003
22.45695898203407,1.5,301.96072339028115,298.9867073776003,298.35159886239995
22.460584580836464,1.5,301.96101951320315,298.98688892894484,298.35168732949825
22.464210179638858,1.5,301.961315608808,298.9870704795521,298.35177581279186
22.467835778441252,1.5,301.96161167710125,298.9872520294202,298.35186431227737
22.471461377243646,1.5,301.96190771808864,298.9874335785474,298.35195282795155
22.47508697604604,1.5,301.96220373177584,298.98761512693187,298.3520413598109
22.478712574848434,1.5,301.96249971816843,298.9877966745719,298.3521299078523
22.482338173650827,1.5,301.962795677272,298.98797822146554,298.35221847207225
22.48596377245322,1.5,301.96309160909226,298.9881597676111,298.35230705246744
22.489589371255615,1.5,301.9633875136348,298.98834131300663,298.35239564903446
22.49321497005801,1.5,301.9636833909052,298.9885228576506,298.35248426177003
22.496840568860403,1.5,301.9639792409091,298.988704401541,298.35257289067073
22.500466167662797,1.5,301.9642750636523,298.9888859446761,298.3526615357334
22.50409176646519,1.5,301.9645708591401,298.989067487054,298.3527501969545
22.507717365267585,1.5,301.96486662737846,298.9892490286731,298.35283887433076
22.51134296406998,1.5,301.96516236837266,298.9894305695315,298.3529275678588
22.514968562872372,1.5,301.9654580821286,298.98961210962744,298.3530162775353
22.518594161674766,1.5,301.9657537686517,298.9897936489591,298.353105003357
22.52221976047716,1.5,301.9660494279477,298.9899751875247,298.3531937453203
22.525845359279554,1.5,301.9663450600222,298.9901567253225,298.3532825034221
22.529470958081948,1.5,301.96664066488074,298.9903382623507,298.35337127765905
22.53309655688434,1.5,301.96693624252896,298.9905197986074,298.35346006802774
22.536722155686736,1.5,301.9672317929725,298.990701334091,298.35354887452473
22.54034775448913,1.5,301.96752731621683,298.9908828687996,298.3536376971468
22.543973353291523,1.5,301.96782281226774,298.9910644027314,298.3537265358906
22.547598952093917,1.5,301.96811828113067,298.9912459358847,298.3538153907527
22.55122455089631,1.5,301.9684137228113,298.9914274682577,298.3539042617299
22.554850149698705,1.5,301.9687091373153,298.9916089998486,298.35399314881863
22.5584757485011,1.5,301.9690045246481,298.9917905306557,298.35408205201577
22.562101347303493,1.5,301.96929988481537,298.9919720606771,298.3541709713178
22.565726946105887,1.5,301.9695952178227,298.99215358991114,298.35425990672144
22.56935254490828,1.5,301.96989052367576,298.99233511835604,298.35434885822343
22.572978143710674,1.5,301.97018580238,298.99251664600985,298.35443782582036
22.57660374251307,1.5,301.97048105394106,298.99269817287103,298.35452680950885
22.580229341315462,1.5,301.97077627836455,298.9928796989377,298.3546158092856
22.583854940117856,1.5,301.971071475656,298.99306122420813,298.35470482514717
22.58748053892025,1.5,301.9713666458211,298.9932427486806,298.3547938570903
22.591106137722644,1.5,301.97166178886533,298.99342427235325,298.3548829051117
22.594731736525038,1.5,301.9719569047943,298.9936057952243,298.354971969208
22.59835733532743,1.5,301.97225199361355,298.99378731729206,298.3550610493758
22.601982934129826,1.5,301.9725470553288,298.99396883855474,298.35515014561173
22.60560853293222,1.5,301.9728420899454,298.9941503590107,298.3552392579125
22.609234131734613,1.5,301.9731370974691,298.99433187865793,298.3553283862747
22.612859730537007,1.5,301.9734320779053,298.9945133974949,298.3554175306951
22.6164853293394,1.5,301.9737270312598,298.99469491551974,298.3555066911703
22.620110928141795,1.5,301.9740219575379,298.9948764327308,298.35559586769693
22.62373652694419,1.5,301.9743168567454,298.9950579491262,298.3556850602717
22.627362125746583,1.5,301.9746117288877,298.99523946470424,298.35577426889114
22.630987724548977,1.5,301.97490657397043,298.99542097946323,298.355863493552
22.63461332335137,1.5,301.9752013919992,298.9956024934013,298.35595273425105
22.638238922153764,1.5,301.9754961829794,298.99578400651677,298.35604199098475
22.641864520956158,1.5,301.9757909469168,298.99596551880785,298.3561312637498
22.645490119758552,1.5,301.97608568381673,298.9961470302728,298.35622055254294
22.649115718560946,1.5,301.97638039368496,298.99632854090993,298.35630985736066
22.65274131736334,1.5,301.9766750765269,298.9965100507176,298.3563991781998
22.656366916165734,1.5,301.9769697323481,298.99669155969383,298.35648851505704
22.659992514968128,1.5,301.9772643611542,298.996873067837,298.3565778679288
22.66361811377052,1.5,301.97755896295064,298.99705457514534,298.3566672368119
22.667243712572915,1.5,301.97785353774304,298.99723608161713,298.35675662170297
22.67086931137531,1.5,301.97814808553693,298.99741758725065,298.3568460225987
22.674494910177703,1.5,301.9784426063378,298.99759909204414,298.35693543949566
22.678120508980097,1.5,301.97873710015125,298.9977805959958,298.35702487239064
22.68174610778249,1.5,301.97903156698277,298.99796209910403,298.35711432128016
22.685371706584885,1.5,301.979326006838,298.99814360136696,298.3572037861609
22.68899730538728,1.5,301.9796204197223,298.998325102783,298.35729326702955
22.692622904189673,1.5,301.97991480564133,298.99850660335034,298.35738276388275
22.696248502992066,1.5,301.9802091646006,298.9986881030672,298.3574722767172
22.69987410179446,1.5,301.9805034966056,298.9988696019319,298.3575618055295
22.703499700596854,1.5,301.9807978016618,298.99905109994285,298.35765135031636
22.707125299399248,1.5,301.98109207977495,298.99923259709806,298.35774091107436
22.710750898201642,1.5,301.98138633095033,298.99941409339596,298.35783048780024
22.714376497004036,1.5,301.98168055519363,298.9995955888349,298.3579200804906
22.71800209580643,1.5,301.98197475251027,298.99977708341294,298.3580096891421
22.721627694608824,1.5,301.9822689229058,298.9999585771286,298.3580993137514
22.725253293411217,1.5,301.9825630663857,299.00014006998,298.35818895431515
22.72887889221361,1.5,301.98285718295557,299.00032156196545,298.3582786108301
22.732504491016005,1.5,301.9831512726208,299.00050305308326,298.35836828329275
22.7361300898184,1.5,301.983445335387,299.00068454333166,298.35845797169986
22.739755688620793,1.5,301.9837393712597,299.00086603270904,298.3585476760481
22.743381287423187,1.5,301.9840333802443,299.0010475212136,298.358637396334
22.74700688622558,1.5,301.9843273623464,299.0012290088436,298.35872713255435
22.750632485027975,1.5,301.9846213175714,299.00141049559744,298.3588168847058
22.75425808383037,1.5,301.9849152459249,299.0015919814733,298.3589066527849
22.757883682632762,1.5,301.98520914741243,299.00177346646956,298.35899643678846
22.761509281435156,1.5,301.98550302203944,299.00195495058443,298.359086236713
22.76513488023755,1.5,301.9857968698114,299.00213643381625,298.3591760525552
22.768760479039944,1.5,301.9860906907338,299.0023179161633,298.3592658843118
22.772386077842338,1.5,301.98638448481216,299.00249939762386,298.35935573197935
22.776011676644732,1.5,301.98667825205206,299.00268087819626,298.35944559555463
22.779637275447126,1.5,301.98697199245885,299.0028623578788,298.3595354750342
22.78326287424952,1.5,301.98726570603804,299.00304383666975,298.35962537041473
22.786888473051913,1.5,301.9875593927952,299.00322531456743,298.35971528169296
22.790514071854307,1.5,301.9878530527358,299.0034067915701,298.3598052088654
22.7941396706567,1.5,301.9881466858653,299.00358826767615,298.35989515192887
22.797765269459095,1.5,301.9884402921891,299.00376974288383,298.35998511087985
22.80139086826149,1.5,301.9887338717129,299.00395121719146,298.3600750857151
22.805016467063883,1.5,301.98902742444193,299.00413269059726,298.3601650764313
22.808642065866277,1.5,301.98932095038185,299.0043141630997,298.36025508302515
22.81226766466867,1.5,301.989614449538,299.0044956346969,298.36034510549314
22.815893263471065,1.5,301.989907921916,299.0046771053873,298.360435143832
22.81951886227346,1.5,301.99020136752114,299.0048585751692,298.36052519803843
22.823144461075852,1.5,301.9904947863591,299.00504004404087,298.36061526810914
22.826770059878246,1.5,301.9907881784352,299.0052215120007,298.3607053540406
22.83039565868064,1.5,301.99108154375494,299.0054029790468,298.3607954558297
22.834021257483034,1.5,301.9913748823238,299.00558444517776,298.36088557347296
22.837646856285428,1.5,301.9916681941473,299.0057659103917,298.36097570696705
22.84127245508782,1.5,301.9919614792308,299.005947374687,298.36106585630864
22.844898053890216,1.5,301.9922547375798,299.00612883806207,298.36115602149437
22.84852365269261,1.5,301.9925479691998,299.006310300515,298.36124620252093
22.852149251495003,1.5,301.99284117409616,299.00649176204433,298.361336399385
22.855774850297397,1.5,301.99313435227447,299.00667322264826,298.36142661208316
22.85940044909979,1.5,301.9934275037401,299.00685468232524,298.3615168406121
22.863026047902185,1.5,301.99372062849847,299.0070361410734,298.3616070849685
22.86665164670458,1.5,301.9940137265551,299.00721759889126,298.3616973451491
22.870277245506973,1.5,301.99430679791556,299.00739905577706,298.36178762115037
22.873902844309367,1.5,301.99459984258505,299.0075805117291,298.36187791296913
22.87752844311176,1.5,301.9948928605691,299.00776196674576,298.36196822060197
22.881154041914154,1.5,301.9951858518732,299.0079434208253,298.36205854404557
22.88477964071655,1.5,301.9954788165028,299.0081248739661,298.36214888329647
22.888405239518942,1.5,301.9957717544633,299.0083063261665,298.36223923835155
22.892030838321336,1.5,301.9960646657601,299.0084877774248,298.36232960920734
22.89565643712373,1.5,301.9963575503988,299.00866922773946,298.3624199958605
22.899282035926124,1.5,301.99665040838465,299.0088506771086,298.3625103983076
22.902907634728518,1.5,301.9969432397232,299.0090321255308,298.3626008165455
22.90653323353091,1.5,301.9972360444199,299.0092135730042,298.3626912505708
22.910158832333305,1.5,301.99752882248004,299.00939501952723,298.3627817003801
22.9137844311357,1.5,301.99782157390916,299.00957646509823,298.36287216597003
22.917410029938093,1.5,301.99811429871266,299.0097579097155,298.3629626473374
22.921035628740487,1.5,301.998406996896,299.0099393533774,298.36305314447867
22.92466122754288,1.5,301.99869966846455,299.0101207960823,298.36314365739065
22.928286826345275,1.5,301.99899231342374,299.0103022378285,298.3632341860699
22.93191242514767,1.5,301.9992849317791,299.0104836786143,298.3633247305132
22.935538023950063,1.5,301.9995775235359,299.0106651184382,298.36341529071717
22.939163622752456,1.5,301.99987008869965,299.01084655729846,298.3635058666784
22.94278922155485,1.5,302.0001626272757,299.0110279951934,298.36359645839354
22.946414820357244,1.5,302.00045513926955,299.01120943212146,298.3636870658594
22.950040419159638,1.5,302.00074762468654,299.0113908680809,298.36377768907244
22.953666017962032,1.5,302.00104008353213,299.0115723030701,298.3638683280295
22.957291616764426,1.5,302.00133251581167,299.0117537370875,298.3639589827271
22.96091721556682,1.5,302.0016249215306,299.0119351701312,298.36404965316206
22.964542814369214,1.5,302.0019173006944,299.01211660219985,298.36414033933085
22.968168413171608,1.5,302.0022096533084,299.01229803329176,298.36423104123025
22.971794011974,1.5,302.002501979378,299.0124794634051,298.36432175885693
22.975419610776395,1.5,302.00279427890865,299.01266089253846,298.3644124922075
22.97904520957879,1.5,302.00308655190565,299.01284232068997,298.36450324127867
22.982670808381183,1.5,302.0033787983745,299.0130237478582,298.3645940060671
22.986296407183577,1.5,302.0036710183206,299.0132051740414,298.36468478656934
22.98992200598597,1.5,302.00396321174924,299.01338659923795,298.3647755827822
22.993547604788365,1.5,302.0042553786659,299.0135680234463,298.3648663947023
22.99717320359076,1.5,302.00454751907597,299.0137494466646,298.36495722232615
23.000798802393152,1.5,302.0048396329848,299.01393086889146,298.3650480656507
23.004424401195546,1.5,302.00513172039786,299.0141122901251,298.36513892467235
23.00804999999794,1.5,302.0054237813204,299.0142937103639,298.3652297993879
23.011675598800334,1.5,302.0057158157579,299.01447512960635,298.365320689794
23.015301197602728,1.5,302.00600782371583,299.0146565478507,298.3654115958873
23.018926796405122,1.5,302.0062998051994,299.01483796509535,298.3655025176644
23.022552395207516,1.5,302.00659176021406,299.0150193813387,298.36559345512205
23.02617799400991,1.5,302.0068836887652,299.01520079657905,298.36568440825687
23.029803592812303,1.5,302.00717559085814,299.01538221081495,298.3657753770655
23.033429191614697,1.5,302.0074674664984,299.01556362404455,298.36586636154465
23.03705479041709,1.5,302.00775931569115,299.0157450362664,298.36595736169096
23.040680389219485,1.5,302.00805113844194,299.0159264474789,298.3660483775011
23.04430598802188,1.5,302.0083429347561,299.01610785768025,298.3661394089718
23.047931586824273,1.5,302.00863470463895,299.0162892668689,298.3662304560995
23.051557185626667,1.5,302.00892644809585,299.0164706750433,298.3663215188811
23.05518278442906,1.5,302.00921816513227,299.01665208220186,298.3664125973132
23.058808383231455,1.5,302.00950985575344,299.01683348834285,298.3665036913924
23.06243398203385,1.5,302.00980151996475,299.0170148934647,298.3665948011154
23.066059580836242,1.5,302.01009315777173,299.0171962975658,298.3666859264789
23.069685179638636,1.5,302.01038476917944,299.01737770064466,298.3667770674795
23.07331077844103,1.5,302.0106763541935,299.0175591026995,298.36686822411394
23.076936377243424,1.5,302.0109679128191,299.01774050372876,298.36695939637883
23.080561976045818,1.5,302.0112594450618,299.0179219037309,298.36705058427077
23.08418757484821,1.5,302.01155095092673,299.01810330270416,298.3671417877866
23.087813173650606,1.5,302.0118424304194,299.0182847006471,298.36723300692285
23.091438772453,1.5,302.012133883545,299.01846609755796,298.3673242416762
23.095064371255393,1.5,302.012425310309,299.0186474934353,298.36741549204334
23.098689970057787,1.5,302.0127167107167,299.0188288882774,298.3675067580209
23.10231556886018,1.5,302.0130080847735,299.01901028208266,298.3675980396056
23.105941167662575,1.5,302.0132994324847,299.0191916748496,298.367689336794
23.10956676646497,1.5,302.0135907538556,299.01937306657646,298.3677806495829
23.113192365267363,1.5,302.0138820488917,299.0195544572617,298.36787197796895
23.116817964069757,1.5,302.01417331759814,299.0197358469038,298.3679633219487
23.12044356287215,1.5,302.0144645599803,299.01991723550105,298.36805468151886
23.124069161674544,1.5,302.0147557760436,299.020098623052,298.36814605667615
23.12769476047694,1.5,302.0150469657934,299.0202800095549,298.3682374474172
23.131320359279332,1.5,302.0153381292349,299.02046139500817,298.3683288537387
23.134945958081726,1.5,302.0156292663735,299.02064277941037,298.3684202756372
23.13857155688412,1.5,302.0159203772145,299.0208241627597,298.36851171310957
23.142197155686514,1.5,302.01621146176336,299.0210055450548,298.36860316615235
23.145822754488908,1.5,302.0165025200252,299.0211869262938,298.36869463476216
23.1494483532913,1.5,302.0167935520055,299.0213683064754,298.36878611893576
23.153073952093695,1.5,302.0170845577095,299.02154968559785,298.3688776186697
23.15669955089609,1.5,302.0173755371425,299.02173106365956,298.3689691339609
23.160325149698483,1.5,302.01766649031,299.0219124406591,298.3690606648057
23.163950748500877,1.5,302.017957417217,299.02209381659463,298.369152211201
23.16757634730327,1.5,302.0182483178691,299.0222751914648,298.36924377314335
23.171201946105665,1.5,302.01853919227153,299.022456565268,298.3693353506295
23.17482754490806,1.5,302.0188300404296,299.02263793800245,298.369426943656
23.178453143710453,1.5,302.0191208623486,299.02281930966683,298.36951855221963
23.182078742512847,1.5,302.01941165803385,299.0230006802594,298.36961017631694
23.18570434131524,1.5,302.0197024274906,299.02318204977865,298.3697018159447
23.189329940117634,1.5,302.01999317072426,299.02336341822297,298.3697934710996
23.192955538920028,1.5,302.02028388774016,299.0235447855908,298.36988514177824
23.196581137722422,1.5,302.02057457854346,299.0237261518805,298.36997682797727
23.200206736524816,1.5,302.02086524313955,299.0239075170906,298.3700685296934
23.20383233532721,1.5,302.0211558815337,299.02408888121954,298.37016024692326
23.207457934129604,1.5,302.0214464937312,299.02427024426567,298.3702519796636
23.211083532931998,1.5,302.0217370797374,299.0244516062274,298.370343727911
23.21470913173439,1.5,302.0220276395576,299.0246329671033,298.37043549166214
23.218334730536785,1.5,302.0223181731971,299.0248143268916,298.37052727091367
23.22196032933918,1.5,302.02260868066105,299.02499568559097,298.37061906566237
23.225585928141573,1.5,302.0228991619549,299.0251770431997,298.37071087590476
23.229211526943967,1.5,302.0231896170839,299.0253583997162,298.3708027016376
23.23283712574636,1.5,302.0234800460533,299.025539755139,298.3708945428575
23.236462724548755,1.5,302.02377044886845,299.0257211094665,298.3709863995613
23.24008832335115,1.5,302.0240608255346,299.0259024626971,298.37107827174543
23.243713922153542,1.5,302.024351176057,299.0260838148293,298.37117015940663
23.247339520955936,1.5,302.0246415004409,299.0262651658615,298.3712620625417
23.25096511975833,1.5,302.02493179869174,299.0264465157922,298.37135398114714
23.254590718560724,1.5,302.02522207081466,299.0266278646198,298.3714459152197
23.258216317363118,1.5,302.02551231681497,299.0268092123427,298.3715378647561
23.261841916165512,1.5,302.025802536698,299.0269905589595,298.37162982975286
23.265467514967906,1.5,302.0260927304689,299.02717190446845,298.37172181020674
23.2690931137703,1.5,302.026382898133,299.0273532488681,298.37181380611446
23.272718712572694,1.5,302.0266730396956,299.0275345921569,298.3719058174726
23.276344311375087,1.5,302.02696315516204,299.02771593433334,298.37199784427787
23.27996991017748,1.5,302.02725324453746,299.02789727539573,298.372089886527
23.283595508979875,1.5,302.02754330782716,299.0280786153427,298.37218194421655
23.28722110778227,1.5,302.02783334503636,299.02825995417254,298.3722740173433
23.290846706584663,1.5,302.02812335617045,299.02844129188384,298.3723661059037
23.294472305387057,1.5,302.02841334123457,299.028622628475,298.3724582098947
23.29809790418945,1.5,302.0287033002341,299.0288039639444,298.37255032931284
23.301723502991845,1.5,302.02899323317416,299.02898529829065,298.3726424641548
23.30534910179424,1.5,302.02928314006004,299.0291666315121,298.3727346144172
23.308974700596632,1.5,302.02957302089703,299.0293479636072,298.3728267800968
23.312600299399026,1.5,302.0298628756904,299.0295292945745,298.3729189611902
23.31622589820142,1.5,302.0301527044454,299.0297106244124,298.3730111576941
23.319851497003814,1.5,302.03044250716727,299.0298919531194,298.3731033696052
23.323477095806208,1.5,302.03073228386114,299.0300732806939,298.37319559692014
23.3271026946086,1.5,302.03102203453244,299.03025460713434,298.37328783963557
23.330728293410996,1.5,302.03131175918634,299.03043593243933,298.3733800977483
23.33435389221339,1.5,302.03160145782806,299.03061725660723,298.37347237125476
23.337979491015783,1.5,302.0318911304629,299.03079857963655,298.37356466015177
23.341605089818177,1.5,302.0321807770961,299.03097990152577,298.373656964436
23.34523068862057,1.5,302.03247039773277,299.0311612222733,298.3737492841041
23.348856287422965,1.5,302.0327599923783,299.03134254187756,298.3738416191528
23.35248188622536,1.5,302.0330495610379,299.0315238603372,298.3739339695787
23.356107485027753,1.5,302.03333910371674,299.0317051776506,298.37402633537846
23.359733083830147,1.5,302.0336286204201,299.0318864938162,298.3741187165488
23.36335868263254,1.5,302.03391811115307,299.0320678088325,298.3742111130864
23.366984281434934,1.5,302.03420757592113,299.03224912269803,298.37430352498785
23.37060988023733,1.5,302.03449701472937,299.0324304354112,298.37439595225
23.374235479039722,1.5,302.034786427583,299.0326117469705,298.3744883948693
23.377861077842116,1.5,302.03507581448736,299.03279305737436,298.3745808528426
23.38148667664451,1.5,302.0353651754475,299.03297436662143,298.37467332616643
23.385112275446904,1.5,302.03565451046876,299.03315567471,298.3747658148376
23.388737874249298,1.5,302.03594381955634,299.0333369816387,298.3748583188527
23.39236347305169,1.5,302.03623310271536,299.0335182874059,298.37495083820846
23.395989071854085,1.5,302.0365223599512,299.0336995920101,298.3750433729015
23.39961467065648,1.5,302.03681159126904,299.03388089544984,298.37513592292845
23.403240269458873,1.5,302.03710079667405,299.03406219772364,298.3752284882861
23.406865868261267,1.5,302.0373899761714,299.0342434988299,298.375321068971
23.41049146706366,1.5,302.03767912976645,299.0344247987671,298.37541366498004
23.414117065866055,1.5,302.03796825746423,299.03460609753375,298.3755062763097
23.41774266466845,1.5,302.03825735927,299.0347873951285,298.37559890295665
23.421368263470843,1.5,302.03854643518906,299.0349686915495,298.37569154491763
23.424993862273237,1.5,302.0388354852265,299.03514998679555,298.3757842021893
23.42861946107563,1.5,302.0391245093876,299.0353312808651,298.37587687476844
23.432245059878024,1.5,302.0394135076775,299.0355125737565,298.37596956265156
23.435870658680418,1.5,302.0397024801015,299.0356938654683,298.3760622658354
23.439496257482812,1.5,302.03999142666476,299.0358751559991,298.3761549843166
23.443121856285206,1.5,302.0402803473724,299.0360564453473,298.3762477180919
23.4467474550876,1.5,302.04056924222965,299.0362377335114,298.37634046715795
23.450373053889994,1.5,302.04085811124173,299.03641902049,298.3764332315115
23.453998652692388,1.5,302.0411469544138,299.03660030628146,298.37652601114905
23.45762425149478,1.5,302.04143577175114,299.03678159088435,298.3766188060674
23.461249850297175,1.5,302.04172456325887,299.03696287429716,298.37671161626326
23.46487544909957,1.5,302.0420133289421,299.0371441565185,298.37680444173327
23.468501047901963,1.5,302.0423020688062,299.0373254375467,298.376897282474
23.472126646704357,1.5,302.04259078285617,299.03750671738027,298.3769901384822
23.47575224550675,1.5,302.0428794710973,299.0376879960179,298.37708300975464
23.479377844309145,1.5,302.0431681335348,299.03786927345794,298.3771758962879
23.48300344311154,1.5,302.04345677017375,299.03805054969894,298.37726879807866
23.486629041913933,1.5,302.0437453810194,299.03823182473946,298.37736171512364
23.490254640716326,1.5,302.0440339660769,299.03841309857796,298.3774546474195
23.49388023951872,1.5,302.0443225253514,299.0385943712129,298.3775475949629
23.497505838321114,1.5,302.04461105884815,299.038775642643,298.37764055775057
23.501131437123508,1.5,302.04489956657227,299.0389569128665,298.3777335357791
23.504757035925902,1.5,302.0451880485289,299.0391381818821,298.37782652904514
23.508382634728296,1.5,302.0454765047233,299.0393194496882,298.3779195375456
23.51200823353069,1.5,302.04576493516055,299.03950071628344,298.3780125612769
23.515633832333084,1.5,302.0460533398458,299.0396819816662,298.37810560023587
23.519259431135477,1.5,302.0463417187843,299.0398632458352,298.37819865441907
23.52288502993787,1.5,302.0466300719812,299.04004450878875,298.3782917238233
23.526510628740265,1.5,302.04691839944167,299.04022577052547,298.37838480844516
23.53013622754266,1.5,302.0472067011708,299.04040703104386,298.3784779082814
23.533761826345053,1.5,302.0474949771738,299.0405882903425,298.3785710233286
23.537387425147447,1.5,302.04778322745585,299.04076954841975,298.37866415358354
23.54101302394984,1.5,302.0480714520221,299.04095080527435,298.37875729904283
23.544638622752235,1.5,302.0483596508776,299.0411320609048,298.3788504597032
23.54826422155463,1.5,302.0486478240276,299.0413133153094,298.37894363556126
23.551889820357022,1.5,302.04893597147725,299.04149456848694,298.3790368266138
23.555515419159416,1.5,302.0492240932317,299.04167582043584,298.3791300328574
23.55914101796181,1.5,302.049512189296,299.0418570711546,298.3792232542888
23.562766616764204,1.5,302.0498002596755,299.0420383206418,298.3793164909046
23.566392215566598,1.5,302.05008830437515,299.042219568896,298.37940974270157
23.570017814368992,1.5,302.05037632340014,299.0424008159155,298.3795030096764
23.573643413171386,1.5,302.05066431675573,299.0425820616993,298.3795962918257
23.57726901197378,1.5,302.0509522844469,299.0427633062455,298.37968958914615
23.580894610776173,1.5,302.05124022647885,299.0429445495528,298.37978290163454
23.584520209578567,1.5,302.0515281428568,299.0431257916198,298.37987622928745
23.58814580838096,1.5,302.05181603358574,299.04330703244483,298.3799695721016
23.591771407183355,1.5,302.05210389867085,299.0434882720267,298.3800629300736
23.59539700598575,1.5,302.05239173811736,299.0436695103638,298.38015630320024
23.599022604788143,1.5,302.0526795519303,299.04385074745466,298.3802496914781
23.602648203590537,1.5,302.0529673401148,299.0440319832979,298.380343094904
23.60627380239293,1.5,302.0532551026761,299.044213217892,298.38043651347454
23.609899401195324,1.5,302.0535428396191,299.0443944512355,298.38052994718635
23.61352499999772,1.5,302.0538305509492,299.044575683327,298.3806233960361
23.617150598800112,1.5,302.0541182366714,299.0447569141651,298.3807168600207
23.620776197602506,1.5,302.0544058967908,299.04493814374814,298.3808103391366
23.6244017964049,1.5,302.05469353131247,299.04511937207485,298.3809038333805
23.628027395207294,1.5,302.0549811402417,299.0453005991437,298.3809973427492
23.631652994009688,1.5,302.0552687235834,299.04548182495324,298.38109086723927
23.63527859281208,1.5,302.0555562813429,299.045663049502,298.38118440684747
23.638904191614476,1.5,302.0558438135251,299.04584427278866,298.38127796157045
23.64252979041687,1.5,302.0561313201353,299.04602549481166,298.38137153140497
23.646155389219263,1.5,302.0564188011785,299.04620671556955,298.38146511634756
23.649780988021657,1.5,302.0567062566598,299.0463879350609,298.38155871639503
23.65340658682405,1.5,302.05699368658446,299.0465691532844,298.381652331544
23.657032185626445,1.5,302.0572810909574,299.0467503702384,298.3817459617912
23.66065778442884,1.5,302.0575684697838,299.04693158592147,298.38183960713326
23.664283383231233,1.5,302.05785582306885,299.0471128003324,298.3819332675669
23.667908982033627,1.5,302.0581431508175,299.0472940134695,298.3820269430889
23.67153458083602,1.5,302.05843045303493,299.0474752253314,298.3821206336958
23.675160179638414,1.5,302.05871772972625,299.0476564359168,298.38221433938435
23.67878577844081,1.5,302.05900498089653,299.0478376452241,298.3823080601512
23.682411377243202,1.5,302.0592922065509,299.0480188532519,298.3824017959931
23.686036976045596,1.5,302.05957940669435,299.04820005999875,298.3824955469067
23.68966257484799,1.5,302.05986658133213,299.0483812654633,298.3825893128886
23.693288173650384,1.5,302.0601537304692,299.048562469644,298.38268309393567
23.696913772452778,1.5,302.06044085411077,299.0487436725395,298.38277689004445
23.70053937125517,1.5,302.06072795226186,299.04892487414844,298.3828707012117
23.704164970057565,1.5,302.0610150249276,299.04910607446914,298.382964527434
23.70779056885996,1.5,302.061302072113,299.0492872735005,298.3830583687082
23.711416167662353,1.5,302.0615890938232,299.04946847124086,298.3831522250308
23.715041766464747,1.5,302.06187609006327,299.0496496676888,298.3832460963987
23.71866736526714,1.5,302.06216306083826,299.04983086284295,298.3833399828084
23.722292964069535,1.5,302.0624500061533,299.0500120567019,298.3834338842567
23.72591856287193,1.5,302.06273692601354,299.0501932492642,298.3835278007403
23.729544161674323,1.5,302.0630238204239,299.0503744405285,298.3836217322558
23.733169760476716,1.5,302.06331068938954,299.0505556304933,298.38371567879994
23.73679535927911,1.5,302.0635975329155,299.0507368191572,298.3838096403694
23.740420958081504,1.5,302.0638843510069,299.0509180065187,298.3839036169608
23.744046556883898,1.5,302.06417114366883,299.0510991925765,298.38399760857106
23.747672155686292,1.5,302.06445791090624,299.0512803773291,298.3840916151966
23.751297754488686,1.5,302.06474465272436,299.0514615607751,298.3841856368343
23.75492335329108,1.5,302.06503136912806,299.0516427429131,298.3842796734807
23.758548952093474,1.5,302.06531806012254,299.0518239237417,298.38437372513255
23.762174550895867,1.5,302.0656047257129,299.05200510325943,298.38446779178656
23.76580014969826,1.5,302.06589136590406,299.05218628146497,298.3845618734394
23.769425748500655,1.5,302.0661779807012,299.0523674583568,298.38465597008775
23.77305134730305,1.5,302.0664645701094,299.0525486339336,298.3847500817284
23.776676946105443,1.5,302.06675113413365,299.0527298081939,298.3848442083578
23.780302544907837,1.5,302.067037672779,299.0529109811363,298.38493834997297
23.78392814371023,1.5,302.06732418605054,299.0530921527594,298.3850325065703
23.787553742512625,1.5,302.06761067395325,299.05327332306183,298.38512667814666
23.79117934131502,1.5,302.0678971364923,299.05345449204214,298.3852208646986
23.794804940117412,1.5,302.0681835736727,299.05363565969884,298.38531506622303
23.798430538919806,1.5,302.06846998549946,299.0538168260307,298.38540928271647
23.8020561377222,1.5,302.06875637197766,299.05399799103617,298.3855035141757
23.805681736524594,1.5,302.0690427331122,299.0541791547139,298.38559776059736
23.809307335326988,1.5,302.0693290689084,299.0543603170625,298.3856920219781
23.812932934129382,1.5,302.0696153793712,299.0545414780806,298.3857862983147
23.816558532931776,1.5,302.0699016645055,299.0547226377667,298.38588058960374
23.82018413173417,1.5,302.07018792431654,299.0549037961195,298.3859748958421
23.823809730536563,1.5,302.0704741588092,299.05508495313757,298.3860692170263
23.827435329338957,1.5,302.07076036798856,299.05526610881947,298.3861635531531
23.83106092814135,1.5,302.07104655185975,299.0554472631639,298.3862579042192
23.834686526943745,1.5,302.0713327104277,299.0556284161694,298.3863522702212
23.83831212574614,1.5,302.0716188436975,299.05580956783444,298.3864466511559
23.841937724548533,1.5,302.0719049516741,299.0559907181579,298.38654104702005
23.845563323350927,1.5,302.0721910343627,299.05617186713823,298.3866354578102
23.84918892215332,1.5,302.0724770917681,299.056353014774,298.3867298835231
23.852814520955715,1.5,302.07276312389547,299.0565341610639,298.38682432415544
23.85644011975811,1.5,302.0730491307498,299.0567153060065,298.386918779704
23.860065718560502,1.5,302.0733351123361,299.05689644960046,298.38701325016535
23.863691317362896,1.5,302.07362106865946,299.0570775918443,298.38710773553623
23.86731691616529,1.5,302.07390699972484,299.0572587327367,298.38720223581333
23.870942514967684,1.5,302.0741929055373,299.0574398722764,298.38729675099336
23.874568113770078,1.5,302.07447878610185,299.05762101046184,298.387391281073
23.87819371257247,1.5,302.0747646414235,299.05780214729157,298.38748582604893
23.881819311374866,1.5,302.0750504715072,299.0579832827643,298.3875803859179
23.88544491017726,1.5,302.07533627635803,299.0581644168788,298.3876749606766
23.889070508979653,1.5,302.075622055981,299.0583455496335,298.38776955032165
23.892696107782047,1.5,302.0759078103811,299.058526681027,298.38786415484986
23.89632170658444,1.5,302.0761935395634,299.05870781105807,298.38795877425775
23.899947305386835,1.5,302.0764792435329,299.0588889397252,298.38805340854225
23.90357290418923,1.5,302.0767649222945,299.0590700670271,298.3881480576999
23.907198502991623,1.5,302.07705057585326,299.05925119296234,298.3882427217274
23.910824101794017,1.5,302.07733620421425,299.05943231752946,298.38833740062154
23.91444970059641,1.5,302.0776218073824,299.0596134407273,298.38843209437897
23.918075299398804,1.5,302.0779073853628,299.0597945625543,298.38852680299635
23.9217008982012,1.5,302.07819293816027,299.0599756830092,298.3886215264704
23.925326497003592,1.5,302.07847846578,299.0601568020906,298.3887162647978
23.928952095805986,1.5,302.0787639682269,299.0603379197971,298.38881101797534
23.93257769460838,1.5,302.0790494455059,299.0605190361273,298.38890578599955
23.936203293410774,1.5,302.0793348976222,299.06070015107986,298.38900056886735
23.939828892213168,1.5,302.0796203245805,299.0608812646535,298.38909536657525
23.94345449101556,1.5,302.0799057263861,299.06106237684673,298.38919017912
23.947080089817955,1.5,302.0801911030437,299.06124348765826,298.38928500649837
23.95070568862035,1.5,302.08047645455844,299.0614245970866,298.389379848707
23.954331287422743,1.5,302.08076178093535,299.06160570513055,298.3894747057426
23.957956886225137,1.5,302.08104708217934,299.06178681178864,298.38956957760183
23.96158248502753,1.5,302.0813323582954,299.06196791705963,298.38966446428145
23.965208083829925,1.5,302.08161760928857,299.062149020942,298.38975936577816
23.96883368263232,1.5,302.08190283516376,299.0623301234345,298.3898542820886
23.972459281434713,1.5,302.0821880359259,299.0625112245357,298.3899492132095
23.976084880237106,1.5,302.0824732115801,299.06269232424427,298.3900441591375
23.9797104790395,1.5,302.0827583621313,299.06287342255877,298.3901391198695
23.983336077841894,1.5,302.0830434875844,299.06305451947804,298.390234095402
23.986961676644288,1.5,302.08332858794444,299.06323561500056,298.3903290857318
23.990587275446682,1.5,302.0836136632164,299.0634167091251,298.39042409085556
23.994212874249076,1.5,302.08389871340523,299.0635978018501,298.3905191107701
23.99783847305147,1.5,302.0841837385159,299.0637788931744,298.3906141454719
24.001464071853864,1.5,302.0844687385533,299.0639599830966,298.39070919495776
24.005089670656258,1.5,302.08475371352256,299.06414107161527,298.39080425922447
24.00871526945865,1.5,302.08503866342846,299.0643221587291,298.39089933826864
24.012340868261045,1.5,302.08532358827614,299.0645032444368,298.390994432087
24.01596646706344,1.5,302.0856084880705,299.064684328737,298.3910895406762
24.019592065865833,1.5,302.08589336281636,299.06486541162826,298.39118466403306
24.023217664668227,1.5,302.08617821251886,299.0650464931093,298.39127980215414
24.02684326347062,1.5,302.0864630371829,299.06522757317884,298.3913749550363
24.030468862273015,1.5,302.0867478368134,299.06540865183547,298.39147012267614
24.03409446107541,1.5,302.0870326114154,299.0655897290778,298.39156530507034
24.037720059877802,1.5,302.0873173609938,299.06577080490456,298.39166050221576
24.041345658680196,1.5,302.0876020855535,299.0659518793143,298.39175571410885
24.04497125748259,1.5,302.0878867850995,299.0661329523059,298.39185094074656
24.048596856284984,1.5,302.0881714596368,299.0663140238778,298.3919461821254
24.052222455087378,1.5,302.08845610917024,299.06649509402865,298.3920414382423
24.055848053889772,1.5,302.08874073370487,299.0666761627573,298.3921367090938
24.059473652692166,1.5,302.08902533324556,299.0668572300623,298.39223199467665
24.06309925149456,1.5,302.0893099077973,299.06703829594227,298.39232729498747
24.066724850296954,1.5,302.0895944573651,299.06721936039594,298.3924226100231
24.070350449099347,1.5,302.0898789819537,299.067400423422,298.3925179397802
24.07397604790174,1.5,302.09016348156814,299.067581485019,298.39261328425545
24.077601646704135,1.5,302.09044795621344,299.0677625451857,298.3927086434456
24.08122724550653,1.5,302.0907324058944,299.06794360392075,298.39280401734726
24.084852844308923,1.5,302.0910168306161,299.06812466122284,298.3928994059573
24.088478443111317,1.5,302.0913012303834,299.06830571709054,298.39299480927224
24.09210404191371,1.5,302.0915856052011,299.06848677152266,298.3930902272889
24.095729640716105,1.5,302.09186995507434,299.06866782451783,298.393185660004
24.0993552395185,1.5,302.092154280008,299.0688488760747,298.3932811074142
24.102980838320892,1.5,302.0924385800069,299.06902992619183,298.39337656951625
24.106606437123286,1.5,302.09272285507603,299.06921097486804,298.3934720463068
24.11023203592568,1.5,302.0930071052204,299.069392022102,298.3935675377826
24.113857634728074,1.5,302.09329133044486,299.06957306789235,298.39366304394036
24.117483233530468,1.5,302.09357553075426,299.0697541122377,298.3937585647768
24.12110883233286,1.5,302.0938597061537,299.0699351551369,298.39385410028854
24.124734431135256,1.5,302.09414385664786,299.07011619658846,298.3939496504724
24.12836002993765,1.5,302.0944279822418,299.0702972365911,298.39404521532504
24.131985628740043,1.5,302.09471208294053,299.07047827514356,298.3941407948431
24.135611227542437,1.5,302.0949961587487,299.07065931224446,298.39423638902343
24.13923682634483,1.5,302.09528020967144,299.0708403478925,298.3943319978627
24.142862425147225,1.5,302.0955642357136,299.07102138208637,298.3944276213575
24.14648802394962,1.5,302.09584823688016,299.0712024148247,298.3945232595047
24.150113622752013,1.5,302.09613221317585,299.07138344610627,298.3946189123009
24.153739221554407,1.5,302.0964161646058,299.07156447592973,298.3947145797429
24.1573648203568,1.5,302.0967000911747,299.0717455042937,298.3948102618274
24.160990419159194,1.5,302.09698399288766,299.07192653119694,298.394905958551
24.16461601796159,1.5,302.0972678697494,299.0721075566382,298.3950016699106
24.168241616763982,1.5,302.09755172176494,299.072288580616,298.3950973959027
24.171867215566376,1.5,302.0978355489391,299.07246960312904,298.39519313652414
24.17549281436877,1.5,302.09811935127686,299.07265062417616,298.39528889177166
24.179118413171164,1.5,302.0984031287831,299.072831643756,298.39538466164186
24.182744011973558,1.5,302.09868688146275,299.07301266186715,298.39548044613156
24.18636961077595,1.5,302.09897060932053,299.0731936785084,298.39557624523735
24.189995209578345,1.5,302.09925431236144,299.07337469367843,298.3956720589561
24.19362080838074,1.5,302.0995379905905,299.073555707376,298.39576788728436
24.197246407183133,1.5,302.0998216440124,299.0737367195997,298.39586373021893
24.200872005985527,1.5,302.1001052726322,299.0739177303482,298.3959595877566
24.20449760478792,1.5,302.1003888764547,299.07409873962035,298.3960554598939
24.208123203590315,1.5,302.1006724554848,299.0742797474147,298.3961513466277
24.21174880239271,1.5,302.1009560097274,299.07446075373,298.3962472479546
24.215374401195103,1.5,302.10123953918725,299.074641758565,298.39634316387145
24.218999999997497,1.5,302.1015230438694,299.07482276191826,298.39643909437484
24.22262559879989,1.5,302.10180652377875,299.07500376378863,298.3965350394615
24.226251197602284,1.5,302.10208997892,299.0751847641748,298.39663099912826
24.229876796404678,1.5,302.1023734092982,299.0753657630754,298.3967269733718
24.233502395207072,1.5,302.102656814918,299.07554676048915,298.3968229621887
24.237127994009466,1.5,302.1029401957845,299.07572775641484,298.3969189655758
24.24075359281186,1.5,302.1032235519026,299.0759087508511,298.3970149835298
24.244379191614254,1.5,302.103506883277,299.0760897437966,298.39711101604735
24.248004790416648,1.5,302.10379018991273,299.0762707352501,298.3972070631253
24.25163038921904,1.5,302.10407347181456,299.0764517252103,298.3973031247602
24.255255988021435,1.5,302.10435672898734,299.0766327136759,298.3973992009489
24.25888158682383,1.5,302.104639961436,299.0768137006457,298.397495291688
24.262507185626223,1.5,302.1049231691654,299.0769946861182,298.3975913969743
24.266132784428617,1.5,302.1052063521803,299.0771756700924,298.3976875168045
24.26975838323101,1.5,302.1054895104857,299.0773566525668,298.39778365117536
24.273383982033405,1.5,302.1057726440864,299.0775376335401,298.39787980008356
24.2770095808358,1.5,302.10605575298734,299.07771861301114,298.3979759635258
24.280635179638193,1.5,302.1063388371933,299.0778995909786,298.39807214149886
24.284260778440586,1.5,302.1066218967091,299.0780805674412,298.3981683339993
24.28788637724298,1.5,302.1069049315396,299.0782615423976,298.398264541024
24.291511976045374,1.5,302.1071879416897,299.0784425158465,298.39836076256967
24.295137574847768,1.5,302.1074709271643,299.0786234877868,298.398456998633
24.298763173650162,1.5,302.1077538879681,299.07880445821695,298.39855324921064
24.302388772452556,1.5,302.10803682410614,299.078985427136,298.39864951429945
24.30601437125495,1.5,302.10831973558317,299.0791663945423,298.398745793896
24.309639970057344,1.5,302.108602622404,299.07934736043484,298.3988420879971
24.313265568859737,1.5,302.1088854845736,299.0795283248123,298.3989383965994
24.31689116766213,1.5,302.1091683220967,299.0797092876734,298.3990347196997
24.320516766464525,1.5,302.10945113497814,299.0798902490167,298.3991310572948
24.32414236526692,1.5,302.1097339232228,299.0800712088411,298.39922740938124
24.327767964069313,1.5,302.1100166868356,299.0802521671454,298.3993237759558
24.331393562871707,1.5,302.1102994258212,299.0804331239281,298.39942015701524
24.3350191616741,1.5,302.1105821401846,299.0806140791881,298.3995165525563
24.338644760476495,1.5,302.1108648299305,299.080795032924,298.3996129625756
24.34227035927889,1.5,302.1111474950639,299.0809759851346,298.3997093870699
24.345895958081282,1.5,302.11143013558944,299.08115693581874,298.39980582603596
24.349521556883676,1.5,302.11171275151213,299.08133788497497,298.39990227947055
24.35314715568607,1.5,302.1119953428367,299.0815188326021,298.3999987473703
24.356772754488464,1.5,302.11227790956804,299.0816997786989,298.40009522973196
24.360398353290858,1.5,302.1125604517109,299.081880723264,298.4001917265523
24.364023952093252,1.5,302.11284296927016,299.0820616662963,298.40028823782797
24.367649550895646,1.5,302.1131254622506,299.0822426077944,298.40038476355573
24.37127514969804,1.5,302.1134079306571,299.082423547757,298.40048130373236
24.374900748500433,1.5,302.11369037449447,299.08260448618296,298.4005778583545
24.378526347302827,1.5,302.1139727937675,299.08278542307096,298.4006744274189
24.38215194610522,1.5,302.1142551884811,299.0829663584198,298.4007710109222
24.385777544907615,1.5,302.11453755863994,299.08314729222815,298.4008676088613
24.38940314371001,1.5,302.1148199042489,299.0833282244947,298.40096422123275
24.393028742512403,1.5,302.11510222531285,299.0835091552184,298.4010608480335
24.396654341314797,1.5,302.1153845218366,299.0836900843978,298.4011574892601
24.40027994011719,1.5,302.1156667938249,299.0838710120317,298.4012541449093
24.403905538919584,1.5,302.1159490412826,299.0840519381188,298.4013508149778
24.40753113772198,1.5,302.11623126421443,299.0842328626579,298.4014474994624
24.411156736524372,1.5,302.11651346262533,299.0844137856478,298.4015441983598
24.414782335326766,1.5,302.11679563652007,299.0845947070872,298.4016409116667
24.41840793412916,1.5,302.1170777859034,299.08477562697476,298.4017376393799
24.422033532931554,1.5,302.1173599107801,299.08495654530935,298.4018343814961
24.425659131733948,1.5,302.1176420111551,299.0851374620897,298.40193113801195
24.42928473053634,1.5,302.1179240870331,299.0853183773145,298.40202790892425
24.432910329338736,1.5,302.11820613841894,299.08549929098245,298.4021246942297
24.43653592814113,1.5,302.1184881653174,299.0856802030925,298.4022214939251
24.440161526943523,1.5,302.1187701677333,299.08586111364326,298.402318308007
24.443787125745917,1.5,302.1190521456714,299.08604202263353,298.4024151364723
24.44741272454831,1.5,302.11933409913655,299.08622293006204,298.4025119793177
24.451038323350705,1.5,302.11961602813346,299.08640383592757,298.4026088365399
24.4546639221531,1.5,302.119897932667,299.0865847402288,298.40270570813567
24.458289520955493,1.5,302.1201798127419,299.0867656429646,298.4028025941017
24.461915119757887,1.5,302.1204616683631,299.0869465441337,298.40289949443473
24.46554071856028,1.5,302.12074349953514,299.0871274437348,298.40299640913145
24.469166317362674,1.5,302.121025306263,299.0873083417667,298.4030933381886
24.472791916165068,1.5,302.1213070885514,299.08748923822816,298.4031902816031
24.476417514967462,1.5,302.12158884640513,299.0876701331179,298.40328723937137
24.480043113769856,1.5,302.12187057982896,299.08785102643475,298.40338421149033
24.48366871257225,1.5,302.12215228882775,299.0880319181775,298.40348119795675
24.487294311374644,1.5,302.12243397340615,299.0882128083448,298.4035781987672
24.490919910177038,1.5,302.122715633569,299.0883936969355,298.4036752139185
24.49454550897943,1.5,302.12299726932105,299.08857458394834,298.40377224340745
24.498171107781825,1.5,302.12327888066716,299.0887554693821,298.4038692872306
24.50179670658422,1.5,302.12356046761204,299.0889363532355,298.40396634538484
24.505422305386613,1.5,302.1238420301605,299.0891172355074,298.4040634178669
24.509047904189007,1.5,302.1241235683172,299.08929811619646,298.4041605046734
24.5126735029914,1.5,302.1244050820871,299.08947899530153,298.40425760580126
24.516299101793795,1.5,302.1246865714748,299.0896598728213,298.404354721247
24.51992470059619,1.5,302.12496803648514,299.0898407487546,298.40445185100754
24.523550299398583,1.5,302.1252494771229,299.0900216231002,298.40454899507944
24.527175898200976,1.5,302.12553089339275,299.0902024958569,298.4046461534596
24.53080149700337,1.5,302.1258122852996,299.0903833670234,298.4047433261447
24.534427095805764,1.5,302.1260936528481,299.09056423659854,298.4048405131314
24.538052694608158,1.5,302.12637499604307,299.09074510458106,298.4049377144165
24.541678293410552,1.5,302.1266563148892,299.09092597096975,298.4050349299967
24.545303892212946,1.5,302.12693760939135,299.0911068357634,298.4051321598688
24.54892949101534,1.5,302.1272188795542,299.0912876989608,298.40522940402946
24.552555089817734,1.5,302.1275001253826,299.0914685605607,298.40532666247555
24.556180688620127,1.5,302.1277813468811,299.09164942056185,298.4054239352036
24.55980628742252,1.5,302.12806254405467,299.0918302789631,298.4055212222105
24.563431886224915,1.5,302.128343716908,299.09201113576313,298.40561852349293
24.56705748502731,1.5,302.1286248654458,299.0921919909608,298.4057158390477
24.570683083829703,1.5,302.1289059896728,299.0923728445549,298.4058131688714
24.574308682632097,1.5,302.12918708959376,299.09255369654426,298.40591051296093
24.57793428143449,1.5,302.1294681652135,299.0927345469275,298.4060078713129
24.581559880236885,1.5,302.1297492165367,299.0929153957035,298.4061052439241
24.58518547903928,1.5,302.1300302435681,299.0930962428711,298.4062026307913
24.588811077841672,1.5,302.13031124631254,299.093277088429,298.40630003191126
24.592436676644066,1.5,302.13059222477466,299.0934579323761,298.4063974472806
24.59606227544646,1.5,302.1308731789591,299.09363877471105,298.4064948768962
24.599687874248854,1.5,302.1311541088709,299.0938196154328,298.40659232075467
24.603313473051248,1.5,302.1314350145145,299.0940004545399,298.4066897788528
24.606939071853642,1.5,302.13171589589473,299.09418129203135,298.4067872511874
24.610564670656036,1.5,302.1319967530164,299.0943621279059,298.4068847377551
24.61419026945843,1.5,302.13227758588414,299.0945429621622,298.4069822385527
24.617815868260823,1.5,302.1325583945028,299.0947237947993,298.4070797535769
24.621441467063217,1.5,302.132839178877,299.0949046258158,298.4071772828246
24.62506706586561,1.5,302.1331199390115,299.09508545521055,298.40727482629234
24.628692664668005,1.5,302.1334006749111,299.0952662829824,298.4073723839769
24.6323182634704,1.5,302.1336813865804,299.09544710913,298.4074699558751
24.635943862272793,1.5,302.1339620740242,299.0956279336523,298.40756754198355
24.639569461075187,1.5,302.13424273724723,299.0958087565481,298.4076651422992
24.64319505987758,1.5,302.13452337625415,299.09598957781606,298.4077627568186
24.646820658679975,1.5,302.13480399104975,299.09617039745507,298.40786038553864
24.65044625748237,1.5,302.13508458163875,299.0963512154639,298.40795802845594
24.654071856284762,1.5,302.13536514802576,299.0965320318414,298.4080556855673
24.657697455087156,1.5,302.13564569021565,299.09671284658634,298.40815335686943
24.66132305388955,1.5,302.135926208213,299.09689365969757,298.40825104235915
24.664948652691944,1.5,302.1362067020226,299.0970744711738,298.4083487420332
24.668574251494338,1.5,302.13648717164915,299.09725528101393,298.4084464558882
24.67219985029673,1.5,302.13676761709735,299.09743608921667,298.408544183921
24.675825449099126,1.5,302.1370480383719,299.0976168957809,298.4086419261284
24.67945104790152,1.5,302.1373284354775,299.0977977007054,298.40873968250696
24.683076646703913,1.5,302.137608808419,299.09797850398905,298.40883745305354
24.686702245506307,1.5,302.1378891572009,299.09815930563053,298.4089352377649
24.6903278443087,1.5,302.138169481828,299.0983401056288,298.40903303663777
24.693953443111095,1.5,302.1384497823051,299.0985209039825,298.40913084966894
24.69757904191349,1.5,302.13873005863667,299.0987017006905,298.409228676855
24.701204640715883,1.5,302.13901031082764,299.0988824957517,298.40932651819287
24.704830239518277,1.5,302.13929053888256,299.09906328916486,298.40942437367926
24.70845583832067,1.5,302.1395707428062,299.0992440809287,298.4095222433108
24.712081437123064,1.5,302.13985092260316,299.0994248710422,298.4096201270844
24.71570703592546,1.5,302.1401310782783,299.09960565950405,298.4097180249967
24.719332634727852,1.5,302.14041120983615,299.0997864463131,298.4098159370444
24.722958233530246,1.5,302.14069131728155,299.0999672314682,298.40991386322446
24.72658383233264,1.5,302.1409714006191,299.10014801496817,298.41001180353345
24.730209431135034,1.5,302.14125145985344,299.10032879681177,298.4101097579682
24.733835029937428,1.5,302.1415314949894,299.10050957699787,298.4102077265254
24.73746062873982,1.5,302.1418115060316,299.1006903555253,298.4103057092018
24.741086227542215,1.5,302.1420914929847,299.1008711323928,298.4104037059942
24.74471182634461,1.5,302.1423714558534,299.10105190759924,298.4105017168994
24.748337425147003,1.5,302.1426513946424,299.1012326811435,298.410599741914
24.751963023949397,1.5,302.1429313093564,299.1014134530243,298.4106977810348
24.75558862275179,1.5,302.14321119999994,299.1015942232405,298.41079583425864
24.759214221554185,1.5,302.1434910665779,299.101774991791,298.4108939015822
24.76283982035658,1.5,302.1437709090948,299.1019557586745,298.41099198300225
24.766465419158973,1.5,302.1440507275555,299.1021365238899,298.41109007851554
24.770091017961366,1.5,302.14433052196443,299.10231728743605,298.41118818811873
24.77371661676376,1.5,302.14461029232655,299.10249804931175,298.4112863118087
24.777342215566154,1.5,302.1448900386462,299.10267880951585,298.41138444958216
24.780967814368548,1.5,302.14516976092835,299.10285956804705,298.4114826014359
24.784593413170942,1.5,302.14544945917754,299.1030403249043,298.4115807673666
24.788219011973336,1.5,302.14572913339845,299.1032210800865,298.41167894737106
24.79184461077573,1.5,302.14600878359573,299.10340183359233,298.41177714144595
24.795470209578124,1.5,302.14628840977406,299.10358258542067,298.4118753495882
24.799095808380518,1.5,302.14656801193814,299.1037633355704,298.4119735717944
24.80272140718291,1.5,302.1468475900926,299.1039440840404,298.41207180806134
24.806347005985305,1.5,302.14712714424206,299.10412483082933,298.4121700583858
24.8099726047877,1.5,302.1474066743912,299.1043055759362,298.4122683227646
24.813598203590093,1.5,302.1476861805448,299.1044863193597,298.4123666011944
24.817223802392487,1.5,302.1479656627074,299.10466706109884,298.41246489367194
24.82084940119488,1.5,302.14824512088364,299.1048478011523,298.41256320019403
24.824474999997275,1.5,302.14852455507827,299.10502853951897,298.4126615207574
24.82810059879967,1.5,302.1488039652958,299.1052092761977,298.41275985535884
24.831726197602062,1.5,302.14908335154104,299.1053900111873,298.41285820399514
24.835351796404456,1.5,302.14936271381856,299.10557074448667,298.41295656666296
24.83897739520685,1.5,302.14964205213306,299.10575147609467,298.4130549433591
24.842602994009244,1.5,302.14992136648914,299.10593220601,298.4131533340803
24.846228592811638,1.5,302.1502006568915,299.10611293423165,298.41325173882336
24.849854191614032,1.5,302.1504799233447,299.10629366075835,298.413350157585
24.853479790416426,1.5,302.15075916585346,299.1064743855891,298.41344859036195
24.85710538921882,1.5,302.15103838442235,299.1066551087226,298.4135470371511
24.860730988021214,1.5,302.1513175790561,299.10683583015776,298.41364549794906
24.864356586823607,1.5,302.15159674975934,299.1070165498934,298.41374397275257
24.867982185626,1.5,302.15187589653664,299.10719726792837,298.4138424615586
24.871607784428395,1.5,302.1521550193927,299.1073779842616,298.41394096436375
24.87523338323079,1.5,302.15243411833217,299.10755869889175,298.4140394811647
24.878858982033183,1.5,302.15271319335966,299.10773941181793,298.41413801195836
24.882484580835577,1.5,302.1529922444798,299.1079201230388,298.41423655674146
24.88611017963797,1.5,302.1532712716972,299.1081008325533,298.41433511551077
24.889735778440365,1.5,302.15355027501647,299.10828154036017,298.414433688263
24.89336137724276,1.5,302.15382925444237,299.10846224645843,298.41453227499494
24.896986976045152,1.5,302.1541082099794,299.1086429508468,298.4146308757034
24.900612574847546,1.5,302.1543871416323,299.1088236535242,298.414729490385
24.90423817364994,1.5,302.15466604940565,299.10900435448946,298.41482811903666
24.907863772452334,1.5,302.15494493330397,299.1091850537414,298.414926761655
24.911489371254728,1.5,302.15522379333197,299.1093657512789,298.4150254182369
24.91511497005712,1.5,302.1555026294943,299.1095464471009,298.4151240887791
24.918740568859516,1.5,302.1557814417956,299.10972714120624,298.41522277327834
24.92236616766191,1.5,302.1560602302405,299.1099078335937,298.4153214717313
24.925991766464303,1.5,302.1563389948335,299.11008852426215,298.4154201841349
24.929617365266697,1.5,302.1566177355793,299.1102692132105,298.41551891048584
24.93324296406909,1.5,302.1568964524825,299.1104499004376,298.41561765078086
24.936868562871485,1.5,302.15717514554774,299.11063058594226,298.4157164050167
24.94049416167388,1.5,302.1574538147796,299.1108112697234,298.4158151731903
24.944119760476273,1.5,302.15773246018273,299.1109919517799,298.4159139552981
24.947745359278667,1.5,302.15801108176174,299.11117263211054,298.4160127513372
24.95137095808106,1.5,302.1582896795212,299.1113533107143,298.41611156130415
24.954996556883454,1.5,302.15856825346566,299.11153398759,298.4162103851958
24.95862215568585,1.5,302.1588468035999,299.11171466273646,298.4163092230089
24.962247754488242,1.5,302.15912532992843,299.1118953361526,298.4164080747403
24.965873353290636,1.5,302.15940383245584,299.1120760078373,298.4165069403866
24.96949895209303,1.5,302.15968231118677,299.11225667778933,298.41660581994466
24.973124550895424,1.5,302.1599607661258,299.11243734600765,298.4167047134112
24.976750149697818,1.5,302.16023919727746,299.1126180124911,298.4168036207831
24.98037574850021,1.5,302.16051760464654,299.11279867723863,298.4169025420571
24.984001347302605,1.5,302.1607959882375,299.112979340249,298.41700147722986
24.987626946105,1.5,302.16107434805497,299.1131600015212,298.41710042629825
24.991252544907393,1.5,302.1613526841035,299.11334066105394,298.4171993892589
24.994878143709787,1.5,302.1616309963877,299.1135213188462,298.4172983661087
24.99850374251218,1.5,302.16190928491227,299.11370197489686,298.41739735684445
25.002129341314575,1.5,302.16218754968173,299.1138826292048,298.4174963614629
25.00575494011697,1.5,302.16246579070065,299.1140632817689,298.4175953799607
25.009380538919363,1.5,302.16274400797363,299.11424393258795,298.41769441233475
25.013006137721757,1.5,302.1630222015052,299.11442458166096,298.4177934585818
25.01663173652415,1.5,302.1633003713,299.1146052289867,298.4178925186986
25.020257335326544,1.5,302.1635785173627,299.1147858745641,298.41799159268186
25.023882934128938,1.5,302.16385663969777,299.11496651839207,298.4180906805284
25.027508532931332,1.5,302.1641347383099,299.1151471604694,298.41818978223506
25.031134131733726,1.5,302.1644128132035,299.115327800795,298.4182888977985
25.03475973053612,1.5,302.1646908643833,299.11550843936783,298.41838802721554
25.038385329338514,1.5,302.1649688918539,299.1156890761867,298.41848717048305
25.042010928140908,1.5,302.1652468956197,299.1158697112506,298.4185863275976
25.0456365269433,1.5,302.16552487568543,299.11605034455823,298.41868549855616
25.049262125745695,1.5,302.1658028320557,299.1162309761087,298.41878468335534
25.05288772454809,1.5,302.1660807647349,299.1164116059007,298.41888388199203
25.056513323350483,1.5,302.16635867372776,299.11659223393315,298.418983094463
25.060138922152877,1.5,302.1666365590388,299.1167728602051,298.41908232076497
25.06376452095527,1.5,302.16691442067264,299.1169534847152,298.4191815608947
25.067390119757665,1.5,302.16719225863375,299.1171341074625,298.419280814849
25.07101571856006,1.5,302.1674700729268,299.1173147284459,298.4193800826247
25.074641317362452,1.5,302.16774786355626,299.11749534766415,298.41947936421843
25.078266916164846,1.5,302.16802563052676,299.11767596511635,298.41957865962706
25.08189251496724,1.5,302.16830337384283,299.11785658080123,298.4196779688474
25.085518113769634,1.5,302.1685810935091,299.1180371947177,298.4197772918762
25.089143712572028,1.5,302.1688587895301,299.1182178068647,298.4198766287102
25.092769311374422,1.5,302.16913646191034,299.1183984172411,298.41997597934613
25.096394910176816,1.5,302.16941411065443,299.1185790258459,298.42007534378087
25.10002050897921,1.5,302.1696917357669,299.11875963267784,298.4201747220111
25.103646107781604,1.5,302.1699693372523,299.1189402377358,298.42027411403376
25.107271706583997,1.5,302.17024691511523,299.11912084101886,298.4203735198455
25.11089730538639,1.5,302.1705244693602,299.11930144252574,298.4204729394431
25.114522904188785,1.5,302.17080199999185,299.11948204225547,298.42057237282336
25.11814850299118,1.5,302.1710795070146,299.11966264020685,298.42067181998306
25.121774101793573,1.5,302.1713569904331,299.11984323637887,298.420771280919
25.125399700595967,1.5,302.1716344502518,299.1200238307704,298.4208707556279
25.12902529939836,1.5,302.17191188647536,299.1202044233803,298.42097024410657
25.132650898200755,1.5,302.1721892991083,299.12038501420744,298.42106974635186
25.13627649700315,1.5,302.1724666881551,299.1205656032509,298.4211692623605
25.139902095805542,1.5,302.17274405362036,299.1207461905094,298.42126879212924
25.143527694607936,1.5,302.1730213955086,299.1209267759819,298.42136833565485
25.14715329341033,1.5,302.1732987138244,299.1211073596674,298.4214678929341
25.150778892212724,1.5,302.17357600857224,299.1212879415647,298.42156746396387
25.154404491015118,1.5,302.17385327975666,299.1214685216726,298.42166704874086
25.15803008981751,1.5,302.1741305273823,299.12164909999024,298.4217666472619
25.161655688619906,1.5,302.1744077514536,299.1218296765165,298.4218662595237
25.1652812874223,1.5,302.17468495197517,299.1220102512502,298.42196588552315
25.168906886224693,1.5,302.1749621289514,299.12219082419017,298.4220655252569
25.172532485027087,1.5,302.17523928238694,299.1223713953355,298.4221651787219
25.17615808382948,1.5,302.1755164122863,299.12255196468493,298.4222648459148
25.179783682631875,1.5,302.175793518654,299.1227325322376,298.4223645268324
25.18340928143427,1.5,302.17607060149464,299.12291309799224,298.4224642214715
25.187034880236663,1.5,302.1763476608126,299.12309366194785,298.4225639298289
25.190660479039057,1.5,302.1766246966126,299.1232742241032,298.4226636519014
25.19428607784145,1.5,302.1769017088989,299.1234547844574,298.42276338768573
25.197911676643844,1.5,302.1771786976763,299.12363534300925,298.4228631371787
25.20153727544624,1.5,302.17745566294917,299.1238158997577,298.42296290037706
25.205162874248632,1.5,302.1777326047221,299.1239964547017,298.42306267727764
25.208788473051026,1.5,302.1780095229995,299.12417700784005,298.42316246787726
25.21241407185342,1.5,302.178286417786,299.12435755917176,298.4232622721727
25.216039670655814,1.5,302.1785632890861,299.1245381086958,298.42336209016065
25.219665269458208,1.5,302.17884013690434,299.124718656411,298.423461921838
25.2232908682606,1.5,302.17911696124514,299.1248992023163,298.4235617672015
25.226916467062996,1.5,302.1793937621131,299.12507974641073,298.42366162624796
25.23054206586539,1.5,302.17967053951264,299.12526028869297,298.42376149897405
25.234167664667783,1.5,302.1799472934484,299.1254408291622,298.4238613853767
25.237793263470177,1.5,302.1802240239247,299.12562136781713,298.4239612854526
25.24141886227257,1.5,302.1805007309463,299.1258019046569,298.4240611991987
25.245044461074965,1.5,302.1807774145175,299.12598243968023,298.42416112661164
25.24867005987736,1.5,302.1810540746429,299.1261629728862,298.4242610676882
25.252295658679753,1.5,302.181330711327,299.1263435042736,298.4243610224253
25.255921257482147,1.5,302.18160732457426,299.1265240338415,298.42446099081957
25.25954685628454,1.5,302.18188391438923,299.1267045615888,298.4245609728679
25.263172455086934,1.5,302.1821604807764,299.1268850875143,298.424660968567
25.266798053889328,1.5,302.1824370237403,299.12706561161707,298.4247609779138
25.270423652691722,1.5,302.1827135432854,299.127246133896,298.42486100090497
25.274049251494116,1.5,302.1829900394161,299.12742665434996,298.42496103753734
25.27767485029651,1.5,302.1832665121371,299.127607172978,298.4250610878077
25.281300449098904,1.5,302.18354296145276,299.1277876897789,298.4251611517128
25.284926047901298,1.5,302.1838193873676,299.12796820475177,298.4252612292496
25.28855164670369,1.5,302.18409578988604,299.1281487178954,298.42536132041465
25.292177245506085,1.5,302.1843721690127,299.1283292292088,298.42546142520496
25.29580284430848,1.5,302.184648524752,299.12850973869087,298.42556154361716
25.299428443110873,1.5,302.18492485710846,299.12869024634057,298.42566167564814
25.303054041913267,1.5,302.18520116608653,299.1288707521568,298.4257618212946
25.30667964071566,1.5,302.18547745169076,299.12905125613855,298.4258619805535
25.310305239518055,1.5,302.1857537139255,299.12923175828473,298.42596215342144
25.31393083832045,1.5,302.1860299527954,299.12941225859424,298.4260623398953
25.317556437122843,1.5,302.18630616830484,299.12959275706606,298.426162539972
25.321182035925236,1.5,302.1865823604584,299.1297732536992,298.426262753648
25.32480763472763,1.5,302.1868585292604,299.12995374849254,298.4263629809205
25.328433233530024,1.5,302.1871346747155,299.130134241445,298.42646322178604
25.332058832332418,1.5,302.18741079682803,299.1303147325554,298.4265634762415
25.335684431134812,1.5,302.18768689560255,299.1304952218229,298.42666374428364
25.339310029937206,1.5,302.1879629710435,299.13067570924636,298.4267640259093
25.3429356287396,1.5,302.1882390231553,299.1308561948248,298.4268643211152
25.346561227541994,1.5,302.18851505194255,299.13103667855705,298.42696462989824
25.350186826344387,1.5,302.1887910574097,299.131217160442,298.4270649522552
25.35381242514678,1.5,302.18906703956105,299.13139764047884,298.4271652881828
25.357438023949175,1.5,302.18934299840134,299.1315781186663,298.42726563767786
25.36106362275157,1.5,302.18961893393475,299.1317585950034,298.42736600073727
25.364689221553963,1.5,302.189894846166,299.1319390694891,298.4274663773577
25.368314820356357,1.5,302.19017073509946,299.1321195421223,298.42756676753595
25.37194041915875,1.5,302.19044660073956,299.132300012902,298.42766717126904
25.375566017961145,1.5,302.1907224430907,299.13248048182714,298.4277675885535
25.37919161676354,1.5,302.1909982621575,299.13266094889667,298.4278680193863
25.382817215565932,1.5,302.1912740579443,299.13284141410963,298.42796846376416
25.386442814368326,1.5,302.1915498304557,299.1330218774648,298.42806892168386
25.39006841317072,1.5,302.19182557969606,299.1332023389612,298.42816939314235
25.393694011973114,1.5,302.1921013056698,299.13338279859784,298.42826987813623
25.397319610775508,1.5,302.1923770083814,299.1335632563737,298.42837037666243
25.400945209577902,1.5,302.1926526878354,299.1337437122876,298.4284708887177
25.404570808380296,1.5,302.1929283440361,299.13392416633855,298.42857141429886
25.40819640718269,1.5,302.19320397698806,299.1341046185255,298.4286719534027
25.411822005985083,1.5,302.19347958669573,299.13428506884753,298.4287725060261
25.415447604787477,1.5,302.19375517316354,299.1344655173034,298.4288730721658
25.41907320358987,1.5,302.1940307363959,299.13464596389224,298.4289736518186
25.422698802392265,1.5,302.1943062763973,299.134826408613,298.42907424498134
25.42632440119466,1.5,302.1945817931723,299.1350068514645,298.42917485165077
25.429949999997053,1.5,302.19485728672504,299.1351872924457,298.42927547182364
25.433575598799447,1.5,302.1951327570602,299.1353677315558,298.42937610549694
25.43720119760184,1.5,302.19540820418223,299.1355481687936,298.4294767526673
25.440826796404234,1.5,302.1956836280955,299.135728604158,298.42957741333163
25.44445239520663,1.5,302.1959590288044,299.13590903764805,298.42967808748665
25.448077994009022,1.5,302.19623440631347,299.13608946926274,298.42977877512925
25.451703592811416,1.5,302.1965097606271,299.136269899001,298.4298794762562
25.45532919161381,1.5,302.1967850917498,299.13645032686173,298.4299801908643
25.458954790416204,1.5,302.1970603996859,299.136630752844,298.4300809189504
25.462580389218598,1.5,302.1973356844398,299.1368111769467,298.4301816605112
25.46620598802099,1.5,302.1976109460161,299.1369915991689,298.4302824155436
25.469831586823386,1.5,302.1978861844191,299.1371720195094,298.4303831840444
25.47345718562578,1.5,302.19816139965326,299.13735243796737,298.43048396601046
25.477082784428173,1.5,302.19843659172295,299.13753285454163,298.43058476143847
25.480708383230567,1.5,302.19871176063276,299.1377132692312,298.4306855703253
25.48433398203296,1.5,302.19898690638695,299.13789368203504,298.43078639266776
25.487959580835355,1.5,302.1992620289901,299.1380740929522,298.4308872284626
25.49158517963775,1.5,302.1995371284465,299.1382545019816,298.43098807770673
25.495210778440143,1.5,302.19981220476063,299.1384349091221,298.43108894039693
25.498836377242537,1.5,302.2000872579369,299.1386153143728,298.43118981653
25.50246197604493,1.5,302.2003622879797,299.13879571773276,298.43129070610274
25.506087574847324,1.5,302.20063729489357,299.1389761192008,298.4313916091119
25.50971317364972,1.5,302.2009122786827,299.1391565187759,298.43149252555446
25.513338772452112,1.5,302.2011872393517,299.1393369164571,298.431593455427
25.516964371254506,1.5,302.20146217690495,299.13951731224336,298.43169439872656
25.5205899700569,1.5,302.20173709134684,299.1396977061337,298.4317953554499
25.524215568859294,1.5,302.2020119826818,299.139878098127,298.4318963255937
25.527841167661688,1.5,302.2022868509142,299.1400584882223,298.43199730915484
25.53146676646408,1.5,302.2025616960485,299.14023887641855,298.4320983061302
25.535092365266475,1.5,302.2028365180891,299.1404192627148,298.43219931651646
25.53871796406887,1.5,302.20311131704045,299.1405996471099,298.4323003403107
25.542343562871263,1.5,302.20338609290684,299.140780029603,298.4324013775094
25.545969161673657,1.5,302.20366084569275,299.14096041019303,298.4325024281096
25.54959476047605,1.5,302.20393557540257,299.1411407888789,298.43260349210806
25.553220359278445,1.5,302.2042102820407,299.1413211656597,298.4327045695015
25.55684595808084,1.5,302.20448496561164,299.1415015405343,298.43280566028693
25.560471556883233,1.5,302.2047596261196,299.14168191350177,298.43290676446094
25.564097155685626,1.5,302.20503426356913,299.14186228456106,298.43300788202055
25.56772275448802,1.5,302.20530887796457,299.14204265371114,298.43310901296246
25.571348353290414,1.5,302.2055834693103,299.14222302095106,298.43321015728344
25.574973952092808,1.5,302.20585803761077,299.14240338627974,298.4333113149805
25.578599550895202,1.5,302.2061325828704,299.1425837496963,298.4334124860502
25.582225149697596,1.5,302.20640710509343,299.14276411119954,298.43351367048956
25.58585074849999,1.5,302.2066816042844,299.1429444707885,298.43361486829536
25.589476347302384,1.5,302.2069560804477,299.1431248284623,298.4337160794643
25.593101946104778,1.5,302.2072305335876,299.1433051842198,298.4338173039934
25.59672754490717,1.5,302.2075049637087,299.1434855380601,298.43391854187934
25.600353143709565,1.5,302.20777937081516,299.14366588998206,298.4340197931189
25.60397874251196,1.5,302.20805375491153,299.1438462399847,298.43412105770904
25.607604341314353,1.5,302.208328116002,299.14402658806716,298.4342223356465
25.611229940116747,1.5,302.2086024540912,299.1442069342283,298.4343236269281
25.61485553891914,1.5,302.2088767691833,299.14438727846715,298.43442493155067
25.618481137721535,1.5,302.20915106128285,299.14456762078265,298.434526249511
25.62210673652393,1.5,302.2094253303941,299.1447479611739,298.434627580806
25.625732335326322,1.5,302.20969957652153,299.1449282996399,298.4347289254324
25.629357934128716,1.5,302.20997379966946,299.1451086361796,298.43483028338704
25.63298353293111,1.5,302.2102479998423,299.1452889707919,298.4349316546668
25.636609131733504,1.5,302.21052217704437,299.145469303476,298.4350330392685
25.640234730535898,1.5,302.2107963312801,299.1456496342307,298.4351344371888
25.643860329338292,1.5,302.21107046255383,299.1458299630551,298.4352358484248
25.647485928140686,1.5,302.21134457087,299.1460102899483,298.4353372729731
25.65111152694308,1.5,302.2116186562329,299.14619061490913,298.43543871083057
25.654737125745473,1.5,302.2118927186469,299.1463709379367,298.435540161994
25.658362724547867,1.5,302.21216675811644,299.14655125902993,298.4356416264604
25.66198832335026,1.5,302.2124407746458,299.1467315781879,298.4357431042264
25.665613922152655,1.5,302.21271476823944,299.14691189540963,298.43584459528887
25.66923952095505,1.5,302.21298873890163,299.14709221069404,298.4359460996447
25.672865119757443,1.5,302.21326268663677,299.1472725240402,298.4360476172907
25.676490718559837,1.5,302.21353661144934,299.1474528354471,298.43614914822365
25.68011631736223,1.5,302.2138105133435,299.14763314491375,298.43625069244035
25.683741916164625,1.5,302.21408439232374,299.14781345243915,298.4363522499377
25.68736751496702,1.5,302.2143582483944,299.1479937580223,298.43645382071253
25.690993113769412,1.5,302.2146320815597,299.1481740616622,298.43655540476163
25.694618712571806,1.5,302.21490589182423,299.14835436335784,298.43665700208186
25.6982443113742,1.5,302.21517967919215,299.1485346631084,298.43675861266996
25.701869910176594,1.5,302.21545344366797,299.1487149609127,298.43686023652293
25.705495508978988,1.5,302.21572718525596,299.1488952567699,298.43696187363736
25.70912110778138,1.5,302.2160009039605,299.14907555067884,298.4370635240104
25.712746706583776,1.5,302.2162745997859,299.14925584263864,298.4371651876386
25.71637230538617,1.5,302.2165482727365,299.1494361326483,298.4372668645188
25.719997904188563,1.5,302.21682192281673,299.1496164207069,298.437368554648
25.723623502990957,1.5,302.2170955500309,299.1497967068133,298.43747025802287
25.72724910179335,1.5,302.21736915438333,299.14997699096654,298.4375719746404
25.730874700595745,1.5,302.21764273587837,299.1501572731658,298.4376737044973
25.73450029939814,1.5,302.21791629452036,299.15033755341,298.4377754475904
25.738125898200533,1.5,302.2181898303137,299.1505178316981,298.4378772039166
25.741751497002927,1.5,302.2184633432626,299.15069810802925,298.43797897347275
25.74537709580532,1.5,302.2187368333716,299.1508783824024,298.4380807562556
25.749002694607714,1.5,302.21901030064487,299.15105865481655,298.43818255226205
25.75262829341011,1.5,302.2192837450868,299.15123892527066,298.43828436148885
25.756253892212502,1.5,302.21955716670175,299.1514191937639,298.4383861839329
25.759879491014896,1.5,302.2198305654941,299.15159946029524,298.43848801959103
25.76350508981729,1.5,302.22010394146804,299.1517797248637,298.43858986846
25.767130688619684,1.5,302.220377294628,299.15195998746816,298.4386917305368
25.770756287422078,1.5,302.22065062497825,299.15214024810786,298.43879360581803
25.77438188622447,1.5,302.22092393252325,299.15232050678173,298.4388954943008
25.778007485026865,1.5,302.2211972172672,299.1525007634888,298.43899739598174
25.78163308382926,1.5,302.22147047921453,299.15268101822807,298.4390993108578
25.785258682631653,1.5,302.22174371836945,299.1528612709986,298.43920123892576
25.788884281434047,1.5,302.2220169347364,299.1530415217995,298.43930318018243
25.79250988023644,1.5,302.2222901283197,299.1532217706296,298.43940513462474
25.796135479038835,1.5,302.2225632991235,299.153402017488,298.4395071022495
25.79976107784123,1.5,302.2228364471523,299.15358226237385,298.4396090830535
25.803386676643623,1.5,302.22310957241035,299.15376250528607,298.43971107703356
25.807012275446017,1.5,302.22338267490204,299.1539427462237,298.4398130841866
25.81063787424841,1.5,302.22365575463164,299.15412298518584,298.4399151045094
25.814263473050804,1.5,302.22392881160346,299.1543032221714,298.4400171379988
25.817889071853198,1.5,302.2242018458218,299.15448345717954,298.4401191846517
25.821514670655592,1.5,302.22447485729106,299.1546636902092,298.4402212444648
25.825140269457986,1.5,302.2247478460155,299.15484392125944,298.4403233174351
25.82876586826038,1.5,302.2250208119994,299.1550241503293,298.44042540355935
25.832391467062774,1.5,302.2252937552471,299.15520437741776,298.44052750283447
25.836017065865168,1.5,302.2255666757629,299.155384602524,298.4406296152572
25.83964266466756,1.5,302.2258395735511,299.155564825647,298.44073174082445
25.843268263469955,1.5,302.22611244861605,299.1557450467857,298.440833879533
25.84689386227235,1.5,302.2263853009621,299.1559252659392,298.4409360313797
25.850519461074743,1.5,302.2266581305934,299.1561054831065,298.4410381963615
25.854145059877137,1.5,302.2269309375144,299.15628569828664,298.44114037447514
25.85777065867953,1.5,302.2272037217293,299.15646591147885,298.44124256571746
25.861396257481925,1.5,302.2274764832425,299.15664612268193,298.4413447700853
25.86502185628432,1.5,302.22774922205826,299.156826331895,298.4414469875756
25.868647455086712,1.5,302.2280219381809,299.15700653911705,298.4415492181852
25.872273053889106,1.5,302.22829463161463,299.15718674434726,298.44165146191074
25.8758986526915,1.5,302.2285673023639,299.1573669475846,298.4417537187493
25.879524251493894,1.5,302.22883995043287,299.1575471488281,298.44185598869757
25.883149850296288,1.5,302.22911257582587,299.1577273480768,298.44195827175247
25.886775449098682,1.5,302.2293851785472,299.15790754532975,298.44206056791086
25.890401047901076,1.5,302.2296577586012,299.158087740586,298.44216287716955
25.89402664670347,1.5,302.2299303159921,299.15826793384457,298.4422651995254
25.897652245505864,1.5,302.23020285072425,299.1584481251046,298.44236753497523
25.901277844308257,1.5,302.23047536280194,299.15862831436505,298.44246988351597
25.90490344311065,1.5,302.23074785222934,299.15880850162495,298.44257224514433
25.908529041913045,1.5,302.23102031901084,299.1589886868834,298.4426746198573
25.91215464071544,1.5,302.2312927631508,299.1591688701394,298.4427770076516
25.915780239517833,1.5,302.23156518465333,299.1593490513921,298.44287940852416
25.919405838320227,1.5,302.23183758352286,299.15952923064043,298.4429818224718
25.92303143712262,1.5,302.2321099597636,299.1597094078835,298.4430842494914
25.926657035925015,1.5,302.2323823133798,299.1598895831204,298.44318668957976
25.93028263472741,1.5,302.2326546443758,299.16006975635,298.44328914273376
25.933908233529802,1.5,302.23292695275586,299.16024992757167,298.44339160895026
25.937533832332196,1.5,302.2331992385243,299.1604300967842,298.4434940882261
25.94115943113459,1.5,302.23347150168536,299.16061026398665,298.44359658055816
25.944785029936984,1.5,302.23374374224335,299.16079042917823,298.4436990859432
25.948410628739378,1.5,302.23401596020244,299.1609705923579,298.4438016043781
25.95203622754177,1.5,302.23428815556696,299.1611507535247,298.4439041358598
25.955661826344166,1.5,302.2345603283413,299.1613309126777,298.4440066803851
25.95928742514656,1.5,302.23483247852954,299.161511069816,298.4441092379508
25.962913023948953,1.5,302.2351046061361,299.1616912249387,298.44421180855386
25.966538622751347,1.5,302.2353767111651,299.16187137804474,298.444314392191
25.97016422155374,1.5,302.23564879362095,299.16205152913324,298.4444169888592
25.973789820356135,1.5,302.2359208535079,299.1622316782032,298.4445195985552
25.97741541915853,1.5,302.23619289083007,299.16241182525374,298.44462222127595
25.981041017960923,1.5,302.23646490559196,299.1625919702839,298.44472485701823
25.984666616763317,1.5,302.23673689779764,299.1627721132928,298.4448275057789
25.98829221556571,1.5,302.23700886745144,299.16295225427945,298.44493016755496
25.991917814368104,1.5,302.2372808145576,299.1631323932429,298.4450328423431
25.9955434131705,1.5,302.2375527391204,299.1633125301822,298.4451355301402
25.999169011972892,1.5,302.23782464114413,299.1634926650965,298.4452382309432
26.002794610775286,1.5,302.23809652063306,299.16367279798476,298.44534094474886
26.00642020957768,1.5,302.2383683775913,299.1638529288461,298.4454436715541
26.010045808380074,1.5,302.2386402120233,299.16403305767955,298.4455464113557
26.013671407182468,1.5,302.2389120239331,299.1642131844842,298.4456491641506
26.01729700598486,1.5,302.23918381332516,299.1643933092591,298.4457519299356
26.020922604787255,1.5,302.2394555802037,299.16457343200335,298.44585470870766
26.02454820358965,1.5,302.2397273245728,299.164753552716,298.4459575004636
26.028173802392043,1.5,302.2399990464369,299.16493367139617,298.4460603052002
26.031799401194437,1.5,302.2402707458002,299.1651137880428,298.44616312291436
26.03542499999683,1.5,302.2405424226669,299.1652939026551,298.4462659536029
26.039050598799225,1.5,302.2408140770413,299.16547401523206,298.4463687972627
26.04267619760162,1.5,302.2410857089275,299.1656541257728,298.44647165389074
26.046301796404013,1.5,302.24135731833,299.16583423427636,298.4465745234837
26.049927395206407,1.5,302.24162890525287,299.16601434074175,298.44667740603865
26.0535529940088,1.5,302.24190046970034,299.1661944451682,298.44678030155217
26.057178592811194,1.5,302.24217201167676,299.1663745475546,298.4468832100214
26.060804191613588,1.5,302.2424435311862,299.16655464790017,298.446986131443
26.064429790415982,1.5,302.242715028233,299.16673474620393,298.44708906581394
26.068055389218376,1.5,302.2429865028215,299.16691484246496,298.44719201313103
26.07168098802077,1.5,302.24325795495577,299.16709493668236,298.44729497339125
26.075306586823164,1.5,302.2435293846401,299.16727502885516,298.4473979465913
26.078932185625558,1.5,302.2438007918788,299.1674551189824,298.44750093272813
26.08255778442795,1.5,302.2440721766759,299.16763520706326,298.4476039317986
26.086183383230345,1.5,302.24434353903587,299.16781529309674,298.4477069437995
26.08980898203274,1.5,302.2446148789628,299.1679953770819,298.4478099687279
26.093434580835133,1.5,302.244886196461,299.168175459018,298.4479130065804
26.097060179637527,1.5,302.2451574915346,299.16835553890394,298.44801605735404
26.10068577843992,1.5,302.2454287641879,299.16853561673884,298.4481191210456
26.104311377242315,1.5,302.2457000144251,299.16871569252186,298.448222197652
26.10793697604471,1.5,302.24597124225045,299.1688957662519,298.4483252871701
26.111562574847103,1.5,302.2462424476681,299.16907583792823,298.44842838959676
26.115188173649496,1.5,302.2465136306824,299.1692559075499,298.44853150492884
26.11881377245189,1.5,302.2467847912975,299.16943597511585,298.44863463316324
26.122439371254284,1.5,302.24705592951756,299.16961604062533,298.4487377742967
26.126064970056678,1.5,302.2473270453469,299.16979610407736,298.44884092832626
26.129690568859072,1.5,302.24759813878967,299.16997616547104,298.44894409524875
26.133316167661466,1.5,302.2478692098501,299.17015622480545,298.44904727506093
26.13694176646386,1.5,302.2481402585324,299.1703362820797,298.4491504677598
26.140567365266254,1.5,302.2484112848408,299.1705163372928,298.4492536733422
26.144192964068647,1.5,302.24868228877955,299.1706963904439,298.4493568918049
26.14781856287104,1.5,302.2489532703528,299.1708764415321,298.44946012314483
26.151444161673435,1.5,302.24922422956485,299.17105649055634,298.4495633673589
26.15506976047583,1.5,302.24949516641976,299.17123653751594,298.449666624444
26.158695359278223,1.5,302.24976608092186,299.1714165824099,298.4497698943969
26.162320958080617,1.5,302.25003697307534,299.17159662523727,298.44987317721456
26.16594655688301,1.5,302.25030784288435,299.17177666599724,298.4499764728938
26.169572155685405,1.5,302.25057869035317,299.17195670468874,298.45007978143155
26.1731977544878,1.5,302.25084951548587,299.172136741311,298.4501831028246
26.176823353290192,1.5,302.25112031828684,299.172316775863,298.4502864370699
26.180448952092586,1.5,302.2513910987602,299.17249680834396,298.45038978416426
26.18407455089498,1.5,302.2516618569101,299.17267683875286,298.4504931441046
26.187700149697374,1.5,302.25193259274084,299.17285686708897,298.4505965168878
26.191325748499768,1.5,302.25220330625655,299.1730368933512,298.4506999025107
26.194951347302162,1.5,302.2524739974614,299.1732169175387,298.4508033009702
26.198576946104556,1.5,302.2527446663596,299.1733969396506,298.4509067122632
26.20220254490695,1.5,302.2530153129554,299.173576959686,298.45101013638646
26.205828143709343,1.5,302.25328593725305,299.17375697764396,298.451113573337
26.209453742511737,1.5,302.2535565392566,299.17393699352357,298.45121702311167
26.21307934131413,1.5,302.25382711897026,299.17411700732396,298.45132048570724
26.216704940116525,1.5,302.25409767639826,299.1742970190442,298.45142396112067
26.22033053891892,1.5,302.25436821154483,299.17447702868344,298.4515274493489
26.223956137721313,1.5,302.25463872441406,299.17465703624083,298.4516309503886
26.227581736523707,1.5,302.25490921501023,299.17483704171536,298.4517344642369
26.2312073353261,1.5,302.25517968333753,299.17501704510613,298.45183799089057
26.234832934128494,1.5,302.2554501294,299.1751970464122,298.45194153034635
26.23845853293089,1.5,302.2557205532021,299.1753770456329,298.45204508260133
26.242084131733282,1.5,302.2559909547477,299.17555704276714,298.4521486476523
26.245709730535676,1.5,302.2562613340412,299.17573703781414,298.4522522254962
26.24933532933807,1.5,302.25653169108665,299.1759170307729,298.4523558161298
26.252960928140464,1.5,302.25680202588836,299.17609702164253,298.45245941955005
26.256586526942858,1.5,302.25707233845037,299.1762770104222,298.45256303575377
26.26021212574525,1.5,302.25734262877694,299.176456997111,298.45266666473793
26.263837724547646,1.5,302.25761289687216,299.176636981708,298.45277030649936
26.26746332335004,1.5,302.25788314274035,299.1768169642123,298.452873961035
26.271088922152433,1.5,302.2581533663856,299.1769969446231,298.4529776283416
26.274714520954827,1.5,302.2584235678121,299.17717692293945,298.45308130841624
26.27834011975722,1.5,302.258693747024,299.17735689916043,298.4531850012557
26.281965718559615,1.5,302.25896390402545,299.17753687328525,298.45328870685677
26.28559131736201,1.5,302.25923403882064,299.1777168453129,298.4533924252165
26.289216916164403,1.5,302.2595041514138,299.1778968152426,298.45349615633165
26.292842514966797,1.5,302.259774241809,299.1780767830733,298.45359990019915
26.29646811376919,1.5,302.26004431001047,299.17825674880436,298.45370365681595
26.300093712571584,1.5,302.2603143560224,299.1784367124347,298.4538074261788
26.30371931137398,1.5,302.26058437984886,299.17861667396346,298.45391120828464
26.307344910176372,1.5,302.2608543814941,299.1787966333898,298.45401500313045
26.310970508978766,1.5,302.2611243609622,299.1789765907128,298.45411881071294
26.31459610778116,1.5,302.2613943182574,299.1791565459316,298.45422263102915
26.318221706583554,1.5,302.2616642533838,299.17933649904535,298.4543264640759
26.321847305385948,1.5,302.2619341663456,299.17951645005314,298.4544303098502
26.32547290418834,1.5,302.26220405714696,299.1796963989541,298.45453416834863
26.329098502990735,1.5,302.262473925792,299.1798763457472,298.4546380395684
26.33272410179313,1.5,302.2627437722849,299.1800562904318,298.4547419235062
26.336349700595523,1.5,302.2630135966298,299.18023623300684,298.45484582015905
26.339975299397917,1.5,302.2632833988309,299.18041617347154,298.4549497295238
26.34360089820031,1.5,302.2635531788922,299.1805961118249,298.4550536515972
26.347226497002705,1.5,302.26382293681803,299.18077604806626,298.4551575863764
26.3508520958051,1.5,302.26409267261243,299.1809559821945,298.45526153385805
26.354477694607493,1.5,302.2643623862797,299.1811359142089,298.45536549403926
26.358103293409886,1.5,302.26463207782376,299.18131584410855,298.4554694669167
26.36172889221228,1.5,302.2649017472489,299.18149577189246,298.45557345248744
26.365354491014674,1.5,302.26517139455933,299.18167569755997,298.4556774507483
26.368980089817068,1.5,302.265441019759,299.18185562110995,298.4557814616961
26.372605688619462,1.5,302.26571062285217,299.1820355425417,298.4558854853279
26.376231287421856,1.5,302.26598020384296,299.1822154618543,298.45598952164045
26.37985688622425,1.5,302.2662497627355,299.1823953790469,298.4560935706307
26.383482485026644,1.5,302.266519299534,299.1825752941186,298.45619763229547
26.387108083829037,1.5,302.26678881424255,299.18275520706857,298.4563017066317
26.39073368263143,1.5,302.2670583068653,299.18293511789585,298.45640579363635
26.394359281433825,1.5,302.2673277774063,299.18311502659964,298.4565098933063
26.39798488023622,1.5,302.2675972258698,299.183294933179,298.45661400563836
26.401610479038613,1.5,302.26786665225984,299.18347483763324,298.4567181306295
26.405236077841007,1.5,302.2681360565806,299.18365473996124,298.4568222682766
26.4088616766434,1.5,302.2684054388363,299.1838346401623,298.4569264185766
26.412487275445795,1.5,302.26867479903086,299.18401453823543,298.4570305815262
26.41611287424819,1.5,302.2689441371686,299.18419443417986,298.45713475712256
26.419738473050582,1.5,302.2692134532536,299.1843743279947,298.4572389453624
26.423364071852976,1.5,302.26948274728994,299.1845542196791,298.45734314624264
26.42698967065537,1.5,302.2697520192818,299.1847341092321,298.4574473597603
26.430615269457764,1.5,302.27002126923327,299.184913996653,298.45755158591214
26.434240868260158,1.5,302.2702904971485,299.1850938819408,298.4576558246951
26.437866467062552,1.5,302.27055970303155,299.1852737650947,298.4577600761061
26.441492065864946,1.5,302.27082888688665,299.18545364611373,298.45786434014207
26.44511766466734,1.5,302.2710980487178,299.1856335249972,298.45796861679986
26.448743263469733,1.5,302.27136718852927,299.18581340174404,298.4580729060763
26.452368862272127,1.5,302.27163630632504,299.1859932763536,298.45817720796845
26.45599446107452,1.5,302.2719054021092,299.1861731488249,298.45828152247316
26.459620059876915,1.5,302.27217447588606,299.1863530191571,298.45838584958733
26.46324565867931,1.5,302.27244352765956,299.1865328873493,298.4584901893077
26.466871257481703,1.5,302.27271255743386,299.1867127534007,298.4585945416313
26.470496856284097,1.5,302.2729815652131,299.1868926173104,298.4586989065552
26.47412245508649,1.5,302.2732505510014,299.18707247907753,298.458803284076
26.477748053888885,1.5,302.27351951480284,299.18725233870134,298.4589076741908
26.48137365269128,1.5,302.2737884566216,299.18743219618085,298.45901207689644
26.484999251493672,1.5,302.27405737646166,299.18761205151526,298.4591164921898
26.488624850296066,1.5,302.2743262743272,299.18779190470366,298.4592209200679
26.49225044909846,1.5,302.27459515022235,299.18797175574525,298.45932536052743
26.495876047900854,1.5,302.27486400415114,299.18815160463913,298.4594298135655
26.499501646703248,1.5,302.27513283611773,299.1883314513845,298.45953427917897
26.50312724550564,1.5,302.2754016461262,299.1885112959805,298.4596387573647
26.506752844308036,1.5,302.27567043418077,299.1886911384262,298.4597432481196
26.51037844311043,1.5,302.2759392002854,299.1888709787208,298.4598477514405
26.514004041912823,1.5,302.2762079444442,299.1890508168634,298.45995226732447
26.517629640715217,1.5,302.2764766666613,299.18923065285327,298.4600567957684
26.52125523951761,1.5,302.2767453669408,299.1894104866895,298.4601613367691
26.524880838320005,1.5,302.27701404528676,299.18959031837113,298.4602658903235
26.5285064371224,1.5,302.27728270170337,299.18977014789743,298.46037045642856
26.532132035924793,1.5,302.2775513361947,299.18994997526755,298.4604750350811
26.535757634727187,1.5,302.2778199487648,299.19012980048063,298.46057962627816
26.53938323352958,1.5,302.2780885394177,299.19030962353577,298.46068423001645
26.543008832331974,1.5,302.2783571081576,299.19048944443216,298.4607888462931
26.54663443113437,1.5,302.27862565498856,299.19066926316896,298.4608934751049
26.550260029936762,1.5,302.2788941799146,299.19084907974525,298.46099811644876
26.553885628739156,1.5,302.2791626829399,299.19102889416024,298.46110277032165
26.55751122754155,1.5,302.27943116406857,299.1912087064131,298.46120743672043
26.561136826343944,1.5,302.2796996233047,299.19138851650297,298.46131211564204
26.564762425146338,1.5,302.2799680606522,299.19156832442906,298.46141680708337
26.56838802394873,1.5,302.2802364761153,299.1917481301904,298.4615215110413
26.572013622751125,1.5,302.28050486969806,299.1919279337862,298.4616262275128
26.57563922155352,1.5,302.2807732414046,299.19210773521564,298.4617309564948
26.579264820355913,1.5,302.28104159123893,299.19228753447794,298.4618356979842
26.582890419158307,1.5,302.2813099192051,299.1924673315721,298.4619404519778
26.5865160179607,1.5,302.28157822530727,299.1926471264974,298.46204521847267
26.590141616763095,1.5,302.28184650954955,299.1928269192529,298.46214999746564
26.59376721556549,1.5,302.28211477193594,299.1930067098379,298.4622547889537
26.597392814367883,1.5,302.2823830124706,299.1931864982514,298.4623595929337
26.601018413170276,1.5,302.28265123115744,299.19336628449275,298.4624644094025
26.60464401197267,1.5,302.28291942800064,299.193546068561,298.46256923835716
26.608269610775064,1.5,302.2831876030043,299.1937258504552,298.4626740797945
26.611895209577458,1.5,302.2834557561725,299.1939056301747,298.4627789337115
26.615520808379852,1.5,302.28372388750915,299.1940854077186,298.4628838001049
26.619146407182246,1.5,302.2839919970185,299.19426518308603,298.4629886789719
26.62277200598464,1.5,302.28426008470456,299.19444495627613,298.46309357030924
26.626397604787034,1.5,302.28452815057136,299.19462472728816,298.4631984741138
26.630023203589428,1.5,302.2847961946231,299.1948044961212,298.46330339038263
26.63364880239182,1.5,302.2850642168636,299.1949842627745,298.46340831911255
26.637274401194215,1.5,302.28533221729714,299.19516402724713,298.46351326030054
26.64089999999661,1.5,302.28560019592766,299.1953437895383,298.46361821394345
26.644525598799003,1.5,302.2858681527593,299.1955235496472,298.46372318003824
26.648151197601397,1.5,302.2861360877961,299.1957033075729,298.46382815858186
26.65177679640379,1.5,302.2864040010421,299.19588306331474,298.46393314957123
26.655402395206185,1.5,302.2866718925014,299.19606281687174,298.46403815300323
26.65902799400858,1.5,302.28693976217795,299.1962425682431,298.4641431688748
26.662653592810972,1.5,302.2872076100759,299.196422317428,298.4642481971828
26.666279191613366,1.5,302.2874754361993,299.19660206442575,298.46435323792434
26.66990479041576,1.5,302.28774324055223,299.1967818092353,298.4644582910961
26.673530389218154,1.5,302.2880110231386,299.19696155185596,298.4645633566952
26.677155988020548,1.5,302.2882787839626,299.1971412922868,298.4646684347185
26.680781586822942,1.5,302.2885465230283,299.19732103052706,298.46477352516285
26.684407185625336,1.5,302.2888142403396,299.1975007665759,298.4648786280252
26.68803278442773,1.5,302.2890819359007,299.1976805004325,298.4649837433025
26.691658383230124,1.5,302.28934960971554,299.197860232096,298.46508887099174
26.695283982032517,1.5,302.2896172617883,299.19803996156566,298.46519401108975
26.69890958083491,1.5,302.28988489212287,299.19821968884054,298.46529916359356
26.702535179637305,1.5,302.29015250072337,299.19839941391984,298.4654043285
26.7061607784397,1.5,302.2904200875939,299.19857913680283,298.465509505806
26.709786377242093,1.5,302.2906876527383,299.19875885748866,298.4656146955085
26.713411976044487,1.5,302.29095519616084,299.1989385759764,298.46571989760446
26.71703757484688,1.5,302.2912227178655,299.1991182922653,298.4658251120908
26.720663173649275,1.5,302.2914902178562,299.1992980063546,298.4659303389644
26.72428877245167,1.5,302.2917576961371,299.19947771824326,298.46603557822226
26.727914371254062,1.5,302.29202515271226,299.1996574279308,298.4661408298612
26.731539970056456,1.5,302.2922925875856,299.1998371354161,298.4662460938783
26.73516556885885,1.5,302.2925600007612,299.20001684069854,298.4663513702704
26.738791167661244,1.5,302.29282739224317,299.20019654377717,298.46645665903435
26.742416766463638,1.5,302.2930947620354,299.2003762446512,298.46656196016727
26.74604236526603,1.5,302.29336211014214,299.20055594331984,298.46666727366596
26.749667964068426,1.5,302.2936294365672,299.2007356397823,298.4667725995274
26.75329356287082,1.5,302.29389674131465,299.2009153340377,298.4668779377485
26.756919161673213,1.5,302.2941640243886,299.2010950260852,298.46698328832616
26.760544760475607,1.5,302.294431285793,299.20127471592406,298.46708865125737
26.764170359278,1.5,302.294698525532,299.2014544035535,298.46719402653906
26.767795958080395,1.5,302.29496574360945,299.20163408897264,298.46729941416805
26.77142155688279,1.5,302.2952329400295,299.2018137721806,298.4674048141415
26.775047155685183,1.5,302.2955001147962,299.20199345317667,298.4675102264561
26.778672754487577,1.5,302.2957672679134,299.20217313196,298.46761565110893
26.78229835328997,1.5,302.2960343993853,299.2023528085298,298.4677210880969
26.785923952092364,1.5,302.29630150921577,299.2025324828852,298.4678265374169
26.78954955089476,1.5,302.29656859740896,299.2027121550255,298.4679319990659
26.793175149697152,1.5,302.29683566396886,299.20289182494975,298.4680374730409
26.796800748499546,1.5,302.29710270889944,299.20307149265716,298.4681429593387
26.80042634730194,1.5,302.29736973220474,299.2032511581471,298.46824845795635
26.804051946104334,1.5,302.29763673388874,299.2034308214185,298.4683539688907
26.807677544906728,1.5,302.2979037139555,299.20361048247076,298.4684594921388
26.81130314370912,1.5,302.29817067240907,299.20379014130293,298.4685650276975
26.814928742511515,1.5,302.29843760925337,299.2039697979143,298.4686705755637
26.81855434131391,1.5,302.29870452449245,299.2041494523039,298.46877613573446
26.822179940116303,1.5,302.2989714181303,299.2043291044712,298.46888170820654
26.825805538918697,1.5,302.29923829017093,299.20450875441514,298.46898729297703
26.82943113772109,1.5,302.29950514061835,299.20468840213505,298.4690928900429
26.833056736523485,1.5,302.29977196947664,299.2048680476301,298.469198499401
26.83668233532588,1.5,302.3000387767498,299.20504769089945,298.4693041210482
26.840307934128273,1.5,302.3003055624417,299.2052273319423,298.46940975498165
26.843933532930667,1.5,302.30057232655645,299.2054069707579,298.46951540119807
26.84755913173306,1.5,302.300839069098,299.2055866073454,298.4696210596946
26.851184730535454,1.5,302.3011057900704,299.2057662417041,298.469726730468
26.854810329337848,1.5,302.3013724894776,299.20594587383295,298.46983241351535
26.858435928140242,1.5,302.30163916732363,299.2061255037314,298.46993810883356
26.862061526942636,1.5,302.3019058236125,299.20630513139855,298.47004381641955
26.86568712574503,1.5,302.3021724583482,299.20648475683356,298.4701495362702
26.869312724547424,1.5,302.30243907153465,299.2066643800357,298.4702552683825
26.872938323349818,1.5,302.30270566317597,299.20684400100413,298.4703610127535
26.87656392215221,1.5,302.302972233276,299.20702361973804,298.47046676938
26.880189520954605,1.5,302.303238781839,299.2072032362367,298.470572538259
26.883815119757,1.5,302.3035053088687,299.20738285049924,298.47067831938745
26.887440718559393,1.5,302.30377181436916,299.2075624625249,298.47078411276226
26.891066317361787,1.5,302.3040382983444,299.2077420723129,298.47088991838046
26.89469191616418,1.5,302.30430476079846,299.20792167986235,298.470995736239
26.898317514966575,1.5,302.30457120173514,299.2081012851725,298.47110156633465
26.90194311376897,1.5,302.30483762115864,299.2082808882427,298.47120740866455
26.905568712571363,1.5,302.30510401907276,299.20846048907197,298.47131326322557
26.909194311373756,1.5,302.3053703954817,299.2086400876596,298.4714191300146
26.91281991017615,1.5,302.3056367503893,299.2088196840047,298.4715250090287
26.916445508978544,1.5,302.3059030837995,299.20899927810666,298.47163090026476
26.920071107780938,1.5,302.3061693957163,299.2091788699645,298.47173680371975
26.923696706583332,1.5,302.3064356861438,299.2093584595775,298.4718427193906
26.927322305385726,1.5,302.3067019550859,299.2095380469449,298.4719486472743
26.93094790418812,1.5,302.30696820254656,299.20971763206586,298.4720545873678
26.934573502990514,1.5,302.3072344285298,299.20989721493964,298.4721605396679
26.938199101792907,1.5,302.3075006330395,299.2100767955654,298.4722665041717
26.9418247005953,1.5,302.30776681607983,299.21025637394234,298.4723724808762
26.945450299397695,1.5,302.30803297765453,299.2104359500697,298.4724784697782
26.94907589820009,1.5,302.30829911776783,299.21061552394684,298.4725844708747
26.952701497002483,1.5,302.3085652364235,299.2107950955727,298.4726904841627
26.956327095804877,1.5,302.30883133362556,299.2109746649466,298.4727965096391
26.95995269460727,1.5,302.30909740937796,299.21115423206777,298.4729025473009
26.963578293409665,1.5,302.30936346368475,299.21133379693543,298.47300859714505
26.96720389221206,1.5,302.3096294965498,299.21151335954886,298.4731146591685
26.970829491014452,1.5,302.3098955079771,299.21169291990714,298.4732207333682
26.974455089816846,1.5,302.3101614979706,299.2118724780096,298.4733268197411
26.97808068861924,1.5,302.31042746653446,299.2120520338553,298.4734329182842
26.981706287421634,1.5,302.31069341367237,299.2122315874436,298.47353902899437
26.985331886224028,1.5,302.3109593393885,299.21241113877363,298.47364515186854
26.988957485026422,1.5,302.31122524368664,299.21259068784474,298.47375128690373
26.992583083828816,1.5,302.3114911265708,299.212770234656,298.47385743409694
26.99620868263121,1.5,302.311756988045,299.2129497792067,298.47396359344515
26.999834281433603,1.5,302.3120228281132,299.21312932149607,298.4740697649452
27.003459880235997,1.5,302.3122886467792,299.2133088615233,298.4741759485941
27.00708547903839,1.5,302.3125544440472,299.2134883992876,298.47428214438884
27.010711077840785,1.5,302.312820219921,299.21366793478813,298.4743883523263
27.01433667664318,1.5,302.31308597440454,299.2138474680243,298.4744945724035
27.017962275445573,1.5,302.31335170750185,299.2140269989951,298.47460080461735
27.021587874247967,1.5,302.31361741921694,299.21420652769996,298.4747070489649
27.02521347305036,1.5,302.31388310955356,299.21438605413795,298.474813305443
27.028839071852754,1.5,302.3141487785158,299.2145655783084,298.4749195740487
27.03246467065515,1.5,302.31441442610765,299.21474510021045,298.4750258547789
27.036090269457542,1.5,302.314680052333,299.2149246198433,298.4751321476306
27.039715868259936,1.5,302.3149456571958,299.21510413720637,298.47523845260076
27.04334146706233,1.5,302.31521124069985,299.21528365229864,298.47534476968633
27.046967065864724,1.5,302.31547680284933,299.21546316511944,298.47545109888426
27.050592664667118,1.5,302.315742343648,299.21564267566805,298.47555744019155
27.05421826346951,1.5,302.31600786309997,299.2158221839436,298.47566379360507
27.057843862271906,1.5,302.3162733612091,299.2160016899454,298.4757701591219
27.0614694610743,1.5,302.31653883797924,299.21618119367264,298.475876536739
27.065095059876693,1.5,302.31680429341446,299.2163606951245,298.47598292645324
27.068720658679087,1.5,302.3170697275187,299.21654019430025,298.47608932826165
27.07234625748148,1.5,302.3173351402958,299.2167196911991,298.4761957421612
27.075971856283875,1.5,302.3176005317498,299.21689918582035,298.47630216814883
27.07959745508627,1.5,302.3178659018846,299.2170786781631,298.4764086062215
27.083223053888663,1.5,302.3181312507041,299.2172581682268,298.47651505637623
27.086848652691057,1.5,302.31839657821223,299.2174376560105,298.47662151860993
27.09047425149345,1.5,302.31866188441296,299.2176171415134,298.47672799291956
27.094099850295844,1.5,302.3189271693102,299.2177966247348,298.4768344793021
27.097725449098238,1.5,302.31919243290787,299.2179761056739,298.4769409777545
27.101351047900632,1.5,302.31945767521,299.21815558433,298.47704748827385
27.104976646703026,1.5,302.3197228962204,299.2183350607024,298.47715401085696
27.10860224550542,1.5,302.319988095943,299.21851453479013,298.4772605455009
27.112227844307814,1.5,302.3202532743818,299.2186940065925,298.4773670922026
27.115853443110208,1.5,302.3205184315407,299.2188734761088,298.477473650959
27.1194790419126,1.5,302.3207835674235,299.2190529433382,298.4775802217671
27.123104640714995,1.5,302.32104868203436,299.2192324082801,298.47768680462394
27.12673023951739,1.5,302.321313775377,299.21941187093347,298.4777933995263
27.130355838319783,1.5,302.3215788474555,299.2195913312978,298.47790000647143
27.133981437122177,1.5,302.32184389827364,299.2197707893721,298.4780066254561
27.13760703592457,1.5,302.3221089278354,299.21995024515576,298.47811325647734
27.141232634726965,1.5,302.32237393614474,299.22012969864795,298.47821989953206
27.14485823352936,1.5,302.3226389232055,299.22030914984794,298.47832655461735
27.148483832331753,1.5,302.32290388902163,299.22048859875497,298.4784332217301
27.152109431134146,1.5,302.3231688335971,299.2206680453683,298.4785399008673
27.15573502993654,1.5,302.3234337569357,299.2208474896871,298.4786465920259
27.159360628738934,1.5,302.3236986590415,299.22102693171075,298.4787532952029
27.162986227541328,1.5,302.32396353991817,299.22120637143837,298.47886001039535
27.166611826343722,1.5,302.3242283995699,299.2213858088691,298.4789667376001
27.170237425146116,1.5,302.32449323800046,299.2215652440025,298.47907347681416
27.17386302394851,1.5,302.32475805521375,299.22174467683743,298.4791802280346
27.177488622750904,1.5,302.3250228512137,299.2219241073734,298.4792869912582
27.181114221553297,1.5,302.32528762600424,299.22210353560956,298.4793937664822
27.18473982035569,1.5,302.3255523795892,299.2222829615452,298.4795005537033
27.188365419158085,1.5,302.3258171119726,299.2224623851795,298.4796073529187
27.19199101796048,1.5,302.3260818231583,299.22264180651183,298.4797141641253
27.195616616762873,1.5,302.32634651315016,299.2228212255413,298.47982098732007
27.199242215565267,1.5,302.3266111819521,299.22300064226715,298.4799278225
27.20286781436766,1.5,302.32687582956805,299.22318005668876,298.48003466966196
27.206493413170055,1.5,302.3271404560018,299.22335946880526,298.4801415288031
27.21011901197245,1.5,302.3274050612575,299.22353887861584,298.4802483999203
27.213744610774842,1.5,302.3276696453388,299.2237182861199,298.48035528301057
27.217370209577236,1.5,302.32793420824976,299.22389769131667,298.4804621780709
27.22099580837963,1.5,302.3281987499941,299.22407709420526,298.4805690850983
27.224621407182024,1.5,302.32846327057587,299.2242564947851,298.4806760040897
27.228247005984418,1.5,302.3287277699989,299.2244358930553,298.4807829350421
27.231872604786812,1.5,302.32899224826707,299.2246152890152,298.4808898779524
27.235498203589206,1.5,302.3292567053844,299.22479468266397,298.4809968328177
27.2391238023916,1.5,302.3295211413546,299.22497407400095,298.481103799635
27.242749401193993,1.5,302.3297855561816,299.2251534630254,298.4812107784012
27.246374999996387,1.5,302.33004994986936,299.22533284973645,298.4813177691133
27.25000059879878,1.5,302.33031432242177,299.2255122341334,298.4814247717682
27.253626197601175,1.5,302.33057867384264,299.22569161621556,298.4815317863631
27.25725179640357,1.5,302.3308430041359,299.2258709959822,298.48163881289486
27.260877395205963,1.5,302.33110731330544,299.2260503734325,298.4817458513605
27.264502994008357,1.5,302.3313716013551,299.2262297485657,298.4818529017569
27.26812859281075,1.5,302.33163586828886,299.22640912138115,298.4819599640811
27.271754191613145,1.5,302.3319001141105,299.226588491878,298.4820670383302
27.27537979041554,1.5,302.33216433882393,299.22676786005553,298.48217412450106
27.279005389217932,1.5,302.3324285424331,299.2269472259131,298.48228122259076
27.282630988020326,1.5,302.3326927249418,299.2271265894498,298.4823883325961
27.28625658682272,1.5,302.33295688635394,299.227305950665,298.48249545451426
27.289882185625114,1.5,302.33322102667336,299.22748530955795,298.48260258834216
27.293507784427508,1.5,302.33348514590404,299.22766466612785,298.4827097340768
27.2971333832299,1.5,302.3337492440497,299.2278440203741,298.48281689171523
27.300758982032296,1.5,302.33401332111436,299.2280233722958,298.4829240612544
27.30438458083469,1.5,302.33427737710184,299.2282027218923,298.4830312426912
27.308010179637083,1.5,302.33454141201594,299.22838206916276,298.4831384360227
27.311635778439477,1.5,302.3348054258607,299.22856141410665,298.4832456412459
27.31526137724187,1.5,302.33506941863976,299.22874075672297,298.48335285835776
27.318886976044265,1.5,302.33533339035716,299.22892009701116,298.4834600873553
27.32251257484666,1.5,302.33559734101675,299.2290994349704,298.48356732823555
27.326138173649053,1.5,302.33586127062233,299.2292787706,298.48367458099546
27.329763772451447,1.5,302.3361251791778,299.22945810389916,298.483781845632
27.33338937125384,1.5,302.3363890666871,299.2296374348673,298.4838891221422
27.337014970056234,1.5,302.33665293315397,299.2298167635035,298.48399641052305
27.34064056885863,1.5,302.3369167785823,299.22999608980706,298.4841037107715
27.344266167661022,1.5,302.33718060297605,299.2301754137773,298.48421102288455
27.347891766463416,1.5,302.33744440633893,299.23035473541347,298.4843183468593
27.35151736526581,1.5,302.3377081886749,299.23053405471484,298.4844256826927
27.355142964068204,1.5,302.33797194998783,299.2307133716807,298.4845330303816
27.358768562870598,1.5,302.3382356902815,299.23089268631026,298.4846403899232
27.36239416167299,1.5,302.33849940955986,299.23107199860283,298.48474776131445
27.366019760475385,1.5,302.33876310782676,299.2312513085576,298.4848551445522
27.36964535927778,1.5,302.33902678508593,299.2314306161739,298.4849625396336
27.373270958080173,1.5,302.3392904413413,299.231609921451,298.48506994655554
27.376896556882567,1.5,302.33955407659676,299.2317892243883,298.48517736531517
27.38052215568496,1.5,302.33981769085614,299.23196852498484,298.48528479590937
27.384147754487355,1.5,302.3400812841233,299.23214782324004,298.4853922383351
27.38777335328975,1.5,302.340344856402,299.23232711915307,298.48549969258954
27.391398952092143,1.5,302.34060840769615,299.2325064127232,298.48560715866955
27.395024550894536,1.5,302.3408719380097,299.2326857039498,298.4857146365721
27.39865014969693,1.5,302.34113544734635,299.2328649928321,298.48582212629424
27.402275748499324,1.5,302.34139893571,299.2330442793694,298.485929627833
27.405901347301718,1.5,302.3416624031045,299.2332235635609,298.4860371411854
27.409526946104112,1.5,302.34192584953377,299.23340284540586,298.48614466634837
27.413152544906506,1.5,302.3421892750015,299.2335821249037,298.486252203319
27.4167781437089,1.5,302.3424526795116,299.2337614020536,298.4863597520942
27.420403742511294,1.5,302.34271606306794,299.23394067685484,298.486467312671
27.424029341313688,1.5,302.34297942567434,299.23411994930666,298.4865748850464
27.42765494011608,1.5,302.3432427673347,299.2342992194084,298.48668246921744
27.431280538918475,1.5,302.3435060880527,299.23447848715927,298.4867900651811
27.43490613772087,1.5,302.3437693878323,299.2346577525586,298.4868976729344
27.438531736523263,1.5,302.3440326666773,299.2348370156056,298.48700529247435
27.442157335325657,1.5,302.3442959245915,299.2350162762997,298.4871129237979
27.44578293412805,1.5,302.34455916157884,299.23519553463996,298.4872205669021
27.449408532930445,1.5,302.3448223776431,299.2353747906258,298.48732822178397
27.45303413173284,1.5,302.3450855727881,299.2355540442565,298.4874358884405
27.456659730535232,1.5,302.3453487470176,299.2357332955313,298.4875435668686
27.460285329337626,1.5,302.34561190033554,299.23591254444955,298.48765125706547
27.46391092814002,1.5,302.3458750327457,299.23609179101044,298.48775895902804
27.467536526942414,1.5,302.346138144252,299.2362710352133,298.4878666727532
27.471162125744808,1.5,302.3464012348581,299.2364502770574,298.4879743982382
27.474787724547202,1.5,302.346664304568,299.23662951654205,298.48808213547983
27.478413323349596,1.5,302.34692735338535,299.2368087536664,298.48818988447516
27.48203892215199,1.5,302.34719038131414,299.2369879884299,298.4882976452212
27.485664520954384,1.5,302.3474533883581,299.2371672208318,298.488405417715
27.489290119756777,1.5,302.34771637452104,299.2373464508713,298.48851320195354
27.49291571855917,1.5,302.34797933980684,299.23752567854774,298.4886209979339
27.496541317361565,1.5,302.3482422842192,299.2377049038604,298.48872880565295
27.50016691616396,1.5,302.34850520776206,299.2378841268085,298.4888366251078
27.503792514966353,1.5,302.3487681104392,299.2380633473915,298.4889444562954
27.507418113768747,1.5,302.34903099225454,299.2382425656086,298.48905229921286
27.51104371257114,1.5,302.34929385321175,299.23842178145895,298.48916015385714
27.514669311373535,1.5,302.34955669331464,299.2386009949421,298.4892680202253
27.51829491017593,1.5,302.3498195125672,299.2387802060571,298.4893758983142
27.521920508978322,1.5,302.35008231097305,299.2389594148033,298.48948378812105
27.525546107780716,1.5,302.3503450885361,299.23913862118,298.48959168964274
27.52917170658311,1.5,302.35060784526013,299.23931782518656,298.4896996028763
27.532797305385504,1.5,302.35087058114897,299.2394970268223,298.48980752781887
27.536422904187898,1.5,302.3511332962064,299.2396762260863,298.48991546446723
27.54004850299029,1.5,302.3513959904363,299.23985542297805,298.4900234128186
27.543674101792686,1.5,302.3516586638424,299.2400346174967,298.49013137287
27.54729970059508,1.5,302.3519213164285,299.24021380964166,298.4902393446182
27.550925299397473,1.5,302.3521839481985,299.2403929994121,298.4903473280605
27.554550898199867,1.5,302.3524465591561,299.24057218680747,298.49045532319377
27.55817649700226,1.5,302.3527091493051,299.2407513718269,298.49056333001516
27.561802095804655,1.5,302.35297171864937,299.24093055446974,298.49067134852146
27.56542769460705,1.5,302.35323426719276,299.24110973473535,298.49077937870993
27.569053293409443,1.5,302.35349679493896,299.24128891262296,298.4908874205774
27.572678892211837,1.5,302.3537593018918,299.2414680881319,298.4909954741211
27.57630449101423,1.5,302.3540217880551,299.2416472612614,298.4911035393378
27.579930089816624,1.5,302.35428425343264,299.24182643201084,298.4912116162247
27.58355568861902,1.5,302.35454669802823,299.2420056003794,298.4913197047788
27.587181287421412,1.5,302.35480912184573,299.24218476636656,298.49142780499704
27.590806886223806,1.5,302.35507152488873,299.2423639299715,298.49153591687656
27.5944324850262,1.5,302.35533390716125,299.24254309119345,298.49164404041426
27.598058083828594,1.5,302.355596268667,299.2427222500318,298.4917521756072
27.601683682630988,1.5,302.3558586094098,299.2429014064858,298.49186032245245
27.60530928143338,1.5,302.35612092939334,299.2430805605548,298.49196848094704
27.608934880235775,1.5,302.35638322862144,299.2432597122381,298.4920766510879
27.61256047903817,1.5,302.35664550709794,299.243438861535,298.49218483287217
27.616186077840563,1.5,302.3569077648267,299.2436180084447,298.49229302629675
27.619811676642957,1.5,302.35717000181137,299.2437971529667,298.49240123135877
27.62343727544535,1.5,302.35743221805575,299.2439762951001,298.4925094480552
27.627062874247745,1.5,302.3576944135637,299.24415543484423,298.4926176763831
27.63068847305014,1.5,302.35795658833894,299.2443345721985,298.4927259163395
27.634314071852533,1.5,302.3582187423853,299.2445137071621,298.4928341679214
27.637939670654927,1.5,302.35848087570656,299.24469283973445,298.49294243112575
27.64156526945732,1.5,302.3587429883064,299.2448719699148,298.49305070594977
27.645190868259714,1.5,302.3590050801888,299.2450510977024,298.49315899239036
27.648816467062108,1.5,302.35926715135736,299.2452302230966,298.4932672904446
27.652442065864502,1.5,302.3595292018159,299.2454093460967,298.4933756001094
27.656067664666896,1.5,302.3597912315683,299.24558846670203,298.49348392138194
27.65969326346929,1.5,302.36005324061813,299.2457675849118,298.49359225425917
27.663318862271684,1.5,302.36031522896945,299.24594670072537,298.4937005987382
27.666944461074078,1.5,302.36057719662574,299.24612581414215,298.4938089548159
27.67057005987647,1.5,302.36083914359097,299.2463049251614,298.49391732248944
27.674195658678865,1.5,302.3611010698689,299.24648403378234,298.49402570175585
27.67782125748126,1.5,302.3613629754632,299.2466631400043,298.4941340926121
27.681446856283653,1.5,302.3616248603776,299.2468422438265,298.4942424950553
27.685072455086047,1.5,302.36188672461606,299.24702134524847,298.49435090908236
27.68869805388844,1.5,302.36214856818225,299.2472004442694,298.49445933469036
27.692323652690835,1.5,302.3624103910799,299.2473795408886,298.49456777187635
27.69594925149323,1.5,302.3626721933129,299.2475586351054,298.4946762206375
27.699574850295622,1.5,302.36293397488487,299.2477377269191,298.49478468097055
27.703200449098016,1.5,302.36319573579965,299.247916816329,298.49489315287275
27.70682604790041,1.5,302.363457476061,299.24809590333444,298.4950016363411
27.710451646702804,1.5,302.3637191956727,299.2482749879347,298.49511013137266
27.714077245505198,1.5,302.3639808946384,299.24845407012907,298.4952186379644
27.717702844307592,1.5,302.36424257296204,299.24863314991694,298.4953271561134
27.721328443109986,1.5,302.36450423064724,299.24881222729755,298.4954356858166
27.72495404191238,1.5,302.3647658676978,299.2489913022702,298.4955442270712
27.728579640714774,1.5,302.36502748411755,299.2491703748344,298.49565277987415
27.732205239517167,1.5,302.36528907991016,299.24934944498915,298.49576134422244
27.73583083831956,1.5,302.3655506550794,299.24952851273395,298.49586992011314
27.739456437121955,1.5,302.36581220962904,299.2497075780681,298.4959785075434
27.74308203592435,1.5,302.3660737435628,299.24988664099095,298.4960871065101
27.746707634726743,1.5,302.36633525688444,299.2500657015017,298.4961957170104
27.750333233529137,1.5,302.3665967495978,299.2502447595998,298.49630433904116
27.75395883233153,1.5,302.36685822170654,299.2504238152845,298.4964129725997
27.757584431133925,1.5,302.3671196732145,299.250602868555,298.4965216176828
27.76121002993632,1.5,302.3673811041253,299.2507819194108,298.49663027428767
27.764835628738712,1.5,302.3676425144427,299.25096096785126,298.4967389424113
27.768461227541106,1.5,302.36790390417053,299.25114001387556,298.4968476220507
27.7720868263435,1.5,302.36816527331257,299.251319057483,298.49695631320293
27.775712425145894,1.5,302.36842662187246,299.2514980986729,298.4970650158651
27.779338023948288,1.5,302.36868794985406,299.25167713744474,298.4971737300341
27.78296362275068,1.5,302.36894925726097,299.2518561737977,298.4972824557071
27.786589221553076,1.5,302.36921054409703,299.2520352077311,298.49739119288114
27.79021482035547,1.5,302.36947181036595,299.2522142392443,298.49749994155314
27.793840419157863,1.5,302.36973305607154,299.2523932683367,298.4976087017203
27.797466017960257,1.5,302.36999428121743,299.25257229500744,298.4977174733796
27.80109161676265,1.5,302.3702554858074,299.25275131925594,298.4978262565281
27.804717215565045,1.5,302.3705166698452,299.2529303410816,298.49793505116287
27.80834281436744,1.5,302.37077783333456,299.2531093604836,298.4980438572809
27.811968413169833,1.5,302.3710389762792,299.2532883774614,298.49815267487924
27.815594011972227,1.5,302.3713000986829,299.25346739201416,298.498261503955
27.81921961077462,1.5,302.3715612005494,299.25364640414136,298.4983703445051
27.822845209577014,1.5,302.3718222818824,299.2538254138422,298.4984791965267
27.82647080837941,1.5,302.3720833426855,299.2540044211162,298.49858806001686
27.830096407181802,1.5,302.37234438296275,299.25418342596237,298.4986969349726
27.833722005984196,1.5,302.3726054027176,299.2543624283804,298.49880582139093
27.83734760478659,1.5,302.3728664019539,299.25454142836935,298.49891471926895
27.840973203588984,1.5,302.37312738067544,299.25472042592867,298.4990236286037
27.844598802391378,1.5,302.3733883388858,299.25489942105764,298.49913254939224
27.84822440119377,1.5,302.3736492765887,299.25507841375554,298.4992414816316
27.851849999996166,1.5,302.373910193788,299.2552574040218,298.4993504253188
27.85547559879856,1.5,302.3741710904874,299.2554363918557,298.49945938045096
27.859101197600953,1.5,302.3744319666905,299.2556153772567,298.499568347025
27.862726796403347,1.5,302.3746928224012,299.25579436022383,298.4996773250382
27.86635239520574,1.5,302.3749536576231,299.2559733407567,298.49978631448744
27.869977994008135,1.5,302.37521447235997,299.2561523188545,298.49989531536977
27.87360359281053,1.5,302.37547526661547,299.2563312945166,298.5000043276823
27.877229191612923,1.5,302.3757360403934,299.2565102677424,298.50011335142204
27.880854790415317,1.5,302.37599679369737,299.2566892385311,298.5002223865862
27.88448038921771,1.5,302.3762575265312,299.25686820688213,298.5003314331716
27.888105988020104,1.5,302.3765182388986,299.2570471727948,298.5004404911755
27.891731586822498,1.5,302.37677893080325,299.25722613626834,298.50054956059483
27.895357185624892,1.5,302.3770396022489,299.2574050973023,298.5006586414267
27.898982784427286,1.5,302.37730025323924,299.25758405589585,298.50076773366817
27.90260838322968,1.5,302.37756088377796,299.2577630120483,298.50087683731624
27.906233982032074,1.5,302.37782149386874,299.2579419657591,298.50098595236807
27.909859580834468,1.5,302.3780820835154,299.2581209170275,298.5010950788206
27.91348517963686,1.5,302.3783426527216,299.25829986585296,298.50120421667094
27.917110778439255,1.5,302.378603201491,299.2584788122346,298.5013133659162
27.92073637724165,1.5,302.37886372982734,299.258657756172,298.5014225265533
27.924361976044043,1.5,302.3791242377344,299.2588366976643,298.5015316985794
27.927987574846437,1.5,302.3793847252157,299.259015636711,298.5016408819917
27.93161317364883,1.5,302.3796451922751,299.25919457331133,298.501750076787
27.935238772451225,1.5,302.37990563891634,299.2593735074646,298.50185928296247
27.93886437125362,1.5,302.380166065143,299.25955243917025,298.5019685005152
27.942489970056013,1.5,302.38042647095887,299.25973136842754,298.50207772944225
27.946115568858406,1.5,302.3806868563676,299.25991029523584,298.5021869697406
27.9497411676608,1.5,302.38094722137294,299.2600892195946,298.5022962214074
27.953366766463194,1.5,302.3812075659785,299.2602681415029,298.50240548443963
27.956992365265588,1.5,302.3814678901881,299.2604470609603,298.5025147588345
27.960617964067982,1.5,302.3817281940054,299.2606259779661,298.5026240445889
27.964243562870376,1.5,302.381988477434,299.26080489251956,298.5027333417001
27.96786916167277,1.5,302.3822487404777,299.26098380462014,298.5028426501649
27.971494760475164,1.5,302.3825089831401,299.2611627142671,298.5029519699806
27.975120359277557,1.5,302.38276920542495,299.2613416214598,298.5030613011441
27.97874595807995,1.5,302.383029407336,299.26152052619756,298.5031706436526
27.982371556882345,1.5,302.38328958887683,299.26169942847974,298.5032799975031
27.98599715568474,1.5,302.3835497500512,299.2618783283058,298.5033893626927
27.989622754487133,1.5,302.3838098908629,299.2620572256749,298.5034987392184
27.993248353289527,1.5,302.3840700113154,299.2622361205864,298.50360812707726
27.99687395209192,1.5,302.38433011141257,299.2624150130398,298.5037175262664
28.000499550894315,1.5,302.384590191158,299.2625939030344,298.503826936783
28.00412514969671,1.5,302.38485025055536,299.2627727905694,298.50393635862395
28.007750748499102,1.5,302.3851102896084,299.26295167564433,298.5040457917863
28.011376347301496,1.5,302.3853703083208,299.2631305582584,298.5041552362673
28.01500194610389,1.5,302.38563030669616,299.2633094384111,298.5042646920639
28.018627544906284,1.5,302.3858902847383,299.2634883161016,298.5043741591732
28.022253143708678,1.5,302.3861502424508,299.2636671913294,298.5044836375922
28.025878742511072,1.5,302.3864101798374,299.2638460640938,298.5045931273181
28.029504341313466,1.5,302.3866700969017,299.2640249343941,298.50470262834796
28.03312994011586,1.5,302.3869299936474,299.2642038022297,298.5048121406787
28.036755538918253,1.5,302.38718987007826,299.2643826676,298.50492166430746
28.040381137720647,1.5,302.38744972619793,299.2645615305042,298.5050311992315
28.04400673652304,1.5,302.38770956201,299.26474039094177,298.50514074544765
28.047632335325435,1.5,302.3879693775182,299.26491924891207,298.505250302953
28.05125793412783,1.5,302.3882291727262,299.26509810441434,298.5053598717448
28.054883532930223,1.5,302.38848894763777,299.265276957448,298.50546945182003
28.058509131732617,1.5,302.38874870225646,299.2654558080125,298.5055790431757
28.06213473053501,1.5,302.3890084365859,299.26563465610707,298.50568864580896
28.065760329337404,1.5,302.3892681506299,299.2658135017311,298.50579825971687
28.0693859281398,1.5,302.38952784439203,299.26599234488395,298.50590788489643
28.073011526942192,1.5,302.389787517876,299.26617118556493,298.50601752134486
28.076637125744586,1.5,302.3900471710855,299.26635002377344,298.5061271690592
28.08026272454698,1.5,302.39030680402414,299.26652885950887,298.50623682803644
28.083888323349374,1.5,302.3905664166956,299.26670769277047,298.50634649827373
28.087513922151768,1.5,302.3908260091036,299.2668865235577,298.5064561797681
28.09113952095416,1.5,302.3910855812517,299.26706535186986,298.5065658725167
28.094765119756556,1.5,302.39134513314366,299.26724417770623,298.5066755765166
28.09839071855895,1.5,302.39160466478313,299.26742300106633,298.50678529176486
28.102016317361343,1.5,302.3918641761738,299.2676018219494,298.5068950182585
28.105641916163737,1.5,302.3921236673192,299.2677806403549,298.50700475599467
28.10926751496613,1.5,302.39238313822307,299.2679594562821,298.5071145049704
28.112893113768525,1.5,302.3926425888891,299.2681382697304,298.50722426518286
28.11651871257092,1.5,302.3929020193209,299.2683170806992,298.507334036629
28.120144311373313,1.5,302.3931614295221,299.26849588918776,298.5074438193061
28.123769910175707,1.5,302.39342081949644,299.2686746951955,298.50755361321103
28.1273955089781,1.5,302.39368018924756,299.26885349872174,298.507663418341
28.131021107780494,1.5,302.393939538779,299.2690322997659,298.50777323469305
28.13464670658289,1.5,302.39419886809463,299.2692110983273,298.5078830622642
28.138272305385282,1.5,302.39445817719786,299.26938989440526,298.50799290105175
28.141897904187676,1.5,302.39471746609246,299.26956868799925,298.50810275105255
28.14552350299007,1.5,302.3949767347821,299.2697474791085,298.5082126122638
28.149149101792464,1.5,302.3952359832704,299.26992626773256,298.50832248468254
28.152774700594858,1.5,302.395495211561,299.27010505387057,298.5084323683059
28.15640029939725,1.5,302.3957544196576,299.27028383752213,298.50854226313083
28.160025898199645,1.5,302.39601360756376,299.2704626186864,298.5086521691547
28.16365149700204,1.5,302.3962727752832,299.27064139736285,298.5087620863743
28.167277095804433,1.5,302.3965319228195,299.2708201735508,298.50887201478696
28.170902694606827,1.5,302.3967910501764,299.27099894724967,298.5089819543896
28.17452829340922,1.5,302.39705015735734,299.2711777184588,298.50909190517933
28.178153892211615,1.5,302.3973092443662,299.27135648717746,298.5092018671533
28.18177949101401,1.5,302.39756831120656,299.2715352534052,298.5093118403086
28.185405089816403,1.5,302.397827357882,299.2717140171412,298.5094218246423
28.189030688618796,1.5,302.3980863843961,299.271892778385,298.50953182015144
28.19265628742119,1.5,302.39834539075264,299.27207153713584,298.50964182683316
28.196281886223584,1.5,302.39860437695523,299.27225029339314,298.5097518446845
28.199907485025978,1.5,302.3988633430074,299.2724290471563,298.5098618737027
28.203533083828372,1.5,302.3991222889129,299.27260779842464,298.50997191388467
28.207158682630766,1.5,302.3993812146753,299.27278654719754,298.5100819652276
28.21078428143316,1.5,302.39964012029833,299.27296529347433,298.5101920277285
28.214409880235554,1.5,302.3998990057855,299.27314403725444,298.5103021013846
28.218035479037948,1.5,302.4001578711405,299.2733227785372,298.51041218619287
28.22166107784034,1.5,302.4004167163669,299.273501517322,298.5105222821505
28.225286676642735,1.5,302.4006755414685,299.27368025360835,298.51063238925445
28.22891227544513,1.5,302.40093434644876,299.2738589873954,298.5107425075021
28.232537874247523,1.5,302.40119313131135,299.27403771868256,298.51085263689015
28.236163473049917,1.5,302.40145189605994,299.27421644746926,298.510962777416
28.23978907185231,1.5,302.4017106406981,299.27439517375484,298.5110729290766
28.243414670654705,1.5,302.4019693652295,299.2745738975388,298.51118309186904
28.2470402694571,1.5,302.40222806965767,299.2747526188204,298.5112932657905
28.250665868259492,1.5,302.4024867539864,299.2749313375989,298.51140345083803
28.254291467061886,1.5,302.4027454182192,299.27511005387385,298.5115136470087
28.25791706586428,1.5,302.4030040623596,299.2752887676446,298.5116238542998
28.261542664666674,1.5,302.40326268641144,299.2754674789105,298.5117340727081
28.265168263469068,1.5,302.40352129037825,299.27564618767093,298.51184430223094
28.268793862271462,1.5,302.4037798742636,299.27582489392523,298.5119545428654
28.272419461073856,1.5,302.40403843807115,299.27600359767285,298.51206479460853
28.27604505987625,1.5,302.40429698180446,299.2761822989131,298.5121750574574
28.279670658678643,1.5,302.4045555054673,299.2763609976454,298.5122853314092
28.283296257481037,1.5,302.4048140090631,299.27653969386904,298.5123956164609
28.28692185628343,1.5,302.40507249259554,299.27671838758357,298.51250591260964
28.290547455085825,1.5,302.4053309560682,299.27689707878824,298.51261621985265
28.29417305388822,1.5,302.4055893994849,299.2770757674824,298.51272653818694
28.297798652690613,1.5,302.405847822849,299.27725445366553,298.51283686760956
28.301424251493007,1.5,302.4061062261642,299.27743313733697,298.5129472081176
28.3050498502954,1.5,302.40636460943415,299.2776118184961,298.51305755970844
28.308675449097795,1.5,302.4066229726624,299.27779049714235,298.51316792237884
28.31230104790019,1.5,302.4068813158525,299.277969173275,298.51327829612603
28.315926646702582,1.5,302.4071396390082,299.27814784689343,298.5133886809472
28.319552245504976,1.5,302.4073979421331,299.27832651799713,298.5134990768393
28.32317784430737,1.5,302.4076562252307,299.2785051865854,298.51360948379954
28.326803443109764,1.5,302.40791448830464,299.27868385265765,298.513719901825
28.330429041912158,1.5,302.40817273135855,299.2788625162132,298.5138303309128
28.33405464071455,1.5,302.40843095439607,299.27904117725154,298.51394077106005
28.337680239516946,1.5,302.40868915742067,299.279219835772,298.51405122226384
28.34130583831934,1.5,302.4089473404361,299.279398491774,298.5141616845213
28.344931437121733,1.5,302.4092055034459,299.2795771452569,298.51427215782945
28.348557035924127,1.5,302.4094636464536,299.27975579622006,298.5143826421856
28.35218263472652,1.5,302.40972176946286,299.2799344446628,298.5144931375866
28.355808233528915,1.5,302.4099798724773,299.2801130905846,298.5146036440297
28.35943383233131,1.5,302.4102379555005,299.2802917339849,298.5147141615121
28.363059431133703,1.5,302.41049601853604,299.28047037486306,298.51482469003065
28.366685029936097,1.5,302.4107540615875,299.28064901321835,298.5149352295827
28.37031062873849,1.5,302.4110120846586,299.28082764905025,298.5150457801653
28.373936227540884,1.5,302.4112700877527,299.2810062823582,298.5151563417755
28.37756182634328,1.5,302.4115280708736,299.28118491314143,298.5152669144105
28.381187425145672,1.5,302.41178603402483,299.28136354139946,298.5153774980673
28.384813023948066,1.5,302.41204397721,299.28154216713165,298.5154880927432
28.38843862275046,1.5,302.4123019004325,299.2817207903373,298.51559869843516
28.392064221552854,1.5,302.4125598036962,299.281899411016,298.51570931514027
28.395689820355248,1.5,302.4128176870046,299.282078029167,298.51581994285567
28.39931541915764,1.5,302.41307555036116,299.2822566447897,298.5159305815786
28.402941017960035,1.5,302.41333339376956,299.2824352578834,298.51604123130596
28.40656661676243,1.5,302.41359121723343,299.2826138684477,298.5161518920351
28.410192215564823,1.5,302.4138490207563,299.2827924764818,298.51626256376306
28.413817814367217,1.5,302.41410680434177,299.28297108198524,298.5163732464868
28.41744341316961,1.5,302.4143645679934,299.2831496849573,298.51648394020367
28.421069011972005,1.5,302.41462231171477,299.28332828539743,298.5165946449106
28.4246946107744,1.5,302.4148800355095,299.283506883305,298.51670536060476
28.428320209576793,1.5,302.4151377393812,299.28368547867944,298.51681608728336
28.431945808379187,1.5,302.41539542333334,299.2838640715201,298.5169268249434
28.43557140718158,1.5,302.41565308736955,299.28404266182645,298.51703757358206
28.439197005983974,1.5,302.4159107314934,299.28422124959775,298.5171483331965
28.442822604786368,1.5,302.4161683557085,299.28439983483355,298.51725910378366
28.446448203588762,1.5,302.4164259600184,299.28457841753306,298.5173698853409
28.450073802391156,1.5,302.41668354442663,299.2847569976958,298.51748067786525
28.45369940119355,1.5,302.41694110893684,299.28493557532124,298.5175914813537
28.457324999995944,1.5,302.4171986535526,299.2851141504086,298.51770229580353
28.460950598798338,1.5,302.41745617827735,299.2852927229574,298.5178131212118
28.46457619760073,1.5,302.41771368311487,299.28547129296703,298.5179239575757
28.468201796403125,1.5,302.4179711680685,299.2856498604368,298.5180348048923
28.47182739520552,1.5,302.41822863314206,299.28582842536616,298.51814566315863
28.475452994007913,1.5,302.4184860783389,299.28600698775455,298.518256532372
28.479078592810307,1.5,302.41874350366265,299.2861855476013,298.5183674125294
28.4827041916127,1.5,302.41900090911696,299.2863641049059,298.51847830362794
28.486329790415095,1.5,302.41925829470534,299.28654265966765,298.51858920566485
28.48995538921749,1.5,302.4195156604313,299.28672121188606,298.5187001186372
28.493580988019882,1.5,302.41977300629844,299.2868997615604,298.5188110425421
28.497206586822276,1.5,302.4200303323104,299.2870783086901,298.51892197737675
28.50083218562467,1.5,302.4202876384706,299.2872568532747,298.5190329231381
28.504457784427064,1.5,302.42054492478275,299.2874353953134,298.5191438798235
28.508083383229458,1.5,302.4208021912503,299.2876139348058,298.5192548474299
28.511708982031852,1.5,302.4210594378768,299.2877924717511,298.5193658259546
28.515334580834246,1.5,302.42131666466594,299.28797100614884,298.51947681539457
28.51896017963664,1.5,302.42157387162115,299.2881495379984,298.51958781574706
28.522585778439034,1.5,302.421831058746,299.2883280672991,298.5196988270091
28.526211377241427,1.5,302.4220882260441,299.2885065940505,298.5198098491778
28.52983697604382,1.5,302.4223453735189,299.28868511825186,298.51992088225046
28.533462574846215,1.5,302.42260250117414,299.2888636399027,298.520031926224
28.53708817364861,1.5,302.4228596090132,299.2890421590023,298.5201429810957
28.540713772451003,1.5,302.4231166970397,299.28922067555015,298.52025404686265
28.544339371253397,1.5,302.4233737652572,299.28939918954563,298.52036512352197
28.54796497005579,1.5,302.4236308136692,299.2895777009882,298.5204762110708
28.551590568858185,1.5,302.4238878422793,299.2897562098772,298.5205873095063
28.55521616766058,1.5,302.42414485109106,299.28993471621203,298.52069841882553
28.558841766462972,1.5,302.424401840108,299.2901132199921,298.52080953902566
28.562467365265366,1.5,302.42465880933355,299.29029172121693,298.5209206701038
28.56609296406776,1.5,302.42491575877153,299.2904702198858,298.5210318120572
28.569718562870154,1.5,302.4251726884252,299.29064871599815,298.52114296488287
28.573344161672548,1.5,302.4254295982983,299.2908272095534,298.521254128578
28.57696976047494,1.5,302.4256864883942,299.29100570055095,298.52136530313965
28.580595359277336,1.5,302.42594335871667,299.29118418899026,298.52147648856504
28.58422095807973,1.5,302.4262002092691,299.29136267487064,298.5215876848513
28.587846556882123,1.5,302.426457040055,299.29154115819154,298.5216988919955
28.591472155684517,1.5,302.42671385107803,299.29171963895243,298.52181010999493
28.59509775448691,1.5,302.4269706423416,299.29189811715264,298.52192133884654
28.598723353289305,1.5,302.4272274138493,299.2920765927916,298.52203257854757
28.6023489520917,1.5,302.42748416560477,299.2922550658688,298.52214382909517
28.605974550894093,1.5,302.42774089761133,299.29243353638356,298.5222550904864
28.609600149696487,1.5,302.4279976098727,299.29261200433535,298.52236636271846
28.61322574849888,1.5,302.42825430239236,299.29279046972357,298.5224776457885
28.616851347301274,1.5,302.4285109751738,299.2929689325476,298.52258893969366
28.62047694610367,1.5,302.4287676282206,299.2931473928068,298.52270024443106
28.624102544906062,1.5,302.4290242615363,299.29332585050076,298.52281155999776
28.627728143708456,1.5,302.4292808751244,299.2935043056287,298.52292288639103
28.63135374251085,1.5,302.4295374689885,299.2936827581902,298.523034223608
28.634979341313244,1.5,302.42979404313195,299.2938612081846,298.5231455716457
28.638604940115638,1.5,302.4300505975585,299.2940396556113,298.5232569305015
28.64223053891803,1.5,302.43030713227154,299.2942181004697,298.5233683001722
28.645856137720425,1.5,302.43056364727454,299.29439654275933,298.52347968065527
28.64948173652282,1.5,302.4308201425712,299.29457498247945,298.52359107194764
28.653107335325213,1.5,302.4310766181649,299.2947534196296,298.5237024740466
28.656732934127607,1.5,302.4313330740593,299.2949318542091,298.52381388694926
28.66035853293,1.5,302.4315895102578,299.29511028621744,298.5239253106526
28.663984131732395,1.5,302.43184592676397,299.295288715654,298.524036745154
28.66760973053479,1.5,302.4321023235813,299.2954671425183,298.52414819045043
28.671235329337183,1.5,302.4323587007134,299.2956455668096,298.5242596465392
28.674860928139577,1.5,302.4326150581637,299.2958239885274,298.5243711134174
28.67848652694197,1.5,302.4328713959357,299.2960024076711,298.52448259108206
28.682112125744364,1.5,302.43312771403305,299.29618082424014,298.52459407953046
28.685737724546758,1.5,302.4333840124591,299.29635923823395,298.52470557875967
28.689363323349152,1.5,302.4336402912175,299.2965376496519,298.52481708876695
28.692988922151546,1.5,302.4338965503117,299.2967160584935,298.5249286095493
28.69661452095394,1.5,302.43415278974516,299.29689446475805,298.52504014110394
28.700240119756334,1.5,302.4344090095215,299.297072868445,298.525151683428
28.703865718558728,1.5,302.4346652096442,299.2972512695539,298.52526323651875
28.70749131736112,1.5,302.4349213901168,299.297429668084,298.5253748003732
28.711116916163515,1.5,302.4351775509427,299.29760806403493,298.5254863749886
28.71474251496591,1.5,302.4354336921255,299.29778645740583,298.525597960362
28.718368113768303,1.5,302.4356898136687,299.29796484819644,298.52570955649054
28.721993712570697,1.5,302.43594591557576,299.2981432364059,298.5258211633715
28.72561931137309,1.5,302.4362019978502,299.29832162203377,298.525932781002
28.729244910175485,1.5,302.4364580604956,299.2985000050795,298.5260444093791
28.73287050897788,1.5,302.43671410351544,299.2986783855424,298.5261560485
28.736496107780273,1.5,302.43697012691314,299.29885676342207,298.5262676983619
28.740121706582666,1.5,302.4372261306923,299.2990351387178,298.52637935896195
28.74374730538506,1.5,302.4374821148564,299.29921351142906,298.5264910302972
28.747372904187454,1.5,302.43773807940886,299.29939188155527,298.52660271236493
28.750998502989848,1.5,302.43799402435326,299.2995702490959,298.5267144051623
28.754624101792242,1.5,302.4382499496931,299.2997486140503,298.5268261086864
28.758249700594636,1.5,302.4385058554319,299.2999269764179,298.52693782293437
28.76187529939703,1.5,302.4387617415731,299.3001053361982,298.5270495479034
28.765500898199424,1.5,302.43901760812025,299.3002836933906,298.5271612835906
28.769126497001817,1.5,302.4392734550768,299.3004620479946,298.52727302999324
28.77275209580421,1.5,302.4395292824462,299.3006404000094,298.5273847871084
28.776377694606605,1.5,302.4397850902321,299.3008187494346,298.5274965549333
28.780003293409,1.5,302.4400408784378,299.3009970962696,298.527608333465
28.783628892211393,1.5,302.440296647067,299.3011754405139,298.52772012270077
28.787254491013787,1.5,302.440552396123,299.3013537821668,298.52783192263763
28.79088008981618,1.5,302.4408081256094,299.30153212122786,298.52794373327293
28.794505688618575,1.5,302.4410638355297,299.30171045769646,298.5280555546036
28.79813128742097,1.5,302.44131952588737,299.3018887915719,298.5281673866271
28.801756886223362,1.5,302.4415751966859,299.3020671228538,298.5282792293403
28.805382485025756,1.5,302.44183084792866,299.3022454515416,298.52839108274054
28.80900808382815,1.5,302.4420864796193,299.30242377763454,298.5285029468249
28.812633682630544,1.5,302.4423420917613,299.3026021011322,298.5286148215906
28.816259281432938,1.5,302.4425976843581,299.302780422034,298.5287267070347
28.819884880235332,1.5,302.44285325741316,299.30295874033936,298.5288386031545
28.823510479037726,1.5,302.4431088109299,299.3031370560477,298.5289505099471
28.82713607784012,1.5,302.44336434491197,299.30331536915844,298.5290624274097
28.830761676642513,1.5,302.4436198593627,299.3034936796711,298.5291743555394
28.834387275444907,1.5,302.4438753542857,299.303671987585,298.5292862943334
28.8380128742473,1.5,302.44413082968435,299.30385029289965,298.5293982437889
28.841638473049695,1.5,302.4443862855622,299.3040285956145,298.529510203903
28.84526407185209,1.5,302.44464172192266,299.30420689572895,298.5296221746729
28.848889670654483,1.5,302.4448971387693,299.30438519324235,298.5297341560958
28.852515269456877,1.5,302.44515253610547,299.3045634881543,298.52984614816876
28.85614086825927,1.5,302.4454079139348,299.30474178046416,298.5299581508891
28.859766467061664,1.5,302.4456632722606,299.30492007017136,298.5300701642539
28.86339206586406,1.5,302.4459186110865,299.3050983572753,298.53018218826037
28.867017664666452,1.5,302.4461739304158,299.30527664177555,298.53029422290564
28.870643263468846,1.5,302.44642923025214,299.30545492367145,298.5304062681869
28.87426886227124,1.5,302.44668451059886,299.3056332029624,298.53051832410125
28.877894461073634,1.5,302.4469397714596,299.3058114796479,298.530630390646
28.881520059876028,1.5,302.44719501283765,299.30598975372743,298.53074246781824
28.88514565867842,1.5,302.44745023473655,299.30616802520035,298.5308545556151
28.888771257480816,1.5,302.44770543715975,299.30634629406615,298.5309666540339
28.89239685628321,1.5,302.44796062011073,299.30652456032425,298.5310787630716
28.896022455085603,1.5,302.44821578359307,299.3067028239741,298.5311908827256
28.899648053887997,1.5,302.44847092761,299.3068810850151,298.53130301299285
28.90327365269039,1.5,302.44872605216517,299.3070593434468,298.5314151538707
28.906899251492785,1.5,302.448981157262,299.3072375992685,298.53152730535635
28.91052485029518,1.5,302.44923624290385,299.3074158524798,298.5316394674468
28.914150449097573,1.5,302.4494913090943,299.30759410307996,298.53175164013925
28.917776047899967,1.5,302.44974635583685,299.30777235106865,298.531863823431
28.92140164670236,1.5,302.45000138313486,299.30795059644504,298.53197601731915
28.925027245504754,1.5,302.4502563909918,299.30812883920885,298.53208822180096
28.92865284430715,1.5,302.45051137941124,299.3083070793593,298.5322004368735
28.932278443109542,1.5,302.4507663483965,299.30848531689594,298.53231266253397
28.935904041911936,1.5,302.45102129795106,299.30866355181826,298.53242489877954
28.93952964071433,1.5,302.4512762280784,299.30884178412555,298.5325371456075
28.943155239516724,1.5,302.451531138782,299.30902001381736,298.5326494030149
28.946780838319118,1.5,302.4517860300653,299.3091982408932,298.5327616709989
28.95040643712151,1.5,302.4520409019317,299.3093764653524,298.5328739495568
28.954032035923905,1.5,302.45229575438475,299.30955468719446,298.53298623868574
28.9576576347263,1.5,302.4525505874278,299.30973290641884,298.5330985383829
28.961283233528693,1.5,302.4528054010644,299.30991112302496,298.53321084864535
28.964908832331087,1.5,302.4530601952979,299.31008933701224,298.53332316947046
28.96853443113348,1.5,302.4533149701318,299.3102675483802,298.53343550085526
28.972160029935875,1.5,302.4535697255696,299.3104457571282,298.5335478427971
28.97578562873827,1.5,302.4538244616146,299.3106239632558,298.53366019529295
28.979411227540663,1.5,302.4540791782705,299.3108021667624,298.5337725583401
28.983036826343056,1.5,302.45433387554044,299.3109803676474,298.53388493193575
28.98666242514545,1.5,302.4545885534281,299.3111585659103,298.53399731607703
28.990288023947844,1.5,302.4548432119368,299.3113367615506,298.53410971076124
28.993913622750238,1.5,302.45509785107004,299.3115149545676,298.5342221159854
28.997539221552632,1.5,302.4553524708312,299.3116931449609,298.5343345317469
29.001164820355026,1.5,302.4556070712239,299.3118713327299,298.53444695804274
29.00479041915742,1.5,302.45586165225126,299.31204951787396,298.53455939487014
29.008416017959814,1.5,302.45611621391697,299.3122277003926,298.5346718422263
29.012041616762207,1.5,302.45637075622443,299.3124058802854,298.53478430010847
29.0156672155646,1.5,302.45662527917705,299.31258405755165,298.5348967685139
29.019292814366995,1.5,302.45687978277834,299.3127622321909,298.53500924743946
29.02291841316939,1.5,302.45713426703156,299.3129404042025,298.5351217368827
29.026544011971783,1.5,302.4573887319403,299.31311857358594,298.53523423684067
29.030169610774177,1.5,302.4576431775079,299.3132967403407,298.5353467473105
29.03379520957657,1.5,302.4578976037379,299.31347490446626,298.5354592682894
29.037420808378965,1.5,302.4581520106336,299.31365306596206,298.5355717997746
29.04104640718136,1.5,302.4584063981986,299.31383122482754,298.53568434176333
29.044672005983752,1.5,302.4586607664362,299.31400938106214,298.5357968942527
29.048297604786146,1.5,302.4589151153499,299.31418753466534,298.53590945723994
29.05192320358854,1.5,302.45916944494303,299.3143656856366,298.5360220307222
29.055548802390934,1.5,302.4594237552191,299.31454383397534,298.5361346146968
29.059174401193328,1.5,302.4596780461815,299.314721979681,298.53624720916076
29.062799999995722,1.5,302.45993231783376,299.3149001227531,298.5363598141114
29.066425598798116,1.5,302.46018657017925,299.3150782631911,298.5364724295458
29.07005119760051,1.5,302.4604408032214,299.3152564009944,298.5365850554613
29.073676796402903,1.5,302.4606950169635,299.31543453616246,298.53669769185495
29.077302395205297,1.5,302.4609492114092,299.3156126686949,298.5368103387241
29.08092799400769,1.5,302.46120338656164,299.31579079859097,298.5369229960657
29.084553592810085,1.5,302.46145754242445,299.3159689258502,298.53703566387725
29.08817919161248,1.5,302.46171167900104,299.3161470504721,298.5371483421557
29.091804790414873,1.5,302.4619657962949,299.31632517245606,298.53726103089843
29.095430389217267,1.5,302.46221989430927,299.3165032918016,298.5373737301025
29.09905598801966,1.5,302.46247397304757,299.3166814085081,298.5374864397652
29.102681586822055,1.5,302.46272803251344,299.31685952257504,298.53759915988365
29.10630718562445,1.5,302.46298207271013,299.31703763400196,298.53771189045506
29.109932784426842,1.5,302.46323609364106,299.3172157427882,298.5378246314767
29.113558383229236,1.5,302.4634900953096,299.3173938489334,298.53793738294576
29.11718398203163,1.5,302.4637440777193,299.3175719524369,298.53805014485937
29.120809580834024,1.5,302.46399804087343,299.31775005329814,298.5381629172148
29.124435179636418,1.5,302.46425198477556,299.31792815151664,298.5382757000092
29.12806077843881,1.5,302.464505909429,299.3181062470918,298.5383884932397
29.131686377241206,1.5,302.4647598148372,299.31828434002324,298.5385012969037
29.1353119760436,1.5,302.4650137010035,299.3184624303102,298.53861411099825
29.138937574845993,1.5,302.46526756793145,299.3186405179523,298.53872693552063
29.142563173648387,1.5,302.46552141562427,299.31881860294897,298.53883977046803
29.14618877245078,1.5,302.4657752440855,299.3189966852997,298.53895261583756
29.149814371253175,1.5,302.46602905331855,299.3191747650038,298.5390654716265
29.15343997005557,1.5,302.4662828433267,299.319352842061,298.539178337832
29.157065568857963,1.5,302.4665366141136,299.3195309164705,298.5392912144514
29.160691167660357,1.5,302.46679036568236,299.319708988232,298.5394041014818
29.16431676646275,1.5,302.4670440980366,299.3198870573448,298.5395169989204
29.167942365265144,1.5,302.4672978111796,299.32006512380843,298.53962990676445
29.17156796406754,1.5,302.4675515051148,299.32024318762234,298.53974282501116
29.175193562869932,1.5,302.4678051798457,299.32042124878603,298.53985575365766
29.178819161672326,1.5,302.46805883537553,299.3205993072989,298.5399686927012
29.18244476047472,1.5,302.4683124717078,299.32077736316046,298.54008164213906
29.186070359277114,1.5,302.4685660888459,299.3209554163703,298.5401946019684
29.189695958079508,1.5,302.46881968679315,299.3211334669277,298.5403075721863
29.1933215568819,1.5,302.46907326555305,299.3213115148322,298.5404205527902
29.196947155684295,1.5,302.469326825129,299.32148956008325,298.5405335437771
29.20057275448669,1.5,302.4695803655242,299.3216676026804,298.5406465451444
29.204198353289083,1.5,302.4698338867423,299.3218456426229,298.54075955688916
29.207823952091477,1.5,302.4700873887866,299.32202367991056,298.5408725790086
29.21144955089387,1.5,302.4703408716604,299.32220171454264,298.54098561150005
29.215075149696265,1.5,302.47059433536725,299.3223797465186,298.54109865436055
29.21870074849866,1.5,302.4708477799104,299.322557775838,298.54121170758754
29.222326347301053,1.5,302.47110120529334,299.32273580250023,298.54132477117804
29.225951946103446,1.5,302.4713546115194,299.3229138265048,298.5414378451293
29.22957754490584,1.5,302.471607998592,299.32309184785123,298.5415509294386
29.233203143708234,1.5,302.47186136651453,299.32326986653896,298.541664024103
29.236828742510628,1.5,302.4721147152904,299.3234478825674,298.54177712912
29.240454341313022,1.5,302.47236804492286,299.3236258959361,298.5418902444866
29.244079940115416,1.5,302.47262135541547,299.32380390664446,298.54200337019995
29.24770553891781,1.5,302.4728746467715,299.32398191469207,298.5421165062574
29.251331137720204,1.5,302.47312791899446,299.3241599200783,298.54222965265615
29.254956736522598,1.5,302.47338117208756,299.32433792280267,298.54234280939346
29.25858233532499,1.5,302.4736344060543,299.32451592286463,298.54245597646644
29.262207934127385,1.5,302.47388762089804,299.3246939202637,298.54256915387236
29.26583353292978,1.5,302.47414081662214,299.32487191499933,298.5426823416084
29.269459131732173,1.5,302.47439399322997,299.325049907071,298.54279553967183
29.273084730534567,1.5,302.474647150725,299.32522789647817,298.54290874805986
29.27671032933696,1.5,302.4749002891104,299.3254058832203,298.5430219667697
29.280335928139355,1.5,302.4751534083898,299.325583867297,298.5431351957985
29.28396152694175,1.5,302.4754065085665,299.32576184870754,298.54324843514365
29.287587125744142,1.5,302.4756595896438,299.3259398274516,298.5433616848023
29.291212724546536,1.5,302.4759126516251,299.3261178035284,298.54347494477156
29.29483832334893,1.5,302.4761656945138,299.3262957769377,298.5435882150487
29.298463922151324,1.5,302.4764187183132,299.32647374767885,298.543701495631
29.302089520953718,1.5,302.47667172302675,299.32665171575127,298.5438147865157
29.305715119756112,1.5,302.4769247086578,299.32682968115455,298.5439280877
29.309340718558506,1.5,302.4771776752098,299.3270076438881,298.544041399181
29.3129663173609,1.5,302.477430622686,299.3271856039515,298.5441547209561
29.316591916163294,1.5,302.4776835510898,299.32736356134404,298.5442680530224
29.320217514965687,1.5,302.4779364604246,299.3275415160655,298.54438139537723
29.32384311376808,1.5,302.4781893506937,299.32771946811505,298.5444947480177
29.327468712570475,1.5,302.47844222190054,299.3278974174923,298.5446081109411
29.33109431137287,1.5,302.47869507404846,299.3280753641968,298.5447214841447
29.334719910175263,1.5,302.4789479071409,299.3282533082279,298.5448348676256
29.338345508977657,1.5,302.47920072118103,299.3284312495852,298.54494826138114
29.34197110778005,1.5,302.4794535161724,299.3286091882681,298.54506166540847
29.345596706582445,1.5,302.4797062921183,299.32878712427606,298.5451750797049
29.34922230538484,1.5,302.4799590490221,299.3289650576087,298.5452885042676
29.352847904187232,1.5,302.48021178688714,299.3291429882654,298.54540193909384
29.356473502989626,1.5,302.4804645057168,299.32932091624565,298.5455153841808
29.36009910179202,1.5,302.48071720551434,299.32949884154897,298.54562883952565
29.363724700594414,1.5,302.4809698862834,299.32967676417485,298.54574230512577
29.367350299396808,1.5,302.481222548027,299.3298546841227,298.5458557809783
29.3709758981992,1.5,302.48147519074865,299.3300326013921,298.54596926708047
29.374601497001596,1.5,302.4817278144518,299.33021051598246,298.5460827634296
29.37822709580399,1.5,302.48198041913963,299.33038842789335,298.54619627002273
29.381852694606383,1.5,302.4822330048156,299.3305663371242,298.5463097868573
29.385478293408777,1.5,302.48248557148304,299.3307442436745,298.5464233139304
29.38910389221117,1.5,302.4827381191453,299.3309221475437,298.54653685123935
29.392729491013565,1.5,302.48299064780576,299.3311000487313,298.54665039878137
29.39635508981596,1.5,302.4832431574677,299.3312779472368,298.54676395655366
29.399980688618353,1.5,302.48349564813446,299.3314558430598,298.54687752455345
29.403606287420747,1.5,302.48374811980955,299.33163373619965,298.54699110277795
29.40723188622314,1.5,302.48400057249614,299.33181162665585,298.5471046912245
29.410857485025534,1.5,302.48425300619766,299.3319895144279,298.5472182898902
29.41448308382793,1.5,302.4845054209174,299.3321673995154,298.5473318987724
29.418108682630322,1.5,302.4847578166588,299.33234528191764,298.5474455178683
29.421734281432716,1.5,302.4850101934252,299.3325231616343,298.54755914717515
29.42535988023511,1.5,302.4852625512198,299.3327010386647,298.54767278669016
29.428985479037504,1.5,302.4855148900461,299.33287891300847,298.54778643641055
29.432611077839898,1.5,302.48576720990735,299.3330567846651,298.54790009633354
29.43623667664229,1.5,302.48601951080695,299.3332346536339,298.5480137664565
29.439862275444685,1.5,302.48627179274825,299.33341251991465,298.5481274467765
29.44348787424708,1.5,302.48652405573444,299.33359038350653,298.5482411372909
29.447113473049473,1.5,302.48677629976913,299.33376824440927,298.54835483799684
29.450739071851867,1.5,302.48702852485536,299.3339461026223,298.54846854889166
29.45436467065426,1.5,302.48728073099664,299.334123958145,298.5485822699726
29.457990269456655,1.5,302.4875329181964,299.3343018109771,298.54869600123675
29.46161586825905,1.5,302.48778508645773,299.3344796611178,298.54880974268156
29.465241467061443,1.5,302.48803723578413,299.33465750856686,298.54892349430406
29.468867065863837,1.5,302.48828936617895,299.33483535332357,298.54903725610166
29.47249266466623,1.5,302.48854147764547,299.33501319538755,298.54915102807155
29.476118263468624,1.5,302.488793570187,299.3351910347582,298.549264810211
29.479743862271018,1.5,302.4890456438069,299.3353688714351,298.5493786025172
29.483369461073412,1.5,302.48929769850844,299.3355467054178,298.5494924049874
29.486995059875806,1.5,302.48954973429505,299.33572453670564,298.5496062176189
29.4906206586782,1.5,302.48980175117,299.3359023652982,298.5497200404089
29.494246257480594,1.5,302.49005374913656,299.336080191195,298.5498338733546
29.497871856282988,1.5,302.4903057281982,299.3362580143954,298.5499477164533
29.50149745508538,1.5,302.49055768835825,299.3364358348991,298.5500615697023
29.505123053887775,1.5,302.4908096296199,299.3366136527054,298.55017543309873
29.50874865269017,1.5,302.4910615519866,299.33679146781395,298.5502893066399
29.512374251492563,1.5,302.4913134554615,299.33696928022414,298.55040319032315
29.515999850294957,1.5,302.49156534004817,299.33714708993557,298.5505170841455
29.51962544909735,1.5,302.4918172057498,299.3373248969477,298.55063098810433
29.523251047899745,1.5,302.49206905256966,299.33750270125995,298.550744902197
29.52687664670214,1.5,302.4923208805111,299.33768050287193,298.55085882642055
29.530502245504533,1.5,302.49257268957757,299.3378583017831,298.55097276077237
29.534127844306926,1.5,302.49282447977225,299.338036097993,298.55108670524965
29.53775344310932,1.5,302.49307625109844,299.33821389150097,298.55120065984966
29.541379041911714,1.5,302.49332800355955,299.33839168230674,298.55131462456967
29.545004640714108,1.5,302.4935797371589,299.3385694704096,298.55142859940685
29.548630239516502,1.5,302.4938314518997,299.3387472558092,298.5515425843586
29.552255838318896,1.5,302.49408314778543,299.338925038505,298.55165657942206
29.55588143712129,1.5,302.49433482481925,299.3391028184965,298.55177058459446
29.559507035923684,1.5,302.4945864830045,299.3392805957831,298.55188459987306
29.563132634726077,1.5,302.4948381223447,299.33945837036447,298.55199862525524
29.56675823352847,1.5,302.4950897428428,299.33963614224,298.5521126607382
29.570383832330865,1.5,302.4953413445024,299.3398139114093,298.55222670631906
29.57400943113326,1.5,302.4955929273267,299.3399916778717,298.5523407619952
29.577635029935653,1.5,302.495844491319,299.34016944162687,298.5524548277639
29.581260628738047,1.5,302.49609603648264,299.3403472026742,298.55256890362233
29.58488622754044,1.5,302.496347562821,299.3405249610133,298.5526829895678
29.588511826342835,1.5,302.49659907033725,299.3407027166436,298.55279708559755
29.59213742514523,1.5,302.4968505590348,299.34088046956464,298.55291119170886
29.595763023947622,1.5,302.49710202891686,299.3410582197759,298.5530253078989
29.599388622750016,1.5,302.49735347998677,299.3412359672769,298.553139434165
29.60301422155241,1.5,302.4976049122479,299.3414137120671,298.5532535705045
29.606639820354804,1.5,302.4978563257035,299.3415914541461,298.5533677169145
29.610265419157198,1.5,302.4981077203569,299.3417691935133,298.55348187339234
29.613891017959592,1.5,302.4983590962114,299.3419469301683,298.5535960399353
29.617516616761986,1.5,302.4986104532703,299.34212466411054,298.5537102165406
29.62114221556438,1.5,302.49886179153685,299.3423023953396,298.5538244032055
29.624767814366773,1.5,302.4991131110144,299.3424801238549,298.5539385999272
29.628393413169167,1.5,302.4993644117062,299.342657849656,298.55405280670317
29.63201901197156,1.5,302.4996156936156,299.3428355727424,298.55416702353045
29.635644610773955,1.5,302.49986695674596,299.3430132931136,298.55428125040646
29.63927020957635,1.5,302.5001182011004,299.34319101076915,298.55439548732835
29.642895808378743,1.5,302.5003694266824,299.3433687257085,298.5545097342934
29.646521407181137,1.5,302.50062063349515,299.34354643793114,298.5546239912989
29.65014700598353,1.5,302.5008718215419,299.34372414743666,298.5547382583421
29.653772604785924,1.5,302.5011229908261,299.34390185422455,298.5548525354203
29.65739820358832,1.5,302.5013741413509,299.3440795582943,298.55496682253073
29.661023802390712,1.5,302.50162527311966,299.3442572596454,298.5550811196707
29.664649401193106,1.5,302.5018763861356,299.3444349582774,298.5551954268374
29.6682749999955,1.5,302.5021274804021,299.3446126541898,298.55530974402814
29.671900598797894,1.5,302.50237855592246,299.3447903473821,298.5554240712402
29.675526197600288,1.5,302.5026296126999,299.3449680378538,298.55553840847085
29.67915179640268,1.5,302.5028806507377,299.3451457256045,298.55565275571735
29.682777395205076,1.5,302.50313167003924,299.3453234106336,298.55576711297687
29.68640299400747,1.5,302.5033826706077,299.3455010929407,298.5558814802468
29.690028592809863,1.5,302.5036336524464,299.3456787725252,298.55599585752447
29.693654191612257,1.5,302.50388461555866,299.34585644938676,298.556110244807
29.69727979041465,1.5,302.5041355599477,299.34603412352476,298.5562246420917
29.700905389217045,1.5,302.50438648561686,299.3462117949388,298.5563390493758
29.70453098801944,1.5,302.50463739256935,299.3463894636283,298.5564534666567
29.708156586821833,1.5,302.5048882808086,299.3465671295929,298.5565678939316
29.711782185624227,1.5,302.5051391503377,299.3467447928321,298.55668233119775
29.71540778442662,1.5,302.50539000116015,299.3469224533453,298.5567967784524
29.719033383229014,1.5,302.505640833279,299.34710011113214,298.55691123569295
29.722658982031408,1.5,302.5058916466977,299.34727776619206,298.5570257029166
29.726284580833802,1.5,302.50614244141946,299.34745541852465,298.55714018012054
29.729910179636196,1.5,302.5063932174475,299.3476330681293,298.5572546673022
29.73353577843859,1.5,302.50664397478516,299.3478107150056,298.55736916445863
29.737161377240984,1.5,302.50689471343577,299.347988359153,298.55748367158736
29.740786976043378,1.5,302.5071454334025,299.34816600057127,298.5575981886855
29.74441257484577,1.5,302.50739613468863,299.34834363925967,298.5577127157503
29.748038173648165,1.5,302.50764681729754,299.34852127521776,298.55782725277925
29.75166377245056,1.5,302.5078974812324,299.34869890844516,298.55794179976937
29.755289371252953,1.5,302.5081481264965,299.3488765389412,298.55805635671817
29.758914970055347,1.5,302.50839875309316,299.3490541667056,298.55817092362275
29.76254056885774,1.5,302.50864936102556,299.34923179173785,298.5582855004804
29.766166167660135,1.5,302.50889995029706,299.3494094140373,298.55840008728853
29.76979176646253,1.5,302.5091505209109,299.34958703360365,298.55851468404427
29.773417365264923,1.5,302.5094010728704,299.3497646504364,298.558629290745
29.777042964067316,1.5,302.50965160617864,299.34994226453495,298.55874390738796
29.78066856286971,1.5,302.509902120839,299.3501198758989,298.5588585339704
29.784294161672104,1.5,302.51015261685484,299.35029748452774,298.55897317048965
29.787919760474498,1.5,302.51040309422933,299.3504750904211,298.55908781694296
29.791545359276892,1.5,302.5106535529657,299.3506526935784,298.55920247332773
29.795170958079286,1.5,302.51090399306725,299.3508302939992,298.55931713964105
29.79879655688168,1.5,302.5111544145373,299.35100789168297,298.5594318158803
29.802422155684074,1.5,302.51140481737906,299.3511854866293,298.55954650204274
29.806047754486467,1.5,302.5116552015958,299.35136307883766,298.5596611981257
29.80967335328886,1.5,302.5119055671907,299.35154066830756,298.5597759041264
29.813298952091255,1.5,302.51215591416707,299.35171825503863,298.55989062004215
29.81692455089365,1.5,302.51240624252824,299.3518958390303,298.5600053458703
29.820550149696043,1.5,302.5126565522774,299.35207342028207,298.56012008160803
29.824175748498437,1.5,302.5129068434178,299.3522509987935,298.56023482725266
29.82780134730083,1.5,302.5131571159527,299.3524285745642,298.56034958280156
29.831426946103225,1.5,302.5134073698854,299.3526061475936,298.56046434825186
29.83505254490562,1.5,302.51365760521907,299.3527837178812,298.5605791236009
29.838678143708012,1.5,302.51390782195705,299.35296128542666,298.560693908846
29.842303742510406,1.5,302.5141580201025,299.3531388502293,298.56080870398455
29.8459293413128,1.5,302.5144081996588,299.35331641228885,298.56092350901366
29.849554940115194,1.5,302.51465836062914,299.35349397160473,298.56103832393075
29.853180538917588,1.5,302.5149085030167,299.35367152817645,298.5611531487329
29.856806137719982,1.5,302.5151586268248,299.3538490820036,298.5612679834177
29.860431736522376,1.5,302.5154087320567,299.35402663308565,298.5613828279822
29.86405733532477,1.5,302.5156588187156,299.35420418142223,298.56149768242375
29.867682934127163,1.5,302.5159088868048,299.3543817270127,298.56161254673975
29.871308532929557,1.5,302.51615893632754,299.35455926985674,298.5617274209273
29.87493413173195,1.5,302.516408967287,299.35473680995375,298.56184230498394
29.878559730534345,1.5,302.5166589796865,299.3549143473034,298.5619571989068
29.88218532933674,1.5,302.5169089735292,299.35509188190514,298.5620721026931
29.885810928139133,1.5,302.5171589488184,299.3552694137585,298.5621870163402
29.889436526941527,1.5,302.5174089055573,299.355446942863,298.5623019398455
29.89306212574392,1.5,302.51765884374925,299.3556244692182,298.56241687320625
29.896687724546315,1.5,302.5179087633974,299.3558019928236,298.5625318164196
29.90031332334871,1.5,302.518158664505,299.3559795136788,298.562646769483
29.903938922151102,1.5,302.5184085470753,299.35615703178325,298.5627617323937
29.907564520953496,1.5,302.5186584111115,299.3563345471365,298.56287670514905
29.91119011975589,1.5,302.5189082566169,299.35651205973807,298.56299168774626
29.914815718558284,1.5,302.51915808359473,299.35668956958756,298.5631066801826
29.918441317360678,1.5,302.5194078920482,299.3568670766844,298.56322168245543
29.92206691616307,1.5,302.5196576819805,299.3570445810282,298.5633366945621
29.925692514965466,1.5,302.519907453395,299.35722208261853,298.5634517164998
29.92931811376786,1.5,302.5201572062948,299.35739958145484,298.5635667482658
29.932943712570253,1.5,302.5204069406832,299.35757707753663,298.56368178985764
29.936569311372647,1.5,302.52065665656335,299.3577545708635,298.56379684127234
29.94019491017504,1.5,302.5209063539386,299.35793206143495,298.56391190250736
29.943820508977435,1.5,302.5211560328121,299.35810954925057,298.56402697355986
29.94744610777983,1.5,302.52140569318703,299.3582870343099,298.56414205442724
29.951071706582223,1.5,302.5216553350668,299.35846451661234,298.5642571451069
29.954697305384617,1.5,302.5219049584544,299.3586419961576,298.56437224559596
29.95832290418701,1.5,302.5221545633533,299.3588194729451,298.56448735589186
29.961948502989404,1.5,302.5224041497666,299.3589969469744,298.56460247599176
29.9655741017918,1.5,302.52265371769755,299.3591744182451,298.56471760589307
29.969199700594192,1.5,302.52290326714933,299.35935188675666,298.5648327455931
29.972825299396586,1.5,302.5231527981252,299.3595293525086,298.56494789508906
29.97645089819898,1.5,302.5234023106284,299.35970681550054,298.56506305437836
29.980076497001374,1.5,302.52365180466217,299.35988427573193,298.5651782234582
29.983702095803768,1.5,302.5239012802296,299.3600617332024,298.5652934023259
29.98732769460616,1.5,302.52415073733414,299.3602391879114,298.56540859097885
29.990953293408555,1.5,302.52440017597877,299.36041663985856,298.5655237894143
29.99457889221095,1.5,302.5246495961669,299.36059408904333,298.56563899762966
29.998204491013343,1.5,302.52489899790163,299.36077153546523,298.56575421562206
30.001830089815737,1.5,302.52514838118617,299.36094897912386,298.5658694433889
30.00545568861813,1.5,302.52539774602377,299.36112642001876,298.56598468092744
30.009081287420525,1.5,302.5256470924177,299.3613038581495,298.5660999282351
30.01270688622292,1.5,302.52589642037117,299.3614812935155,298.56621518530903
30.016332485025313,1.5,302.52614572988733,299.36165872611645,298.5663304521467
30.019958083827706,1.5,302.5263950209694,299.36183615595183,298.5664457287453
30.0235836826301,1.5,302.5266442936207,299.3620135830211,298.5665610151022
30.027209281432494,1.5,302.5268935478443,299.36219100732393,298.5666763112146
30.030834880234888,1.5,302.5271427836434,299.3623684288597,298.56679161707996
30.034460479037282,1.5,302.5273920010214,299.36254584762816,298.5669069326956
30.038086077839676,1.5,302.5276411999813,299.3627232636287,298.5670222580586
30.04171167664207,1.5,302.52789038052646,299.36290067686093,298.56713759316654
30.045337275444464,1.5,302.52813954265997,299.36307808732425,298.5672529380167
30.048962874246858,1.5,302.52838868638514,299.36325549501845,298.5673682926062
30.05258847304925,1.5,302.5286378117052,299.3634328999429,298.5674836569325
30.056214071851645,1.5,302.52888691862324,299.3636103020972,298.56759903099294
30.05983967065404,1.5,302.5291360071425,299.3637877014808,298.5677144147847
30.063465269456433,1.5,302.5293850772662,299.36396509809344,298.56782980830525
30.067090868258827,1.5,302.5296341289976,299.36414249193444,298.56794521155183
30.07071646706122,1.5,302.5298831623398,299.3643198830035,298.5680606245217
30.074342065863615,1.5,302.53013217729597,299.3644972713,298.56817604721226
30.07796766466601,1.5,302.53038117386956,299.36467465682375,298.56829147962077
30.081593263468402,1.5,302.5306301520635,299.3648520395741,298.5684069217446
30.085218862270796,1.5,302.5308791118812,299.3650294195506,298.56852237358106
30.08884446107319,1.5,302.53112805332563,299.36520679675283,298.5686378351274
30.092470059875584,1.5,302.53137697640017,299.3653841711803,298.568753306381
30.096095658677978,1.5,302.53162588110797,299.3655615428327,298.5688687873391
30.099721257480372,1.5,302.53187476745217,299.3657389117094,298.56898427799916
30.103346856282766,1.5,302.53212363543605,299.3659162778101,298.5690997783584
30.10697245508516,1.5,302.53237248506275,299.36609364113417,298.56921528841417
30.110598053887554,1.5,302.53262131633556,299.3662710016813,298.5693308081638
30.114223652689947,1.5,302.5328701292575,299.36644835945094,298.5694463376046
30.11784925149234,1.5,302.5331189238319,299.3666257144427,298.5695618767338
30.121474850294735,1.5,302.533367700062,299.36680306665613,298.56967742554883
30.12510044909713,1.5,302.53361645795087,299.36698041609077,298.56979298404707
30.128726047899523,1.5,302.53386519750165,299.3671577627461,298.5699085522257
30.132351646701917,1.5,302.5341139187177,299.36733510662185,298.5700241300821
30.13597724550431,1.5,302.5343626216022,299.36751244771733,298.57013971761364
30.139602844306705,1.5,302.5346113061581,299.3676897860322,298.5702553148176
30.1432284431091,1.5,302.53485997238886,299.36786712156606,298.5703709216913
30.146854041911492,1.5,302.53510862029754,299.36804445431846,298.570486538232
30.150479640713886,1.5,302.5353572498874,299.3682217842889,298.5706021644371
30.15410523951628,1.5,302.53560586116157,299.36839911147683,298.57071780030395
30.157730838318674,1.5,302.5358544541231,299.36857643588206,298.5708334458299
30.161356437121068,1.5,302.53610302877547,299.36875375750395,298.57094910101216
30.16498203592346,1.5,302.5363515851216,299.36893107634205,298.5710647658481
30.168607634725856,1.5,302.53660012316493,299.36910839239596,298.5711804403351
30.17223323352825,1.5,302.53684864290835,299.3692857056652,298.57129612447045
30.175858832330643,1.5,302.53709714435524,299.36946301614944,298.57141181825153
30.179484431133037,1.5,302.53734562750867,299.3696403238481,298.57152752167553
30.18311002993543,1.5,302.53759409237193,299.3698176287607,298.5716432347399
30.186735628737825,1.5,302.53784253894815,299.36999493088695,298.571758957442
30.19036122754022,1.5,302.5380909672405,299.37017223022633,298.571874689779
30.193986826342613,1.5,302.53833937725216,299.3703495267783,298.5719904317484
30.197612425145007,1.5,302.5385877689863,299.3705268205425,298.57210618334744
30.2012380239474,1.5,302.5388361424461,299.37070411151853,298.57222194457347
30.204863622749794,1.5,302.5390844976347,299.3708813997059,298.5723377154238
30.20848922155219,1.5,302.53933283455535,299.3710586851041,298.57245349589584
30.212114820354582,1.5,302.5395811532112,299.37123596771283,298.57256928598684
30.215740419156976,1.5,302.53982945360536,299.3714132475315,298.5726850856941
30.21936601795937,1.5,302.5400777357411,299.37159052455974,298.57280089501506
30.222991616761764,1.5,302.5403259996215,299.37176779879707,298.572916713947
30.226617215564158,1.5,302.5405742452498,299.37194507024316,298.57303254248734
30.23024281436655,1.5,302.54082247262915,299.3721223388974,298.57314838063326
30.233868413168945,1.5,302.5410706817626,299.3722996047594,298.5732642283822
30.23749401197134,1.5,302.54131887265356,299.3724768678288,298.57338008573146
30.241119610773733,1.5,302.54156704530504,299.372654128105,298.5734959526784
30.244745209576127,1.5,302.54181519972025,299.37283138558774,298.57361182922034
30.24837080837852,1.5,302.5420633359023,299.37300864027645,298.57372771535455
30.251996407180915,1.5,302.5423114538544,299.3731858921707,298.5738436110785
30.25562200598331,1.5,302.5425595535797,299.37336314127015,298.57395951638944
30.259247604785703,1.5,302.5428076350814,299.3735403875742,298.57407543128477
30.262873203588097,1.5,302.5430556983626,299.37371763108257,298.5741913557617
30.26649880239049,1.5,302.5433037434265,299.37389487179473,298.5743072898177
30.270124401192884,1.5,302.5435517702763,299.3740721097102,298.5744232334501
30.273749999995278,1.5,302.54379977891506,299.3742493448286,298.5745391866562
30.277375598797672,1.5,302.544047769346,299.37442657714956,298.57465514943334
30.281001197600066,1.5,302.54429574157234,299.3746038066725,298.5747711217789
30.28462679640246,1.5,302.54454369559716,299.374781033397,298.5748871036902
30.288252395204854,1.5,302.54479163142355,299.37495825732276,298.5750030951645
30.291877994007248,1.5,302.5450395490548,299.3751354784492,298.5751190961992
30.29550359280964,1.5,302.54528744849404,299.3753126967759,298.57523510679175
30.299129191612035,1.5,302.5455353297444,299.37548991230256,298.5753511269394
30.30275479041443,1.5,302.545783192809,299.3756671250285,298.5754671566395
30.306380389216823,1.5,302.5460310376911,299.37584433495346,298.5755831958893
30.310005988019217,1.5,302.54627886439374,299.37602154207696,298.5756992446863
30.31363158682161,1.5,302.5465266729201,299.37619874639853,298.5758153030278
30.317257185624005,1.5,302.5467744632733,299.3763759479178,298.5759313709111
30.3208827844264,1.5,302.5470222354567,299.3765531466342,298.5760474483336
30.324508383228792,1.5,302.5472699894732,299.3767303425475,298.57616353529255
30.328133982031186,1.5,302.54751772532603,299.37690753565704,298.57627963178544
30.33175958083358,1.5,302.5477654430183,299.37708472596256,298.5763957378095
30.335385179635974,1.5,302.54801314255326,299.37726191346354,298.5765118533621
30.339010778438368,1.5,302.5482608239341,299.37743909815964,298.5766279784407
30.342636377240762,1.5,302.54850848716376,299.37761628005023,298.5767441130425
30.346261976043156,1.5,302.54875613224544,299.37779345913503,298.5768602571649
30.34988757484555,1.5,302.5490037591824,299.3779706354136,298.57697641080523
30.353513173647944,1.5,302.5492513679777,299.37814780888544,298.5770925739609
30.357138772450337,1.5,302.54949895863456,299.37832497955014,298.5772087466292
30.36076437125273,1.5,302.5497465311561,299.3785021474073,298.5773249288075
30.364389970055125,1.5,302.54999408554534,299.3786793124565,298.5774411204932
30.36801556885752,1.5,302.5502416218055,299.3788564746972,298.57755732168357
30.371641167659913,1.5,302.5504891399398,299.37903363412903,298.577673532376
30.375266766462307,1.5,302.5507366399513,299.3792107907516,298.57778975256787
30.3788923652647,1.5,302.55098412184316,299.3793879445644,298.57790598225654
30.382517964067095,1.5,302.5512315856185,299.3795650955671,298.57802222143926
30.38614356286949,1.5,302.5514790312805,299.37974224375915,298.57813847011346
30.389769161671882,1.5,302.5517264588322,299.3799193891402,298.5782547282765
30.393394760474276,1.5,302.55197386827683,299.3800965317098,298.57837099592575
30.39702035927667,1.5,302.5522212596175,299.38027367146753,298.5784872730585
30.400645958079064,1.5,302.5524686328573,299.3804508084129,298.5786035596721
30.404271556881458,1.5,302.5527159879995,299.3806279425455,298.57871985576406
30.40789715568385,1.5,302.5529633250471,299.38080507386496,298.57883616133154
30.411522754486246,1.5,302.5532106440032,299.38098220237083,298.578952476372
30.41514835328864,1.5,302.553457944871,299.3811593280626,298.57906880088285
30.418773952091033,1.5,302.5537052276537,299.38133645093995,298.57918513486135
30.422399550893427,1.5,302.5539524923543,299.3815135710024,298.57930147830484
30.42602514969582,1.5,302.554199738976,299.38169068824953,298.5794178312107
30.429650748498215,1.5,302.5544469675219,299.38186780268086,298.57953419357636
30.43327634730061,1.5,302.5546941779953,299.382044914296,298.57965056539916
30.436901946103003,1.5,302.55494137039904,299.3822220230945,298.57976694667644
30.440527544905397,1.5,302.5551885447364,299.3823991290761,298.57988333740553
30.44415314370779,1.5,302.5554357010105,299.3825762322401,298.57999973758376
30.447778742510184,1.5,302.55568283922435,299.3827533325863,298.5801161472086
30.45140434131258,1.5,302.5559299593813,299.3829304301141,298.58023256627735
30.455029940114972,1.5,302.5561770614842,299.3831075248231,298.5803489947874
30.458655538917366,1.5,302.5564241455364,299.38328461671307,298.5804654327361
30.46228113771976,1.5,302.55667121154096,299.3834617057833,298.5805818801208
30.465906736522154,1.5,302.55691825950095,299.3836387920336,298.5806983369389
30.469532335324548,1.5,302.5571652894196,299.3838158754634,298.5808148031877
30.47315793412694,1.5,302.55741230129985,299.38399295607235,298.58093127886457
30.476783532929336,1.5,302.5576592951449,299.38417003385996,298.5810477639669
30.48040913173173,1.5,302.55790627095803,299.3843471088259,298.5811642584921
30.484034730534123,1.5,302.55815322874207,299.3845241809696,298.5812807624375
30.487660329336517,1.5,302.5584001685003,299.38470125029073,298.5813972758004
30.49128592813891,1.5,302.55864709023587,299.3848783167889,298.58151379857827
30.494911526941305,1.5,302.5588939939518,299.3850553804636,298.58163033076846
30.4985371257437,1.5,302.55914087965124,299.3852324413145,298.5817468723683
30.502162724546093,1.5,302.5593877473374,299.3854094993411,298.5818634233752
30.505788323348487,1.5,302.5596345970132,299.385586554543,298.58197998378637
30.50941392215088,1.5,302.55988142868193,299.3857636069198,298.5820965535994
30.513039520953274,1.5,302.5601282423466,299.385940656471,298.5822131328116
30.516665119755668,1.5,302.56037503801036,299.38611770319625,298.5823297214203
30.520290718558062,1.5,302.5606218156763,299.3862947470952,298.5824463194229
30.523916317360456,1.5,302.5608685753475,299.3864717881672,298.58256292681665
30.52754191616285,1.5,302.5611153170271,299.38664882641206,298.58267954359906
30.531167514965244,1.5,302.5613620407182,299.3868258618292,298.58279616976756
30.534793113767638,1.5,302.561608746424,299.38700289441834,298.58291280531927
30.53841871257003,1.5,302.56185543414745,299.3871799241789,298.5830294502518
30.542044311372425,1.5,302.56210210389173,299.38735695111063,298.5831461045624
30.54566991017482,1.5,302.56234875566,299.387533975213,298.5832627682485
30.549295508977213,1.5,302.5625953894553,299.38771099648557,298.5833794413075
30.552921107779607,1.5,302.56284200528074,299.387888014928,298.5834961237367
30.556546706582,1.5,302.56308860313936,299.3880650305398,298.5836128155335
30.560172305384395,1.5,302.5633351830344,299.38824204332064,298.5837295166953
30.56379790418679,1.5,302.5635817449689,299.38841905327,298.58384622721945
30.567423502989183,1.5,302.5638282889459,299.38859606038756,298.5839629471033
30.571049101791576,1.5,302.5640748149686,299.3887730646728,298.58407967634434
30.57467470059397,1.5,302.56432132303996,299.3889500661254,298.5841964149398
30.578300299396364,1.5,302.56456781316325,299.38912706474486,298.58431316288716
30.581925898198758,1.5,302.5648142853414,299.3893040605308,298.58442992018377
30.585551497001152,1.5,302.56506073957763,299.38948105348277,298.5845466868269
30.589177095803546,1.5,302.56530717587503,299.38965804360043,298.58466346281415
30.59280269460594,1.5,302.56555359423663,299.38983503088326,298.5847802481427
30.596428293408334,1.5,302.56579999466555,299.3900120153309,298.58489704281004
30.600053892210727,1.5,302.5660463771649,299.390188996943,298.5850138468135
30.60367949101312,1.5,302.56629274173775,299.39036597571896,298.5851306601505
30.607305089815515,1.5,302.56653908838723,299.3905429516586,298.5852474828184
30.61093068861791,1.5,302.56678541711636,299.3907199247613,298.5853643148145
30.614556287420303,1.5,302.5670317279283,299.39089689502674,298.5854811561364
30.618181886222697,1.5,302.5672780208261,299.3910738624545,298.5855980067812
30.62180748502509,1.5,302.56752429581286,299.39125082704413,298.58571486674657
30.625433083827485,1.5,302.56777055289166,299.3914277887953,298.58583173602966
30.62905868262988,1.5,302.5680167920656,299.3916047477075,298.58594861462797
30.632684281432272,1.5,302.56826301333774,299.39178170378034,298.5860655025388
30.636309880234666,1.5,302.5685092167113,299.39195865701345,298.5861823997597
30.63993547903706,1.5,302.5687554021892,299.3921356074064,298.58629930628786
30.643561077839454,1.5,302.56900156977457,299.3923125549587,298.58641622212076
30.647186676641848,1.5,302.5692477194705,299.3924894996701,298.5865331472558
30.650812275444242,1.5,302.56949385128013,299.39266644154,298.5866500816903
30.654437874246636,1.5,302.56973996520645,299.3928433805681,298.5867670254218
30.65806347304903,1.5,302.5699860612526,299.39302031675396,298.5868839784475
30.661689071851423,1.5,302.57023213942165,299.3931972500972,298.5870009407649
30.665314670653817,1.5,302.57047819971666,299.3933741805974,298.5871179123713
30.66894026945621,1.5,302.5707242421407,299.39355110825403,298.5872348932642
30.672565868258605,1.5,302.570970266697,299.3937280330668,298.5873518834409
30.676191467061,1.5,302.5712162733884,299.3939049550353,298.5874688828988
30.679817065863393,1.5,302.5714622622182,299.3940818741591,298.5875858916354
30.683442664665787,1.5,302.5717082331892,299.3942587904378,298.58770290964793
30.68706826346818,1.5,302.5719541863048,299.39443570387095,298.58781993693384
30.690693862270574,1.5,302.57220012156785,299.39461261445814,298.58793697349057
30.69431946107297,1.5,302.5724460389815,299.39478952219895,298.5880540193154
30.697945059875362,1.5,302.57269193854887,299.3949664270931,298.5881710744059
30.701570658677756,1.5,302.57293782027295,299.39514332914,298.5882881387593
30.70519625748015,1.5,302.57318368415685,299.39532022833936,298.5884052123731
30.708821856282544,1.5,302.5734295302036,299.39549712469073,298.58852229524456
30.712447455084938,1.5,302.5736753584164,299.39567401819374,298.58863938737124
30.71607305388733,1.5,302.5739211687981,299.39585090884793,298.58875648875045
30.719698652689726,1.5,302.57416696135203,299.3960277966529,298.58887359937955
30.72332425149212,1.5,302.5744127360811,299.39620468160825,298.588990719256
30.726949850294513,1.5,302.57465849298836,299.39638156371365,298.5891078483771
30.730575449096907,1.5,302.5749042320769,299.39655844296857,298.5892249867404
30.7342010478993,1.5,302.57514995334986,299.3967353193726,298.5893421343432
30.737826646701695,1.5,302.57539565681026,299.39691219292547,298.5894592911829
30.74145224550409,1.5,302.57564134246115,299.39708906362665,298.58957645725684
30.745077844306483,1.5,302.5758870103056,299.3972659314757,298.58969363256256
30.748703443108877,1.5,302.5761326603467,299.39744279647243,298.5898108170974
30.75232904191127,1.5,302.57637829258744,299.39761965861624,298.58992801085867
30.755954640713664,1.5,302.576623907031,299.3977965179067,298.5900452138438
30.75958023951606,1.5,302.57686950368026,299.39797337434356,298.5901624260503
30.763205838318452,1.5,302.5771150825385,299.3981502279263,298.59027964747554
30.766831437120846,1.5,302.57736064360864,299.3983270786545,298.5903968781168
30.77045703592324,1.5,302.5776061868938,299.3985039265279,298.5905141179716
30.774082634725634,1.5,302.5778517123969,299.398680771546,298.5906313670373
30.777708233528028,1.5,302.5780972201212,299.3988576137084,298.5907486253113
30.78133383233042,1.5,302.57834271006976,299.3990344530146,298.590865892791
30.784959431132815,1.5,302.5785881822455,299.3992112894644,298.59098316947376
30.78858502993521,1.5,302.57883363665144,299.39938812305724,298.5911004553571
30.792210628737603,1.5,302.5790790732908,299.3995649537928,298.5912177504384
30.795836227539997,1.5,302.57932449216656,299.39974178167057,298.59133505471493
30.79946182634239,1.5,302.5795698932817,299.3999186066902,298.5914523681842
30.803087425144785,1.5,302.5798152766394,299.40009542885133,298.59156969084364
30.80671302394718,1.5,302.5800606422426,299.4002722481536,298.5916870226906
30.810338622749573,1.5,302.5803059900944,299.4004490645965,298.59180436372253
30.813964221551966,1.5,302.58055132019786,299.40062587817965,298.59192171393676
30.81758982035436,1.5,302.5807966325561,299.40080268890273,298.5920390733307
30.821215419156754,1.5,302.58104192717195,299.4009794967653,298.59215644190186
30.824841017959148,1.5,302.58128720404875,299.4011563017669,298.5922738196475
30.828466616761542,1.5,302.58153246318926,299.4013331039071,298.59239120656525
30.832092215563936,1.5,302.5817777045968,299.4015099031856,298.59250860265234
30.83571781436633,1.5,302.5820229282742,299.401686699602,298.5926260079063
30.839343413168724,1.5,302.58226813422465,299.4018634931559,298.5927434223243
30.842969011971118,1.5,302.58251332245106,299.4020402838468,298.59286084590394
30.84659461077351,1.5,302.58275849295654,299.4022170716744,298.59297827864265
30.850220209575905,1.5,302.58300364574416,299.40239385663824,298.5930957205378
30.8538458083783,1.5,302.583248780817,299.402570638738,298.5932131715868
30.857471407180693,1.5,302.58349389817806,299.40274741797316,298.593330631787
30.861097005983087,1.5,302.5837389978303,299.4029241943434,298.59344810113595
30.86472260478548,1.5,302.5839840797769,299.4031009678484,298.5935655796309
30.868348203587875,1.5,302.58422914402075,299.4032777384876,298.59368306726935
30.87197380239027,1.5,302.584474190565,299.40345450626074,298.59380056404876
30.875599401192662,1.5,302.58471921941265,299.4036312711674,298.59391806996643
30.879224999995056,1.5,302.5849642305667,299.40380803320704,298.59403558501987
30.88285059879745,1.5,302.5852092240303,299.40398479237945,298.59415310920645
30.886476197599844,1.5,302.58545419980635,299.4041615486841,298.5942706425236
30.890101796402238,1.5,302.58569915789803,299.4043383021206,298.5943881849687
30.893727395204632,1.5,302.58594409830823,299.40451505268874,298.59450573653925
30.897352994007026,1.5,302.58618902104007,299.4046918003879,298.5946232972326
30.90097859280942,1.5,302.5864339260966,299.40486854521777,298.59474086704614
30.904604191611813,1.5,302.58667881348083,299.405045287178,298.59485844597737
30.908229790414207,1.5,302.5869236831957,299.40522202626806,298.59497603402366
30.9118553892166,1.5,302.5871685352444,299.4053987624877,298.5950936311824
30.915480988018995,1.5,302.58741336962987,299.4055754958365,298.5952112374511
30.91910658682139,1.5,302.58765818635516,299.405752226314,298.59532885282704
30.922732185623783,1.5,302.5879029854232,299.40592895391984,298.59544647730775
30.926357784426177,1.5,302.5881477668372,299.40610567865366,298.5955641108907
30.92998338322857,1.5,302.5883925306001,299.40628240051507,298.5956817535731
30.933608982030965,1.5,302.5886372767149,299.4064591195035,298.5957994053526
30.93723458083336,1.5,302.58888200518476,299.4066358356188,298.59591706622643
30.940860179635752,1.5,302.58912671601246,299.4068125488604,298.5960347361922
30.944485778438146,1.5,302.5893714092012,299.4069892592281,298.59615241524716
30.94811137724054,1.5,302.58961608475397,299.40716596672127,298.59627010338886
30.951736976042934,1.5,302.5898607426738,299.4073426713397,298.59638780061465
30.955362574845328,1.5,302.59010538296366,299.40751937308295,298.59650550692197
30.95898817364772,1.5,302.5903500056267,299.40769607195057,298.59662322230827
30.962613772450116,1.5,302.5905946106658,299.40787276794225,298.596740946771
30.96623937125251,1.5,302.59083919808404,299.4080494610575,298.59685868030743
30.969864970054903,1.5,302.5910837678844,299.408226151296,298.5969764229152
30.973490568857297,1.5,302.59132832007,299.40840283865737,298.5970941745916
30.97711616765969,1.5,302.5915728546438,299.4085795231412,298.5972119353341
30.980741766462085,1.5,302.5918173716088,299.40875620474714,298.59732970514006
30.98436736526448,1.5,302.592061870968,299.4089328834747,298.597447484007
30.987992964066873,1.5,302.59230635272445,299.4091095593235,298.5975652719323
30.991618562869267,1.5,302.5925508168812,299.4092862322933,298.5976830689134
30.99524416167166,1.5,302.59279526344125,299.4094629023836,298.5978008749477
30.998869760474054,1.5,302.5930396924075,299.40963956959405,298.5979186900327
31.00249535927645,1.5,302.59328410378316,299.4098162339241,298.5980365141657
31.006120958078842,1.5,302.59352849757107,299.4099928953736,298.59815434734423
31.009746556881236,1.5,302.59377287377436,299.410169553942,298.5982721895658
31.01337215568363,1.5,302.59401723239597,299.410346209629,298.5983900408276
31.016997754486024,1.5,302.59426157343887,299.41052286243416,298.5985079011273
31.020623353288418,1.5,302.5945058969062,299.4106995123571,298.59862577046226
31.02424895209081,1.5,302.5947502028009,299.41087615939745,298.59874364882984
31.027874550893205,1.5,302.594994491126,299.4110528035548,298.5988615362275
31.0315001496956,1.5,302.59523876188445,299.41122944482885,298.59897943265275
31.035125748497993,1.5,302.5954830150793,299.4114060832191,298.59909733810287
31.038751347300387,1.5,302.5957272507136,299.4115827187252,298.59921525257545
31.04237694610278,1.5,302.59597146879025,299.4117593513468,298.5993331760679
31.046002544905175,1.5,302.59621566931236,299.4119359810834,298.5994511085776
31.04962814370757,1.5,302.59645985228286,299.4121126079348,298.59956905010205
31.053253742509963,1.5,302.59670401770484,299.41228923190044,298.5996870006386
31.056879341312357,1.5,302.5969481655812,299.41246585298,298.59980496018466
31.06050494011475,1.5,302.5971922959149,299.41264247117317,298.5999229287378
31.064130538917144,1.5,302.59743640870914,299.4128190864795,298.60004090629536
31.067756137719538,1.5,302.5976805039668,299.41299569889856,298.6001588928548
31.071381736521932,1.5,302.59792458169085,299.41317230843003,298.60027688841353
31.075007335324326,1.5,302.5981686418843,299.4133489150734,298.6003948929691
31.07863293412672,1.5,302.5984126845502,299.4135255188285,298.6005129065189
31.082258532929114,1.5,302.5986567096916,299.4137021196948,298.60063092906023
31.085884131731508,1.5,302.5989007173114,299.413878717672,298.6007489605907
31.0895097305339,1.5,302.5991447074126,299.4140553127596,298.6008670011077
31.093135329336295,1.5,302.5993886799982,299.4142319049574,298.60098505060864
31.09676092813869,1.5,302.59963263507126,299.4144084942648,298.601103109091
31.100386526941083,1.5,302.5998765726347,299.41458508068155,298.6012211765522
31.104012125743477,1.5,302.6001204926915,299.4147616642073,298.60133925298965
31.10763772454587,1.5,302.60036439524475,299.41493824484155,298.60145733840085
31.111263323348265,1.5,302.60060828029737,299.41511482258403,298.6015754327832
31.11488892215066,1.5,302.6008521478524,299.4152913974342,298.60169353613423
31.118514520953052,1.5,302.60109599791275,299.41546796939184,298.6018116484513
31.122140119755446,1.5,302.60133983048144,299.4156445384565,298.60192976973184
31.12576571855784,1.5,302.6015836455615,299.41582110462787,298.6020478999733
31.129391317360234,1.5,302.6018274431559,299.4159976679055,298.6021660391731
31.133016916162628,1.5,302.6020712232676,299.41617422828904,298.60228418732885
31.136642514965022,1.5,302.6023149858997,299.41635078577804,298.6024023444378
31.140268113767416,1.5,302.60255873105507,299.4165273403721,298.60252051049747
31.14389371256981,1.5,302.60280245873673,299.41670389207104,298.6026386855054
31.147519311372204,1.5,302.60304616894757,299.41688044087437,298.6027568694589
31.151144910174597,1.5,302.60328986169077,299.4170569867816,298.6028750623555
31.15477050897699,1.5,302.60353353696917,299.4172335297925,298.6029932641926
31.158396107779385,1.5,302.6037771947858,299.41741006990657,298.60311147496765
31.16202170658178,1.5,302.6040208351436,299.41758660712355,298.60322969467813
31.165647305384173,1.5,302.6042644580457,299.417763141443,298.60334792332145
31.169272904186567,1.5,302.60450806349485,299.4179396728646,298.6034661608951
31.17289850298896,1.5,302.6047516514942,299.4181162013878,298.60358440739645
31.176524101791355,1.5,302.6049952220467,299.41829272701244,298.6037026628231
31.18014970059375,1.5,302.6052387751552,299.418469249738,298.60382092717236
31.183775299396142,1.5,302.60548231082294,299.41864576956425,298.60393920044174
31.187400898198536,1.5,302.6057258290527,299.4188222864906,298.6040574826287
31.19102649700093,1.5,302.6059693298474,299.4189988005168,298.6041757737307
31.194652095803324,1.5,302.6062128132102,299.4191753116425,298.6042940737451
31.198277694605718,1.5,302.606456279144,299.41935181986725,298.6044123826695
31.20190329340811,1.5,302.6066997276518,299.41952832519075,298.6045307005013
31.205528892210506,1.5,302.6069431587365,299.4197048276126,298.6046490272379
31.2091544910129,1.5,302.60718657240113,299.4198813271324,298.6047673628767
31.212780089815293,1.5,302.60742996864866,299.42005782374974,298.60488570741535
31.216405688617687,1.5,302.60767334748203,299.42023431746435,298.6050040608512
31.22003128742008,1.5,302.60791670890427,299.4204108082758,298.6051224231816
31.223656886222475,1.5,302.60816005291827,299.42058729618367,298.60524079440427
31.22728248502487,1.5,302.60840337952703,299.4207637811876,298.6053591745164
31.230908083827263,1.5,302.6086466887336,299.4209402632873,298.6054775635156
31.234533682629657,1.5,302.6088899805408,299.42111674248235,298.6055959613993
31.23815928143205,1.5,302.6091332549517,299.4212932187723,298.60571436816485
31.241784880234444,1.5,302.6093765119693,299.42146969215685,298.60583278380983
31.24541047903684,1.5,302.60961975159654,299.4216461626357,298.60595120833176
31.249036077839232,1.5,302.60986297383624,299.4218226302083,298.6060696417279
31.252661676641626,1.5,302.6101061786916,299.42199909487437,298.6061880839959
31.25628727544402,1.5,302.61034936616545,299.4221755566336,298.6063065351331
31.259912874246414,1.5,302.6105925362607,299.4223520154855,298.606424995137
31.263538473048808,1.5,302.61083568898044,299.4225284714298,298.6065434640051
31.2671640718512,1.5,302.6110788243276,299.4227049244661,298.6066619417347
31.270789670653595,1.5,302.6113219423051,299.422881374594,298.6067804283235
31.27441526945599,1.5,302.61156504291597,299.42305782181313,298.60689892376877
31.278040868258383,1.5,302.61180812616306,299.42323426612313,298.6070174280681
31.281666467060777,1.5,302.6120511920494,299.4234107075236,298.60713594121887
31.28529206586317,1.5,302.61229424057797,299.42358714601426,298.6072544632186
31.288917664665565,1.5,302.61253727175165,299.42376358159464,298.6073729940648
31.29254326346796,1.5,302.6127802855735,299.4239400142644,298.6074915337548
31.296168862270353,1.5,302.6130232820464,299.4241164440232,298.60761008228616
31.299794461072747,1.5,302.61326626117335,299.42429287087066,298.6077286396563
31.30342005987514,1.5,302.61350922295725,299.42446929480633,298.6078472058627
31.307045658677534,1.5,302.61375216740106,299.42464571582997,298.6079657809028
31.310671257479928,1.5,302.6139950945078,299.4248221339411,298.6080843647742
31.314296856282322,1.5,302.6142380042804,299.4249985491395,298.60820295747413
31.317922455084716,1.5,302.61448089672183,299.4251749614246,298.60832155900033
31.32154805388711,1.5,302.61472377183503,299.4253513707962,298.60844016935005
31.325173652689504,1.5,302.6149666296229,299.4255277772538,298.60855878852084
31.328799251491898,1.5,302.6152094700885,299.4257041807972,298.60867741651015
31.33242485029429,1.5,302.61545229323457,299.4258805814259,298.6087960533155
31.336050449096685,1.5,302.6156950990642,299.4260569791395,298.6089146989343
31.33967604789908,1.5,302.61593788758046,299.42623337393775,298.6090333533641
31.343301646701473,1.5,302.6161806587861,299.4264097658202,298.6091520166023
31.346927245503867,1.5,302.6164234126841,299.42658615478655,298.6092706886464
31.35055284430626,1.5,302.61666614927753,299.42676254083636,298.60938936949384
31.354178443108655,1.5,302.61690886856917,299.4269389239693,298.6095080591421
31.35780404191105,1.5,302.6171515705621,299.427115304185,298.6096267575887
31.361429640713443,1.5,302.61739425525917,299.4272916814832,298.6097454648311
31.365055239515836,1.5,302.6176369226634,299.42746805586336,298.60986418086674
31.36868083831823,1.5,302.61787957277767,299.4276444273252,298.6099829056932
31.372306437120624,1.5,302.61812220560495,299.4278207958683,298.61010163930774
31.375932035923018,1.5,302.6183648211482,299.4279971614923,298.6102203817081
31.379557634725412,1.5,302.6186074194104,299.42817352419695,298.6103391328914
31.383183233527806,1.5,302.6188500003944,299.4283498839818,298.61045789285544
31.3868088323302,1.5,302.61909256410314,299.4285262408465,298.61057666159763
31.390434431132594,1.5,302.6193351105396,299.4287025947907,298.6106954391154
31.394060029934987,1.5,302.61957763970673,299.42887894581395,298.6108142254062
31.39768562873738,1.5,302.6198201516074,299.429055293916,298.6109330204675
31.401311227539775,1.5,302.62006264624466,299.42923163909643,298.61105182429685
31.40493682634217,1.5,302.62030512362134,299.42940798135487,298.61117063689176
31.408562425144563,1.5,302.62054758374035,299.429584320691,298.61128945824953
31.412188023946957,1.5,302.62079002660477,299.4297606571044,298.6114082883679
31.41581362274935,1.5,302.62103245221755,299.42993699059474,298.6115271272441
31.419439221551745,1.5,302.6212748605814,299.4301133211616,298.6116459748757
31.42306482035414,1.5,302.62151725169946,299.4302896488048,298.6117648312603
31.426690419156532,1.5,302.62175962557455,299.4304659735238,298.6118836963952
31.430316017958926,1.5,302.62200198220967,299.43064229531825,298.61200257027804
31.43394161676132,1.5,302.62224432160764,299.4308186141879,298.61212145290614
31.437567215563714,1.5,302.6224866437715,299.4309949301322,298.6122403442771
31.441192814366108,1.5,302.62272894870415,299.43117124315097,298.61235924438836
31.444818413168502,1.5,302.6229712364085,299.43134755324377,298.61247815323736
31.448444011970896,1.5,302.6232135068875,299.4315238604103,298.6125970708217
31.45206961077329,1.5,302.6234557601441,299.4317001646502,298.6127159971388
31.455695209575683,1.5,302.62369799618114,299.431876465963,298.6128349321861
31.459320808378077,1.5,302.62394021500165,299.4320527643484,298.6129538759611
31.46294640718047,1.5,302.6241824166085,299.432229059806,298.6130728284614
31.466572005982865,1.5,302.62442460100465,299.4324053523356,298.6131917896843
31.47019760478526,1.5,302.6246667681929,299.4325816419367,298.61331075962744
31.473823203587653,1.5,302.62490891817646,299.4327579286089,298.6134297382883
31.477448802390047,1.5,302.62515105095787,299.43293421235194,298.6135487256642
31.48107440119244,1.5,302.62539316654033,299.4331104931654,298.61366772175285
31.484699999994834,1.5,302.6256352649267,299.433286771049,298.6137867265516
31.48832559879723,1.5,302.62587734611986,299.43346304600226,298.61390574005804
31.491951197599622,1.5,302.6261194101227,299.433639318025,298.61402476226954
31.495576796402016,1.5,302.6263614569382,299.43381558711667,298.61414379318364
31.49920239520441,1.5,302.6266034865693,299.43399185327706,298.61426283279786
31.502827994006804,1.5,302.6268454990189,299.43416811650576,298.61438188110964
31.506453592809198,1.5,302.62708749428987,299.43434437680236,298.6145009381165
31.51007919161159,1.5,302.6273294723851,299.4345206341666,298.61462000381596
31.513704790413986,1.5,302.62757143330765,299.434696888598,298.61473907820545
31.51733038921638,1.5,302.6278133770603,299.4348731400964,298.6148581612825
31.520955988018773,1.5,302.628055303646,299.43504938866124,298.6149772530446
31.524581586821167,1.5,302.62829721306775,299.4352256342922,298.6150963534892
31.52820718562356,1.5,302.62853910532834,299.435401876989,298.61521546261383
31.531832784425955,1.5,302.62878098043075,299.4355781167513,298.61533458041606
31.53545838322835,1.5,302.6290228383778,299.43575435357866,298.6154537068932
31.539083982030743,1.5,302.62926467917254,299.43593058747086,298.615572842043
31.542709580833137,1.5,302.6295065028178,299.43610681842733,298.6156919858627
31.54633517963553,1.5,302.6297483093165,299.4362830464479,298.61581113835
31.549960778437924,1.5,302.62999009867156,299.4364592715321,298.6159302995023
31.55358637724032,1.5,302.6302318708859,299.43663549367966,298.616049469317
31.557211976042712,1.5,302.6304736259624,299.4368117128901,298.61616864779177
31.560837574845106,1.5,302.6307153639039,299.4369879291633,298.616287834924
31.5644631736475,1.5,302.63095708471354,299.4371641424987,298.6164070307112
31.568088772449894,1.5,302.631198788394,299.43734035289606,298.6165262351509
31.571714371252288,1.5,302.6314404749482,299.43751656035494,298.6166454482406
31.57533997005468,1.5,302.63168214437917,299.437692764875,298.61676466997784
31.578965568857075,1.5,302.6319237966897,299.43786896645594,298.61688390036
31.58259116765947,1.5,302.63216543188275,299.4380451650973,298.6170031393847
31.586216766461863,1.5,302.63240704996116,299.4382213607989,298.61712238704933
31.589842365264257,1.5,302.63264865092793,299.43839755356026,298.61724164335146
31.59346796406665,1.5,302.63289023478586,299.4385737433811,298.6173609082886
31.597093562869045,1.5,302.63313180153796,299.43874993026105,298.61748018185824
31.60071916167144,1.5,302.633373351187,299.4389261141997,298.6175994640579
31.604344760473833,1.5,302.633614883736,299.4391022951968,298.61771875488506
31.607970359276226,1.5,302.6338563991878,299.4392784732519,298.6178380543372
31.61159595807862,1.5,302.6340978975453,299.43945464836463,298.61795736241186
31.615221556881014,1.5,302.6343393788114,299.4396308205348,298.6180766791065
31.618847155683408,1.5,302.634580842989,299.4398069897619,298.6181960044187
31.622472754485802,1.5,302.63482229008093,299.4399831560457,298.6183153383459
31.626098353288196,1.5,302.6350637200903,299.4401593193857,298.61843468088557
31.62972395209059,1.5,302.6353051330197,299.4403354797817,298.6185540320354
31.633349550892984,1.5,302.6355465288723,299.4405116372332,298.61867339179264
31.636975149695377,1.5,302.63578790765075,299.44068779174,298.618792760155
31.64060074849777,1.5,302.63602926935806,299.4408639433017,298.6189121371199
31.644226347300165,1.5,302.63627061399717,299.44104009191796,298.61903152268485
31.64785194610256,1.5,302.6365119415709,299.4412162375884,298.6191509168474
31.651477544904953,1.5,302.6367532520822,299.44139238031266,298.61927031960494
31.655103143707347,1.5,302.6369945455339,299.44156852009047,298.61938973095516
31.65872874250974,1.5,302.637235821929,299.44174465692134,298.6195091508955
31.662354341312135,1.5,302.6374770812702,299.44192079080506,298.61962857942336
31.66597994011453,1.5,302.6377183235605,299.44209692174127,298.6197480165364
31.669605538916922,1.5,302.6379595488028,299.4422730497295,298.6198674622321
31.673231137719316,1.5,302.63820075699994,299.4424491747696,298.6199869165079
31.67685673652171,1.5,302.63844194815476,299.442625296861,298.62010637936135
31.680482335324104,1.5,302.6386831222703,299.44280141600353,298.6202258507899
31.684107934126498,1.5,302.63892427934934,299.4429775321968,298.62034533079117
31.687733532928892,1.5,302.6391654193948,299.4431536454404,298.62046481936267
31.691359131731286,1.5,302.63940654240946,299.44332975573406,298.6205843165018
31.69498473053368,1.5,302.6396476483963,299.4435058630774,298.6207038222062
31.698610329336073,1.5,302.6398887373582,299.44368196747007,298.6208233364733
31.702235928138467,1.5,302.6401298092981,299.4438580689117,298.62094285930067
31.70586152694086,1.5,302.6403708642187,299.44403416740204,298.6210623906858
31.709487125743255,1.5,302.64061190212306,299.44421026294066,298.62118193062616
31.71311272454565,1.5,302.64085292301394,299.4443863555272,298.6213014791194
31.716738323348043,1.5,302.64109392689426,299.44456244516135,298.6214210361629
31.720363922150437,1.5,302.6413349137669,299.4447385318428,298.6215406017542
31.72398952095283,1.5,302.64157588363474,299.4449146155712,298.6216601758909
31.727615119755225,1.5,302.64181683650065,299.44509069634614,298.6217797585704
31.73124071855762,1.5,302.64205777236754,299.4452667741673,298.62189934979034
31.734866317360012,1.5,302.64229869123824,299.44544284903435,298.62201894954813
31.738491916162406,1.5,302.6425395931156,299.44561892094697,298.62213855784137
31.7421175149648,1.5,302.6427804780026,299.4457949899048,298.62225817466754
31.745743113767194,1.5,302.64302134590196,299.4459710559075,298.6223778000242
31.749368712569588,1.5,302.64326219681664,299.44614711895474,298.6224974339088
31.75299431137198,1.5,302.64350303074957,299.44632317904615,298.62261707631893
31.756619910174376,1.5,302.6437438477035,299.4464992361814,298.62273672725206
31.76024550897677,1.5,302.6439846476814,299.44667529036013,298.62285638670573
31.763871107779163,1.5,302.6442254306861,299.446851341582,298.62297605467745
31.767496706581557,1.5,302.64446619672043,299.44702738984665,298.62309573116477
31.77112230538395,1.5,302.64470694578733,299.44720343515377,298.62321541616524
31.774747904186345,1.5,302.6449476778896,299.4473794775031,298.62333510967636
31.77837350298874,1.5,302.6451883930301,299.4475555168941,298.6234548116956
31.781999101791133,1.5,302.6454290912118,299.44773155332666,298.6235745222205
31.785624700593527,1.5,302.64566977243743,299.4479075868003,298.62369424124864
31.78925029939592,1.5,302.64591043671,299.4480836173147,298.6238139687775
31.792875898198314,1.5,302.6461510840323,299.4482596448695,298.62393370480464
31.79650149700071,1.5,302.64639171440706,299.44843566946435,298.6240534493276
31.800127095803102,1.5,302.6466323278374,299.44861169109896,298.62417320234385
31.803752694605496,1.5,302.64687292432603,299.44878770977306,298.6242929638509
31.80737829340789,1.5,302.6471135038758,299.4489637254862,298.6244127338464
31.811003892210284,1.5,302.64735406648964,299.449139738238,298.62453251232773
31.814629491012678,1.5,302.6475946121704,299.44931574802825,298.6246522992925
31.81825508981507,1.5,302.6478351409209,299.4494917548565,298.62477209473826
31.821880688617465,1.5,302.64807565274407,299.4496677587225,298.6248918986625
31.82550628741986,1.5,302.6483161476427,299.4498437596259,298.6250117110627
31.829131886222253,1.5,302.6485566256196,299.4500197575663,298.62513153193646
31.832757485024647,1.5,302.64879708667775,299.4501957525434,298.6252513612813
31.83638308382704,1.5,302.64903753081995,299.45037174455683,298.6253711990948
31.840008682629435,1.5,302.64927795804897,299.45054773360636,298.62549104537436
31.84363428143183,1.5,302.6495183683678,299.4507237196915,298.6256109001177
31.847259880234223,1.5,302.64975876177925,299.450899702812,298.6257307633221
31.850885479036616,1.5,302.64999913828615,299.45107568296754,298.62585063498534
31.85451107783901,1.5,302.6502394978914,299.45125166015777,298.62597051510477
31.858136676641404,1.5,302.6504798405978,299.45142763438224,298.62609040367806
31.861762275443798,1.5,302.6507201664083,299.4516036056408,298.62621030070267
31.865387874246192,1.5,302.6509604753255,299.45177957393304,298.62633020617614
31.869013473048586,1.5,302.6512007673526,299.45195553925856,298.6264501200961
31.87263907185098,1.5,302.6514410424922,299.4521315016171,298.6265700424599
31.876264670653374,1.5,302.65168130074716,299.4523074610083,298.62668997326523
31.879890269455768,1.5,302.6519215421205,299.45248341743184,298.62680991250954
31.88351586825816,1.5,302.6521617666149,299.4526593708874,298.6269298601904
31.887141467060555,1.5,302.6524019742332,299.45283532137455,298.6270498163054
31.89076706586295,1.5,302.65264216497843,299.453011268893,298.627169780852
31.894392664665343,1.5,302.6528823388532,299.45318721344245,298.62728975382777
31.898018263467737,1.5,302.6531224958606,299.45336315502254,298.62740973523023
31.90164386227013,1.5,302.65336263600324,299.45353909363297,298.62752972505695
31.905269461072525,1.5,302.6536027592841,299.4537150292734,298.62764972330547
31.90889505987492,1.5,302.65384286570605,299.4538909619435,298.6277697299733
31.912520658677312,1.5,302.65408295527186,299.45406689164287,298.6278897450579
31.916146257479706,1.5,302.6543230279843,299.45424281837126,298.62800976855704
31.9197718562821,1.5,302.6545630838463,299.45441874212827,298.62812980046806
31.923397455084494,1.5,302.6548031228608,299.4545946629136,298.6282498407886
31.927023053886888,1.5,302.6550431450305,299.454770580727,298.62836988951614
31.930648652689282,1.5,302.6552831503583,299.4549464955679,298.62848994664824
31.934274251491676,1.5,302.65552313884695,299.45512240743625,298.6286100121825
31.93789985029407,1.5,302.65576311049944,299.45529831633155,298.6287300861164
31.941525449096464,1.5,302.65600306531843,299.45547422225343,298.6288501684475
31.945151047898857,1.5,302.6562430033069,299.45565012520177,298.6289702591734
31.94877664670125,1.5,302.65648292446764,299.45582602517595,298.62909035829153
31.952402245503645,1.5,302.6567228288035,299.4560019221759,298.62921046579953
31.95602784430604,1.5,302.65696271631725,299.4561778162012,298.62933058169483
31.959653443108433,1.5,302.65720258701174,299.4563537072515,298.62945070597516
31.963279041910827,1.5,302.65744244088984,299.45652959532646,298.62957083863796
31.96690464071322,1.5,302.6576822779544,299.4567054804257,298.62969097968073
31.970530239515615,1.5,302.6579220982082,299.456881362549,298.62981112910114
31.97415583831801,1.5,302.6581619016542,299.45705724169596,298.62993128689664
31.977781437120402,1.5,302.658401688295,299.4572331178663,298.6300514530648
31.981407035922796,1.5,302.6586414581335,299.45740899105965,298.63017162760315
31.98503263472519,1.5,302.65888121117274,299.4575848612757,298.63029181050933
31.988658233527584,1.5,302.6591209474153,299.4577607285141,298.63041200178077
31.992283832329978,1.5,302.65936066686413,299.4579365927745,298.6305322014151
31.99590943113237,1.5,302.6596003695221,299.4581124540567,298.63065240940983
31.999535029934766,1.5,302.6598400553919,299.4582883123602,298.6307726257626
32.00316062873716,1.5,302.6600797244764,299.4584641676847,298.6308928504708
32.00678622753956,1.5,302.6603193767785,299.45864002003003,298.6310130835321
32.01041182634195,1.5,302.6605590123009,299.45881586939566,298.63113332494396
32.014037425144345,1.5,302.66079863104653,299.45899171578145,298.6312535747041
32.01766302394674,1.5,302.66103823301813,299.4591675591869,298.6313738328099
32.02128862274913,1.5,302.6612778182187,299.4593433996118,298.63149409925904
32.024914221551526,1.5,302.6615173866508,299.45951923705576,298.631614374049
32.02853982035392,1.5,302.6617569383175,299.45969507151847,298.6317346571773
32.032165419156314,1.5,302.6619964732215,299.45987090299974,298.6318549486416
32.03579101795871,1.5,302.66223599136555,299.46004673149895,298.6319752484394
32.0394166167611,1.5,302.6624754927526,299.460222557016,298.63209555656823
32.043042215563496,1.5,302.6627149773854,299.4603983795505,298.63221587302576
32.04666781436589,1.5,302.66295444526673,299.4605741991021,298.63233619780937
32.05029341316828,1.5,302.66319389639955,299.4607500156706,298.6324565309167
32.05391901197068,1.5,302.6634333307865,299.4609258292555,298.63257687234534
32.05754461077307,1.5,302.6636727484306,299.4611016398565,298.6326972220928
32.061170209575465,1.5,302.66391214933446,299.4612774474734,298.6328175801567
32.06479580837786,1.5,302.664151533501,299.4614532521058,298.6329379465345
32.06842140718025,1.5,302.6643909009331,299.46162905375337,298.6330583212239
32.07204700598265,1.5,302.6646302516334,299.46180485241575,298.6331787042224
32.07567260478504,1.5,302.6648695856049,299.46198064809266,298.63329909552743
32.079298203587435,1.5,302.6651089028502,299.46215644078376,298.63341949513676
32.08292380238983,1.5,302.66534820337233,299.4623322304888,298.63353990304785
32.08654940119222,1.5,302.665587487174,299.4625080172073,298.63366031925824
32.090174999994616,1.5,302.6658267542579,299.4626838009391,298.63378074376544
32.09380059879701,1.5,302.6660660046271,299.4628595816838,298.6339011765672
32.097426197599404,1.5,302.6663052382842,299.46303535944105,298.63402161766095
32.1010517964018,1.5,302.6665444552321,299.4632111342106,298.63414206704425
32.10467739520419,1.5,302.66678365547364,299.4633869059921,298.6342625247147
32.108302994006586,1.5,302.6670228390115,299.4635626747852,298.63438299066985
32.11192859280898,1.5,302.66726200584856,299.4637384405895,298.63450346490725
32.11555419161137,1.5,302.6675011559877,299.46391420340484,298.63462394742453
32.11917979041377,1.5,302.66774028943155,299.4640899632309,298.6347444382192
32.12280538921616,1.5,302.66797940618306,299.46426572006715,298.63486493728874
32.126430988018555,1.5,302.668218506245,299.46444147391355,298.63498544463096
32.13005658682095,1.5,302.6684575896202,299.46461722476954,298.63510596024315
32.13368218562334,1.5,302.66869665631134,299.46479297263494,298.63522648412305
32.13730778442574,1.5,302.6689357063214,299.46496871750935,298.6353470162682
32.14093338322813,1.5,302.66917473965304,299.46514445939255,298.6354675566762
32.144558982030524,1.5,302.66941375630915,299.465320198284,298.6355881053445
32.14818458083292,1.5,302.66965275629246,299.46549593418365,298.63570866227076
32.15181017963531,1.5,302.6698917396058,299.4656716670911,298.6358292274525
32.155435778437706,1.5,302.670130706252,299.4658473970059,298.6359498008874
32.1590613772401,1.5,302.6703696562338,299.46602312392787,298.6360703825729
32.162686976042494,1.5,302.67060858955404,299.4661988478566,298.63619097250654
32.16631257484489,1.5,302.6708475062155,299.4663745687918,298.6363115706861
32.16993817364728,1.5,302.67108640622104,299.4665502867332,298.63643217710893
32.173563772449675,1.5,302.6713252895733,299.46672600168046,298.6365527917728
32.17718937125207,1.5,302.6715641562752,299.4669017136332,298.63667341467504
32.18081497005446,1.5,302.6718030063295,299.4670774225912,298.6367940458135
32.18444056885686,1.5,302.67204183973905,299.46725312855403,298.63691468518556
32.18806616765925,1.5,302.67228065650653,299.46742883152143,298.6370353327888
32.191691766461645,1.5,302.6725194566348,299.4676045314931,298.63715598862086
32.19531736526404,1.5,302.67275824012665,299.46778022846877,298.63727665267936
32.19894296406643,1.5,302.6729970069849,299.46795592244797,298.63739732496174
32.20256856286883,1.5,302.67323575721224,299.46813161343044,298.63751800546567
32.20619416167122,1.5,302.6734744908116,299.468307301416,298.6376386941887
32.209819760473614,1.5,302.6737132077857,299.4684829864041,298.63775939112844
32.21344535927601,1.5,302.67395190813727,299.46865866839465,298.6378800962824
32.2170709580784,1.5,302.67419059186915,299.46883434738714,298.63800080964825
32.220696556880796,1.5,302.67442925898416,299.46901002338143,298.6381215312234
32.22432215568319,1.5,302.67466790948504,299.4691856963771,298.6382422610057
32.227947754485584,1.5,302.6749065433746,299.46936136637385,298.6383629989925
32.23157335328798,1.5,302.6751451606557,299.46953703337135,298.6384837451815
32.23519895209037,1.5,302.6753837613309,299.46971269736935,298.63860449957014
32.238824550892765,1.5,302.6756223454032,299.46988835836737,298.63872526215613
32.24245014969516,1.5,302.67586091287535,299.47006401636526,298.63884603293695
32.24607574849755,1.5,302.67609946375,299.4702396713627,298.63896681191034
32.24970134729995,1.5,302.6763379980301,299.4704153233593,298.6390875990737
32.25332694610234,1.5,302.67657651571835,299.4705909723548,298.6392083944247
32.256952544904735,1.5,302.6768150168175,299.4707666183488,298.639329197961
32.26057814370713,1.5,302.67705350133036,299.47094226134107,298.63945000968005
32.26420374250952,1.5,302.6772919692598,299.47111790133124,298.6395708295795
32.267829341311916,1.5,302.6775304206085,299.4712935383191,298.6396916576569
32.27145494011431,1.5,302.67776885537916,299.47146917230424,298.63981249390986
32.275080538916704,1.5,302.67800727357474,299.4716448032863,298.63993333833594
32.2787061377191,1.5,302.6782456751979,299.4718204312651,298.64005419093274
32.28233173652149,1.5,302.67848406025144,299.4719960562403,298.64017505169784
32.285957335323886,1.5,302.6787224287381,299.47217167821145,298.64029592062883
32.28958293412628,1.5,302.67896078066076,299.47234729717843,298.64041679772333
32.29320853292867,1.5,302.6791991160221,299.4725229131408,298.6405376829789
32.29683413173107,1.5,302.679437434825,299.4726985260982,298.6406585763931
32.30045973053346,1.5,302.67967573707205,299.47287413605056,298.64077947796346
32.304085329335855,1.5,302.67991402276624,299.4730497429973,298.64090038768774
32.30771092813825,1.5,302.68015229191013,299.47322534693825,298.6410213055634
32.31133652694064,1.5,302.6803905445066,299.473400947873,298.6411422315881
32.31496212574304,1.5,302.6806287805585,299.4735765458014,298.64126316575937
32.31858772454543,1.5,302.68086700006853,299.473752140723,298.6413841080748
32.322213323347825,1.5,302.68110520303935,299.47392773263755,298.641505058532
32.32583892215022,1.5,302.6813433894739,299.4741033215447,298.6416260171286
32.32946452095261,1.5,302.6815815593748,299.4742789074441,298.6417469838621
32.333090119755006,1.5,302.681819712745,299.4744544903356,298.64186795873024
32.3367157185574,1.5,302.68205784958707,299.47463007021867,298.6419889417304
32.340341317359794,1.5,302.68229596990386,299.4748056470932,298.64210993286036
32.34396691616219,1.5,302.68253407369815,299.4749812209588,298.6422309321176
32.34759251496458,1.5,302.6827721609727,299.47515679181515,298.64235193949986
32.351218113766976,1.5,302.6830102317303,299.47533235966193,298.6424729550045
32.35484371256937,1.5,302.6832482859736,299.47550792449886,298.64259397862935
32.35846931137176,1.5,302.6834863237055,299.47568348632564,298.64271501037183
32.36209491017416,1.5,302.6837243449287,299.4758590451419,298.6428360502296
32.36572050897655,1.5,302.683962349646,299.47603460094734,298.6429570982003
32.369346107778945,1.5,302.6842003378601,299.4762101537417,298.64307815428145
32.37297170658134,1.5,302.6844383095738,299.47638570352467,298.64319921847067
32.37659730538373,1.5,302.68467626478986,299.47656125029596,298.64332029076564
32.38022290418613,1.5,302.68491420351097,299.47673679405517,298.64344137116376
32.38384850298852,1.5,302.68515212574,299.476912334802,298.64356245966286
32.387474101790914,1.5,302.6853900314797,299.4770878725363,298.64368355626044
32.39109970059331,1.5,302.6856279207327,299.4772634072576,298.64380466095406
32.3947252993957,1.5,302.6858657935019,299.4774389389657,298.64392577374133
32.398350898198096,1.5,302.68610364979,299.4776144676602,298.64404689461986
32.40197649700049,1.5,302.6863414895997,299.4777899933409,298.64416802358727
32.405602095802884,1.5,302.6865793129339,299.4779655160073,298.6442891606411
32.40922769460528,1.5,302.68681711979514,299.4781410356593,298.6444103057791
32.41285329340767,1.5,302.68705491018636,299.47831655229646,298.6445314589987
32.416478892210066,1.5,302.6872926841102,299.4784920659186,298.6446526202976
32.42010449101246,1.5,302.6875304415695,299.47866757652525,298.64477378967337
32.42373008981485,1.5,302.687768182567,299.47884308411625,298.6448949671236
32.42735568861725,1.5,302.68800590710543,299.47901858869125,298.64501615264595
32.43098128741964,1.5,302.6882436151875,299.4791940902499,298.6451373462379
32.434606886222035,1.5,302.688481306816,299.47936958879194,298.6452585478972
32.43823248502443,1.5,302.6887189819937,299.479545084317,298.64537975762136
32.44185808382682,1.5,302.6889566407233,299.4797205768249,298.645500975408
32.44548368262922,1.5,302.68919428300757,299.47989606631523,298.6456222012548
32.44910928143161,1.5,302.68943190884926,299.4800715527877,298.64574343515926
32.452734880234004,1.5,302.6896695182511,299.4802470362421,298.64586467711905
32.4563604790364,1.5,302.68990711121586,299.480422516678,298.64598592713173
32.45998607783879,1.5,302.6901446877463,299.48059799409515,298.646107185195
32.463611676641186,1.5,302.6903822478451,299.4807734684932,298.6462284513063
32.46723727544358,1.5,302.69061979151513,299.4809489398719,298.64634972546344
32.470862874245974,1.5,302.69085731875896,299.481124408231,298.6464710076638
32.47448847304837,1.5,302.6910948295794,299.48129987357004,298.6465922979052
32.47811407185076,1.5,302.6913323239793,299.4814753358889,298.64671359618524
32.481739670653155,1.5,302.69156980196124,299.48165079518714,298.6468349025013
32.48536526945555,1.5,302.6918072635281,299.4818262514645,298.64695621685127
32.48899086825794,1.5,302.69204470868254,299.4820017047207,298.64707753923255
32.49261646706034,1.5,302.69228213742736,299.48217715495537,298.6471988696429
32.49624206586273,1.5,302.69251954976517,299.4823526021683,298.64732020807986
32.499867664665125,1.5,302.6927569456989,299.4825280463591,298.647441554541
32.50349326346752,1.5,302.69299432523104,299.4827034875276,298.6475629090239
32.50711886226991,1.5,302.69323168836456,299.48287892567333,298.64768427152643
32.510744461072306,1.5,302.69346903510205,299.4830543607961,298.6478056420459
32.5143700598747,1.5,302.6937063654464,299.4832297928955,298.6479270205801
32.517995658677094,1.5,302.6939436794002,299.4834052219714,298.64804840712657
32.52162125747949,1.5,302.6941809769662,299.48358064802335,298.64816980168297
32.52524685628188,1.5,302.6944182581472,299.4837560710511,298.64829120424685
32.528872455084276,1.5,302.6946555229459,299.4839314910544,298.6484126148159
32.53249805388667,1.5,302.69489277136506,299.4841069080329,298.6485340333877
32.536123652689064,1.5,302.69513000340737,299.48428232198626,298.6486554599599
32.53974925149146,1.5,302.69536721907554,299.4844577329143,298.64877689453004
32.54337485029385,1.5,302.6956044183724,299.4846331408166,298.6488983370958
32.547000449096245,1.5,302.6958416013006,299.48480854569283,298.64901978765477
32.55062604789864,1.5,302.69607876786284,299.4849839475428,298.6491412462046
32.55425164670103,1.5,302.6963159180619,299.48515934636623,298.6492627127429
32.55787724550343,1.5,302.6965530519006,299.48533474216276,298.64938418726723
32.56150284430582,1.5,302.6967901693815,299.48551013493204,298.6495056697753
32.565128443108215,1.5,302.6970272705074,299.4856855246739,298.64962716026463
32.56875404191061,1.5,302.6972643552811,299.48586091138793,298.6497486587329
32.572379640713,1.5,302.69750142370515,299.4860362950738,298.6498701651777
32.576005239515396,1.5,302.69773847578244,299.48621167573134,298.64999167959667
32.57963083831779,1.5,302.6979755115156,299.48638705336026,298.65011320198744
32.583256437120184,1.5,302.6982125309074,299.48656242796017,298.6502347323477
32.58688203592258,1.5,302.6984495339606,299.4867377995308,298.65035627067493
32.59050763472497,1.5,302.6986865206778,299.4869131680718,298.6504778169668
32.594133233527366,1.5,302.6989234910619,299.48708853358295,298.650599371221
32.59775883232976,1.5,302.69916044511547,299.4872638960639,298.65072093343514
32.60138443113215,1.5,302.69939738284125,299.48743925551446,298.6508425036068
32.60501002993455,1.5,302.6996343042421,299.48761461193413,298.65096408173355
32.60863562873694,1.5,302.6998712093206,299.48778996532286,298.6510856678131
32.612261227539335,1.5,302.70010809807945,299.4879653156802,298.6512072618431
32.61588682634173,1.5,302.7003449705214,299.4881406630058,298.6513288638211
32.61951242514412,1.5,302.7005818266492,299.48831600729955,298.6514504737447
32.62313802394652,1.5,302.70081866646564,299.488491348561,298.6515720916117
32.62676362274891,1.5,302.70105548997327,299.4886666867899,298.6516937174195
32.630389221551305,1.5,302.70129229717486,299.48884202198604,298.6518153511659
32.6340148203537,1.5,302.7015290880732,299.489017354149,298.65193699284845
32.63764041915609,1.5,302.7017658626709,299.4891926832785,298.6520586424648
32.641266017958486,1.5,302.70200262097086,299.48936800937423,298.65218030001256
32.64489161676088,1.5,302.7022393629756,299.489543332436,298.6523019654894
32.648517215563274,1.5,302.7024760886879,299.4897186524635,298.65242363889286
32.65214281436567,1.5,302.7027127981104,299.4898939694564,298.65254532022067
32.65576841316806,1.5,302.702949491246,299.49006928341436,298.6526670094704
32.659394011970456,1.5,302.7031861680972,299.4902445943371,298.65278870663974
32.66301961077285,1.5,302.7034228286669,299.49041990222435,298.6529104117262
32.66664520957524,1.5,302.7036594729576,299.49059520707584,298.65303212472753
32.67027080837764,1.5,302.70389610097226,299.4907705088912,298.6531538456414
32.67389640718003,1.5,302.7041327127134,299.49094580767024,298.65327557446534
32.677522005982425,1.5,302.7043693081837,299.4911211034127,298.653397311197
32.68114760478482,1.5,302.7046058873861,299.49129639611806,298.653519055834
32.68477320358721,1.5,302.70484245032304,299.4914716857863,298.653640808374
32.68839880238961,1.5,302.70507899699743,299.4916469724169,298.6537625688147
32.692024401192,1.5,302.7053155274118,299.49182225600964,298.6538843371536
32.695649999994394,1.5,302.705552041569,299.4919975365643,298.65400611338845
32.69927559879679,1.5,302.70578853947165,299.4921728140806,298.6541278975168
32.70290119759918,1.5,302.7060250211225,299.4923480885581,298.65424968953636
32.706526796401576,1.5,302.7062614865243,299.49252335999665,298.65437148944466
32.71015239520397,1.5,302.7064979356796,299.4926986283959,298.6544932972395
32.713777994006364,1.5,302.70673436859124,299.49287389375553,298.65461511291835
32.71740359280876,1.5,302.70697078526183,299.49304915607536,298.65473693647897
32.72102919161115,1.5,302.70720718569413,299.4932244153549,298.654858767919
32.724654790413545,1.5,302.70744356989076,299.4933996715941,298.654980607236
32.72828038921594,1.5,302.70767993785455,299.4935749247925,298.6551024544276
32.73190598801833,1.5,302.7079162895881,299.49375017494987,298.65522430949153
32.73553158682073,1.5,302.70815262509416,299.4939254220659,298.65534617242537
32.73915718562312,1.5,302.70838894437543,299.49410066614035,298.65546804322673
32.742782784425515,1.5,302.70862524743455,299.49427590717283,298.6555899218933
32.74640838322791,1.5,302.70886153427426,299.49445114516317,298.6557118084228
32.7500339820303,1.5,302.7090978048973,299.494626380111,298.6558337028127
32.7536595808327,1.5,302.70933405930623,299.49480161201603,298.6559556050607
32.75728517963509,1.5,302.70957029750383,299.494976840878,298.6560775151645
32.760910778437484,1.5,302.7098065194928,299.4951520666966,298.65619943312174
32.76453637723988,1.5,302.71004272527585,299.49532728947156,298.65632135893
32.76816197604227,1.5,302.7102789148556,299.4955025092026,298.6564432925869
32.771787574844666,1.5,302.71051508823484,299.4956777258894,298.65656523409024
32.77541317364706,1.5,302.71075124541625,299.49585293953163,298.65668718343755
32.779038772449454,1.5,302.71098738640234,299.4960281501291,298.65680914062654
32.78266437125185,1.5,302.71122351119607,299.49620335768157,298.65693110565473
32.78628997005424,1.5,302.71145961979994,299.4963785621886,298.6570530785198
32.789915568856635,1.5,302.7116957122167,299.49655376364996,298.6571750592196
32.79354116765903,1.5,302.711931788449,299.49672896206533,298.6572970477515
32.79716676646142,1.5,302.71216784849963,299.4969041574345,298.6574190441133
32.80079236526382,1.5,302.71240389237124,299.4970793497572,298.6575410483027
32.80441796406621,1.5,302.71263992006647,299.497254539033,298.65766306031713
32.808043562868605,1.5,302.71287593158803,299.4974297252618,298.65778508015444
32.811669161671,1.5,302.71311192693855,299.4976049084431,298.6579071078122
32.81529476047339,1.5,302.7133479061208,299.4977800885768,298.65802914328805
32.818920359275786,1.5,302.71358386913744,299.4979552656625,298.6581511865797
32.82254595807818,1.5,302.7138198159911,299.49813043969993,298.65827323768474
32.826171556880574,1.5,302.71405574668455,299.49830561068893,298.6583952966008
32.82979715568297,1.5,302.71429166122033,299.4984807786291,298.65851736332564
32.83342275448536,1.5,302.7145275596014,299.4986559435201,298.6586394378568
32.837048353287756,1.5,302.7147634418302,299.4988311053617,298.65876152019194
32.84067395209015,1.5,302.7149993079094,299.4990062641537,298.6588836103288
32.84429955089254,1.5,302.71523515784185,299.4991814198957,298.659005708265
32.84792514969494,1.5,302.71547099163007,299.49935657258743,298.65912781399817
32.85155074849733,1.5,302.7157068092768,299.49953172222865,298.65924992752593
32.855176347299725,1.5,302.71594261078474,299.4997068688191,298.659372048846
32.85880194610212,1.5,302.7161783961565,299.4998820123584,298.65949417795605
32.86242754490451,1.5,302.7164141653949,299.50005715284635,298.6596163148537
32.86605314370691,1.5,302.71664991850247,299.5002322902826,298.6597384595365
32.8696787425093,1.5,302.7168856554819,299.50040742466695,298.6598606120023
32.873304341311695,1.5,302.71712137633597,299.5005825559991,298.6599827722486
32.87692994011409,1.5,302.71735708106723,299.50075768427865,298.6601049402732
32.88055553891648,1.5,302.7175927696784,299.5009328095054,298.66022711607354
32.884181137718876,1.5,302.7178284421722,299.5011079316791,298.6603492996475
32.88780673652127,1.5,302.7180640985513,299.50128305079943,298.6604714909927
32.891432335323664,1.5,302.71829973881825,299.5014581668661,298.6605936901067
32.89505793412606,1.5,302.71853536297584,299.5016332798789,298.6607158969872
32.89868353292845,1.5,302.71877097102674,299.5018083898374,298.66083811163185
32.902309131730846,1.5,302.7190065629736,299.5019834967414,298.66096033403835
32.90593473053324,1.5,302.7192421388191,299.50215860059063,298.6610825642043
32.90956032933563,1.5,302.7194776985658,299.5023337013848,298.6612048021275
32.91318592813803,1.5,302.71971324221647,299.5025087991237,298.6613270478055
32.91681152694042,1.5,302.7199487697738,299.50268389380693,298.6614493012359
32.920437125742815,1.5,302.7201842812404,299.5028589854342,298.6615715624165
32.92406272454521,1.5,302.720419776619,299.50303407400537,298.6616938313449
32.9276883233476,1.5,302.72065525591216,299.50320915952005,298.66181610801874
32.93131392215,1.5,302.7208907191227,299.503384241978,298.6619383924356
32.93493952095239,1.5,302.7211261662531,299.5035593213789,298.66206068459337
32.938565119754784,1.5,302.7213615973061,299.50373439772244,298.6621829844896
32.94219071855718,1.5,302.72159701228446,299.50390947100846,298.6623052921219
32.94581631735957,1.5,302.7218324111908,299.5040845412365,298.66242760748804
32.949441916161966,1.5,302.72206779402774,299.50425960840647,298.66254993058556
32.95306751496436,1.5,302.7223031607978,299.5044346725181,298.66267226141224
32.956693113766754,1.5,302.7225385115039,299.5046097335709,298.66279459996565
32.96031871256915,1.5,302.72277384614864,299.50478479156476,298.66291694624357
32.96394431137154,1.5,302.72300916473455,299.5049598464993,298.6630393002436
32.967569910173935,1.5,302.72324446726446,299.5051348983743,298.66316166196344
32.97119550897633,1.5,302.7234797537409,299.50530994718946,298.6632840314006
32.97482110777872,1.5,302.7237150241665,299.50548499294456,298.66340640855304
32.97844670658112,1.5,302.723950278544,299.50566003563927,298.6635287934182
32.98207230538351,1.5,302.7241855168761,299.50583507527324,298.66365118599384
32.985697904185905,1.5,302.7244207391654,299.5060101118463,298.66377358627756
32.9893235029883,1.5,302.72465594541455,299.5061851453582,298.6638959942671
32.99294910179069,1.5,302.7248911356262,299.50636017580854,298.66401840996014
32.99657470059309,1.5,302.725126309803,299.50653520319713,298.6641408333543
33.00020029939548,1.5,302.7253614679476,299.5067102275236,298.66426326444724
33.003825898197874,1.5,302.7255966100627,299.50688524878785,298.66438570323675
33.00745149700027,1.5,302.72583173615095,299.5070602669894,298.6645081497204
33.01107709580266,1.5,302.72606684621496,299.50723528212814,298.66463060389583
33.014702694605056,1.5,302.7263019402574,299.5074102942036,298.66475306576075
33.01832829340745,1.5,302.72653701828085,299.50758530321576,298.6648755353129
33.021953892209844,1.5,302.7267720802881,299.5077603091641,298.6649980125499
33.02557949101224,1.5,302.72700712628176,299.50793531204846,298.6651204974694
33.02920508981463,1.5,302.72724215626437,299.5081103118686,298.66524299006915
33.032830688617025,1.5,302.72747717023867,299.5082853086241,298.6653654903468
33.03645628741942,1.5,302.7277121682073,299.5084603023149,298.6654879982999
33.04008188622181,1.5,302.7279471501729,299.50863529294054,298.6656105139263
33.04370748502421,1.5,302.72818211613816,299.50881028050077,298.6657330372236
33.0473330838266,1.5,302.72841706610564,299.50898526499543,298.6658555681895
33.050958682628995,1.5,302.728652000078,299.509160246424,298.6659781068216
33.05458428143139,1.5,302.728886918058,299.5093352247865,298.6661006531177
33.05820988023378,1.5,302.72912182004814,299.50951020008256,298.66622320707546
33.061835479036176,1.5,302.7293567060512,299.5096851723118,298.66634576869245
33.06546107783857,1.5,302.7295915760697,299.509860141474,298.6664683379664
33.069086676640964,1.5,302.7298264301063,299.51003510756897,298.6665909148951
33.07271227544336,1.5,302.73006126816375,299.5102100705963,298.66671349947603
33.07633787424575,1.5,302.73029609024456,299.51038503055577,298.66683609170707
33.079963473048146,1.5,302.73053089635147,299.51055998744715,298.6669586915857
33.08358907185054,1.5,302.730765686487,299.51073494127013,298.6670812991098
33.08721467065293,1.5,302.7310004606539,299.5109098920244,298.6672039142769
33.09084026945533,1.5,302.73123521885475,299.5110848397098,298.6673265370848
33.09446586825772,1.5,302.7314699610922,299.51125978432594,298.6674491675312
33.098091467060115,1.5,302.7317046873689,299.5114347258726,298.66757180561365
33.10171706586251,1.5,302.73193939768754,299.51160966434946,298.66769445132985
33.1053426646649,1.5,302.7321740920507,299.5117845997563,298.66781710467757
33.1089682634673,1.5,302.73240877046095,299.5119595320929,298.66793976565447
33.11259386226969,1.5,302.732643432921,299.5121344613588,298.66806243425816
33.116219461072085,1.5,302.73287807943353,299.5123093875539,298.6681851104865
33.11984505987448,1.5,302.73311271000114,299.51248431067785,298.668307794337
33.12347065867687,1.5,302.7333473246264,299.51265923073043,298.66843048580745
33.127096257479266,1.5,302.733581923312,299.5128341477113,298.6685531848954
33.13072185628166,1.5,302.7338165060605,299.51300906162027,298.6686758915987
33.134347455084054,1.5,302.73405107287465,299.51318397245694,298.6687986059149
33.13797305388645,1.5,302.73428562375705,299.51335888022123,298.6689213278419
33.14159865268884,1.5,302.7345201587102,299.5135337849127,298.66904405737705
33.145224251491236,1.5,302.734754677737,299.51370868653123,298.6691667945184
33.14884985029363,1.5,302.73498918083976,299.51388358507637,298.6692895392634
33.15247544909602,1.5,302.7352236680214,299.51405848054793,298.6694122916099
33.15610104789842,1.5,302.7354581392843,299.5142333729457,298.66953505155544
33.15972664670081,1.5,302.7356925946312,299.51440826226934,298.6696578190978
33.163352245503205,1.5,302.73592703406484,299.51458314851857,298.66978059423457
33.1669778443056,1.5,302.7361614575876,299.5147580316932,298.6699033769636
33.17060344310799,1.5,302.7363958652024,299.51493291179287,298.67002616728246
33.17422904191039,1.5,302.73663025691155,299.5151077888174,298.6701489651889
33.17785464071278,1.5,302.73686463271787,299.51528266276637,298.67027177068064
33.181480239515174,1.5,302.737098992624,299.5154575336397,298.6703945837553
33.18510583831757,1.5,302.73733333663245,299.51563240143696,298.67051740441053
33.18873143711996,1.5,302.7375676647459,299.515807266158,298.6706402326442
33.192357035922356,1.5,302.7378019769669,299.5159821278025,298.6707630684539
33.19598263472475,1.5,302.73803627329835,299.51615698637016,298.6708859118373
33.199608233527144,1.5,302.7382705537425,299.5163318418608,298.6710087627921
33.20323383232954,1.5,302.7385048183022,299.516506694274,298.6711316213161
33.20685943113193,1.5,302.73873906698,299.51668154360965,298.6712544874068
33.210485029934325,1.5,302.7389732997785,299.5168563898674,298.67137736106207
33.21411062873672,1.5,302.7392075167004,299.517031233047,298.6715002422796
33.21773622753911,1.5,302.7394417177482,299.51720607314826,298.67162313105695
33.22136182634151,1.5,302.7396759029246,299.5173809101707,298.671746027392
33.2249874251439,1.5,302.7399100722322,299.5175557441143,298.67186893128223
33.228613023946295,1.5,302.74014422567365,299.51773057497866,298.67199184272556
33.23223862274869,1.5,302.74037836325147,299.5179054027635,298.67211476171957
33.23586422155108,1.5,302.7406124849684,299.5180802274686,298.672237688262
33.23948982035348,1.5,302.7408465908269,299.5182550490936,298.6723606223505
33.24311541915587,1.5,302.74108068082967,299.5184298676385,298.6724835639828
33.246741017958264,1.5,302.7413147549793,299.5186046831027,298.67260651315655
33.25036661676066,1.5,302.74154881327854,299.5187794954861,298.6727294698696
33.25399221556305,1.5,302.7417828557298,299.51895430478845,298.6728524341195
33.257617814365446,1.5,302.74201688233586,299.5191291110094,298.672975405904
33.26124341316784,1.5,302.74225089309925,299.51930391414874,298.67309838522084
33.264869011970234,1.5,302.74248488802255,299.51947871420623,298.67322137206776
33.26849461077263,1.5,302.74271886710847,299.51965351118156,298.67334436644234
33.27212020957502,1.5,302.7429528303595,299.51982830507444,298.67346736834236
33.275745808377415,1.5,302.74318677777825,299.5200030958847,298.67359037776544
33.27937140717981,1.5,302.7434207093674,299.52017788361195,298.6737133947094
33.2829970059822,1.5,302.74365462512964,299.520352668256,298.6738364191719
33.2866226047846,1.5,302.7438885250674,299.5205274498166,298.6739594511506
33.29024820358699,1.5,302.7441224091834,299.52070222829343,298.6740824906433
33.293873802389385,1.5,302.74435627748016,299.52087700368634,298.67420553764765
33.29749940119178,1.5,302.74459012996033,299.5210517759949,298.6743285921614
33.30112499999417,1.5,302.74482396662654,299.52122654521895,298.67445165418223
33.304750598796566,1.5,302.7450577874814,299.52140131135815,298.67457472370785
33.30837619759896,1.5,302.74529159252745,299.52157607441234,298.6746978007359
33.312001796401354,1.5,302.7455253817673,299.52175083438124,298.6748208852641
33.31562739520375,1.5,302.74575915520364,299.52192559126445,298.6749439772903
33.31925299400614,1.5,302.74599291283903,299.52210034506186,298.6750670768121
33.322878592808536,1.5,302.746226654676,299.52227509577324,298.67519018382717
33.32650419161093,1.5,302.7464603807172,299.52244984339814,298.6753132983333
33.330129790413324,1.5,302.7466940909652,299.52262458793643,298.6754364203282
33.33375538921572,1.5,302.7469277854227,299.52279932938785,298.6755595498096
33.33738098801811,1.5,302.74716146409224,299.522974067752,298.6756826867751
33.341006586820505,1.5,302.7473951269764,299.5231488030288,298.6758058312225
33.3446321856229,1.5,302.7476287740777,299.52332353521786,298.67592898314945
33.34825778442529,1.5,302.74786240539896,299.523498264319,298.6760521425537
33.35188338322769,1.5,302.74809602094257,299.52367299033193,298.6761753094331
33.35550898203008,1.5,302.7483296207112,299.52384771325643,298.67629848378516
33.359134580832475,1.5,302.74856320470747,299.5240224330921,298.6764216656076
33.36276017963487,1.5,302.7487967729339,299.5241971498388,298.6765448548984
33.36638577843726,1.5,302.74903032539316,299.52437186349624,298.67666805165493
33.370011377239656,1.5,302.74926386208784,299.5245465740642,298.67679125587506
33.37363697604205,1.5,302.7494973830205,299.5247212815424,298.6769144675565
33.377262574844444,1.5,302.74973088819365,299.5248959859305,298.677037686697
33.38088817364684,1.5,302.74996437761007,299.5250706872283,298.6771609132943
33.38451377244923,1.5,302.7501978512722,299.5252453854355,298.6772841473461
33.388139371251626,1.5,302.7504313091827,299.52542008055195,298.67740738885
33.39176497005402,1.5,302.7506647513442,299.5255947725773,298.6775306378038
33.39539056885641,1.5,302.7508981777592,299.52576946151123,298.67765389420515
33.39901616765881,1.5,302.7511315884303,299.5259441473536,298.6777771580519
33.4026417664612,1.5,302.75136498336013,299.52611883010405,298.6779004293417
33.406267365263595,1.5,302.7515983625513,299.52629350976247,298.6780237080723
33.40989296406599,1.5,302.7518317260063,299.5264681863285,298.6781469942414
33.41351856286838,1.5,302.75206507372775,299.5266428598018,298.67827028784666
33.41714416167078,1.5,302.7522984057183,299.52681753018226,298.6783935888859
33.42076976047317,1.5,302.75253172198046,299.52699219746955,298.6785168973568
33.424395359275564,1.5,302.7527650225169,299.52716686166343,298.6786402132571
33.42802095807796,1.5,302.7529983073301,299.52734152276366,298.6787635365845
33.43164655688035,1.5,302.7532315764227,299.52751618076985,298.6788868673367
33.435272155682746,1.5,302.7534648297973,299.5276908356819,298.6790102055115
33.43889775448514,1.5,302.7536980674564,299.5278654874995,298.6791335511066
33.442523353287534,1.5,302.7539312894028,299.5280401362224,298.6792569041196
33.44614895208993,1.5,302.75416449563875,299.5282147818503,298.6793802645484
33.44977455089232,1.5,302.754397686167,299.52838942438296,298.6795036323906
33.453400149694716,1.5,302.75463086099023,299.52856406382017,298.679627007644
33.45702574849711,1.5,302.7548640201109,299.5287387001617,298.6797503903063
33.4606513472995,1.5,302.7550971635317,299.5289133334071,298.67987378037526
33.4642769461019,1.5,302.755330291255,299.5290879635563,298.6799971778486
33.46790254490429,1.5,302.75556340328353,299.529262590609,298.68012058272393
33.471528143706685,1.5,302.7557964996198,299.5294372145649,298.68024399499916
33.47515374250908,1.5,302.7560295802665,299.52961183542385,298.6803674146718
33.47877934131147,1.5,302.7562626452262,299.5297864531854,298.6804908417398
33.48240494011387,1.5,302.7564956945012,299.52996106784946,298.6806142762008
33.48603053891626,1.5,302.7567287280944,299.53013567941576,298.6807377180525
33.489656137718654,1.5,302.7569617460083,299.530310287884,298.6808611672927
33.49328173652105,1.5,302.75719474824535,299.5304848932539,298.680984623919
33.49690733532344,1.5,302.7574277348082,299.53065949552524,298.6811080879293
33.500532934125836,1.5,302.75766070569944,299.5308340946978,298.68123155932125
33.50415853292823,1.5,302.75789366092164,299.5310086907713,298.68135503809253
33.507784131730624,1.5,302.75812660047734,299.5311832837454,298.681478524241
33.51140973053302,1.5,302.75835952436915,299.5313578736199,298.68160201776425
33.51503532933541,1.5,302.75859243259964,299.53153246039466,298.6817255186601
33.518660928137805,1.5,302.7588253251713,299.53170704406926,298.6818490269263
33.5222865269402,1.5,302.75905820208686,299.5318816246436,298.6819725425604
33.52591212574259,1.5,302.7592910633487,299.5320562021172,298.6820960655604
33.52953772454499,1.5,302.7595239089595,299.53223077649,298.68221959592387
33.53316332334738,1.5,302.7597567389218,299.5324053477617,298.6823431336486
33.536788922149775,1.5,302.75998955323814,299.53257991593205,298.6824666787323
33.54041452095217,1.5,302.7602223519112,299.53275448100067,298.6825902311727
33.54404011975456,1.5,302.76045513494336,299.53292904296757,298.68271379096757
33.54766571855696,1.5,302.76068790233734,299.53310360183224,298.6828373581147
33.55129131735935,1.5,302.7609206540956,299.5332781575946,298.68296093261165
33.554916916161744,1.5,302.7611533902208,299.53345271025427,298.6830845144563
33.55854251496414,1.5,302.7613861107154,299.53362725981106,298.6832081036464
33.56216811376653,1.5,302.76161881558215,299.53380180626476,298.6833317001796
33.565793712568926,1.5,302.76185150482337,299.533976349615,298.6834553040537
33.56941931137132,1.5,302.7620841784418,299.5341508898617,298.6835789152664
33.573044910173714,1.5,302.76231683643994,299.5343254270044,298.6837025338155
33.57667050897611,1.5,302.7625494788203,299.5344999610429,298.6838261596987
33.5802961077785,1.5,302.76278210558553,299.53467449197717,298.6839497929137
33.583921706580895,1.5,302.7630147167381,299.53484901980664,298.6840734334583
33.58754730538329,1.5,302.7632473122806,299.5350235445313,298.6841970813303
33.59117290418568,1.5,302.7634798922156,299.53519806615077,298.68432073652724
33.59479850298808,1.5,302.76371245654576,299.5353725846648,298.6844443990471
33.59842410179047,1.5,302.7639450052735,299.53554710007325,298.6845680688874
33.602049700592865,1.5,302.7641775384014,299.53572161237565,298.6846917460461
33.60567529939526,1.5,302.764410055932,299.53589612157197,298.68481543052076
33.60930089819765,1.5,302.7646425578679,299.5360706276619,298.68493912230923
33.612926497000046,1.5,302.76487504421164,299.53624513064517,298.68506282140925
33.61655209580244,1.5,302.76510751496573,299.5364196305215,298.68518652781853
33.620177694604834,1.5,302.7653399701328,299.53659412729064,298.6853102415348
33.62380329340723,1.5,302.7655724097154,299.5367686209524,298.68543396255586
33.62742889220962,1.5,302.76580483371606,299.5369431115065,298.6855576908794
33.631054491012016,1.5,302.7660372421373,299.53711759895265,298.6856814265032
33.63468008981441,1.5,302.76626963498165,299.53729208329065,298.685805169425
33.6383056886168,1.5,302.7665020122518,299.53746656452023,298.6859289196426
33.6419312874192,1.5,302.76673437395016,299.53764104264116,298.6860526771536
33.64555688622159,1.5,302.7669667200793,299.5378155176532,298.6861764419559
33.649182485023985,1.5,302.7671990506419,299.537989989556,298.6863002140472
33.65280808382638,1.5,302.76743136564033,299.53816445834946,298.68642399342525
33.65643368262877,1.5,302.7676636650773,299.53833892403327,298.6865477800878
33.66005928143117,1.5,302.7678959489552,299.5385133866072,298.6866715740326
33.66368488023356,1.5,302.7681282172766,299.53868784607084,298.68679537525736
33.667310479035955,1.5,302.7683604700442,299.53886230242415,298.68691918375987
33.67093607783835,1.5,302.7685927072603,299.53903675566676,298.6870429995379
33.67456167664074,1.5,302.7688249289277,299.5392112057985,298.6871668225891
33.678187275443136,1.5,302.76905713504874,299.53938565281913,298.6872906529113
33.68181287424553,1.5,302.7692893256261,299.5395600967283,298.6874144905023
33.685438473047924,1.5,302.76952150066234,299.5397345375258,298.6875383353598
33.68906407185032,1.5,302.76975366015984,299.53990897521146,298.6876621874815
33.69268967065271,1.5,302.7699858041213,299.540083409785,298.6877860468653
33.696315269455106,1.5,302.7702179325492,299.5402578412461,298.68790991350886
33.6999408682575,1.5,302.77045004544607,299.54043226959453,298.6880337874099
33.70356646705989,1.5,302.77068214281445,299.5406066948301,298.68815766856625
33.70719206586229,1.5,302.7709142246569,299.5407811169526,298.6882815569756
33.71081766466468,1.5,302.771146290976,299.5409555359616,298.6884054526358
33.714443263467075,1.5,302.7713783417742,299.54112995185704,298.68852935554446
33.71806886226947,1.5,302.77161037705406,299.5413043646386,298.68865326569943
33.72169446107186,1.5,302.77184239681816,299.54147877430614,298.68877718309847
33.72532005987426,1.5,302.772074401069,299.5416531808592,298.68890110773935
33.72894565867665,1.5,302.77230638980916,299.5418275842977,298.6890250396198
33.732571257479044,1.5,302.7725383630411,299.5420019846213,298.68914897873753
33.73619685628144,1.5,302.77277032076745,299.5421763818299,298.68927292509045
33.73982245508383,1.5,302.7730022629907,299.542350775923,298.68939687867606
33.743448053886226,1.5,302.7732341897134,299.54252516690065,298.6895208394924
33.74707365268862,1.5,302.77346610093804,299.54269955476235,298.68964480753704
33.750699251491014,1.5,302.7736979966672,299.54287393950807,298.68976878280785
33.75432485029341,1.5,302.7739298769033,299.5430483211374,298.68989276530255
33.7579504490958,1.5,302.77416174164904,299.54322269965024,298.6900167550189
33.761576047898195,1.5,302.7743935909069,299.54339707504613,298.6901407519547
33.76520164670059,1.5,302.77462542467936,299.543571447325,298.6902647561077
33.76882724550298,1.5,302.774857242969,299.5437458164866,298.69038876747555
33.77245284430538,1.5,302.7750890457783,299.54392018253066,298.6905127860561
33.77607844310777,1.5,302.77532083310984,299.54409454545686,298.6906368118471
33.779704041910165,1.5,302.7755526049661,299.54426890526514,298.69076084484647
33.78332964071256,1.5,302.7757843613496,299.54444326195505,298.69088488505173
33.78695523951495,1.5,302.77601610226293,299.5446176155265,298.69100893246076
33.79058083831735,1.5,302.7762478277086,299.5447919659791,298.69113298707134
33.79420643711974,1.5,302.7764795376891,299.5449663133127,298.6912570488812
33.797832035922134,1.5,302.77671123220694,299.5451406575271,298.69138111788806
33.80145763472453,1.5,302.7769429112647,299.54531499862196,298.69150519408976
33.80508323352692,1.5,302.77717457486494,299.5454893365971,298.6916292774841
33.808708832329316,1.5,302.77740622301013,299.54566367145225,298.69175336806876
33.81233443113171,1.5,302.77763785570284,299.54583800318716,298.69187746584157
33.815960029934104,1.5,302.7778694729455,299.5460123318016,298.69200157080024
33.8195856287365,1.5,302.7781010747407,299.5461866572953,298.6921256829426
33.82321122753889,1.5,302.7783326610909,299.5463609796681,298.6922498022664
33.826836826341285,1.5,302.77856423199864,299.54653529891965,298.6923739287694
33.83046242514368,1.5,302.7787957874665,299.54670961504985,298.6924980624494
33.83408802394607,1.5,302.779027327497,299.54688392805826,298.69262220330404
33.83771362274847,1.5,302.7792588520926,299.54705823794484,298.69274635133127
33.84133922155086,1.5,302.77949036125585,299.54723254470923,298.6928705065288
33.844964820353255,1.5,302.7797218549892,299.5474068483512,298.69299466889436
33.84859041915565,1.5,302.77995333329534,299.54758114887056,298.69311883842573
33.85221601795804,1.5,302.7801847961766,299.547755446267,298.6932430151207
33.855841616760436,1.5,302.7804162436356,299.5479297405403,298.69336719897706
33.85946721556283,1.5,302.78064767567486,299.5481040316903,298.6934913899925
33.863092814365224,1.5,302.7808790922968,299.54827831971664,298.69361558816496
33.86671841316762,1.5,302.78111049350406,299.5484526046192,298.6937397934921
33.87034401197001,1.5,302.78134187929913,299.5486268863976,298.69386400597165
33.873969610772406,1.5,302.78157324968447,299.54880116505166,298.69398822560146
33.8775952095748,1.5,302.7818046046625,299.54897544058116,298.69411245237933
33.88122080837719,1.5,302.78203594423593,299.54914971298587,298.694236686303
33.88484640717959,1.5,302.78226726840717,299.5493239822655,298.6943609273702
33.88847200598198,1.5,302.7824985771788,299.5494982484199,298.69448517557873
33.892097604784375,1.5,302.7827298705532,299.5496725114487,298.6946094309264
33.89572320358677,1.5,302.78296114853305,299.54984677135184,298.69473369341097
33.89934880238916,1.5,302.7831924111207,299.55002102812887,298.69485796303024
33.90297440119156,1.5,302.7834236583188,299.5501952817797,298.69498223978195
33.90659999999395,1.5,302.78365489012975,299.55036953230405,298.6951065236639
33.910225598796345,1.5,302.7838861065561,299.5505437797017,298.6952308146739
33.91385119759874,1.5,302.78411730760035,299.5507180239724,298.69535511280975
33.91747679640113,1.5,302.78434849326504,299.55089226511586,298.6954794180691
33.921102395203526,1.5,302.7845796635526,299.5510665031319,298.6956037304498
33.92472799400592,1.5,302.7848108184656,299.5512407380202,298.6957280499497
33.928353592808314,1.5,302.7850419580066,299.5514149697807,298.69585237656645
33.93197919161071,1.5,302.785273082178,299.551589198413,298.69597671029794
33.9356047904131,1.5,302.78550419098235,299.55176342391695,298.6961010511419
33.939230389215496,1.5,302.7857352844221,299.55193764629223,298.69622539909614
33.94285598801789,1.5,302.78596636249983,299.5521118655387,298.6963497541584
33.94648158682028,1.5,302.78619742521806,299.552286081656,298.69647411632656
33.95010718562268,1.5,302.78642847257925,299.55246029464394,298.6965984855983
33.95373278442507,1.5,302.78665950458577,299.55263450450235,298.69672286197147
33.957358383227465,1.5,302.7868905212403,299.55280871123097,298.69684724544373
33.96098398202986,1.5,302.7871215225453,299.5529829148295,298.69697163601296
33.96460958083225,1.5,302.7873525085033,299.5531571152978,298.69709603367704
33.96823517963465,1.5,302.78758347911673,299.5533313126355,298.6972204384337
33.97186077843704,1.5,302.7878144343881,299.5535055068425,298.6973448502806
33.975486377239434,1.5,302.7880453743199,299.55367969791854,298.6974692692156
33.97911197604183,1.5,302.78827629891475,299.55385388586325,298.69759369523655
33.98273757484422,1.5,302.78850720817496,299.55402807067657,298.6977181283412
33.986363173646616,1.5,302.7887381021032,299.55420225235815,298.69784256852734
33.98998877244901,1.5,302.7889689807018,299.55437643090784,298.6979670157927
33.993614371251404,1.5,302.78919984397334,299.55455060632534,298.6980914701352
33.9972399700538,1.5,302.7894306919203,299.5547247786104,298.6982159315525
34.00086556885619,1.5,302.78966152454524,299.55489894776287,298.69834040004247
34.004491167658585,1.5,302.78989234185053,299.55507311378244,298.6984648756028
34.00811676646098,1.5,302.7901231438388,299.55524727666887,298.6985893582314
34.01174236526337,1.5,302.7903539305125,299.555421436422,298.69871384792594
34.01536796406577,1.5,302.7905847018741,299.5555955930416,298.69883834468436
34.01899356286816,1.5,302.790815457926,299.5557697465273,298.6989628485044
34.022619161670555,1.5,302.79104619867087,299.55594389687894,298.6990873593837
34.02624476047295,1.5,302.791276924111,299.5561180440963,298.69921187732035
34.02987035927534,1.5,302.7915076342491,299.5562921881792,298.69933640231187
34.03349595807774,1.5,302.7917383290875,299.55646632912726,298.6994609343562
34.03712155688013,1.5,302.79196900862877,299.5566404669404,298.699585473451
34.040747155682524,1.5,302.79219967287537,299.55681460161827,298.6997100195942
34.04437275448492,1.5,302.7924303218298,299.5569887331607,298.6998345727836
34.04799835328731,1.5,302.79266095549445,299.5571628615676,298.6999591330168
34.051623952089706,1.5,302.79289157387194,299.5573369868384,298.7000837002919
34.0552495508921,1.5,302.7931221769647,299.5575111089731,298.7002082746065
34.058875149694494,1.5,302.7933527647752,299.55768522797143,298.7003328559584
34.06250074849689,1.5,302.793583337306,299.5578593438332,298.7004574443454
34.06612634729928,1.5,302.79381389455955,299.55803345655795,298.7005820397654
34.069751946101675,1.5,302.7940444365383,299.55820756614577,298.70070664221606
34.07337754490407,1.5,302.7942749632447,299.55838167259617,298.7008312516953
34.07700314370646,1.5,302.7945054746813,299.5585557759091,298.7009558682009
34.08062874250886,1.5,302.7947359708506,299.5587298760842,298.7010804917306
34.08425434131125,1.5,302.794966451755,299.5589039731214,298.70120512228215
34.087879940113645,1.5,302.79519691739705,299.55907806702027,298.7013297598534
34.09150553891604,1.5,302.79542736777915,299.5592521577807,298.7014544044423
34.09513113771843,1.5,302.7956578029039,299.55942624540234,298.70157905604646
34.098756736520826,1.5,302.7958882227737,299.5596003298851,298.7017037146638
34.10238233532322,1.5,302.796118627391,299.5597744112287,298.70182838029194
34.106007934125614,1.5,302.7963490167584,299.55994848943294,298.7019530529289
34.10963353292801,1.5,302.7965793908783,299.5601225644974,298.7020777325724
34.1132591317304,1.5,302.79680974975315,299.5602966364222,298.70220241922016
34.116884730532796,1.5,302.7970400933855,299.5604707052068,298.70232711287014
34.12051032933519,1.5,302.79727042177774,299.56064477085107,298.70245181352004
34.124135928137584,1.5,302.7975007349323,299.56081883335486,298.70257652116766
34.12776152693998,1.5,302.7977310328519,299.56099289271776,298.7027012358109
34.13138712574237,1.5,302.7979613155388,299.56116694893973,298.70282595744743
34.135012724544765,1.5,302.79819158299557,299.5613410020204,298.7029506860751
34.13863832334716,1.5,302.79842183522453,299.5615150519597,298.7030754216918
34.14226392214955,1.5,302.7986520722283,299.5616890987572,298.70320016429525
34.14588952095195,1.5,302.79888229400933,299.56186314241285,298.70332491388325
34.14951511975434,1.5,302.7991125005701,299.56203718292625,298.70344967045367
34.153140718556735,1.5,302.79934269191307,299.56221122029734,298.7035744340042
34.15676631735913,1.5,302.79957286804074,299.56238525452574,298.70369920453277
34.16039191616152,1.5,302.79980302895547,299.56255928561137,298.70382398203725
34.164017514963916,1.5,302.80003317465986,299.56273331355385,298.7039487665152
34.16764311376631,1.5,302.8002633051563,299.56290733835306,298.7040735579647
34.171268712568704,1.5,302.80049342044725,299.56308136000877,298.7041983563834
34.1748943113711,1.5,302.8007235205352,299.5632553785207,298.7043231617692
34.17851991017349,1.5,302.80095360542265,299.56342939388855,298.7044479741198
34.182145508975886,1.5,302.80118367511204,299.5636034061123,298.7045727934331
34.18577110777828,1.5,302.8014137296058,299.56377741519157,298.70469761970685
34.18939670658067,1.5,302.8016437689065,299.56395142112615,298.70482245293897
34.19302230538307,1.5,302.80187379301657,299.56412542391587,298.7049472931271
34.19664790418546,1.5,302.8021038019384,299.5642994235604,298.7050721402692
34.200273502987855,1.5,302.8023337956745,299.5644734200596,298.705196994363
34.20389910179025,1.5,302.80256377422734,299.5646474134132,298.70532185540634
34.20752470059264,1.5,302.80279373759936,299.56482140362095,298.705446723397
34.21115029939504,1.5,302.803023685793,299.5649953906827,298.7055715983329
34.21477589819743,1.5,302.80325361881074,299.56516937459827,298.70569648021177
34.218401496999824,1.5,302.8034835366551,299.5653433553673,298.70582136903147
34.22202709580222,1.5,302.80371343932853,299.56551733298954,298.70594626478976
34.22565269460461,1.5,302.80394332683346,299.56569130746493,298.70607116748454
34.229278293407006,1.5,302.80417319917234,299.5658652787931,298.70619607711353
34.2329038922094,1.5,302.8044030563476,299.5660392469739,298.7063209936746
34.236529491011794,1.5,302.8046328983618,299.5662132120071,298.7064459171655
34.24015508981419,1.5,302.8048627252173,299.56638717389234,298.7065708475842
34.24378068861658,1.5,302.80509253691656,299.5665611326296,298.7066957849284
34.247406287418976,1.5,302.80532233346213,299.56673508821854,298.7068207291959
34.25103188622137,1.5,302.8055521148564,299.5669090406589,298.7069456803846
34.25465748502376,1.5,302.80578188110184,299.56708298995056,298.7070706384922
34.25828308382616,1.5,302.80601163220086,299.56725693609326,298.70719560351665
34.26190868262855,1.5,302.806241368156,299.56743087908677,298.70732057545575
34.265534281430945,1.5,302.8064710889696,299.5676048189309,298.70744555430724
34.26915988023334,1.5,302.80670079464426,299.56777875562517,298.707570540069
34.27278547903573,1.5,302.80693048518225,299.5679526891697,298.70769553273885
34.27641107783813,1.5,302.8071601605863,299.5681266195641,298.7078205323146
34.28003667664052,1.5,302.80738982085853,299.56830054680825,298.70794553879404
34.283662275442914,1.5,302.80761946600165,299.5684744709018,298.70807055217506
34.28728787424531,1.5,302.80784909601795,299.5686483918446,298.7081955724555
34.2909134730477,1.5,302.80807871090997,299.56882230963635,298.7083205996331
34.294539071850096,1.5,302.80830831068016,299.5689962242769,298.7084456337057
34.29816467065249,1.5,302.8085378953309,299.56917013576594,298.70857067467114
34.301790269454884,1.5,302.8087674648647,299.5693440441034,298.70869572252724
34.30541586825728,1.5,302.808997019284,299.5695179492889,298.70882077727197
34.30904146705967,1.5,302.80922655859115,299.5696918513224,298.7089458389028
34.312667065862065,1.5,302.80945608278876,299.56986575020346,298.709070907418
34.31629266466446,1.5,302.8096855918792,299.57003964593196,298.70919598281495
34.31991826346685,1.5,302.80991508586493,299.5702135385077,298.70932106509184
34.32354386226925,1.5,302.8101445647483,299.5703874279304,298.70944615424634
34.32716946107164,1.5,302.8103740285319,299.57056131419995,298.70957125027627
34.330795059874035,1.5,302.8106034772181,299.57073519731597,298.7096963531795
34.33442065867643,1.5,302.8108329108093,299.5709090772783,298.70982146295387
34.33804625747882,1.5,302.8110623293081,299.5710829540868,298.7099465795971
34.341671856281216,1.5,302.8112917327168,299.5712568277412,298.71007170310713
34.34529745508361,1.5,302.8115211210379,299.57143069824116,298.7101968334818
34.348923053886004,1.5,302.8117504942738,299.5716045655866,298.7103219707189
34.3525486526884,1.5,302.811979852427,299.5717784297773,298.71044711481625
34.35617425149079,1.5,302.81220919549986,299.57195229081293,298.7105722657717
34.359799850293186,1.5,302.8124385234949,299.5721261486933,298.710697423583
34.36342544909558,1.5,302.81266783641456,299.5723000034183,298.7108225882481
34.367051047897974,1.5,302.81289713426116,299.57247385498766,298.71094775976485
34.37067664670037,1.5,302.81312641703727,299.57264770340106,298.71107293813094
34.37430224550276,1.5,302.81335568474526,299.57282154865834,298.7111981233443
34.377927844305155,1.5,302.8135849373876,299.57299539075933,298.71132331540275
34.38155344310755,1.5,302.81381417496675,299.5731692297037,298.71144851430415
34.38517904190994,1.5,302.814043397485,299.5733430654914,298.7115737200463
34.38880464071234,1.5,302.8142726049451,299.57351689812197,298.71169893262703
34.39243023951473,1.5,302.81450179734907,299.5736907275954,298.71182415204413
34.396055838317125,1.5,302.81473097469967,299.5738645539114,298.7119493782955
34.39968143711952,1.5,302.8149601369992,299.5740383770697,298.712074611379
34.40330703592191,1.5,302.8151892842502,299.57421219707015,298.7121998512925
34.406932634724306,1.5,302.815418416455,299.5743860139125,298.7123250980337
34.4105582335267,1.5,302.81564753361596,299.57455982759654,298.7124503516005
34.414183832329094,1.5,302.81587663573566,299.57473363812204,298.7125756119908
34.41780943113149,1.5,302.8161057228165,299.5749074454888,298.7127008792023
34.42143502993388,1.5,302.81633479486084,299.5750812496966,298.712826153233
34.425060628736276,1.5,302.81656385187114,299.57525505074517,298.71295143408065
34.42868622753867,1.5,302.8167928938498,299.5754288486343,298.7130767217431
34.43231182634106,1.5,302.81702192079945,299.5756026433639,298.7132020162182
34.43593742514346,1.5,302.8172509327223,299.5757764349335,298.71332731750374
34.43956302394585,1.5,302.81747992962084,299.57595022334317,298.71345262559765
34.443188622748245,1.5,302.81770891149745,299.5761240085925,298.7135779404977
34.44681422155064,1.5,302.8179378783546,299.57629779068134,298.71370326220176
34.45043982035303,1.5,302.81816683019485,299.5764715696094,298.71382859070775
34.45406541915543,1.5,302.81839576702043,299.57664534537656,298.71395392601335
34.45769101795782,1.5,302.81862468883384,299.57681911798255,298.71407926811645
34.461316616760215,1.5,302.8188535956375,299.57699288742725,298.71420461701496
34.46494221556261,1.5,302.8190824874339,299.57716665371026,298.71432997270665
34.468567814365,1.5,302.81931136422526,299.5773404168315,298.7144553351895
34.472193413167396,1.5,302.8195402260142,299.5775141767907,298.7145807044612
34.47581901196979,1.5,302.8197690728031,299.5776879335876,298.71470608051965
34.479444610772184,1.5,302.8199979045944,299.57786168722214,298.7148314633627
34.48307020957458,1.5,302.82022672139044,299.57803543769387,298.7149568529882
34.48669580837697,1.5,302.82045552319374,299.57820918500283,298.715082249394
34.490321407179366,1.5,302.8206843100066,299.57838292914863,298.71520765257793
34.49394700598176,1.5,302.8209130818316,299.57855667013104,298.7153330625378
34.49757260478415,1.5,302.82114183867105,299.57873040795,298.7154584792716
34.50119820358655,1.5,302.8213705805274,299.5789041426051,298.715583902777
34.50482380238894,1.5,302.82159930740306,299.5790778740963,298.7157093330519
34.508449401191335,1.5,302.8218280193004,299.57925160242326,298.7158347700943
34.51207499999373,1.5,302.822056716222,299.5794253275858,298.71596021390184
34.51570059879612,1.5,302.82228539817004,299.57959904958375,298.7160856644725
34.51932619759852,1.5,302.82251406514706,299.57977276841683,298.716211121804
34.52295179640091,1.5,302.8227427171555,299.57994648408487,298.71633658589434
34.526577395203304,1.5,302.82297135419776,299.58012019658764,298.71646205674136
34.5302029940057,1.5,302.82319997627627,299.5802939059249,298.7165875343428
34.53382859280809,1.5,302.82342858339337,299.58046761209647,298.7167130186965
34.537454191610486,1.5,302.8236571755516,299.58064131510207,298.7168385098004
34.54107979041288,1.5,302.82388575275326,299.5808150149416,298.71696400765245
34.544705389215274,1.5,302.8241143150008,299.5809887116148,298.7170895122503
34.54833098801767,1.5,302.82434286229665,299.58116240512146,298.71721502359196
34.55195658682006,1.5,302.8245713946432,299.5813360954613,298.71734054167507
34.555582185622455,1.5,302.82479991204286,299.58150978263416,298.71746606649776
34.55920778442485,1.5,302.82502841449804,299.58168346663973,298.7175915980577
34.56283338322724,1.5,302.8252569020111,299.58185714747793,298.7177171363528
34.56645898202964,1.5,302.82548537458456,299.5820308251484,298.71784268138094
34.57008458083203,1.5,302.82571383222074,299.5822044996512,298.71796823313986
34.573710179634425,1.5,302.8259422749221,299.58237817098586,298.71809379162755
34.57733577843682,1.5,302.8261707026911,299.5825518391522,298.71821935684187
34.58096137723921,1.5,302.82639911553,299.58272550415006,298.71834492878054
34.58458697604161,1.5,302.82662751344134,299.58289916597926,298.71847050744157
34.588212574844,1.5,302.82685589642745,299.5830728246395,298.71859609282274
34.591838173646394,1.5,302.82708426449074,299.58324648013064,298.71872168492195
34.59546377244879,1.5,302.8273126176336,299.58342013245243,298.71884728373703
34.59908937125118,1.5,302.8275409558585,299.58359378160463,298.71897288926584
34.602714970053576,1.5,302.82776927916785,299.58376742758713,298.7190985015062
34.60634056885597,1.5,302.827997587564,299.5839410703996,298.719224120456
34.609966167658364,1.5,302.8282258810494,299.58411471004194,298.7193497461131
34.61359176646076,1.5,302.8284541596263,299.5842883465138,298.71947537847535
34.61721736526315,1.5,302.82868242329727,299.5844619798151,298.71960101754075
34.620842964065545,1.5,302.8289106720647,299.5846356099455,298.7197266633069
34.62446856286794,1.5,302.82913890593096,299.58480923690496,298.7198523157719
34.62809416167033,1.5,302.82936712489845,299.58498286069306,298.7199779749335
34.63171976047273,1.5,302.8295953289695,299.5851564813098,298.72010364078955
34.63534535927512,1.5,302.82982351814667,299.5853300987548,298.720229313338
34.638970958077515,1.5,302.8300516924323,299.5855037130279,298.7203549925766
34.64259655687991,1.5,302.8302798518286,299.5856773241289,298.72048067850324
34.6462221556823,1.5,302.8305079963382,299.5858509320576,298.7206063711159
34.649847754484696,1.5,302.8307361259634,299.5860245368138,298.7207320704123
34.65347335328709,1.5,302.8309642407067,299.58619813839726,298.72085777639035
34.657098952089484,1.5,302.8311923405703,299.5863717368078,298.72098348904797
34.66072455089188,1.5,302.8314204255567,299.58654533204515,298.721109208383
34.66435014969427,1.5,302.8316484956684,299.58671892410916,298.72123493439324
34.667975748496666,1.5,302.8318765509076,299.5868925129996,298.7213606670766
34.67160134729906,1.5,302.83210459127685,299.5870660987162,298.72148640643104
34.67522694610145,1.5,302.8323326167785,299.58723968125884,298.72161215245427
34.67885254490385,1.5,302.83256062741486,299.5874132606272,298.72173790514427
34.68247814370624,1.5,302.83278862318843,299.58758683682123,298.72186366449887
34.686103742508635,1.5,302.83301660410154,299.5877604098406,298.7219894305159
34.68972934131103,1.5,302.8332445701567,299.58793397968515,298.7221152031933
34.69335494011342,1.5,302.83347252135604,299.58810754635465,298.72224098252894
34.69698053891582,1.5,302.83370045770226,299.5882811098489,298.7223667685207
34.70060613771821,1.5,302.8339283791975,299.58845467016766,298.72249256116635
34.704231736520605,1.5,302.83415628584436,299.5886282273108,298.7226183604638
34.707857335323,1.5,302.8343841776451,299.588801781278,298.722744166411
34.71148293412539,1.5,302.8346120546021,299.58897533206914,298.72286997900574
34.715108532927786,1.5,302.8348399167178,299.589148879684,298.72299579824585
34.71873413173018,1.5,302.8350677639946,299.5893224241224,298.72312162412936
34.722359730532574,1.5,302.8352955964348,299.58949596538395,298.723247456654
34.72598532933497,1.5,302.83552341404084,299.5896695034687,298.7233732958177
34.72961092813736,1.5,302.83575121681514,299.5898430383762,298.7234991416184
34.733236526939756,1.5,302.83597900475996,299.59001657010646,298.72362499405386
34.73686212574215,1.5,302.83620677787786,299.59019009865915,298.723750853122
34.74048772454454,1.5,302.83643453617117,299.590363624034,298.72387671882075
34.74411332334694,1.5,302.83666227964216,299.590537146231,298.72400259114784
34.74773892214933,1.5,302.8368900082934,299.59071066524973,298.7241284701013
34.751364520951725,1.5,302.83711772212706,299.5908841810902,298.72425435567885
34.75499011975412,1.5,302.83734542114576,299.59105769375196,298.72438024787857
34.75861571855651,1.5,302.8375731053516,299.591231203235,298.72450614669816
34.76224131735891,1.5,302.83780077474717,299.591404709539,298.72463205213563
34.7658669161613,1.5,302.8380284293348,299.5915782126638,298.72475796418877
34.769492514963694,1.5,302.83825606911694,299.5917517126092,298.72488388285547
34.77311811376609,1.5,302.83848369409577,299.59192520937495,298.7250098081337
34.77674371256848,1.5,302.83871130427383,299.59209870296087,298.7251357400211
34.780369311370876,1.5,302.83893889965356,299.5922721933668,298.7252616785158
34.78399491017327,1.5,302.8391664802371,299.59244568059245,298.72538762361563
34.787620508975664,1.5,302.83939404602705,299.5926191646377,298.72551357531836
34.79124610777806,1.5,302.83962159702565,299.59279264550224,298.72563953362203
34.79487170658045,1.5,302.8398491332354,299.59296612318593,298.72576549852437
34.798497305382845,1.5,302.84007665465856,299.59313959768855,298.7258914700233
34.80212290418524,1.5,302.8403041612975,299.5933130690099,298.7260174481168
34.80574850298763,1.5,302.84053165315476,299.5934865371499,298.72614343280264
34.80937410179003,1.5,302.84075913023247,299.59366000210804,298.72626942407874
34.81299970059242,1.5,302.8409865925332,299.5938334638843,298.726395421943
34.816625299394815,1.5,302.84121404005936,299.5940069224785,298.7265214263934
34.82025089819721,1.5,302.8414414728131,299.59418037789044,298.7266474374276
34.8238764969996,1.5,302.8416688907969,299.59435383011987,298.7267734550436
34.827502095802,1.5,302.84189629401317,299.5945272791666,298.7268994792393
34.83112769460439,1.5,302.8421236824642,299.59470072503035,298.72702551001254
34.834753293406784,1.5,302.8423510561525,299.59487416771105,298.72715154736125
34.83837889220918,1.5,302.84257841508025,299.59504760720836,298.7272775912834
34.84200449101157,1.5,302.84280575925004,299.5952210435222,298.7274036417767
34.845630089813966,1.5,302.843033088664,299.5953944766523,298.7275296988391
34.84925568861636,1.5,302.84326040332473,299.59556790659843,298.7276557624685
34.852881287418754,1.5,302.8434877032345,299.5957413333604,298.7277818326628
34.85650688622115,1.5,302.84371498839556,299.59591475693804,298.7279079094199
34.86013248502354,1.5,302.84394225881044,299.5960881773312,298.72803399273766
34.863758083825935,1.5,302.8441695144815,299.59626159453956,298.728160082614
34.86738368262833,1.5,302.844396755411,299.596435008563,298.72828617904685
34.87100928143072,1.5,302.8446239816014,299.5966084194012,298.728412282034
34.87463488023312,1.5,302.844851193055,299.5967818270541,298.72853839157335
34.87826047903551,1.5,302.8450783897742,299.59695523152146,298.7286645076628
34.881886077837905,1.5,302.8453055717613,299.597128632803,298.72879063030035
34.8855116766403,1.5,302.8455327390187,299.59730203089856,298.72891675948364
34.88913727544269,1.5,302.8457598915489,299.597475425808,298.7290428952109
34.892762874245086,1.5,302.84598702935403,299.597648817531,298.72916903747983
34.89638847304748,1.5,302.84621415243663,299.59782220606746,298.72929518628825
34.900014071849874,1.5,302.84644126079894,299.5979955914171,298.72942134163424
34.90363967065227,1.5,302.84666835444347,299.59816897357985,298.7295475035155
34.90726526945466,1.5,302.84689543337237,299.59834235255533,298.7296736719301
34.910890868257056,1.5,302.84712249758815,299.59851572834344,298.72979984687584
34.91451646705945,1.5,302.8473495470932,299.598689100944,298.72992602835063
34.91814206586184,1.5,302.8475765818898,299.59886247035666,298.73005221635236
34.92176766466424,1.5,302.84780360198033,299.59903583658144,298.730178410879
34.92539326346663,1.5,302.84803060736704,299.599209199618,298.7303046119283
34.929018862269025,1.5,302.84825759805244,299.59938255946616,298.7304308194983
34.93264446107142,1.5,302.8484845740389,299.5995559161258,298.73055703358676
34.93627005987381,1.5,302.8487115353286,299.59972926959654,298.7306832541917
34.93989565867621,1.5,302.848938481924,299.59990261987826,298.7308094813109
34.9435212574786,1.5,302.8491654138275,299.6000759669708,298.73093571494246
34.947146856280995,1.5,302.84939233104143,299.60024931087395,298.73106195508404
34.95077245508339,1.5,302.8496192335681,299.60042265158756,298.7311882017337
34.95439805388578,1.5,302.8498461214099,299.60059598911124,298.7313144548893
34.958023652688176,1.5,302.8500729945692,299.600769323445,298.7314407145487
34.96164925149057,1.5,302.8502998530483,299.60094265458855,298.73156698070983
34.965274850292964,1.5,302.85052669684956,299.6011159825416,298.73169325337057
34.96890044909536,1.5,302.8507535259754,299.60128930730417,298.73181953252885
34.97252604789775,1.5,302.85098034042807,299.6014626288759,298.73194581818257
34.976151646700146,1.5,302.85120714020997,299.6016359472566,298.7320721103296
34.97977724550254,1.5,302.8514339253235,299.6018092624462,298.73219840896786
34.98340284430493,1.5,302.8516606957709,299.60198257444426,298.73232471409534
34.98702844310733,1.5,302.85188745155455,299.60215588325076,298.73245102570985
34.99065404190972,1.5,302.8521141926769,299.60232918886544,298.7325773438092
34.994279640712115,1.5,302.8523409191402,299.6025024912882,298.7327036683915
34.99790523951451,1.5,302.8525676309468,299.6026757905186,298.73282999945445
35.0015308383169,1.5,302.8527943280991,299.6028490865567,298.73295633699615
35.0051564371193,1.5,302.8530210105994,299.6030223794022,298.73308268101437
35.00878203592169,1.5,302.85324767845,299.60319566905486,298.73320903150704
35.012407634724084,1.5,302.85347433165333,299.6033689555146,298.7333353884722
35.01603323352648,1.5,302.8537009702117,299.6035422387811,298.73346175190756
35.01965883232887,1.5,302.8539275941276,299.60371551885424,298.7335881218111
35.023284431131266,1.5,302.8541542034031,299.6038887957337,298.73371449818075
35.02691002993366,1.5,302.85438079804067,299.60406206941946,298.7338408810144
35.030535628736054,1.5,302.8546073780428,299.60423533991116,298.73396727030996
35.03416122753845,1.5,302.8548339434115,299.6044086072087,298.7340936660653
35.03778682634084,1.5,302.8550604941494,299.6045818713119,298.73422006827843
35.041412425143236,1.5,302.8552870302588,299.6047551322205,298.73434647694717
35.04503802394563,1.5,302.8555135517419,299.6049283899343,298.7344728920695
35.04866362274802,1.5,302.8557400586012,299.60510164445304,298.7345993136433
35.05228922155042,1.5,302.8559665508389,299.60527489577674,298.7347257416664
35.05591482035281,1.5,302.8561930284574,299.60544814390505,298.7348521761369
35.059540419155205,1.5,302.8564194914591,299.60562138883773,298.73497861705243
35.0631660179576,1.5,302.8566459398463,299.6057946305746,298.7351050644112
35.06679161675999,1.5,302.8568723736213,299.6059678691156,298.7352315182109
35.07041721556239,1.5,302.8570987927864,299.6061411044604,298.7353579784496
35.07404281436478,1.5,302.85732519734404,299.6063143366089,298.7354844451251
35.077668413167174,1.5,302.8575515872964,299.60648756556077,298.73561091823535
35.08129401196957,1.5,302.85777796264614,299.6066607913159,298.73573739777834
35.08491961077196,1.5,302.8580043233952,299.6068340138741,298.73586388375185
35.088545209574356,1.5,302.8582306695462,299.60700723323515,298.73599037615384
35.09217080837675,1.5,302.85845700110127,299.60718044939887,298.73611687498226
35.095796407179144,1.5,302.85868331806284,299.607353662365,298.73624338023507
35.09942200598154,1.5,302.8589096204333,299.6075268721335,298.73636989191004
35.10304760478393,1.5,302.85913590821485,299.60770007870406,298.73649641000526
35.106673203586325,1.5,302.85936218141,299.6078732820765,298.7366229345185
35.11029880238872,1.5,302.8595884400209,299.60804648225064,298.73674946544776
35.11392440119111,1.5,302.85981468405004,299.6082196792262,298.7368760027909
35.11754999999351,1.5,302.86004091349963,299.608392873003,298.7370025465459
35.1211755987959,1.5,302.860267128372,299.608566063581,298.73712909671065
35.124801197598295,1.5,302.8604933286696,299.6087392509599,298.7372556532831
35.12842679640069,1.5,302.86071951439453,299.60891243513936,298.73738221626115
35.13205239520308,1.5,302.86094568554944,299.60908561611956,298.73750878564266
35.135677994005476,1.5,302.8611718421364,299.6092587938999,298.7376353614256
35.13930359280787,1.5,302.86139798415775,299.60943196848046,298.7377619436079
35.142929191610264,1.5,302.86162411161604,299.60960513986095,298.7378885321874
35.14655479041266,1.5,302.8618502245134,299.60977830804114,298.73801512716216
35.15018038921505,1.5,302.8620763228521,299.6099514730209,298.7381417285301
35.153805988017446,1.5,302.8623024066346,299.6101246348,298.73826833628897
35.15743158681984,1.5,302.8625284758632,299.6102977933782,298.7383949504368
35.161057185622234,1.5,302.8627545305402,299.61047094875534,298.73852157097156
35.16468278442463,1.5,302.8629805706679,299.6106441009313,298.7386481978911
35.16830838322702,1.5,302.86320659624874,299.61081724990584,298.73877483119344
35.171933982029415,1.5,302.86343260728495,299.61099039567875,298.7389014708764
35.17555958083181,1.5,302.86365860377884,299.6111635382498,298.7390281169379
35.1791851796342,1.5,302.86388458573276,299.61133667761885,298.7391547693759
35.1828107784366,1.5,302.86411055314903,299.61150981378574,298.73928142818835
35.18643637723899,1.5,302.86433650603,299.6116829467502,298.7394080933731
35.190061976041385,1.5,302.8645624443779,299.6118560765121,298.7395347649282
35.19368757484378,1.5,302.86478836819515,299.6120292030712,298.7396614428514
35.19731317364617,1.5,302.865014277484,299.61220232642734,298.73978812714086
35.200938772448566,1.5,302.86524017224684,299.6123754465803,298.7399148177943
35.20456437125096,1.5,302.86546605248594,299.6125485635299,298.7400415148097
35.208189970053354,1.5,302.86569191820354,299.61272167727594,298.74016821818515
35.21181556885575,1.5,302.8659177694021,299.6128947878182,298.74029492791834
35.21544116765814,1.5,302.8661436060838,299.61306789515663,298.7404216440073
35.219066766460536,1.5,302.8663694282511,299.6132409992909,298.74054836645
35.22269236526293,1.5,302.86659523590623,299.61341410022084,298.7406750952443
35.22631796406532,1.5,302.86682102905155,299.61358719794623,298.7408018303882
35.22994356286772,1.5,302.8670468076893,299.61376029246696,298.7409285718795
35.23356916167011,1.5,302.86727257182184,299.6139333837827,298.74105531971634
35.237194760472505,1.5,302.8674983214515,299.6141064718935,298.74118207389654
35.2408203592749,1.5,302.8677240565805,299.6142795567989,298.741308834418
35.24444595807729,1.5,302.8679497772113,299.6144526384989,298.7414356012787
35.24807155687969,1.5,302.8681754833462,299.61462571699326,298.74156237447653
35.25169715568208,1.5,302.86840117498735,299.6147987922817,298.74168915400946
35.255322754484475,1.5,302.8686268521372,299.6149718643641,298.7418159398753
35.25894835328687,1.5,302.86885251479805,299.61514493324034,298.74194273207223
35.26257395208926,1.5,302.86907816297213,299.61531799891014,298.74206953059803
35.266199550891656,1.5,302.86930379666177,299.61549106137335,298.7421963354506
35.26982514969405,1.5,302.8695294158694,299.6156641206297,298.74232314662794
35.273450748496444,1.5,302.86975502059715,299.61583717667907,298.742449964128
35.27707634729884,1.5,302.86998061084745,299.61601022952124,298.7425767879487
35.28070194610123,1.5,302.8702061866226,299.616183279156,298.74270361808794
35.284327544903626,1.5,302.8704317479249,299.61635632558324,298.7428304545437
35.28795314370602,1.5,302.8706572947566,299.61652936880273,298.7429572973138
35.29157874250841,1.5,302.87088282712006,299.6167024088143,298.74308414639637
35.29520434131081,1.5,302.87110834501755,299.6168754456178,298.7432110017893
35.2988299401132,1.5,302.87133384845134,299.6170484792129,298.7433378634904
35.302455538915595,1.5,302.8715593374239,299.61722150959946,298.74346473149774
35.30608113771799,1.5,302.87178481193735,299.61739453677734,298.7435916058092
35.30970673652038,1.5,302.87201027199404,299.61756756074635,298.7437184864228
35.31333233532278,1.5,302.87223571759637,299.61774058150627,298.7438453733363
35.31695793412517,1.5,302.8724611487465,299.6179135990569,298.7439722665478
35.320583532927564,1.5,302.8726865654468,299.61808661339813,298.74409916605515
35.32420913172996,1.5,302.8729119676996,299.6182596245297,298.7442260718564
35.32783473053235,1.5,302.87313735550725,299.6184326324514,298.7443529839494
35.331460329334746,1.5,302.8733627288719,299.6186056371631,298.74447990233205
35.33508592813714,1.5,302.87358808779595,299.6187786386646,298.7446068270025
35.338711526939534,1.5,302.8738134322816,299.61895163695567,298.74473375795844
35.34233712574193,1.5,302.8740387623313,299.6191246320361,298.744860695198
35.34596272454432,1.5,302.8742640779472,299.6192976239059,298.74498763871907
35.349588323346715,1.5,302.8744893791317,299.6194706125646,298.7451145885195
35.35321392214911,1.5,302.87471466588715,299.61964359801226,298.7452415445973
35.3568395209515,1.5,302.8749399382157,299.6198165802485,298.74536850695046
35.3604651197539,1.5,302.87516519611967,299.6199895592732,298.7454954755769
35.36409071855629,1.5,302.8753904396014,299.6201625350863,298.7456224504745
35.367716317358685,1.5,302.8756156686632,299.62033550768746,298.7457494316413
35.37134191616108,1.5,302.8758408833074,299.6205084770765,298.7458764190752
35.37496751496347,1.5,302.87606608353616,299.62068144325326,298.7460034127742
35.37859311376587,1.5,302.8762912693519,299.6208544062176,298.74613041273614
35.38221871256826,1.5,302.8765164407568,299.6210273659692,298.7462574189591
35.385844311370654,1.5,302.87674159775327,299.62120032250806,298.74638443144084
35.38946991017305,1.5,302.87696674034356,299.6213732758339,298.7465114501796
35.39309550897544,1.5,302.8771918685299,299.6215462259465,298.746638475173
35.396721107777836,1.5,302.8774169823147,299.6217191728457,298.74676550641925
35.40034670658023,1.5,302.8776420817002,299.6218921165313,298.7468925439161
35.403972305382624,1.5,302.8778671666886,299.6220650570031,298.7470195876616
35.40759790418502,1.5,302.87809223728226,299.622237994261,298.7471466376537
35.41122350298741,1.5,302.8783172934835,299.62241092830476,298.7472736938904
35.414849101789805,1.5,302.87854233529464,299.62258385913424,298.7474007563696
35.4184747005922,1.5,302.87876736271784,299.62275678674916,298.7475278250892
35.42210029939459,1.5,302.8789923757555,299.6229297111494,298.7476549000473
35.42572589819699,1.5,302.87921737440985,299.62310263233474,298.74778198124164
35.42935149699938,1.5,302.8794423586832,299.62327555030504,298.7479090686703
35.432977095801775,1.5,302.87966732857785,299.6234484650601,298.7480361623313
35.43660269460417,1.5,302.87989228409606,299.62362137659966,298.7481632622224
35.44022829340656,1.5,302.88011722524004,299.62379428492363,298.74829036834177
35.443853892208956,1.5,302.8803421520122,299.6239671900318,298.7484174806872
35.44747949101135,1.5,302.8805670644148,299.624140091924,298.7485445992567
35.451105089813744,1.5,302.8807919624501,299.62431299059995,298.7486717240483
35.45473068861614,1.5,302.8810168461204,299.6244858860596,298.7487988550598
35.45835628741853,1.5,302.88124171542796,299.62465877830266,298.74892599228934
35.461981886220926,1.5,302.8814665703751,299.62483166732903,298.74905313573475
35.46560748502332,1.5,302.88169141096404,299.6250045531385,298.749180285394
35.46923308382571,1.5,302.8819162371971,299.62517743573085,298.74930744126516
35.47285868262811,1.5,302.8821410490766,299.6253503151059,298.749434603346
35.4764842814305,1.5,302.8823658466047,299.6255231912635,298.74956177163455
35.480109880232895,1.5,302.88259062978386,299.62569606420345,298.7496889461288
35.48373547903529,1.5,302.8828153986162,299.6258689339256,298.7498161268268
35.48736107783768,1.5,302.883040153104,299.6260418004297,298.7499433137263
35.49098667664008,1.5,302.88326489324965,299.6262146637156,298.75007050682547
35.49461227544247,1.5,302.8834896190553,299.626387523783,298.7501977061221
35.498237874244865,1.5,302.8837143305234,299.62656038063204,298.7503249116142
35.50186347304726,1.5,302.883939027656,299.62673323426225,298.7504521232998
35.50548907184965,1.5,302.8841637104556,299.62690608467346,298.7505793411768
35.509114670652046,1.5,302.88438837892437,299.6270789318656,298.7507065652432
35.51274026945444,1.5,302.88461303306457,299.62725177583843,298.7508337954969
35.516365868256834,1.5,302.8848376728785,299.62742461659184,298.7509610319359
35.51999146705923,1.5,302.88506229836844,299.6275974541255,298.7510882745582
35.52361706586162,1.5,302.88528690953666,299.62777028843936,298.75121552336174
35.527242664664016,1.5,302.88551150638546,299.62794311953314,298.7513427783444
35.53086826346641,1.5,302.88573608891704,299.6281159474068,298.7514700395042
35.5344938622688,1.5,302.88596065713375,299.62828877205993,298.7515973068392
35.5381194610712,1.5,302.88618521103774,299.6284615934926,298.75172458034723
35.54174505987359,1.5,302.8864097506314,299.62863441170447,298.75185186002636
35.545370658675985,1.5,302.886634275917,299.62880722669547,298.7519791458745
35.54899625747838,1.5,302.88685878689677,299.6289800384652,298.75210643788955
35.55262185628077,1.5,302.887083283573,299.6291528470137,298.7522337360696
35.55624745508317,1.5,302.887307765948,299.62932565234075,298.7523610404126
35.55987305388556,1.5,302.88753223402387,299.6294984544461,298.7524883509165
35.563498652687954,1.5,302.88775668780306,299.6296712533296,298.75261566757916
35.56712425149035,1.5,302.88798112728773,299.62984404899106,298.7527429903987
35.57074985029274,1.5,302.88820555248026,299.6300168414303,298.752870319373
35.574375449095136,1.5,302.8884299633828,299.6301896306472,298.7529976545001
35.57800104789753,1.5,302.8886543599977,299.6303624166415,298.7531249957779
35.581626646699924,1.5,302.88887874232717,299.63053519941303,298.75325234320445
35.58525224550232,1.5,302.88910311037347,299.63070797896165,298.75337969677764
35.58887784430471,1.5,302.88932746413894,299.63088075528714,298.75350705649544
35.592503443107105,1.5,302.88955180362575,299.6310535283894,298.75363442235584
35.5961290419095,1.5,302.8897761288363,299.6312262982681,298.7537617943568
35.59975464071189,1.5,302.89000043977256,299.6313990649232,298.75388917249643
35.60338023951429,1.5,302.8902247364372,299.6315718283545,298.7540165567725
35.60700583831668,1.5,302.89044901883216,299.6317445885617,298.754143947183
35.610631437119075,1.5,302.89067328695984,299.63191734554465,298.7542713437261
35.61425703592147,1.5,302.8908975408225,299.6320900993034,298.75439874639954
35.61788263472386,1.5,302.8911217804224,299.6322628498375,298.75452615520146
35.62150823352626,1.5,302.89134600576176,299.6324355971469,298.7546535701298
35.62513383232865,1.5,302.8915702168429,299.63260834123133,298.7547809911825
35.628759431131044,1.5,302.89179441366804,299.63278108209073,298.7549084183575
35.63238502993344,1.5,302.8920185962394,299.6329538197248,298.7550358516529
35.63601062873583,1.5,302.8922427645593,299.63312655413347,298.75516329106654
35.639636227538226,1.5,302.89246691862996,299.63329928531647,298.75529073659646
35.64326182634062,1.5,302.89269105845364,299.63347201327366,298.75541818824064
35.646887425143014,1.5,302.89291518403263,299.6336447380049,298.755545645997
35.65051302394541,1.5,302.8931392953692,299.63381745951,298.7556731098636
35.6541386227478,1.5,302.8933633924656,299.6339901777887,298.75580057983836
35.657764221550195,1.5,302.893587475324,299.63416289284083,298.7559280559193
35.66138982035259,1.5,302.89381154394675,299.6343356046663,298.75605553810436
35.66501541915498,1.5,302.8940355983361,299.634508313265,298.7561830263915
35.66864101795738,1.5,302.8942596384942,299.6346810186365,298.7563105207788
35.67226661675977,1.5,302.8944836644234,299.6348537207808,298.7564380212642
35.675892215562165,1.5,302.8947076761259,299.63502641969774,298.7565655278456
35.67951781436456,1.5,302.89493167360405,299.635199115387,298.75669304052104
35.68314341316695,1.5,302.89515565685997,299.63537180784857,298.75682055928854
35.686769011969346,1.5,302.89537962589606,299.6355444970822,298.756948084146
35.69039461077174,1.5,302.89560358071435,299.63571718308765,298.7570756150914
35.694020209574134,1.5,302.89582752131736,299.63588986586484,298.75720315212294
35.69764580837653,1.5,302.8960514477072,299.6360625454136,298.7573306952383
35.70127140717892,1.5,302.8962753598861,299.6362352217336,298.7574582444356
35.704897005981316,1.5,302.89649925785636,299.6364078948248,298.75758579971284
35.70852260478371,1.5,302.8967231416202,299.636580564687,298.757713361068
35.7121482035861,1.5,302.89694701117986,299.63675323132003,298.7578409284989
35.7157738023885,1.5,302.89717086653764,299.63692589472373,298.75796850200385
35.71939940119089,1.5,302.8973947076957,299.6370985548978,298.7580960815806
35.723024999993285,1.5,302.8976185346563,299.6372712118422,298.7582236672272
35.72665059879568,1.5,302.8978423474219,299.6374438655567,298.75835125894156
35.73027619759807,1.5,302.89806614599445,299.63761651604113,298.7584788567218
35.73390179640047,1.5,302.89828993037634,299.6377891632953,298.75860646056583
35.73752739520286,1.5,302.89851370056977,299.6379618073191,298.7587340704716
35.741152994005255,1.5,302.898737456577,299.6381344481123,298.75886168643717
35.74477859280765,1.5,302.8989611984003,299.6383070856746,298.7589893084605
35.74840419161004,1.5,302.89918492604187,299.63847972000605,298.7591169365396
35.752029790412436,1.5,302.899408639504,299.6386523511064,298.7592445706724
35.75565538921483,1.5,302.8996323387888,299.6388249789754,298.75937221085695
35.759280988017224,1.5,302.8998560238988,299.638997603613,298.7594998570912
35.76290658681962,1.5,302.900079694836,299.63917022501886,298.7596275093732
35.76653218562201,1.5,302.90030335160264,299.63934284319294,298.75975516770086
35.770157784424406,1.5,302.9005269942011,299.63951545813495,298.7598828320722
35.7737833832268,1.5,302.90075062263344,299.6396880698449,298.7600105024853
35.77740898202919,1.5,302.9009742369021,299.6398606783224,298.76013817893795
35.78103458083159,1.5,302.90119783700914,299.6400332835674,298.7602658614283
35.78466017963398,1.5,302.90142142295696,299.6402058855797,298.76039354995436
35.788285778436375,1.5,302.9016449947477,299.64037848435913,298.76052124451405
35.79191137723877,1.5,302.9018685523836,299.6405510799055,298.7606489451054
35.79553697604116,1.5,302.90209209586686,299.64072367221866,298.76077665172636
35.79916257484356,1.5,302.90231562519983,299.64089626129845,298.76090436437494
35.80278817364595,1.5,302.90253914038465,299.64106884714465,298.76103208304914
35.806413772448344,1.5,302.90276264142364,299.6412414297571,298.761159807747
35.81003937125074,1.5,302.9029861283189,299.6414140091356,298.76128753846643
35.81366497005313,1.5,302.90320960107283,299.64158658528004,298.7614152752055
35.817290568855526,1.5,302.90343305968753,299.64175915819015,298.76154301796214
35.82091616765792,1.5,302.90365650416527,299.6419317278658,298.7616707667344
35.824541766460314,1.5,302.9038799345083,299.64210429430693,298.7617985215203
35.82816736526271,1.5,302.9041033507189,299.64227685751325,298.7619262823178
35.8317929640651,1.5,302.9043267527992,299.6424494174846,298.76205404912486
35.835418562867495,1.5,302.90455014075155,299.64262197422084,298.76218182193946
35.83904416166989,1.5,302.9047735145781,299.6427945277217,298.7623096007597
35.84266976047228,1.5,302.9049968742811,299.6429670779872,298.7624373855835
35.84629535927468,1.5,302.90522021986277,299.64313962501694,298.7625651764089
35.84992095807707,1.5,302.9054435513254,299.64331216881084,298.76269297323387
35.853546556879465,1.5,302.9056668686711,299.6434847093688,298.7628207760565
35.85717215568186,1.5,302.9058901719022,299.64365724669057,298.7629485848747
35.86079775448425,1.5,302.9061134610209,299.64382978077595,298.76307639968644
35.86442335328665,1.5,302.9063367360294,299.64400231162483,298.7632042204898
35.86804895208904,1.5,302.90655999692996,299.64417483923705,298.76333204728274
35.871674550891434,1.5,302.9067832437248,299.6443473636124,298.76345988006324
35.87530014969383,1.5,302.9070064764161,299.6445198847507,298.7635877188294
35.87892574849622,1.5,302.9072296950062,299.64469240265174,298.7637155635792
35.882551347298616,1.5,302.90745289949723,299.64486491731554,298.76384341431054
35.88617694610101,1.5,302.90767608989137,299.6450374287417,298.7639712710215
35.889802544903404,1.5,302.90789926619095,299.6452099369302,298.76409913371003
35.8934281437058,1.5,302.9081224283982,299.6453824418807,298.7642270023742
35.89705374250819,1.5,302.90834557651533,299.6455549435932,298.764354877012
35.900679341310585,1.5,302.90856871054444,299.6457274420675,298.76448275762147
35.90430494011298,1.5,302.9087918304879,299.6458999373033,298.76461064420045
35.90793053891537,1.5,302.9090149363479,299.6460724293006,298.76473853674713
35.91155613771777,1.5,302.9092380281266,299.64624491805915,298.7648664352595
35.91518173652016,1.5,302.90946110582627,299.6464174035787,298.7649943397354
35.918807335322555,1.5,302.9096841694491,299.6465898858592,298.765122250173
35.92243293412495,1.5,302.90990721899743,299.64676236490044,298.7652501665703
35.92605853292734,1.5,302.91013025447324,299.6469348407023,298.7653780889253
35.929684131729736,1.5,302.91035327587906,299.6471073132645,298.7655060172359
35.93330973053213,1.5,302.9105762832168,299.6472797825869,298.7656339515002
35.936935329334524,1.5,302.9107992764889,299.6474522486694,298.76576189171624
35.94056092813692,1.5,302.9110222556974,299.6476247115118,298.76588983788196
35.94418652693931,1.5,302.9112452208447,299.64779717111384,298.76601778999543
35.947812125741706,1.5,302.9114681719329,299.6479696274755,298.76614574805456
35.9514377245441,1.5,302.91169110896425,299.64814208059653,298.76627371205745
35.955063323346494,1.5,302.91191403194097,299.64831453047674,298.76640168200214
35.95868892214889,1.5,302.9121369408652,299.648486977116,298.76652965788657
35.96231452095128,1.5,302.9123598357392,299.64865942051415,298.76665763970874
35.965940119753675,1.5,302.9125827165653,299.64883186067095,298.7667856274668
35.96956571855607,1.5,302.9128055833456,299.6490042975863,298.7669136211585
35.97319131735846,1.5,302.91302843608236,299.64917673125996,298.76704162078215
35.97681691616086,1.5,302.9132512747777,299.64934916169193,298.76716962633554
35.98044251496325,1.5,302.9134740994339,299.6495215888818,298.7672976378168
35.984068113765645,1.5,302.91369691005326,299.64969401282957,298.76742565522386
35.98769371256804,1.5,302.9139197066378,299.649866433535,298.7675536785548
35.99131931137043,1.5,302.9141424891899,299.650038850998,298.76768170780764
35.994944910172826,1.5,302.91436525771167,299.6502112652183,298.7678097429804
35.99857050897522,1.5,302.91458801220534,299.65038367619576,298.7679377840711
36.002196107777614,1.5,302.9148107526732,299.6505560839302,298.76806583107765
36.00582170658001,1.5,302.9150334791173,299.6507284884216,298.76819388399815
36.0094473053824,1.5,302.91525619154,299.6509008896696,298.7683219428307
36.013072904184796,1.5,302.9154788899435,299.651073287674,298.76845000757316
36.01669850298719,1.5,302.91570157432983,299.6512456824349,298.76857807822364
36.02032410178958,1.5,302.9159242447014,299.6514180739519,298.7687061547802
36.02394970059198,1.5,302.9161469010603,299.6515904622249,298.7688342372407
36.02757529939437,1.5,302.9163695434088,299.65176284725374,298.7689623256033
36.031200898196765,1.5,302.9165921717491,299.65193522903826,298.76909041986596
36.03482649699916,1.5,302.9168147860834,299.6521076075783,298.7692185200267
36.03845209580155,1.5,302.9170373864138,299.6522799828735,298.7693466260835
36.04207769460395,1.5,302.91725997274267,299.65245235492404,298.76947473803455
36.04570329340634,1.5,302.9174825450721,299.6526247237295,298.7696028558777
36.049328892208734,1.5,302.9177051034044,299.65279708928983,298.76973097961104
36.05295449101113,1.5,302.9179276477417,299.65296945160475,298.76985910923264
36.05658008981352,1.5,302.91815017808614,299.65314181067424,298.7699872447404
36.060205688615916,1.5,302.91837269444,299.653314166498,298.7701153861324
36.06383128741831,1.5,302.9185951968055,299.6534865190759,298.77024353340664
36.067456886220704,1.5,302.91881768518476,299.65365886840783,298.77037168656125
36.0710824850231,1.5,302.91904015958005,299.6538312144936,298.77049984559414
36.07470808382549,1.5,302.9192626199936,299.654003557333,298.7706280105033
36.078333682627886,1.5,302.9194850664275,299.65417589692595,298.77075618128697
36.08195928143028,1.5,302.9197074988841,299.6543482332722,298.7708843579429
