0,1,2,3,4
0.0,0.0,298.15,298.15,298.15
0.003625598802395209,1.0,298.1542649743248,298.15,298.15
0.007251197604790418,1.0,298.1585298504236,298.15,298.15
0.010876796407185627,1.0,298.1627946282986,298.15,298.15
0.014502395209580837,1.0,298.1670593079521,298.15,298.15
0.018127994011976047,1.0,298.1713238893864,298.15,298.15
0.021753592814371257,1.0,298.17558837260367,298.15,298.15
0.025379191616766467,1.0,298.17985274155564,298.15,298.15
0.029004790419161677,1.0,298.18411667886494,298.15,298.15
0.03263038922155689,1.0,298.18837947642777,298.15,298.15
0.03625598802395209,1.0,298.19264006654515,298.15,298.15
0.0398815868263473,1.0,298.1968970944778,298.15,298.15
0.043507185628742506,1.0,298.2011489964845,298.15,298.15
0.04713278443113771,1.0,298.20539407046374,298.15,298.15
0.05075838323353292,1.0,298.2096305373551,298.15,298.15
0.054383982035928126,1.0,298.21385659074525,298.15,298.15
0.05800958083832333,1.0,298.2180704375184,298.15,298.15
0.06163517964071854,1.0,298.22227032917266,298.15,298.15
0.06526077844311375,1.0,298.22645458593263,298.15,298.15
0.06888637724550896,1.0,298.2306216142079,298.15,298.15
0.07251197604790417,1.0,298.23476991877175,298.15,298.15
0.07613757485029939,1.0,298.2388981104379,298.15,298.15
0.0797631736526946,1.0,298.2430049101781,298.15,298.15
0.08338877245508981,1.0,298.2470891503741,298.15,298.15
0.08701437125748503,1.0,298.25114977386426,298.15,298.15
0.09063997005988024,1.0,298.2551858313105,298.15,298.15
0.09426556886227545,1.0,298.2591964773369,298.15,298.15
0.09789116766467067,1.0,298.26318096580127,298.15,298.15
0.10151676646706588,1.0,298.2671386444957,298.15,298.15
0.1051423652694611,1.0,298.27106894950765,298.15,298.15
0.10876796407185631,1.0,298.2749713994258,298.15,298.15
0.11239356287425152,1.0,298.2788455895274,298.15,298.15
0.11601916167664673,1.0,298.282691186055,298.15,298.15
0.11964476047904195,1.0,298.2865079206579,298.15,298.15
0.12327035928143716,1.0,298.29029558505306,298.15,298.15
0.12689595808383236,1.0,298.29405402594136,298.15,298.15
0.13052155688622757,1.0,298.2977831402025,298.15,298.15
0.1341471556886228,1.0,298.3014828703804,298.15,298.15
0.137772754491018,1.0,298.30515320046123,298.15,298.15
0.14139835329341321,1.0,298.30879415194323,298.15,298.15
0.14502395209580843,1.0,298.31240578019106,298.15,298.15
0.14864955089820364,1.0,298.31598817106254,298.15,298.15
0.15227514970059886,1.0,298.31954143779865,298.15,298.15
0.15590074850299407,1.0,298.3230657181602,298.15,298.15
0.15952634730538928,1.0,298.3265611717988,298.15,298.15
0.1631519461077845,1.0,298.330027977846,298.15,298.15
0.1667775449101797,1.0,298.3334663327068,298.15,298.15
0.17040314371257492,1.0,298.33687644804286,298.15,298.15
0.17402874251497014,1.0,298.34025854893173,298.15,298.15
0.17765434131736535,1.0,298.3436128721882,298.15,298.15
0.18127994011976056,1.0,298.34693966483604,298.15,298.15
0.18490553892215578,1.0,298.3502391827174,298.15,298.15
0.188531137724551,1.0,298.3535116892295,298.15,298.15
0.1921567365269462,1.0,298.35675745417745,298.15,298.15
0.19578233532934142,1.0,298.359976752734,298.15,298.15
0.19940793413173663,1.0,298.3631698644968,298.15,298.15
0.20303353293413184,1.0,298.3663370726358,298.15,298.15
0.20665913173652706,1.0,298.3694786631215,298.15,298.15
0.21028473053892227,1.0,298.3725949240287,298.15,298.15
0.21391032934131748,1.0,298.37568614490795,298.15,298.15
0.2175359281437127,1.0,298.37875261621963,298.15,298.15
0.2211615269461079,1.0,298.3817946288244,298.15,298.15
0.22478712574850312,1.0,298.38481247352576,298.15,298.15
0.22841272455089834,1.0,298.3878064406594,298.15,298.15
0.23203832335329355,1.0,298.3907768197259,298.15,298.15
0.23566392215568877,1.0,298.393723899062,298.15,298.15
0.23928952095808398,1.0,298.39664796554797,298.15,298.15
0.2429151197604792,1.0,298.39954930434675,298.15,298.15
0.2465407185628744,1.0,298.40242819867336,298.15,298.15
0.2501663173652696,1.0,298.4052849295901,298.15,298.15
0.25379191616766483,1.0,298.40811977582695,298.15000000000003,298.15
0.25741751497006005,1.0,298.41093301362315,298.1500000000001,298.15
0.26104311377245526,1.0,298.41372491658984,298.15000000000015,298.15
0.2646687125748505,1.0,298.41649575558984,298.1500000000002,298.15
0.2682943113772457,1.0,298.4192457986351,298.1500000000003,298.15
0.2719199101796409,1.0,298.42197531079796,298.1500000000005,298.15
0.2755455089820361,1.0,298.4246845541369,298.1500000000007,298.15
0.2791711077844313,1.0,298.4273737876339,298.150000000001,298.15
0.28279670658682654,1.0,298.4300432671434,298.15000000000146,298.15
0.28642230538922175,1.0,298.43269324535106,298.150000000002,298.15
0.29004790419161697,1.0,298.4353239717418,298.15000000000276,298.15
0.2936735029940122,1.0,298.43793569257576,298.15000000000373,298.15
0.2972991017964074,1.0,298.44052865087184,298.150000000005,298.15
0.3009247005988026,1.0,298.44310308639814,298.15000000000657,298.15
0.3045502994011978,1.0,298.4456592356677,298.1500000000087,298.15
0.30817589820359303,1.0,298.4481973319405,298.1500000000113,298.15
0.31180149700598825,1.0,298.4507176052296,298.1500000000146,298.15
0.31542709580838346,1.0,298.45322028231215,298.15000000001874,298.15
0.3190526946107787,1.0,298.45570558674365,298.15000000002397,298.15
0.3226782934131739,1.0,298.4581737388762,298.1500000000304,298.15
0.3263038922155691,1.0,298.4606249558798,298.15000000003835,298.15
0.3299294910179643,1.0,298.4630594517659,298.1500000000481,298.15
0.33355508982035953,1.0,298.4654774374138,298.15000000006006,298.15
0.33718068862275474,1.0,298.4678791205992,298.1500000000746,298.15
0.34080628742514996,1.0,298.4702647060241,298.1500000000922,298.15
0.34443188622754517,1.0,298.4726343953491,298.1500000001134,298.15
0.3480574850299404,1.0,298.47498838722606,298.1500000001388,298.15
0.3516830838323356,1.0,298.4773268773333,298.1500000001692,298.15
0.3553086826347308,1.0,298.4796500584108,298.1500000002054,298.15
0.358934281437126,1.0,298.4819581202964,298.15000000024827,298.15
0.36255988023952124,1.0,298.48425124996317,298.150000000299,298.15
0.36618547904191645,1.0,298.486529631557,298.1500000003586,298.15
0.36981107784431166,1.0,298.48879344643484,298.1500000004286,298.15
0.3734366766467069,1.0,298.4910428732032,298.1500000005104,298.15
0.3770622754491021,1.0,298.49327808775695,298.1500000006057,298.15
0.3806878742514973,1.0,298.49549926331844,298.1500000007164,298.15
0.3843134730538925,1.0,298.4977065704762,298.1500000008445,298.15
0.38793907185628773,1.0,298.49990017722456,298.15000000099246,298.15
0.39156467065868295,1.0,298.5020802490021,298.15000000116277,298.15
0.39519026946107816,1.0,298.5042469487313,298.1500000013583,298.15
0.39881586826347337,1.0,298.50640043685667,298.1500000015821,298.15
0.4024414670658686,1.0,298.50854087138373,298.15000000183767,298.15
0.4060670658682638,1.0,298.51066840791736,298.1500000021287,298.15
0.409692664670659,1.0,298.5127831996998,298.15000000245936,298.15
0.4133182634730542,1.0,298.5148853976483,298.1500000028341,298.15
0.41694386227544944,1.0,298.5169751503927,298.15000000325784,298.15
0.42056946107784465,1.0,298.51905260431266,298.15000000373584,298.15
0.42419505988023987,1.0,298.5211179035738,298.15000000427386,298.15
0.4278206586826351,1.0,298.5231711901646,298.1500000048783,298.15
0.4314462574850303,1.0,298.5252126039317,298.1500000055557,298.15
0.4350718562874255,1.0,298.5272422826159,298.1500000063136,298.15
0.4386974550898207,1.0,298.5292603618862,298.1500000071596,298.15
0.44232305389221593,1.0,298.5312669753753,298.1500000081023,298.15
0.44594865269461115,1.0,298.5332622547128,298.1500000091508,298.15
0.44957425149700636,1.0,298.53524632955936,298.1500000103147,298.15
0.4531998502994016,1.0,298.53721932763926,298.1500000116047,298.15
0.4568254491017968,1.0,298.53918137477325,298.1500000130316,298.15
0.460451047904192,1.0,298.54113259491044,298.15000001460766,298.15
0.4640766467065872,1.0,298.54307311016004,298.1500000163453,298.15
0.46770224550898243,1.0,298.54500304082245,298.15000001825814,298.15
0.47132784431137764,1.0,298.54692250541956,298.15000002036066,298.15
0.47495344311377286,1.0,298.5488316207253,298.15000002266794,298.15
0.47857904191616807,1.0,298.5507305017949,298.15000002519633,298.15
0.4822046407185633,1.0,298.55261926199404,298.1500000279629,298.15
0.4858302395209585,1.0,298.5544980130277,298.15000003098584,298.15
0.4894558383233537,1.0,298.55636686496814,298.1500000342843,298.15
0.4930814371257489,1.0,298.55822592628255,298.15000003787867,298.15
0.49670703592814414,1.0,298.5600753038603,298.1500000417902,298.15
0.5003326347305393,1.0,298.5619151030397,298.1500000460413,298.15
0.5039582335329346,1.0,298.5637454276343,298.1500000506558,298.15
0.5075838323353298,1.0,298.56556637995845,298.15000005565867,298.15
0.511209431137725,1.0,298.567378060853,298.15000006107584,298.15
0.5148350299401202,1.0,298.5691805697099,298.150000066935,298.15
0.5184606287425154,1.0,298.57097400449686,298.15000007326466,298.15
0.5220862275449106,1.0,298.5727584617812,298.1500000800951,298.15
0.5257118263473058,1.0,298.5745340367536,298.1500000874578,298.15
0.5293374251497011,1.0,298.57630082325124,298.1500000953857,298.15
0.5329630239520963,1.0,298.5780589137803,298.15000010391304,298.15
0.5365886227544915,1.0,298.5798083995387,298.150000113076,298.15
0.5402142215568867,1.0,298.58154937043764,298.1500001229117,298.15
0.5438398203592819,1.0,298.5832819151235,298.1500001334594,298.15
0.5474654191616771,1.0,298.5850061209986,298.15000014475964,298.15
0.5510910179640723,1.0,298.58672207424235,298.15000015685456,298.15
0.5547166167664676,1.0,298.58842985983125,298.15000016978814,298.15
0.5583422155688628,1.0,298.5901295615591,298.1500001836059,298.15
0.561967814371258,1.0,298.5918212620565,298.1500001983553,298.15
0.5655934131736532,1.0,298.59350504281053,298.1500002140854,298.15
0.5692190119760484,1.0,298.5951809841829,298.15000023084696,298.15
0.5728446107784436,1.0,298.5968491654292,298.1500002486928,298.15
0.5764702095808388,1.0,298.59850966471697,298.1500002676774,298.15
0.580095808383234,1.0,298.60016255914337,298.15000028785727,298.15
0.5837214071856293,1.0,298.601807924753,298.1500003092906,298.15
0.5873470059880245,1.0,298.603445836555,298.15000033203785,298.15
0.5909726047904197,1.0,298.60507636854004,298.15000035616106,298.15
0.5945982035928149,1.0,298.6066995936967,298.15000038172457,298.15
0.5982238023952101,1.0,298.60831558402833,298.1500004087945,298.15
0.6018494011976053,1.0,298.60992441056857,298.1500004374392,298.15
0.6054750000000005,1.0,298.61152614339704,298.15000046772894,298.15
0.6091005988023958,1.0,298.6131208516553,298.1500004997361,298.15
0.612726197604791,1.0,298.61470860356127,298.1500005335352,298.15
0.6163517964071862,1.0,298.6162894664247,298.1500005692028,298.15
0.6199773952095814,1.0,298.6178635066614,298.1500006068176,298.15
0.6236029940119766,1.0,298.61943078980784,298.1500006464606,298.15
0.6272285928143718,1.0,298.62099138053486,298.15000068821485,298.15
0.630854191616767,1.0,298.62254534266185,298.1500007321656,298.15
0.6344797904191622,1.0,298.6240927391702,298.1500007784004,298.15
0.6381053892215575,1.0,298.6256336322164,298.1500008270089,298.15
0.6417309880239527,1.0,298.6271680831454,298.15000087808306,298.15
0.6453565868263479,1.0,298.6286961525034,298.15000093171705,298.15
0.6489821856287431,1.0,298.63021790005,298.15000098800743,298.15
0.6526077844311383,1.0,298.6317333847714,298.15000104705285,298.15
0.6562333832335335,1.0,298.63324266489184,298.15000110895437,298.15
0.6598589820359287,1.0,298.63474579788596,298.1500011738153,298.15
0.663484580838324,1.0,298.63624284049007,298.1500012417412,298.15
0.6671101796407192,1.0,298.63773384871416,298.15000131284023,298.15
0.6707357784431144,1.0,298.6392188778529,298.1500013872224,298.15
0.6743613772455096,1.0,298.6406979824968,298.15000146500046,298.15
0.6779869760479048,1.0,298.6421712165432,298.1500015462893,298.15
0.6816125748503,1.0,298.6436386332067,298.1500016312061,298.15
0.6852381736526952,1.0,298.64510028503,298.15000171987055,298.15
0.6888637724550905,1.0,298.6465562238941,298.1500018124046,298.15
0.6924893712574857,1.0,298.64800650102836,298.1500019089325,298.15
0.6961149700598809,1.0,298.64945116702063,298.1500020095809,298.15
0.6997405688622761,1.0,298.6508902718268,298.1500021144787,298.15
0.7033661676646713,1.0,298.6523238647807,298.15000222375727,298.15
0.7069917664670665,1.0,298.65375199460334,298.1500023375503,298.15
0.7106173652694617,1.0,298.6551747094123,298.1500024559937,298.15
0.714242964071857,1.0,298.6565920567307,298.1500025792258,298.15
0.7178685628742522,1.0,298.6580040834964,298.15000270738744,298.15
0.7214941616766474,1.0,298.6594108360706,298.1500028406214,298.15
0.7251197604790426,1.0,298.66081236024655,298.1500029790731,298.15
0.7287453592814378,1.0,298.66220870125795,298.1500031228902,298.15
0.732370958083833,1.0,298.6635999037876,298.15000327222253,298.15
0.7359965568862282,1.0,298.66498601197526,298.1500034272224,298.15
0.7396221556886234,1.0,298.6663670694259,298.1500035880442,298.15
0.7432477544910187,1.0,298.6677431192177,298.15000375484493,298.15
0.7468733532934139,1.0,298.6691142039094,298.1500039277836,298.15
0.7504989520958091,1.0,298.6704803655486,298.1500041070214,298.15
0.7541245508982043,1.0,298.6718416456789,298.1500042927221,298.15
0.7577501497005995,1.0,298.6731980853472,298.1500044850514,298.15
0.7613757485029947,1.0,298.6745497251113,298.1500046841773,298.15
0.7650013473053899,1.0,298.6758966050468,298.15000489027017,298.15
0.7686269461077851,1.0,298.67723876475407,298.15000510350234,298.15
0.7722525449101804,1.0,298.6785762433655,298.15000532404855,298.15
0.7758781437125756,1.0,298.67990907955203,298.1500055520855,298.15
0.7795037425149708,1.0,298.68123731152974,298.15000578779205,298.15
0.783129341317366,1.0,298.6825609770666,298.15000603134945,298.15
0.7867549401197612,1.0,298.68388011348895,298.15000628294075,298.15
0.7903805389221564,1.0,298.68519475768755,298.15000654275127,298.15
0.7940061377245516,1.0,298.6865049461242,298.1500068109683,298.15
0.7976317365269469,1.0,298.6878107148376,298.1500070877813,298.15
0.8012573353293421,1.0,298.6891120994496,298.1500073733818,298.15
0.8048829341317373,1.0,298.69040913517074,298.1500076679632,298.15
0.8085085329341325,1.0,298.6917018568066,298.150007971721,298.15
0.8121341317365277,1.0,298.69299029876316,298.15000828485256,298.15
0.8157597305389229,1.0,298.69427449505264,298.15000860755737,298.15
0.8193853293413181,1.0,298.69555447929895,298.1500089400368,298.15
0.8230109281437133,1.0,298.6968302847432,298.1500092824941,298.15
0.8266365269461086,1.0,298.69810194424895,298.15000963513444,298.15
0.8302621257485038,1.0,298.6993694903077,298.1500099981648,298.15
0.833887724550899,1.0,298.70063295504383,298.1500103717942,298.15
0.8375133233532942,1.0,298.7018923702199,298.1500107562333,298.15
0.8411389221556894,1.0,298.7031477672419,298.1500111516945,298.15
0.8447645209580846,1.0,298.70439917716357,298.1500115583922,298.15
0.8483901197604798,1.0,298.7056466306917,298.1500119765424,298.15
0.8520157185628751,1.0,298.70689015819096,298.1500124063628,298.15
0.8556413173652703,1.0,298.7081297896884,298.15001284807295,298.15
0.8592669161676655,1.0,298.7093655548783,298.150013301894,298.15
0.8628925149700607,1.0,298.7105974831263,298.1500137680488,298.15
0.8665181137724559,1.0,298.7118256034745,298.15001424676166,298.15
0.8701437125748511,1.0,298.71304994464555,298.1500147382587,298.15
0.8737693113772463,1.0,298.71427053504686,298.1500152427675,298.15
0.8773949101796416,1.0,298.7154874027752,298.1500157605172,298.15
0.8810205089820368,1.0,298.7167005756206,298.1500162917385,298.15
0.884646107784432,1.0,298.7179100810708,298.1500168366636,298.15
0.8882717065868272,1.0,298.719115946315,298.1500173955261,298.15
0.8918973053892224,1.0,298.7203181982482,298.15001796856114,298.15
0.8955229041916176,1.0,298.72151686347496,298.1500185560052,298.15
0.8991485029940128,1.0,298.7227119683132,298.15001915809614,298.15
0.902774101796408,1.0,298.7239035387984,298.15001977507325,298.15
0.9063997005988033,1.0,298.72509160068677,298.15002040717707,298.15
0.9100252994011985,1.0,298.7262761794596,298.1500210546496,298.15
0.9136508982035937,1.0,298.72745730032665,298.1500217177338,298.15
0.9172764970059889,1.0,298.7286349882295,298.15002239667433,298.15
0.9209020958083841,1.0,298.7298092678455,298.15002309171666,298.15
0.9245276946107793,1.0,298.7309801635909,298.1500238031078,298.15
0.9281532934131745,1.0,298.73214769962465,298.15002453109554,298.15
0.9317788922155698,1.0,298.7333118998514,298.1500252759292,298.15
0.935404491017965,1.0,298.7344727879252,298.150026037859,298.15
0.9390300898203602,1.0,298.7356303872524,298.15002681713617,298.15
0.9426556886227554,1.0,298.7367847209952,298.15002761401337,298.15
0.9462812874251506,1.0,298.7379358120745,298.1500284287437,298.15
0.9499068862275458,1.0,298.73908368317353,298.1500292615818,298.15
0.953532485029941,1.0,298.74022835674043,298.150030112783,298.15
0.9571580838323362,1.0,298.7413698549915,298.1500309826036,298.15
0.9607836826347315,1.0,298.74250819991414,298.150031871301,298.15
0.9644092814371267,1.0,298.74364341326987,298.15003277913314,298.15
0.9680348802395219,1.0,298.7447755165972,298.1500337063591,298.15
0.9716604790419171,1.0,298.7459045312146,298.15003465323883,298.15
0.9752860778443123,1.0,298.74703047822294,298.15003562003295,298.15
0.9789116766467075,1.0,298.74815337850856,298.1500366070028,298.15
0.9825372754491027,1.0,298.7492732527462,298.1500376144105,298.15
0.986162874251498,1.0,298.7503901214013,298.15003864251906,298.15
0.9897884730538932,1.0,298.7515040047327,298.150039691592,298.15
0.9934140718562884,1.0,298.7526149227953,298.15004076189365,298.15
0.9970396706586836,1.0,298.75372289544305,298.1500418536889,298.15
1.0006652694610787,1.0,298.75482794233073,298.15004296724317,298.15
1.004290868263474,1.0,298.75593008291713,298.1500441028226,298.15
1.0079164670658691,1.0,298.75702933646704,298.15004526069396,298.15
1.0115420658682643,1.0,298.7581257220539,298.15004644112435,298.15
1.0151676646706596,1.0,298.7592192585621,298.15004764438146,298.15
1.0187932634730548,1.0,298.7603099646895,298.1500488707335,298.15
1.02241886227545,1.0,298.7613978589495,298.15005012044907,298.15
1.0260444610778452,1.0,298.76248295967366,298.15005139379736,298.15
1.0296700598802404,1.0,298.7635652850136,298.15005269104773,298.15
1.0332956586826356,1.0,298.7646448529432,298.15005401247004,298.15
1.0369212574850308,1.0,298.7657216812614,298.1500553583345,298.15
1.040546856287426,1.0,298.7667957875937,298.1500567289117,298.15
1.0441724550898213,1.0,298.7678671893943,298.1500581244724,298.15
1.0477980538922165,1.0,298.7689359039488,298.1500595452877,298.15
1.0514236526946117,1.0,298.7700019483756,298.150060991629,298.15
1.055049251497007,1.0,298.7710653396283,298.15006246376777,298.15
1.0586748502994021,1.0,298.7721260944977,298.15006396197595,298.15
1.0623004491017973,1.0,298.7731842296136,298.1500654865254,298.15
1.0659260479041925,1.0,298.7742397614469,298.1500670376883,298.15
1.0695516467065878,1.0,298.77529270631135,298.1500686157368,298.15
1.073177245508983,1.0,298.77634308036585,298.15007022094335,298.15
1.0768028443113782,1.0,298.77739089961574,298.15007185358036,298.15
1.0804284431137734,1.0,298.77843617991505,298.1500735139203,298.15
1.0840540419161686,1.0,298.77947893696836,298.15007520223566,298.15
1.0876796407185638,1.0,298.78051918633224,298.150076918799,298.15
1.091305239520959,1.0,298.78155694341734,298.1500786638829,298.15
1.0949308383233542,1.0,298.7825922234901,298.1500804377597,298.15
1.0985564371257495,1.0,298.7836250416742,298.1500822407021,298.15000000000003
1.1021820359281447,1.0,298.7846554129524,298.1500840729822,298.1500000000001
1.10580763473054,1.0,298.78568335216846,298.15008593487244,298.1500000000001
1.109433233532935,1.0,298.78670887402853,298.15008782664484,298.1500000000001
1.1130588323353303,1.0,298.78773199310274,298.1500897485715,298.1500000000001
1.1166844311377255,1.0,298.78875272382686,298.15009170092424,298.1500000000001
1.1203100299401207,1.0,298.78977108050407,298.1500936839747,298.15000000000015
1.123935628742516,1.0,298.7907870773061,298.1500956979943,298.1500000000002
1.1275612275449112,1.0,298.79180072827535,298.1500977432543,298.1500000000002
1.1311868263473064,1.0,298.79281204732575,298.1500998200257,298.15000000000026
1.1348124251497016,1.0,298.79382104824475,298.1501019285792,298.15000000000026
1.1384380239520968,1.0,298.79482774469466,298.1501040691851,298.1500000000003
1.142063622754492,1.0,298.795832150214,298.1501062421137,298.1500000000003
1.1456892215568872,1.0,298.79683427821897,298.15010844763464,298.1500000000004
1.1493148203592825,1.0,298.797834142005,298.1501106860175,298.15000000000043
1.1529404191616777,1.0,298.79883175474805,298.15011295753135,298.1500000000005
1.1565660179640729,1.0,298.7998271295059,298.15011526244484,298.15000000000055
1.160191616766468,1.0,298.80082027921964,298.15011760102635,298.1500000000006
1.1638172155688633,1.0,298.80181121671495,298.1501199735437,298.15000000000066
1.1674428143712585,1.0,298.80279995470346,298.1501223802644,298.1500000000007
1.1710684131736537,1.0,298.80378650578405,298.1501248214554,298.1500000000008
1.174694011976049,1.0,298.8047708824441,298.1501272973832,298.15000000000083
1.1783196107784442,1.0,298.8057530970608,298.1501298083139,298.1500000000009
1.1819452095808394,1.0,298.80673316190234,298.15013235451306,298.150000000001
1.1855708083832346,1.0,298.80771108912927,298.15013493624565,298.15000000000106
1.1891964071856298,1.0,298.80868689079557,298.1501375537761,298.1500000000011
1.192822005988025,1.0,298.8096605788499,298.1501402073684,298.1500000000012
1.1964476047904202,1.0,298.81063216513695,298.15014289728583,298.15000000000134
1.2000732035928154,1.0,298.81160166139836,298.15014562379116,298.15000000000146
1.2036988023952107,1.0,298.812569079274,298.1501483871466,298.15000000000157
1.2073244011976059,1.0,298.8135344303032,298.15015118761363,298.1500000000017
1.210950000000001,1.0,298.81449772592566,298.1501540254531,298.1500000000018
1.2145755988023963,1.0,298.81545897748276,298.1501569009254,298.15000000000197
1.2182011976047915,1.0,298.81641819621865,298.15015981429,298.15000000000214
1.2218267964071867,1.0,298.81737539328105,298.1501627658058,298.1500000000023
1.225452395209582,1.0,298.81833057972267,298.1501657557311,298.1500000000025
1.2290779940119771,1.0,298.8192837665021,298.15016878432345,298.15000000000265
1.2327035928143724,1.0,298.820234964485,298.1501718518395,298.1500000000028
1.2363291916167676,1.0,298.8211841844448,298.1501749585354,298.15000000000305
1.2399547904191628,1.0,298.82213143706406,298.1501781046664,298.1500000000033
1.243580389221558,1.0,298.82307673293525,298.1501812904871,298.1500000000035
1.2472059880239532,1.0,298.824020082562,298.1501845162513,298.15000000000373
1.2508315868263484,1.0,298.82496149635955,298.15018778221184,298.150000000004
1.2544571856287436,1.0,298.8259009846565,298.15019108862117,298.1500000000043
1.2580827844311389,1.0,298.82683855769494,298.15019443573044,298.1500000000046
1.261708383233534,1.0,298.82777422563197,298.1501978237903,298.15000000000487
1.2653339820359293,1.0,298.82870799854027,298.1502012530504,298.1500000000052
1.2689595808383245,1.0,298.8296398864094,298.15020472375977,298.1500000000056
1.2725851796407197,1.0,298.8305698991462,298.1502082361663,298.150000000006
1.276210778443115,1.0,298.8314980465762,298.1502117905172,298.1500000000064
1.2798363772455101,1.0,298.8324243384441,298.15021538705867,298.1500000000068
1.2834619760479054,1.0,298.83334878441497,298.1502190260362,298.15000000000725
1.2870875748503006,1.0,298.83427139407456,298.1502227076943,298.15000000000776
1.2907131736526958,1.0,298.83519217693095,298.15022643227644,298.1500000000083
1.294338772455091,1.0,298.8361111424146,298.15023020002525,298.1500000000088
1.2979643712574862,1.0,298.83702829987976,298.15023401118253,298.15000000000936
1.3015899700598814,1.0,298.8379436586049,298.150237865989,298.1500000000099
1.3052155688622766,1.0,298.8388572277938,298.1502417646846,298.15000000001055
1.3088411676646718,1.0,298.8397690165763,298.1502457075081,298.15000000001123
1.312466766467067,1.0,298.8406790340086,298.15024969469727,298.1500000000119
1.3160923652694623,1.0,298.84158728907477,298.1502537264893,298.1500000000127
1.3197179640718575,1.0,298.8424937906872,298.15025780312,298.1500000000135
1.3233435628742527,1.0,298.84339854768706,298.15026192482424,298.1500000000143
1.326969161676648,1.0,298.84430156884565,298.1502660918361,298.15000000001515
1.3305947604790431,1.0,298.8452028628646,298.15027030438836,298.15000000001606
1.3342203592814383,1.0,298.8461024383769,298.1502745627131,298.15000000001703
1.3378459580838336,1.0,298.84700030394737,298.15027886704104,298.15000000001805
1.3414715568862288,1.0,298.8478964680737,298.1502832176021,298.1500000000191
1.345097155688624,1.0,298.848790939187,298.1502876146252,298.1500000000202
1.3487227544910192,1.0,298.84968372565237,298.15029205833787,298.15000000002135
1.3523483532934144,1.0,298.8505748357696,298.150296548967,298.1500000000226
1.3559739520958096,1.0,298.8514642777741,298.1503010867381,298.1500000000239
1.3595995508982048,1.0,298.85235205983736,298.15030567187586,298.1500000000253
1.3632251497006,1.0,298.8532381900677,298.15031030460364,298.1500000000267
1.3668507485029953,1.0,298.8541226765106,298.150314985144,298.15000000002823
1.3704763473053905,1.0,298.85500552715,298.1503197137182,298.1500000000298
1.3741019461077857,1.0,298.8558867499083,298.15032449054644,298.15000000003147
1.377727544910181,1.0,298.85676635264724,298.15032931584784,298.1500000000332
1.3813531437125761,1.0,298.8576443431687,298.1503341898405,298.150000000035
1.3849787425149713,1.0,298.8585207292149,298.15033911274145,298.1500000000369
1.3886043413173665,1.0,298.8593955184694,298.15034408476623,298.1500000000389
1.3922299401197618,1.0,298.8602687185574,298.15034910612974,298.1500000000411
1.395855538922157,1.0,298.8611403370467,298.1503541770454,298.15000000004324
1.3994811377245522,1.0,298.8620103814477,298.1503592977257,298.15000000004557
1.4031067365269474,1.0,298.8628788592146,298.15036446838195,298.150000000048
1.4067323353293426,1.0,298.86374577774563,298.15036968922425,298.1500000000505
1.4103579341317378,1.0,298.8646111443836,298.1503749604617,298.15000000005324
1.413983532934133,1.0,298.86547496641674,298.1503802823021,298.150000000056
1.4176091317365282,1.0,298.8663372510787,298.1503856549521,298.1500000000589
1.4212347305389235,1.0,298.8671980055497,298.1503910786174,298.150000000062
1.4248603293413187,1.0,298.86805723695676,298.1503965535023,298.1500000000652
1.428485928143714,1.0,298.8689149523742,298.1504020798101,298.15000000006853
1.432111526946109,1.0,298.86977115882434,298.1504076577428,298.150000000072
1.4357371257485043,1.0,298.8706258632779,298.15041328750135,298.1500000000757
1.4393627245508995,1.0,298.8714790726544,298.1504189692855,298.1500000000795
1.4429883233532947,1.0,298.87233079382287,298.15042470329377,298.15000000008354
1.44661392215569,1.0,298.87318103360235,298.1504304897236,298.1500000000877
1.4502395209580852,1.0,298.8740297987622,298.15043632877104,298.15000000009206
1.4538651197604804,1.0,298.87487709602266,298.1504422206313,298.1500000000966
1.4574907185628756,1.0,298.8757229320556,298.1504481654981,298.1500000001014
1.4611163173652708,1.0,298.8765673134845,298.1504541635641,298.15000000010633
1.464741916167666,1.0,298.8774102468853,298.15046021502087,298.1500000001115
1.4683675149700612,1.0,298.8782517387866,298.15046632005846,298.15000000011696
1.4719931137724565,1.0,298.87909179567066,298.1504724788661,298.15000000012265
1.4756187125748517,1.0,298.879930423973,298.1504786916317,298.1500000001285
1.4792443113772469,1.0,298.88076763008354,298.1504849585418,298.1500000001347
1.482869910179642,1.0,298.8816034203468,298.15049127978205,298.15000000014106
1.4864955089820373,1.0,298.88243780106245,298.1504976555366,298.15000000014777
1.4901211077844325,1.0,298.88327077848527,298.15050408598853,298.1500000001547
1.4937467065868277,1.0,298.88410235882657,298.15051057131984,298.150000000162
1.497372305389223,1.0,298.8849325482534,298.15051711171117,298.15000000016954
1.5009979041916182,1.0,298.88576135289,298.15052370734196,298.1500000001774
1.5046235029940134,1.0,298.8865887788175,298.1505303583906,298.1500000001856
1.5082491017964086,1.0,298.8874148320748,298.150537065034,298.15000000019415
1.5118747005988038,1.0,298.8882395186587,298.1505438274482,298.150000000203
1.515500299401199,1.0,298.8890628445244,298.15055064580775,298.1500000002123
1.5191258982035942,1.0,298.88988481558596,298.15055752028616,298.1500000002219
1.5227514970059894,1.0,298.89070543771646,298.1505644510557,298.15000000023196
1.5263770958083847,1.0,298.8915247167487,298.15057143828733,298.15000000024236
1.5300026946107799,1.0,298.8923426584753,298.150578482151,298.15000000025316
1.533628293413175,1.0,298.89315926864924,298.15058558281527,298.1500000002644
1.5372538922155703,1.0,298.8939745529844,298.1505927404476,298.1500000002761
1.5408794910179655,1.0,298.89478851715535,298.1505999552143,298.1500000002883
1.5445050898203607,1.0,298.89560116679843,298.1506072272803,298.15000000030096
1.548130688622756,1.0,298.89641250751146,298.1506145568095,298.1500000003141
1.5517562874251511,1.0,298.89722254485474,298.15062194396444,298.15000000032774
1.5553818862275464,1.0,298.8980312843507,298.1506293889065,298.15000000034195
1.5590074850299416,1.0,298.898838731485,298.150636891796,298.1500000003566
1.5626330838323368,1.0,298.8996448917063,298.15064445279194,298.1500000003719
1.566258682634732,1.0,298.9004497704268,298.1506520720521,298.15000000038776
1.5698842814371272,1.0,298.90125337302254,298.1506597497331,298.15000000040425
1.5735098802395224,1.0,298.90205570483386,298.1506674859904,298.15000000042136
1.5771354790419176,1.0,298.90285677116555,298.1506752809782,298.1500000004391
1.5807610778443129,1.0,298.9036565772874,298.1506831348495,298.15000000045745
1.584386676646708,1.0,298.90445512843417,298.15069104775614,298.1500000004765
1.5880122754491033,1.0,298.90525242980635,298.1506990198488,298.1500000004963
1.5916378742514985,1.0,298.9060484865701,298.1507070512769,298.1500000005168
1.5952634730538937,1.0,298.90684330385784,298.15071514218874,298.15000000053806
1.598889071856289,1.0,298.90763688676816,298.1507232927314,298.15000000056006
1.6025146706586841,1.0,298.9084292403667,298.15073150305074,298.1500000005829
1.6061402694610794,1.0,298.90922036968607,298.15073977329155,298.15000000060655
1.6097658682634746,1.0,298.91001027972607,298.15074810359715,298.15000000063105
1.6133914670658698,1.0,298.9107989754544,298.1507564941101,298.1500000006564
1.617017065868265,1.0,298.9115864618064,298.15076494497157,298.15000000068267
1.6206426646706602,1.0,298.9123727436859,298.1507734563215,298.1500000007099
1.6242682634730554,1.0,298.913157825965,298.1507820282987,298.1500000007381
1.6278938622754506,1.0,298.91394171348486,298.15079066104084,298.15000000076725
1.6315194610778458,1.0,298.9147244110554,298.1507993546844,298.15000000079743
1.635145059880241,1.0,298.91550592345607,298.1508081093648,298.15000000082864
1.6387706586826363,1.0,298.91628625543586,298.1508169252161,298.1500000008609
1.6423962574850315,1.0,298.9170654117138,298.15082580237134,298.15000000089435
1.6460218562874267,1.0,298.91784339697887,298.1508347409623,298.1500000009289
1.649647455089822,1.0,298.91862021589066,298.1508437411198,298.15000000096467
1.6532730538922171,1.0,298.9193958730792,298.1508528029733,298.1500000010016
1.6568986526946123,1.0,298.9201703731457,298.1508619266512,298.1500000010398
1.6605242514970076,1.0,298.92094372066236,298.15087111228075,298.1500000010793
1.6641498502994028,1.0,298.921715920173,298.15088035998804,298.15000000112013
1.667775449101798,1.0,298.9224869761931,298.15088966989805,298.1500000011623
1.6714010479041932,1.0,298.92325689321007,298.1508990421345,298.1500000012059
1.6750266467065884,1.0,298.9240256756834,298.15090847682023,298.150000001251
1.6786522455089836,1.0,298.9247933280452,298.1509179740768,298.1500000012974
1.6822778443113788,1.0,298.9255598547001,298.15092753402445,298.15000000134546
1.685903443113774,1.0,298.92632526002575,298.1509371567826,298.1500000013951
1.6895290419161693,1.0,298.9270895483729,298.1509468424695,298.1500000014463
1.6931546407185645,1.0,298.92785272406564,298.1509565912021,298.15000000149917
1.6967802395209597,1.0,298.92861479140174,298.15096640309645,298.15000000155374
1.700405838323355,1.0,298.9293757546527,298.15097627826736,298.15000000161007
1.7040314371257501,1.0,298.93013561806424,298.1509862168285,298.1500000016682
1.7076570359281453,1.0,298.9308943858562,298.15099621889254,298.15000000172824
1.7112826347305405,1.0,298.9316520622231,298.15100628457105,298.1500000017901
1.7149082335329358,1.0,298.932408651334,298.1510164139744,298.150000001854
1.718533832335331,1.0,298.93316415733295,298.15102660721186,298.1500000019198
1.7221594311377262,1.0,298.93391858433927,298.15103686439187,298.1500000019877
1.7257850299401214,1.0,298.9346719364474,298.15104718562145,298.15000000205765
1.7294106287425166,1.0,298.93542421772753,298.15105757100673,298.15000000212984
1.7330362275449118,1.0,298.93617543222564,298.15106802065264,298.15000000220425
1.736661826347307,1.0,298.93692558396356,298.1510785346632,298.15000000228093
1.7402874251497022,1.0,298.9376746769395,298.1510891131412,298.15000000236
1.7439130239520975,1.0,298.9384227151278,298.15109975618844,298.15000000244146
1.7475386227544927,1.0,298.9391697024796,298.1511104639057,298.15000000252536
1.751164221556888,1.0,298.93991564292264,298.1511212363925,298.15000000261176
1.754789820359283,1.0,298.94066054036176,298.15113207374765,298.15000000270084
1.7584154191616783,1.0,298.94140439867897,298.15114297606857,298.1500000027925
1.7620410179640735,1.0,298.9421472217336,298.15115394345185,298.150000002887
1.7656666167664687,1.0,298.9428890133624,298.15116497599297,298.1500000029842
1.769292215568864,1.0,298.94362977738,298.15117607378625,298.1500000030843
1.7729178143712592,1.0,298.9443695175789,298.15118723692507,298.15000000318736
1.7765434131736544,1.0,298.94510823772964,298.1511984655019,298.1500000032934
1.7801690119760496,1.0,298.9458459415812,298.15120975960815,298.1500000034026
1.7837946107784448,1.0,298.9465826328608,298.15122111933397,298.15000000351495
1.78742020958084,1.0,298.9473183152744,298.1512325447688,298.15000000363057
1.7910458083832352,1.0,298.9480529925068,298.1512440360008,298.1500000037495
1.7946714071856305,1.0,298.94878666822166,298.15125559311736,298.1500000038718
1.7982970059880257,1.0,298.94951934606183,298.1512672162047,298.1500000039976
1.8019226047904209,1.0,298.9502510296496,298.1512789053481,298.150000004127
1.805548203592816,1.0,298.9509817225867,298.1512906606318,298.15000000426
1.8091738023952113,1.0,298.95171142845425,298.1513024821391,298.1500000043968
1.8127994011976065,1.0,298.9524401508135,298.15131436995233,298.1500000045375
1.8164250000000017,1.0,298.9531678932057,298.1513263241528,298.15000000468206
1.820050598802397,1.0,298.95389465915196,298.1513383448208,298.1500000048307
1.8236761976047922,1.0,298.95462045215396,298.1513504320357,298.15000000498344
1.8273017964071874,1.0,298.9553452756937,298.151362585876,298.15000000514044
1.8309273952095826,1.0,298.95606913323377,298.15137480641886,298.15000000530176
1.8345529940119778,1.0,298.9567920282176,298.15138709374105,298.15000000546746
1.838178592814373,1.0,298.9575139640696,298.15139944791787,298.1500000056377
1.8418041916167682,1.0,298.9582349441952,298.15141186902395,298.15000000581256
1.8454297904191634,1.0,298.958954971981,298.15142435713295,298.1500000059922
1.8490553892215587,1.0,298.95967405079494,298.15143691231737,298.15000000617664
1.8526809880239539,1.0,298.9603921839866,298.1514495346491,298.150000006366
1.856306586826349,1.0,298.96110937488726,298.1514622241989,298.15000000656045
1.8599321856287443,1.0,298.96182562680985,298.1514749810366,298.1500000067601
1.8635577844311395,1.0,298.96254094304936,298.1514878052311,298.150000006965
1.8671833832335347,1.0,298.9632553268828,298.1515006968505,298.1500000071754
1.87080898203593,1.0,298.9639687815696,298.1515136559619,298.1500000073913
1.8744345808383251,1.0,298.9646813103513,298.15152668263136,298.1500000076129
1.8780601796407204,1.0,298.96539291645206,298.1515397769243,298.1500000078402
1.8816857784431156,1.0,298.9661036030788,298.15155293890507,298.1500000080735
1.8853113772455108,1.0,298.96681337342113,298.1515661686372,298.1500000083128
1.888936976047906,1.0,298.9675222306515,298.15157946618325,298.1500000085583
1.8925625748503012,1.0,298.96823017792553,298.1515928316049,298.15000000881014
1.8961881736526964,1.0,298.96893721838194,298.15160626496294,298.1500000090683
1.8998137724550916,1.0,298.96964335514286,298.1516197663175,298.1500000093331
1.9034393712574869,1.0,298.9703485913136,298.1516333357274,298.15000000960464
1.907064970059882,1.0,298.97105292998344,298.151646973251,298.15000000988306
1.9106905688622773,1.0,298.9717563742249,298.15166067894563,298.15000001016847
1.9143161676646725,1.0,298.97245892709475,298.1516744528677,298.1500000104611
1.9179417664670677,1.0,298.97316059163325,298.1516882950729,298.150000010761
1.921567365269463,1.0,298.97386137086505,298.15170220561606,298.1500000110684
1.9251929640718581,1.0,298.97456126779895,298.15171618455093,298.15000001138344
1.9288185628742534,1.0,298.9752602854278,298.15173023193074,298.1500000117062
1.9324441616766486,1.0,298.9759584267291,298.1517443478077,298.15000001203697
1.9360697604790438,1.0,298.97665569466477,298.15175853223315,298.15000001237587
1.939695359281439,1.0,298.9773520921815,298.15177278525783,298.15000001272296
1.9433209580838342,1.0,298.9780476222106,298.15178710693147,298.15000001307857
1.9469465568862294,1.0,298.9787422876684,298.1518014973029,298.15000001344276
1.9505721556886246,1.0,298.9794360914561,298.15181595642036,298.1500000138158
1.9541977544910198,1.0,298.98012903645997,298.15183048433113,298.15000001419776
1.957823353293415,1.0,298.9808211255516,298.15184508108183,298.1500000145889
1.9614489520958103,1.0,298.98151236158793,298.1518597467181,298.15000001498936
1.9650745508982055,1.0,298.9822027474112,298.15187448128495,298.15000001539937
1.9687001497006007,1.0,298.98289228584935,298.1518892848264,298.1500000158191
1.972325748502996,1.0,298.9835809797158,298.1519041573859,298.1500000162487
1.9759513473053911,1.0,298.9842688318098,298.151919099006,298.15000001668847
1.9795769461077863,1.0,298.98495584491644,298.15193410972853,298.15000001713844
1.9832025449101816,1.0,298.9856420218069,298.15194918959446,298.150000017599
1.9868281437125768,1.0,298.98632736523814,298.15196433864406,298.1500000180702
1.990453742514972,1.0,298.98701187795353,298.1519795569169,298.1500000185524
1.9940793413173672,1.0,298.9876955626827,298.1519948444517,298.1500000190457
1.9977049401197624,1.0,298.98837842214135,298.1520102012864,298.15000001955036
2.0013305389221574,1.0,298.9890604590321,298.15202562745833,298.15000002006656
2.0049561377245526,1.0,298.98974167604365,298.15204112300387,298.1500000205946
2.008581736526948,1.0,298.9904220758518,298.15205668795886,298.15000002113453
2.012207335329343,1.0,298.99110166111876,298.1520723223584,298.1500000216867
2.0158329341317383,1.0,298.9917804344938,298.1520880262366,298.15000002225145
2.0194585329341335,1.0,298.992458398613,298.1521037996272,298.15000002282886
2.0230841317365287,1.0,298.9931355560996,298.1521196425629,298.1500000234192
2.026709730538924,1.0,298.9938119095638,298.15213555507603,298.1500000240227
2.030335329341319,1.0,298.9944874616032,298.1521515371979,298.1500000246396
2.0339609281437143,1.0,298.99516221480275,298.1521675889591,298.1500000252702
2.0375865269461095,1.0,298.99583617173437,298.1521837103899,298.1500000259147
2.0412121257485047,1.0,298.996509334958,298.1521999015195,298.1500000265734
2.0448377245509,1.0,298.9971817070209,298.1522161623765,298.1500000272465
2.048463323353295,1.0,298.997853290458,298.15223249298884,298.15000002793437
2.0520889221556904,1.0,298.9985240877921,298.1522488933838,298.1500000286372
2.0557145209580856,1.0,298.9991941015336,298.1522653635879,298.15000002935517
2.059340119760481,1.0,298.99986333418104,298.1522819036271,298.15000003008873
2.062965718562876,1.0,299.00053178822105,298.1522985135266,298.1500000308381
2.0665913173652712,1.0,299.001199466128,298.1523151933109,298.1500000316035
2.0702169161676665,1.0,299.0018663703648,298.15233194300396,298.15000003238526
2.0738425149700617,1.0,299.00253250338227,298.15234876262906,298.15000003318363
2.077468113772457,1.0,299.0031978676199,298.1523656522087,298.15000003399905
2.081093712574852,1.0,299.0038624655054,298.15238261176484,298.1500000348316
2.0847193113772473,1.0,299.004526299455,298.15239964131877,298.1500000356817
2.0883449101796425,1.0,299.0051893718736,298.1524167408912,298.1500000365497
2.0919705089820377,1.0,299.00585168515454,298.1524339105021,298.15000003743586
2.095596107784433,1.0,299.0065132416802,298.1524511501708,298.1500000383404
2.099221706586828,1.0,299.00717404382146,298.1524684599161,298.1500000392638
2.1028473053892234,1.0,299.00783409393836,298.15248583975625,298.1500000402063
2.1064729041916186,1.0,299.0084933943797,298.1525032897086,298.1500000411682
2.110098502994014,1.0,299.00915194748336,298.15252080979013,298.1500000421499
2.113724101796409,1.0,299.00980975557644,298.15253840001714,298.15000004315164
2.1173497005988042,1.0,299.01046682097507,298.15255606040523,298.15000004417396
2.1209752994011994,1.0,299.0111231459847,298.15257379096954,298.1500000452169
2.1246008982035947,1.0,299.0117787329002,298.1525915917247,298.1500000462811
2.12822649700599,1.0,299.0124335840057,298.1526094626844,298.1500000473667
2.131852095808385,1.0,299.01308770157476,298.1526274038621,298.1500000484742
2.1354776946107803,1.0,299.01374108787076,298.1526454152704,298.1500000496039
2.1391032934131755,1.0,299.0143937451463,298.1526634969215,298.15000005075615
2.1427288922155707,1.0,299.01504567564405,298.15268164882707,298.15000005193133
2.146354491017966,1.0,299.01569688159617,298.15269987099794,298.1500000531299
2.149980089820361,1.0,299.0163473652247,298.15271816344466,298.15000005435206
2.1536056886227564,1.0,299.01699712874165,298.1527365261771,298.1500000555984
2.1572312874251516,1.0,299.01764617434884,298.1527549592044,298.15000005686915
2.160856886227547,1.0,299.0182945042382,298.1527734625355,298.15000005816484
2.164482485029942,1.0,299.01894212059165,298.15279203617854,298.15000005948576
2.168108083832337,1.0,299.0195890255814,298.1528106801412,298.1500000608324
2.1717336826347324,1.0,299.02023522136983,298.15282939443057,298.15000006220504
2.1753592814371276,1.0,299.02088071010945,298.1528481790532,298.15000006360424
2.178984880239523,1.0,299.0215254939433,298.1528670340151,298.1500000650304
2.182610479041918,1.0,299.0221695750047,298.15288595932185,298.15000006648387
2.1862360778443133,1.0,299.02281295541746,298.15290495497845,298.1500000679651
2.1898616766467085,1.0,299.023455637296,298.1529240209893,298.1500000694745
2.1934872754491037,1.0,299.0240976227453,298.1529431573583,298.15000007101264
2.197112874251499,1.0,299.02473891386074,298.15296236408903,298.1500000725798
2.200738473053894,1.0,299.0253795127288,298.1529816411842,298.15000007417655
2.2043640718562894,1.0,299.02601942142644,298.1530009886464,298.15000007580323
2.2079896706586846,1.0,299.0266586420216,298.1530204064774,298.1500000774604
2.21161526946108,1.0,299.027297176573,298.15303989467867,298.1500000791485
2.215240868263475,1.0,299.02793502713035,298.15305945325116,298.15000008086804
2.21886646706587,1.0,299.0285721957344,298.1530790821952,298.15000008261944
2.2224920658682654,1.0,299.02920868441686,298.1530987815107,298.1500000844032
2.2261176646706606,1.0,299.0298444952007,298.1531185511972,298.1500000862198
2.229743263473056,1.0,299.0304796300998,298.15313839125366,298.15000008806976
2.233368862275451,1.0,299.0311140911196,298.1531583016785,298.1500000899535
2.2369944610778463,1.0,299.0317478802566,298.15317828246975,298.1500000918717
2.2406200598802415,1.0,299.0323809994987,298.15319833362497,298.15000009382464
2.2442456586826367,1.0,299.03301345082514,298.1532184551413,298.15000009581297
2.247871257485032,1.0,299.03364523620667,298.1532386470153,298.1500000978372
2.251496856287427,1.0,299.03427635760534,298.1532589092431,298.15000009989785
2.2551224550898223,1.0,299.0349068169752,298.15327924182054,298.15000010199554
2.2587480538922176,1.0,299.0355366162615,298.1532996447428,298.15000010413064
2.2623736526946128,1.0,299.0361657574012,298.1533201180047,298.15000010630376
2.265999251497008,1.0,299.036794242323,298.1533406616005,298.15000010851554
2.269624850299403,1.0,299.0374220729475,298.1533612755244,298.1500001107664
2.2732504491017984,1.0,299.03804925118686,298.1533819597696,298.150000113057
2.2768760479041936,1.0,299.03867577894533,298.15340271432933,298.15000011538785
2.280501646706589,1.0,299.0393016581189,298.1534235391962,298.1500001177596
2.284127245508984,1.0,299.03992689059555,298.1534444343624,298.15000012017276
2.2877528443113793,1.0,299.04055147825534,298.1534653998197,298.150000122628
2.2913784431137745,1.0,299.0411754229703,298.15348643555956,298.1500001251258
2.2950040419161697,1.0,299.0417987266046,298.1535075415728,298.15000012766683
2.298629640718565,1.0,299.04242139101456,298.15352871785007,298.1500001302517
2.30225523952096,1.0,299.04304341804874,298.15354996438145,298.150000132881
2.3058808383233553,1.0,299.04366480954775,298.15357128115676,298.1500001355554
2.3095064371257505,1.0,299.04428556734473,298.15359266816523,298.15000013827546
2.3131320359281458,1.0,299.04490569326515,298.15361412539585,298.1500001410418
2.316757634730541,1.0,299.04552518912664,298.1536356528372,298.15000014385515
2.320383233532936,1.0,299.0461440567394,298.1536572504773,298.150000146716
2.3240088323353314,1.0,299.04676229790607,298.1536789183041,298.1500001496252
2.3276344311377266,1.0,299.047379914422,298.15370065630475,298.15000015258323
2.331260029940122,1.0,299.0479969080747,298.1537224644664,298.1500001555909
2.334885628742517,1.0,299.04861328064476,298.1537443427756,298.15000015864877
2.3385112275449123,1.0,299.0492290339051,298.15376629121874,298.1500001617576
2.3421368263473075,1.0,299.0498441696212,298.15378830978153,298.15000016491797
2.3457624251497027,1.0,299.0504586895518,298.1538103984496,298.1500001681307
2.349388023952098,1.0,299.051072595448,298.153832557208,298.15000017139636
2.353013622754493,1.0,299.0516858890538,298.15385478604156,298.1500001747158
2.3566392215568883,1.0,299.05229857210605,298.1538770849347,298.15000017808956
2.3602648203592835,1.0,299.0529106463346,298.15389945387153,298.15000018151846
2.3638904191616787,1.0,299.0535221134623,298.15392189283574,298.1500001850032
2.367516017964074,1.0,299.05413297520477,298.15394440181063,298.15000018854454
2.371141616766469,1.0,299.05474323327087,298.1539669807794,298.15000019214324
2.3747672155688644,1.0,299.0553528893623,298.15398962972455,298.1500001958
2.3783928143712596,1.0,299.0559619451741,298.15401234862856,298.1500001995156
2.382018413173655,1.0,299.05657040239424,298.1540351374734,298.15000020329074
2.38564401197605,1.0,299.0571782627042,298.15405799624074,298.1500002071263
2.3892696107784452,1.0,299.05778552777826,298.15408092491185,298.1500002110229
2.3928952095808405,1.0,299.05839219928436,298.15410392346786,298.15000021498156
2.3965208083832357,1.0,299.05899827888345,298.1541269918895,298.15000021900283
2.400146407185631,1.0,299.05960376823,298.15415013015706,298.1500002230876
2.403772005988026,1.0,299.06020866897177,298.1541733382506,298.1500002272367
2.4073976047904213,1.0,299.06081298274995,298.15419661614993,298.1500002314509
2.4110232035928165,1.0,299.06141671119923,298.1542199638344,298.15000023573106
2.4146488023952117,1.0,299.0620198559478,298.1542433812832,298.15000024007793
2.418274401197607,1.0,299.06262241861737,298.1542668684751,298.15000024449245
2.421900000000002,1.0,299.0632244008231,298.15429042538864,298.1500002489754
2.4255255988023974,1.0,299.06382580417386,298.15431405200206,298.1500002535276
2.4291511976047926,1.0,299.0644266302721,298.15433774829324,298.15000025815
2.432776796407188,1.0,299.06502688071396,298.1543615142398,298.1500002628434
2.436402395209583,1.0,299.0656265570894,298.15438534981905,298.15000026760873
2.4400279940119782,1.0,299.06622566098196,298.15440925500815,298.1500002724468
2.4436535928143734,1.0,299.06682419396907,298.1544332297837,298.1500002773585
2.4472791916167687,1.0,299.0674221576219,298.15445727412225,298.15000028234476
2.450904790419164,1.0,299.06801955350545,298.1544813880001,298.1500002874065
2.454530389221559,1.0,299.06861638317866,298.154505571393,298.1500002925445
2.4581559880239543,1.0,299.06921264819437,298.1545298242765,298.15000029775985
2.4617815868263495,1.0,299.0698083500993,298.1545541466262,298.15000030305345
2.4654071856287447,1.0,299.07040349043433,298.15457853841707,298.1500003084262
2.46903278443114,1.0,299.0709980707341,298.15460299962405,298.15000031387905
2.472658383233535,1.0,299.0715920925275,298.1546275302215,298.1500003194129
2.4762839820359304,1.0,299.0721855573373,298.1546521301839,298.1500003250288
2.4799095808383256,1.0,299.0727784666807,298.15467679948523,298.1500003307276
2.483535179640721,1.0,299.07337082206874,298.1547015380993,298.15000033651046
2.487160778443116,1.0,299.0739626250067,298.1547263459996,298.1500003423782
2.490786377245511,1.0,299.0745538769941,298.15475122315945,298.15000034833184
2.4944119760479064,1.0,299.0751445795248,298.15477616955184,298.1500003543724
2.4980375748503016,1.0,299.0757347340868,298.1548011851496,298.15000036050094
2.501663173652697,1.0,299.07632434216237,298.15482626992525,298.1500003667185
2.505288772455092,1.0,299.0769134052282,298.15485142385114,298.1500003730259
2.5089143712574873,1.0,299.07750192475527,298.1548766468993,298.1500003794244
2.5125399700598825,1.0,299.07808990220906,298.15490193904145,298.1500003859149
2.5161655688622777,1.0,299.07867733904925,298.1549273002493,298.1500003924986
2.519791167664673,1.0,299.0792642367303,298.15495273049424,298.15000039917635
2.523416766467068,1.0,299.07985059670074,298.1549782297473,298.1500004059494
2.5270423652694634,1.0,299.08043642040406,298.1550037979795,298.1500004128188
2.5306679640718586,1.0,299.0810217092779,298.1550294351613,298.15000041978556
2.534293562874254,1.0,299.08160646475454,298.1550551412634,298.1500004268508
2.537919161676649,1.0,299.0821906882611,298.15508091625594,298.1500004340156
2.541544760479044,1.0,299.0827743812191,298.15510676010894,298.1500004412812
2.5451703592814394,1.0,299.0833575450447,298.15513267279215,298.1500004486485
2.5487959580838346,1.0,299.0839401811488,298.15515865427534,298.15000045611885
2.55242155688623,1.0,299.0845222909372,298.1551847045277,298.1500004636933
2.556047155688625,1.0,299.08510387581,298.15521082351853,298.15000047137295
2.5596727544910203,1.0,299.08568493716234,298.1552370112167,298.150000479159
2.5632983532934155,1.0,299.08626547638426,298.15526326759107,298.1500004870527
2.5669239520958107,1.0,299.08684549486037,298.15528959261013,298.150000495055
2.570549550898206,1.0,299.08742499397016,298.15531598624233,298.1500005031673
2.574175149700601,1.0,299.08800397508804,298.15534244845577,298.15000051139066
2.5778007485029963,1.0,299.08858243958343,298.1553689792184,298.15000051972635
2.5814263473053916,1.0,299.0891603888204,298.15539557849803,298.15000052817555
2.5850519461077868,1.0,299.0897378241583,298.1554222462623,298.1500005367395
2.588677544910182,1.0,299.09031474695115,298.15544898247856,298.15000054541946
2.592303143712577,1.0,299.0908911585482,298.1554757871141,298.15000055421655
2.5959287425149724,1.0,299.0914670602935,298.1555026601359,298.1500005631321
2.5995543413173676,1.0,299.0920424535263,298.1555296015108,298.1500005721674
2.603179940119763,1.0,299.09261733958095,298.15555661120544,298.15000058132364
2.606805538922158,1.0,299.09319171978683,298.15558368918647,298.15000059060213
2.6104311377245533,1.0,299.09376559546837,298.15561083542,298.1500006000042
2.6140567365269485,1.0,299.0943389679453,298.1556380498723,298.15000060953105
2.6176823353293437,1.0,299.0949118385325,298.1556653325094,298.150000619184
2.621307934131739,1.0,299.09548420853986,298.15569268329693,298.1500006289644
2.624933532934134,1.0,299.0960560792728,298.15572010220063,298.15000063887356
2.6285591317365293,1.0,299.0966274520317,298.155747589186,298.1500006489128
2.6321847305389245,1.0,299.09719832811237,298.1557751442183,298.15000065908345
2.6358103293413198,1.0,299.0977687088059,298.15580276726274,298.15000066938694
2.639435928143715,1.0,299.09833859539856,298.1558304582842,298.15000067982453
2.64306152694611,1.0,299.0989079891721,298.1558582172476,298.15000069039763
2.6466871257485054,1.0,299.0994768914037,298.1558860441176,298.15000070110756
2.6503127245509006,1.0,299.1000453033658,298.1559139388587,298.15000071195584
2.653938323353296,1.0,299.10061322632606,298.1559419014353,298.15000072294373
2.657563922155691,1.0,299.10118066154797,298.1559699318115,298.1500007340727
2.6611895209580863,1.0,299.1017476102903,298.1559980299515,298.15000074534424
2.6648151197604815,1.0,299.1023140738072,298.1560261958192,298.1500007567596
2.6684407185628767,1.0,299.1028800533484,298.15605442937834,298.15000076832035
2.672066317365272,1.0,299.10344555015905,298.1560827305926,298.150000780028
2.675691916167667,1.0,299.10401056548005,298.15611109942546,298.1500007918838
2.6793175149700623,1.0,299.1045751005477,298.1561395358402,298.1500008038894
2.6829431137724575,1.0,299.10513915659396,298.15616803980026,298.15000081604614
2.6865687125748527,1.0,299.1057027348463,298.1561966112685,298.15000082835564
2.690194311377248,1.0,299.10626583652794,298.1562252502079,298.1500008408193
2.693819910179643,1.0,299.10682846285766,298.1562539565814,298.15000085343866
2.6974455089820384,1.0,299.1073906150499,298.1562827303516,298.15000086621524
2.7010711077844336,1.0,299.1079522943149,298.15631157148107,298.1500008791506
2.704696706586829,1.0,299.10851350185845,298.1563404799322,298.1500008922462
2.708322305389224,1.0,299.1090742388823,298.1563694556674,298.1500009055036
2.7119479041916192,1.0,299.1096345065836,298.15639849864874,298.1500009189244
2.7155735029940145,1.0,299.1101943061556,298.1564276088384,298.1500009325102
2.7191991017964097,1.0,299.1107536387871,298.15645678619813,298.1500009462624
2.722824700598805,1.0,299.1113125056631,298.15648603068996,298.1500009601828
2.7264502994012,1.0,299.11187090796386,298.15651534227555,298.1500009742729
2.7300758982035953,1.0,299.112428846866,298.15654472091643,298.1500009885343
2.7337014970059905,1.0,299.1129863235417,298.1565741665741,298.1500010029687
2.7373270958083857,1.0,299.1135433391592,298.15660367921,298.1500010175776
2.740952694610781,1.0,299.1140998948825,298.1566332587852,298.15000103236275
2.744578293413176,1.0,299.1146559918717,298.156662905261,298.15000104732576
2.7482038922155714,1.0,299.11521163128265,298.15669261859836,298.1500010624683
2.7518294910179666,1.0,299.1157668142674,298.1567223987582,298.150001077792
2.755455089820362,1.0,299.1163215419737,298.15675224570145,298.1500010932985
2.759080688622757,1.0,299.11687581554565,298.15678215938885,298.1500011089896
2.7627062874251522,1.0,299.1174296361231,298.15681213978087,298.150001124867
2.7663318862275474,1.0,299.1179830048421,298.15684218683805,298.1500011409324
2.7699574850299427,1.0,299.11853592283455,298.15687230052094,298.15000115718743
2.773583083832338,1.0,299.11908839122873,298.15690248078977,298.1500011736339
2.777208682634733,1.0,299.1196404111488,298.1569327276048,298.15000119027354
2.7808342814371283,1.0,299.12019198371496,298.15696304092614,298.1500012071082
2.7844598802395235,1.0,299.12074311004386,298.15699342071395,298.1500012241395
2.7880854790419187,1.0,299.12129379124804,298.157023866928,298.15000124136924
2.791711077844314,1.0,299.1218440284363,298.15705437952835,298.15000125879925
2.795336676646709,1.0,299.1223938227135,298.1570849584746,298.15000127643134
2.7989622754491044,1.0,299.1229431751809,298.1571156037266,298.1500012942673
2.8025878742514996,1.0,299.1234920869359,298.1571463152438,298.150001312309
2.806213473053895,1.0,299.12404055907217,298.15717709298576,298.1500013305581
2.80983907185629,1.0,299.12458859267946,298.157207936912,298.15000134901663
2.813464670658685,1.0,299.125136188844,298.1572388469818,298.1500013676863
2.8170902694610804,1.0,299.12568334864824,298.1572698231545,298.15000138656916
2.8207158682634756,1.0,299.12623007317086,298.1573008653891,298.15000140566684
2.824341467065871,1.0,299.12677636348695,298.157331973645,298.15000142498144
2.827967065868266,1.0,299.1273222206679,298.1573631478811,298.15000144451477
2.8315926646706613,1.0,299.1278676457816,298.15739438805633,298.1500014642687
2.8352182634730565,1.0,299.128412639892,298.15742569412964,298.1500014842452
2.8388438622754517,1.0,299.1289572040597,298.15745706605986,298.15000150444615
2.842469461077847,1.0,299.1295013393417,298.1574885038057,298.1500015248735
2.846095059880242,1.0,299.13004504679117,298.1575200073259,298.1500015455292
2.8497206586826374,1.0,299.130588327458,298.157551576579,298.1500015664153
2.8533462574850326,1.0,299.13113118238834,298.15758321152356,298.15000158753367
2.856971856287428,1.0,299.131673612625,298.15761491211805,298.1500016088863
2.860597455089823,1.0,299.13221561920705,298.15764667832093,298.15000163047523
2.864223053892218,1.0,299.13275720317023,298.1576785100904,298.1500016523024
2.8678486526946134,1.0,299.1332983655467,298.15771040738497,298.15000167437
2.8714742514970086,1.0,299.1338391073652,298.1577423701628,298.15000169667985
2.875099850299404,1.0,299.13437942965095,298.15777439838195,298.15000171923407
2.878725449101799,1.0,299.13491933342584,298.15780649200053,298.1500017420347
2.8823510479041943,1.0,299.1354588197082,298.1578386509767,298.15000176508386
2.8859766467065895,1.0,299.1359978895131,298.1578708752683,298.1500017883836
2.8896022455089847,1.0,299.13653654385206,298.15790316483344,298.15000181193585
2.89322784431138,1.0,299.13707478373334,298.15793551962986,298.15000183574296
2.896853443113775,1.0,299.1376126101618,298.15796793961545,298.1500018598069
2.9004790419161703,1.0,299.13815002413895,298.15800042474797,298.1500018841297
2.9041046407185656,1.0,299.13868702666286,298.15803297498513,298.1500019087137
2.9077302395209608,1.0,299.13922361872847,298.1580655902846,298.15000193356093
2.911355838323356,1.0,299.1397598013272,298.15809827060406,298.15000195867356
2.914981437125751,1.0,299.14029557544745,298.15813101590095,298.1500019840537
2.9186070359281464,1.0,299.14083094207405,298.1581638261329,298.15000200970354
2.9222326347305416,1.0,299.14136590218874,298.1581967012574,298.15000203562533
2.925858233532937,1.0,299.14190045677,298.1582296412318,298.1500020618212
2.929483832335332,1.0,299.14243460679296,298.15826264601355,298.1500020882935
2.9331094311377273,1.0,299.14296835322966,298.15829571556003,298.15000211504423
2.9367350299401225,1.0,299.1435016970489,298.1583288498285,298.1500021420758
2.9403606287425177,1.0,299.1440346392162,298.15836204877616,298.15000216939035
2.943986227544913,1.0,299.144567180694,298.15839531236037,298.1500021969902
2.947611826347308,1.0,299.1450993224416,298.1584286405382,298.1500022248776
2.9512374251497033,1.0,299.145631065415,298.1584620332669,298.1500022530548
2.9548630239520985,1.0,299.1461624105671,298.1584954905035,298.1500022815241
2.9584886227544938,1.0,299.14669335884776,298.1585290122051,298.15000231028785
2.962114221556889,1.0,299.14722391120375,298.1585625983288,298.1500023393483
2.965739820359284,1.0,299.1477540685785,298.1585962488315,298.1500023687078
2.9693654191616794,1.0,299.14828383191264,298.15862996367025,298.1500023983687
2.9729910179640746,1.0,299.1488132021435,298.158663742802,298.1500024283334
2.97661661676647,1.0,299.14934218020557,298.1586975861835,298.15000245860415
2.980242215568865,1.0,299.1498707670301,298.1587314937718,298.1500024891834
2.9838678143712603,1.0,299.1503989635454,298.1587654655237,298.1500025200735
2.9874934131736555,1.0,299.1509267706767,298.15879950139595,298.1500025512768
2.9911190119760507,1.0,299.1514541893462,298.1588336013455,298.1500025827958
2.994744610778446,1.0,299.1519812204733,298.158867765329,298.15000261463297
2.998370209580841,1.0,299.15250786497415,298.1589019933031,298.15000264679054
3.0019958083832363,1.0,299.15303412376204,298.1589362852247,298.1500026792711
3.0056214071856315,1.0,299.1535599977474,298.1589706410503,298.1500027120771
3.0092470059880267,1.0,299.15408548783745,298.1590050607367,298.1500027452109
3.012872604790422,1.0,299.15461059493674,298.15903954424056,298.1500027786752
3.016498203592817,1.0,299.15513531994674,298.1590740915184,298.15000281247217
3.0201238023952124,1.0,299.15565966376613,298.15910870252685,298.15000284660454
3.0237494011976076,1.0,299.15618362729055,298.15914337722245,298.1500028810748
3.027375000000003,1.0,299.15670721141277,298.1591781155619,298.1500029158854
3.031000598802398,1.0,299.1572304170228,298.15921291750146,298.150002951039
3.0346261976047932,1.0,299.15775324500765,298.15924778299797,298.150002986538
3.0382517964071885,1.0,299.1582756962517,298.1592827120077,298.1500030223851
3.0418773952095837,1.0,299.15879777163616,298.1593177044873,298.1500030585828
3.045502994011979,1.0,299.1593194720396,298.15935276039306,298.1500030951337
3.049128592814374,1.0,299.1598407983378,298.1593878796816,298.15000313204035
3.0527541916167693,1.0,299.16036175140374,298.1594230623094,298.15000316930536
3.0563797904191645,1.0,299.16088233210746,298.1594583082326,298.15000320693144
3.0600053892215597,1.0,299.1614025413163,298.1594936174079,298.1500032449212
3.063630988023955,1.0,299.16192237989486,298.15952898979157,298.1500032832772
3.06725658682635,1.0,299.162441848705,298.15956442534,298.1500033220022
3.0708821856287454,1.0,299.16296094860564,298.1595999240096,298.1500033610988
3.0745077844311406,1.0,299.1634796804533,298.1596354857568,298.1500034005697
3.078133383233536,1.0,299.16399804510144,298.15967111053783,298.1500034404176
3.081758982035931,1.0,299.16451604340097,298.1597067983091,298.15000348064524
3.0853845808383262,1.0,299.16503367620004,298.159742549027,298.15000352125526
3.0890101796407214,1.0,299.1655509443441,298.15977836264784,298.15000356225045
3.0926357784431167,1.0,299.16606784867605,298.15981423912785,298.15000360363354
3.096261377245512,1.0,299.16658439003584,298.1598501784235,298.1500036454072
3.099886976047907,1.0,299.1671005692611,298.15988618049107,298.1500036875743
3.1035125748503023,1.0,299.1676163871865,298.15992224528685,298.15000373013766
3.1071381736526975,1.0,299.16813184464434,298.1599583727671,298.15000377309997
3.1107637724550927,1.0,299.168646942464,298.15999456288824,298.150003816464
3.114389371257488,1.0,299.1691616814725,298.1600308156065,298.1500038602327
3.118014970059883,1.0,299.16967606249403,298.16006713087825,298.1500039044087
3.1216405688622784,1.0,299.1701900863504,298.1601035086597,298.15000394899505
3.1252661676646736,1.0,299.17070375386055,298.1601399489071,298.1500039939945
3.128891766467069,1.0,299.1712170658412,298.16017645157694,298.1500040394099
3.132517365269464,1.0,299.1717300231062,298.16021301662533,298.1500040852442
3.136142964071859,1.0,299.172242626467,298.1602496440088,298.15000413150017
3.1397685628742544,1.0,299.17275487673237,298.16028633368336,298.1500041781808
3.1433941616766496,1.0,299.17326677470874,298.16032308560557,298.1500042252889
3.147019760479045,1.0,299.1737783211998,298.1603598997316,298.1500042728276
3.15064535928144,1.0,299.1742895170068,298.16039677601776,298.1500043207996
3.1542709580838353,1.0,299.1748003629286,298.1604337144204,298.1500043692079
3.1578965568862305,1.0,299.17531085976134,298.16047071489584,298.15000441805563
3.1615221556886257,1.0,299.17582100829884,298.1605077774004,298.1500044673456
3.165147754491021,1.0,299.1763308093324,298.1605449018904,298.1500045170808
3.168773353293416,1.0,299.1768402636507,298.16058208832214,298.15000456726426
3.1723989520958114,1.0,299.1773493720403,298.160619336652,298.15000461789907
3.1760245508982066,1.0,299.177858135285,298.1606566468364,298.15000466898806
3.179650149700602,1.0,299.17836655416625,298.1606940188316,298.1500047205344
3.183275748502997,1.0,299.1788746294631,298.16073145259395,298.15000477254114
3.186901347305392,1.0,299.17938236195215,298.1607689480798,298.1500048250113
3.1905269461077874,1.0,299.17988975240763,298.1608065052457,298.15000487794794
3.1941525449101826,1.0,299.18039680160126,298.16084412404786,298.1500049313542
3.197778143712578,1.0,299.1809035103024,298.16088180444274,298.15000498523307
3.201403742514973,1.0,299.1814098792782,298.16091954638676,298.15000503958777
3.2050293413173683,1.0,299.1819159092932,298.1609573498364,298.1500050944214
3.2086549401197635,1.0,299.18242160110964,298.1609952147479,298.150005149737
3.2122805389221587,1.0,299.1829269554875,298.161033141078,298.15000520553787
3.215906137724554,1.0,299.1834319731843,298.1610711287829,298.15000526182695
3.219531736526949,1.0,299.1839366549553,298.1611091778192,298.1500053186076
3.2231573353293443,1.0,299.1844410015533,298.1611472881433,298.1500053758829
3.2267829341317396,1.0,299.18494501372885,298.1611854597118,298.15000543365613
3.2304085329341348,1.0,299.18544869223035,298.16122369248114,298.1500054919304
3.23403413173653,1.0,299.1859520378036,298.1612619864079,298.150005550709
3.237659730538925,1.0,299.18645505119235,298.1613003414486,298.1500056099951
3.2412853293413204,1.0,299.18695773313783,298.16133875755975,298.15000566979194
3.2449109281437156,1.0,299.18746008437927,298.16137723469797,298.1500057301028
3.248536526946111,1.0,299.18796210565347,298.1614157728198,298.15000579093095
3.252162125748506,1.0,299.18846379769485,298.1614543718819,298.1500058522797
3.2557877245509013,1.0,299.18896516123584,298.1614930318409,298.1500059141523
3.2594133233532965,1.0,299.1894661970064,298.1615317526534,298.15000597655205
3.2630389221556917,1.0,299.1899669057345,298.1615705342761,298.1500060394823
3.266664520958087,1.0,299.19046728814556,298.1616093766657,298.15000610294635
3.270290119760482,1.0,299.1909673449631,298.16164827977883,298.15000616694755
3.2739157185628773,1.0,299.1914670769082,298.16168724357226,298.1500062314893
3.2775413173652725,1.0,299.19196648469983,298.16172626800267,298.1500062965748
3.2811669161676678,1.0,299.19246556905483,298.16176535302685,298.15000636220765
3.284792514970063,1.0,299.19296433068763,298.16180449860155,298.15000642839107
3.288418113772458,1.0,299.19346277031076,298.1618437046836,298.1500064951286
3.2920437125748534,1.0,299.19396088863436,298.1618829712298,298.1500065624235
3.2956693113772486,1.0,299.19445868636666,298.1619222981969,298.15000663027934
3.299294910179644,1.0,299.19495616421347,298.161961685542,298.15000669869954
3.302920508982039,1.0,299.19545332287856,298.16200113322174,298.1500067676874
3.3065461077844343,1.0,299.1959501630636,298.16204064119313,298.15000683724656
3.3101717065868295,1.0,299.19644668546806,298.1620802094131,298.15000690738043
3.3137973053892247,1.0,299.1969428907894,298.16211983783865,298.15000697809245
3.31742290419162,1.0,299.1974387797228,298.16215952642665,298.15000704938626
3.321048502994015,1.0,299.1979343529615,298.16219927513407,298.1500071212652
3.3246741017964103,1.0,299.19842961119656,298.1622390839181,298.15000719373296
3.3282997005988055,1.0,299.1989245551169,298.1622789527357,298.15000726679295
3.3319252994012007,1.0,299.1994191854095,298.16231888154385,298.1500073404488
3.335550898203596,1.0,299.1999135027591,298.1623588702998,298.150007414704
3.339176497005991,1.0,299.2004075078485,298.16239891896055,298.1500074895622
3.3428020958083864,1.0,299.2009012013584,298.16243902748323,298.15000756502695
3.3464276946107816,1.0,299.2013945839675,298.1624791958252,298.15000764110187
3.350053293413177,1.0,299.2018876563523,298.16251942394354,298.15000771779046
3.353678892215572,1.0,299.2023804191874,298.16255971179544,298.15000779509654
3.3573044910179672,1.0,299.2028728731453,298.1626000593382,298.15000787302364
3.3609300898203625,1.0,299.20336501889653,298.1626404665291,298.1500079515754
3.3645556886227577,1.0,299.20385685710966,298.1626809333254,298.1500080307555
3.368181287425153,1.0,299.204348388451,298.1627214596846,298.15000811056757
3.371806886227548,1.0,299.2048396135852,298.16276204556385,298.1500081910154
3.3754324850299433,1.0,299.2053305331747,298.1628026909206,298.1500082721026
3.3790580838323385,1.0,299.20582114788,298.16284339571234,298.1500083538329
3.3826836826347337,1.0,299.20631145835966,298.1628841598965,298.15000843621004
3.386309281437129,1.0,299.2068014652702,298.16292498343057,298.15000851923776
3.389934880239524,1.0,299.20729116926617,298.162965866272,298.1500086029198
3.3935604790419194,1.0,299.20778057100034,298.1630068083783,298.1500086872599
3.3971860778443146,1.0,299.2082696711233,298.1630478097072,298.15000877226186
3.40081167664671,1.0,299.2087584702838,298.16308887021614,298.1500088579295
3.404437275449105,1.0,299.2092469691287,298.1631299898628,298.15000894426646
3.4080628742515002,1.0,299.2097351683028,298.16317116860483,298.15000903127674
3.4116884730538954,1.0,299.2102230684492,298.16321240639996,298.150009118964
3.4153140718562907,1.0,299.21071067020875,298.1632537032059,298.15000920733223
3.418939670658686,1.0,299.2111979742208,298.16329505898034,298.1500092963852
3.422565269461081,1.0,299.2116849811224,298.1633364736811,298.15000938612667
3.4261908682634763,1.0,299.212171691549,298.16337794726604,298.1500094765607
3.4298164670658715,1.0,299.212658106134,298.1634194796929,298.150009567691
3.4334420658682667,1.0,299.213144225509,298.16346107091965,298.15000965952163
3.437067664670662,1.0,299.2136300503036,298.1635027209041,298.15000975205635
3.440693263473057,1.0,299.21411558114585,298.1635444296043,298.15000984529917
3.4443188622754524,1.0,299.21460081866144,298.16358619697826,298.150009939254
3.4479444610778476,1.0,299.2150857634747,298.16362802298386,298.15001003392473
3.451570059880243,1.0,299.2155704162077,298.1636699075792,298.15001012931543
3.455195658682638,1.0,299.2160547774811,298.1637118507224,298.15001022543
3.458821257485033,1.0,299.21653884791334,298.1637538523715,298.1500103222724
3.4624468562874284,1.0,299.2170226281213,298.1637959124846,298.15001041984664
3.4660724550898236,1.0,299.21750611871977,298.16383803102,298.1500105181567
3.469698053892219,1.0,299.2179893203219,298.16388020793585,298.1500106172067
3.473323652694614,1.0,299.21847223353916,298.1639224431904,298.15001071700055
3.4769492514970093,1.0,299.21895485898085,298.1639647367419,298.1500108175424
3.4805748502994045,1.0,299.21943719725493,298.1640070885488,298.1500109188362
3.4842004491017997,1.0,299.2199192489671,298.16404949856917,298.15001102088604
3.487826047904195,1.0,299.2204010147217,298.16409196676165,298.15001112369606
3.49145164670659,1.0,299.2208824951209,298.1641344930846,298.1500112272703
3.4950772455089854,1.0,299.2213636907655,298.16417707749645,298.1500113316128
3.4987028443113806,1.0,299.2218446022542,298.1642197199556,298.1500114367279
3.502328443113776,1.0,299.22232523018414,298.16426242042076,298.15001154261944
3.505954041916171,1.0,299.22280557515063,298.1643051788503,298.15001164929174
3.509579640718566,1.0,299.2232856377472,298.164347995203,298.15001175674894
3.5132052395209614,1.0,299.22376541856573,298.1643908694373,298.1500118649952
3.5168308383233566,1.0,299.22424491819635,298.164433801512,298.15001197403456
3.520456437125752,1.0,299.2247241372275,298.1644767913859,298.1500120838714
3.524082035928147,1.0,299.2252030762457,298.16451983901743,298.15001219450977
3.5277076347305423,1.0,299.2256817358359,298.1645629443657,298.15001230595396
3.5313332335329375,1.0,299.22616011658147,298.1646061073893,298.1500124182082
3.5349588323353327,1.0,299.2266382190638,298.1646493280472,298.1500125312767
3.538584431137728,1.0,299.22711604386274,298.1646926062982,298.1500126451637
3.542210029940123,1.0,299.22759359155646,298.1647359421014,298.15001275987345
3.5458356287425183,1.0,299.2280708627215,298.1647793354155,298.1500128754102
3.5494612275449136,1.0,299.2285478579324,298.16482278619975,298.15001299177834
3.5530868263473088,1.0,299.22902457776246,298.16486629441306,298.15001310898214
3.556712425149704,1.0,299.22950102278304,298.1649098600145,298.15001322702585
3.560338023952099,1.0,299.2299771935639,298.1649534829632,298.15001334591386
3.5639636227544944,1.0,299.2304530906732,298.1649971632184,298.15001346565043
3.5675892215568896,1.0,299.23092871467736,298.16504090073914,298.1500135862399
3.571214820359285,1.0,299.2314040661411,298.16508469548484,298.15001370768664
3.57484041916168,1.0,299.2318791456278,298.1651285474146,298.1500138299951
3.5784660179640753,1.0,299.2323539536988,298.1651724564877,298.15001395316955
3.5820916167664705,1.0,299.23282849091413,298.1652164226637,298.15001407721445
3.5857172155688657,1.0,299.233302757832,298.16526044590177,298.1500142021341
3.589342814371261,1.0,299.23377675500916,298.1653045261614,298.15001432793315
3.592968413173656,1.0,299.2342504830006,298.165348663402,298.15001445461576
3.5965940119760513,1.0,299.2347239423598,298.1653928575832,298.1500145821866
3.6002196107784465,1.0,299.2351971336386,298.1654371086645,298.15001471064994
3.6038452095808418,1.0,299.23567005738727,298.16548141660536,298.15001484001033
3.607470808383237,1.0,299.23614271415454,298.16552578136555,298.1500149702722
3.611096407185632,1.0,299.2366151044873,298.1655702029046,298.1500151014402
3.6147220059880274,1.0,299.2370872289313,298.16561468118226,298.1500152335185
3.6183476047904226,1.0,299.23755908803025,298.16565921615825,298.150015366512
3.621973203592818,1.0,299.2380306823266,298.16570380779234,298.1500155004249
3.625598802395213,1.0,299.2385020123612,298.16574845604435,298.1500156352619
3.6292244011976083,1.0,299.23897307867327,298.16579316087416,298.15001577102754
3.6328500000000035,1.0,299.2394438818004,298.1658379222416,298.15001590772636
3.6364755988023987,1.0,299.2399144222789,298.1658827401067,298.150016045363
3.640101197604794,1.0,299.2403847006432,298.1659276144293,298.1500161839419
3.643726796407189,1.0,299.24085471742643,298.16597254516955,298.1500163234677
3.6473523952095843,1.0,299.2413244731601,298.1660175322874,298.15001646394506
3.6509779940119795,1.0,299.24179396837434,298.1660625757429,298.15001660537854
3.6546035928143747,1.0,299.2422632035974,298.16610767549633,298.15001674777284
3.65822919161677,1.0,299.2427321793565,298.1661528315079,298.15001689113257
3.661854790419165,1.0,299.2432008961769,298.16619804373755,298.1500170354624
3.6654803892215604,1.0,299.2436693545826,298.16624331214575,298.150017180767
3.6691059880239556,1.0,299.2441375550962,298.16628863669274,298.15001732705093
3.672731586826351,1.0,299.24460549823846,298.16633401733884,298.15001747431904
3.676357185628746,1.0,299.2450731845289,298.16637945404443,298.1500176225759
3.6799827844311412,1.0,299.2455406144856,298.16642494676995,298.1500177718263
3.6836083832335365,1.0,299.246007788625,298.16647049547583,298.150017922075
3.6872339820359317,1.0,299.2464747074621,298.1665161001225,298.15001807332663
3.690859580838327,1.0,299.2469413715104,298.1665617606706,298.150018225586
3.694485179640722,1.0,299.24740778128205,298.1666074770807,298.1500183788579
3.6981107784431173,1.0,299.2478739372877,298.16665324931336,298.150018533147
3.7017363772455125,1.0,299.2483398400365,298.16669907732927,298.15001868845815
3.7053619760479077,1.0,299.2488054900362,298.16674496108914,298.15001884479614
3.708987574850303,1.0,299.2492708877931,298.1667909005537,298.1500190021657
3.712613173652698,1.0,299.2497360338119,298.1668368956837,298.15001916057184
3.7162387724550934,1.0,299.2502009285962,298.16688294644,298.1500193200192
3.7198643712574886,1.0,299.2506655726478,298.1669290527834,298.15001948051264
3.723489970059884,1.0,299.25112996646726,298.16697521467495,298.1500196420571
3.727115568862279,1.0,299.25159411055375,298.16702143207544,298.1500198046574
3.7307411676646742,1.0,299.252058005405,298.1670677049459,298.1500199683184
3.7343667664670694,1.0,299.25252165151716,298.1671140332474,298.150020133045
3.7379923652694647,1.0,299.25298504938525,298.167160416941,298.15002029884215
3.74161796407186,1.0,299.25344819950266,298.1672068559878,298.15002046571465
3.745243562874255,1.0,299.25391110236154,298.16725335034886,298.1500206336675
3.7488691616766503,1.0,299.2543737584526,298.1672998999855,298.1500208027056
3.7524947604790455,1.0,299.254836168265,298.1673465048589,298.15002097283394
3.7561203592814407,1.0,299.25529833228677,298.1673931649304,298.1500211440574
3.759745958083836,1.0,299.2557602510044,298.16743988016117,298.15002131638096
3.763371556886231,1.0,299.2562219249031,298.1674866505126,298.15002148980966
3.7669971556886264,1.0,299.2566833544666,298.16753347594624,298.15002166434846
3.7706227544910216,1.0,299.25714454017725,298.1675803564234,298.1500218400023
3.774248353293417,1.0,299.2576054825163,298.16762729190555,298.1500220167763
3.777873952095812,1.0,299.2580661819632,298.16767428235426,298.15002219467544
3.781499550898207,1.0,299.25852663899656,298.16772132773104,298.1500223737047
3.7851251497006024,1.0,299.25898685409317,298.1677684279976,298.1500225538692
3.7887507485029976,1.0,299.2594468277288,298.1678155831155,298.15002273517393
3.792376347305393,1.0,299.2599065603778,298.1678627930464,298.150022917624
3.796001946107788,1.0,299.260366052513,298.1679100577522,298.1500231012245
3.7996275449101833,1.0,299.26082530460616,298.16795737719445,298.15002328598047
3.8032531437125785,1.0,299.26128431712743,298.16800475133505,298.1500234718971
3.8068787425149737,1.0,299.26174309054613,298.1680521801359,298.1500236589794
3.810504341317369,1.0,299.2622016253297,298.1680996635588,298.1500238472326
3.814129940119764,1.0,299.2626599219446,298.16814720156566,298.15002403666176
3.8177555389221594,1.0,299.26311798085584,298.16819479411873,298.150024227272
3.8213811377245546,1.0,299.26357580252716,298.1682424411797,298.1500244190686
3.82500673652695,1.0,299.26403338742114,298.1682901427108,298.1500246120566
3.828632335329345,1.0,299.26449073599883,298.16833789867405,298.1500248062413
3.83225793413174,1.0,299.26494784872017,298.16838570903167,298.15002500162774
3.8358835329341354,1.0,299.2654047260436,298.1684335737458,298.1500251982213
3.8395091317365306,1.0,299.26586136842656,298.16848149277865,298.1500253960271
3.843134730538926,1.0,299.266317776325,298.1685294660925,298.1500255950503
3.846760329341321,1.0,299.2667739501937,298.1685774936497,298.1500257952963
3.8503859281437163,1.0,299.2672298904861,298.16862557541253,298.15002599677024
3.8540115269461115,1.0,299.26768559765435,298.1686737113434,298.15002619947734
3.8576371257485067,1.0,299.26814107214955,298.16872190140475,298.15002640342294
3.861262724550902,1.0,299.26859631442125,298.1687701455591,298.1500266086123
3.864888323353297,1.0,299.26905132491794,298.1688184437688,298.1500268150507
3.8685139221556923,1.0,299.26950610408676,298.1688667959966,298.15002702274353
3.8721395209580876,1.0,299.2699606523736,298.1689152022051,298.1500272316959
3.8757651197604828,1.0,299.2704149702232,298.1689636623567,298.1500274419134
3.879390718562878,1.0,299.27086905807903,298.1690121764143,298.1500276534012
3.883016317365273,1.0,299.27132291638327,298.1690607443406,298.15002786616463
3.8866419161676684,1.0,299.2717765455769,298.16910936609827,298.15002808020915
3.8902675149700636,1.0,299.2722299460997,298.16915804165006,298.15002829554004
3.893893113772459,1.0,299.27268311839015,298.169206770959,298.1500285121627
3.897518712574854,1.0,299.27313606288567,298.1692555539878,298.1500287300825
3.9011443113772493,1.0,299.27358878002224,298.16930439069944,298.1500289493049
3.9047699101796445,1.0,299.2740412702349,298.16935328105694,298.1500291698353
3.9083955089820397,1.0,299.2744935339572,298.16940222502336,298.1500293916791
3.912021107784435,1.0,299.27494557162163,298.1694512225615,298.15002961484174
3.91564670658683,1.0,299.2753973836596,298.1695002736347,298.1500298393286
3.9192723053892253,1.0,299.275848970501,298.169549378206,298.15003006514524
3.9228979041916205,1.0,299.2763003325749,298.16959853623854,298.1500302922971
3.9265235029940158,1.0,299.27675147030897,298.16964774769554,298.15003052078964
3.930149101796411,1.0,299.2772023841297,298.1696970125403,298.1500307506283
3.933774700598806,1.0,299.2776530744624,298.169746330736,298.15003098181865
3.9374002994012014,1.0,299.2781035417313,298.1697957022461,298.15003121436615
3.9410258982035966,1.0,299.2785537863594,298.1698451270339,298.1500314482763
3.944651497005992,1.0,299.2790038087685,298.1698946050629,298.1500316835547
3.948277095808387,1.0,299.2794536093793,298.1699441362964,298.15003192020686
3.9519026946107823,1.0,299.2799031886112,298.169993720698,298.1500321582383
3.9555282934131775,1.0,299.2803525468827,298.1700433582312,298.1500323976547
3.9591538922155727,1.0,299.2808016846108,298.17009304885966,298.1500326384614
3.962779491017968,1.0,299.2812506022117,298.17014279254687,298.1500328806642
3.966405089820363,1.0,299.2816993001003,298.1701925892566,298.1500331242686
3.9700306886227583,1.0,299.2821477786902,298.17024243895247,298.15003336928015
3.9736562874251535,1.0,299.28259603839416,298.17029234159827,298.1500336157046
3.9772818862275487,1.0,299.2830440796236,298.17034229715773,298.1500338635475
3.980907485029944,1.0,299.2834919027889,298.1703923055947,298.1500341128145
3.984533083832339,1.0,299.2839395082992,298.170442366873,298.1500343635112
3.9881586826347344,1.0,299.2843868965627,298.1704924809565,298.15003461564334
3.9917842814371296,1.0,299.28483406798625,298.17054264780927,298.1500348692165
3.995409880239525,1.0,299.28528102297577,298.1705928673952,298.1500351242364
3.99903547904192,1.0,299.285727761936,298.1706431396783,298.1500353807087
4.002661077844315,1.0,299.2861742852706,298.17069346462273,298.1500356386391
4.00628667664671,1.0,299.28662059338205,298.1707438421924,298.15003589803337
4.009912275449104,1.0,299.28706668667184,298.1707942723516,298.15003615889714
4.013537874251499,1.0,299.28751256554017,298.1708447550644,298.1500364212362
4.017163473053894,1.0,299.2879582303864,298.17089529029516,298.15003668505625
4.020789071856289,1.0,299.28840368160854,298.17094587800796,298.15003695036313
4.024414670658683,1.0,299.2888489196036,298.17099651816727,298.15003721716243
4.028040269461078,1.0,299.28929394476773,298.17104721073736,298.1500374854601
4.031665868263473,1.0,299.2897387574956,298.1710979556825,298.15003775526174
4.035291467065868,1.0,299.2901833581812,298.1711487529673,298.15003802657327
4.0389170658682625,1.0,299.2906277472171,298.1711996025561,298.1500382994004
4.042542664670657,1.0,299.291071924995,298.1712505044134,298.15003857374904
4.046168263473052,1.0,299.29151589190536,298.17130145850376,298.150038849625
4.049793862275447,1.0,299.29195964833787,298.1713524647917,298.15003912703406
4.053419461077842,1.0,299.2924031946809,298.1714035232419,298.15003940598206
4.057045059880236,1.0,299.2928465313219,298.17145463381894,298.1500396864748
4.060670658682631,1.0,299.2932896586471,298.1715057964876,298.15003996851834
4.064296257485026,1.0,299.29373257704185,298.17155701121254,298.1500402521183
4.067921856287421,1.0,299.2941752868904,298.17160827795857,298.1500405372807
4.071547455089815,1.0,299.2946177885758,298.17165959669046,298.15004082401146
4.07517305389221,1.0,299.29506008248046,298.17171096737314,298.15004111231633
4.078798652694605,1.0,299.2955021689852,298.1717623899714,298.1500414022014
4.082424251497,1.0,299.29594404847023,298.1718138644501,298.15004169367245
4.0860498502993945,1.0,299.2963857213146,298.1718653907744,298.15004198673546
4.089675449101789,1.0,299.29682718789627,298.17191696890916,298.15004228139645
4.093301047904184,1.0,299.2972684485923,298.1719685988195,298.1500425776612
4.096926646706579,1.0,299.2977095037786,298.17202028047046,298.15004287553586
4.100552245508974,1.0,299.2981503538301,298.1720720138271,298.15004317502627
4.104177844311368,1.0,299.29859099912073,298.17212379885467,298.1500434761384
4.107803443113763,1.0,299.29903144002344,298.17217563551833,298.15004377887834
4.111429041916158,1.0,299.2994716769101,298.1722275237833,298.15004408325206
4.115054640718553,1.0,299.29991171015166,298.17227946361487,298.1500443892655
4.118680239520947,1.0,299.30035154011784,298.17233145497835,298.15004469692474
4.122305838323342,1.0,299.30079116717775,298.17238349783906,298.15004500623576
4.125931437125737,1.0,299.3012305916991,298.1724355921624,298.1500453172047
4.129557035928132,1.0,299.30166981404886,298.17248773791385,298.1500456298375
4.1331826347305265,1.0,299.30210883459296,298.17253993505875,298.15004594414023
4.136808233532921,1.0,299.3025476536963,298.1725921835627,298.15004626011904
4.140433832335316,1.0,299.30298627172283,298.17264448339125,298.1500465777799
4.144059431137711,1.0,299.30342468903547,298.1726968345099,298.150046897129
4.147685029940106,1.0,299.3038629059962,298.1727492368842,298.1500472181724
4.1513106287425,1.0,299.304300922966,298.17280169048,298.15004754091615
4.154936227544895,1.0,299.30473874030497,298.17285419526286,298.15004786536645
4.15856182634729,1.0,299.305176358372,298.1729067511985,298.1500481915294
4.162187425149685,1.0,299.3056137775254,298.1729593582527,298.1500485194111
4.165813023952079,1.0,299.3060509981222,298.1730120163913,298.1500488490177
4.169438622754474,1.0,299.30648802051843,298.17306472558005,298.1500491803553
4.173064221556869,1.0,299.3069248450694,298.1731174857849,298.15004951343025
4.176689820359264,1.0,299.3073614721294,298.17317029697176,298.1500498482485
4.1803154191616585,1.0,299.3077979020517,298.17322315910656,298.15005018481645
4.183941017964053,1.0,299.3082341351886,298.1732760721553,298.1500505231401
4.187566616766448,1.0,299.3086701718915,298.17332903608394,298.1500508632258
4.191192215568843,1.0,299.3091060125109,298.1733820508586,298.1500512050796
4.194817814371238,1.0,299.3095416573963,298.1734351164454,298.15005154870784
4.198443413173632,1.0,299.3099771068963,298.1734882328103,298.1500518941167
4.202069011976027,1.0,299.31041236135854,298.1735413999197,298.15005224131244
4.205694610778422,1.0,299.3108474211297,298.17359461773975,298.15005259030136
4.209320209580817,1.0,299.3112822865556,298.1736478862366,298.15005294108954
4.212945808383211,1.0,299.31171695798105,298.17370120537663,298.15005329368347
4.216571407185606,1.0,299.3121514357501,298.17375457512605,298.15005364808934
4.220197005988001,1.0,299.3125857202056,298.1738079954512,298.15005400431335
4.223822604790396,1.0,299.3130198116898,298.17386146631867,298.15005436236186
4.2274482035927905,1.0,299.3134537105438,298.17391498769473,298.15005472224124
4.231073802395185,1.0,299.3138874171079,298.1739685595458,298.15005508395774
4.23469940119758,1.0,299.3143209317214,298.1740221818385,298.1500554475176
4.238324999999975,1.0,299.3147542547228,298.17407585453924,298.15005581292735
4.24195059880237,1.0,299.31518738644974,298.17412957761474,298.15005618019313
4.245576197604764,1.0,299.3156203272388,298.1741833510314,298.1500565493214
4.249201796407159,1.0,299.3160530774257,298.174237174756,298.15005692031843
4.252827395209554,1.0,299.31648563734524,298.17429104875526,298.1500572931907
4.256452994011949,1.0,299.3169180073316,298.17434497299575,298.1500576679445
4.260078592814343,1.0,299.3173501877177,298.1743989474443,298.1500580445863
4.263704191616738,1.0,299.3177821788357,298.1744529720677,298.15005842312235
4.267329790419133,1.0,299.3182139810171,298.17450704683273,298.15005880355915
4.270955389221528,1.0,299.3186455945921,298.1745611717063,298.1500591859032
4.2745809880239225,1.0,299.31907701989047,298.1746153466552,298.1500595701608
4.278206586826317,1.0,299.31950825724067,298.17466957164635,298.15005995633834
4.281832185628712,1.0,299.31993930697064,298.1747238466468,298.1500603444424
4.285457784431107,1.0,299.32037016940717,298.17477817162353,298.1500607344793
4.289083383233502,1.0,299.3208008448765,298.1748325465436,298.1500611264556
4.292708982035896,1.0,299.3212313337037,298.17488697137395,298.1500615203777
4.296334580838291,1.0,299.3216616362131,298.17494144608185,298.150061916252
4.299960179640686,1.0,299.32209175272817,298.17499597063426,298.1500623140851
4.303585778443081,1.0,299.32252168357155,298.17505054499844,298.1500627138836
4.307211377245475,1.0,299.32295142906503,298.17510516914155,298.1500631156537
4.31083697604787,1.0,299.32338098952954,298.1751598430308,298.1500635194021
4.314462574850265,1.0,299.32381036528506,298.1752145666336,298.15006392513527
4.31808817365266,1.0,299.32423955665087,298.1752693399172,298.1500643328598
4.3217137724550545,1.0,299.3246685639452,298.17532416284877,298.1500647425822
4.325339371257449,1.0,299.3250973874857,298.1753790353959,298.15006515430895
4.328964970059844,1.0,299.32552602758904,298.1754339575259,298.15006556804667
4.332590568862239,1.0,299.32595448457107,298.1754889292062,298.1500659838018
4.336216167664634,1.0,299.3263827587468,298.17554395040435,298.15006640158117
4.339841766467028,1.0,299.3268108504303,298.17559902108775,298.15006682139114
4.343467365269423,1.0,299.3272387599351,298.17565414122413,298.1500672432383
4.347092964071818,1.0,299.32766648757354,298.1757093107808,298.15006766712935
4.350718562874213,1.0,299.32809403365746,298.1757645297256,298.1500680930708
4.354344161676607,1.0,299.3285213984977,298.1758197980261,298.1500685210693
4.357969760479002,1.0,299.3289485824043,298.17587511564994,298.15006895113146
4.361595359281397,1.0,299.32937558568653,298.17593048256487,298.15006938326394
4.365220958083792,1.0,299.32980240865277,298.1759858987386,298.1500698174733
4.3688465568861865,1.0,299.33022905161073,298.1760413641389,298.1500702537664
4.372472155688581,1.0,299.33065551486715,298.17609687873374,298.1500706921496
4.376097754490976,1.0,299.331081798728,298.1761524424907,298.1500711326297
4.379723353293371,1.0,299.3315079034986,298.1762080553779,298.1500715752135
4.383348952095766,1.0,299.3319338294833,298.17626371736304,298.1500720199074
4.38697455089816,1.0,299.33235957698565,298.1763194284143,298.15007246671826
4.390600149700555,1.0,299.3327851463084,298.1763751884994,298.1500729156528
4.39422574850295,1.0,299.33321053775376,298.1764309975865,298.15007336671766
4.397851347305345,1.0,299.3336357516227,298.17648685564365,298.1500738199196
4.401476946107739,1.0,299.33406078821577,298.176542762639,298.15007427526524
4.405102544910134,1.0,299.3344856478326,298.1765987185404,298.1500747327614
4.408728143712529,1.0,299.33491033077195,298.1766547233162,298.1500751924149
4.412353742514924,1.0,299.33533483733197,298.1767107769345,298.15007565423224
4.4159793413173185,1.0,299.33575916781,298.17676687936347,298.15007611822034
4.419604940119713,1.0,299.33618332250245,298.1768230305715,298.15007658438594
4.423230538922108,1.0,299.33660730170504,298.17687923052665,298.1500770527358
4.426856137724503,1.0,299.3370311057128,298.1769354791974,298.1500775232767
4.430481736526898,1.0,299.33745473481986,298.176991776552,298.1500779960154
4.434107335329292,1.0,299.3378781893197,298.1770481225588,298.1500784709588
4.437732934131687,1.0,299.3383014695049,298.17710451718614,298.15007894811356
4.441358532934082,1.0,299.33872457566747,298.17716096040266,298.15007942748656
4.444984131736477,1.0,299.33914750809845,298.1772174521766,298.1500799090846
4.448609730538871,1.0,299.33957026708816,298.17727399247656,298.1500803929145
4.452235329341266,1.0,299.3399928529263,298.177330581271,298.1500808789831
4.455860928143661,1.0,299.3404152659016,298.17738721852857,298.1500813672972
4.459486526946056,1.0,299.34083750630225,298.17744390421785,298.15008185786377
4.4631121257484505,1.0,299.34125957441563,298.1775006383073,298.1500823506895
4.466737724550845,1.0,299.34168147052833,298.1775574207657,298.15008284578147
4.47036332335324,1.0,299.3421031949262,298.1776142515617,298.1500833431463
4.473988922155635,1.0,299.3425247478943,298.17767113066407,298.15008384279105
4.47761452095803,1.0,299.34294612971706,298.17772805804145,298.1500843447226
4.481240119760424,1.0,299.343367340678,298.1777850336627,298.15008484894776
4.484865718562819,1.0,299.3437883810603,298.1778420574966,298.15008535547344
4.488491317365214,1.0,299.3442092511458,298.1778991295119,298.1500858643066
4.492116916167609,1.0,299.3446299512161,298.17795624967755,298.1500863754542
4.495742514970003,1.0,299.3450504815519,298.17801341796246,298.150086888923
4.499368113772398,1.0,299.345470842433,298.17807063433554,298.15008740472007
4.502993712574793,1.0,299.3458910341389,298.1781278987657,298.1500879228524
4.506619311377188,1.0,299.34631105694785,298.178185211222,298.15008844332675
4.5102449101795825,1.0,299.3467309111379,298.17824257167337,298.15008896615024
4.513870508981977,1.0,299.34715059698595,298.1782999800889,298.15008949132977
4.517496107784372,1.0,299.3475701147685,298.17835743643775,298.15009001887233
4.521121706586767,1.0,299.3479894647611,298.1784149406889,298.1500905487849
4.524747305389162,1.0,299.34840864723867,298.1784724928116,298.15009108107444
4.528372904191556,1.0,299.34882766247546,298.1785300927749,298.15009161574795
4.531998502993951,1.0,299.349246510745,298.178587740548,298.1500921528125
4.535624101796346,1.0,299.34966519232006,298.1786454361003,298.150092692275
4.539249700598741,1.0,299.3500837074728,298.17870317940094,298.15009323414256
4.542875299401135,1.0,299.35050205647457,298.17876097041915,298.15009377842205
4.54650089820353,1.0,299.35092023959595,298.1788188091243,298.1500943251207
4.550126497005925,1.0,299.3513382571072,298.17887669548577,298.1500948742454
4.55375209580832,1.0,299.3517561092774,298.17893462947296,298.1500954258032
4.5573776946107145,1.0,299.35217379637527,298.17899261105515,298.15009597980134
4.561003293413109,1.0,299.35259131866866,298.1790506402018,298.15009653624674
4.564628892215504,1.0,299.35300867642485,298.1791087168826,298.15009709514635
4.568254491017899,1.0,299.3534258699104,298.1791668410667,298.15009765650746
4.571880089820294,1.0,299.353842899391,298.17922501272386,298.150098220337
4.575505688622688,1.0,299.354259765132,298.17928323182355,298.1500987866421
4.579131287425083,1.0,299.3546764673979,298.17934149833536,298.15009935542986
4.582756886227478,1.0,299.3550930064523,298.1793998122289,298.15009992670747
4.586382485029873,1.0,299.3555093825585,298.1794581734738,298.1501005004819
4.590008083832267,1.0,299.35592559597893,298.17951658203975,298.1501010767604
4.593633682634662,1.0,299.35634164697524,298.17957503789637,298.15010165555
4.597259281437057,1.0,299.3567575358087,298.1796335410135,298.1501022368579
4.600884880239452,1.0,299.35717326273965,298.17969209136083,298.1501028206911
4.6045104790418465,1.0,299.3575888280279,298.17975068890803,298.1501034070569
4.608136077844241,1.0,299.35800423193245,298.17980933362514,298.1501039959624
4.611761676646636,1.0,299.3584194747119,298.1798680254818,298.15010458741483
4.615387275449031,1.0,299.35883455662383,298.179926764448,298.1501051814212
4.619012874251426,1.0,299.3592494779256,298.17998555049354,298.15010577798876
4.62263847305382,1.0,299.35966423887345,298.18004438358844,298.15010637712476
4.626264071856215,1.0,299.36007883972326,298.1801032637025,298.1501069788363
4.62988967065861,1.0,299.36049328073017,298.1801621908059,298.1501075831306
4.633515269461005,1.0,299.36090756214867,298.1802211648685,298.15010819001486
4.637140868263399,1.0,299.3613216842326,298.18028018586034,298.15010879949625
4.640766467065794,1.0,299.3617356472352,298.1803392537516,298.1501094115821
4.644392065868189,1.0,299.3621494514089,298.18039836851216,298.1501100262795
4.648017664670584,1.0,299.36256309700576,298.1804575301123,298.1501106435958
4.6516432634729785,1.0,299.36297658427685,298.1805167385221,298.1501112635381
4.655268862275373,1.0,299.36338991347293,298.1805759937117,298.1501118861138
4.658894461077768,1.0,299.363803084844,298.18063529565137,298.15011251133
4.662520059880163,1.0,299.3642160986393,298.1806946443113,298.15011313919405
4.666145658682558,1.0,299.3646289551076,298.1807540396618,298.1501137697132
4.669771257484952,1.0,299.36504165449696,298.180813481673,298.15011440289464
4.673396856287347,1.0,299.3654541970548,298.1808729703153,298.15011503874575
4.677022455089742,1.0,299.365866583028,298.1809325055591,298.1501156772738
4.680648053892137,1.0,299.3662788126626,298.18099208737465,298.15011631848597
4.684273652694531,1.0,299.3666908862043,298.18105171573234,298.15011696238963
4.687899251496926,1.0,299.367102803898,298.18111139060267,298.15011760899216
4.691524850299321,1.0,299.3675145659879,298.18117111195596,298.15011825830067
4.695150449101716,1.0,299.3679261727179,298.18123087976284,298.1501189103227
4.6987760479041105,1.0,299.3683376243309,298.1812906939937,298.1501195650654
4.702401646706505,1.0,299.36874892106937,298.1813505546189,298.1501202225362
4.7060272455089,1.0,299.3691600631753,298.18141046160935,298.1501208827424
4.709652844311295,1.0,299.3695710508897,298.18147041493535,298.1501215456913
4.71327844311369,1.0,299.36998188445335,298.18153041456753,298.1501222113903
4.716904041916084,1.0,299.3703925641062,298.1815904604766,298.1501228798467
4.720529640718479,1.0,299.37080309008763,298.18165055263324,298.15012355106796
4.724155239520874,1.0,299.3712134626365,298.181710691008,298.15012422506135
4.727780838323269,1.0,299.37162368199085,298.18177087557154,298.1501249018343
4.7314064371256634,1.0,299.3720337483885,298.18183110629474,298.15012558139415
4.735032035928058,1.0,299.3724436620662,298.1818913831483,298.1501262637483
4.738657634730453,1.0,299.3728534232605,298.18195170610306,298.15012694890413
4.742283233532848,1.0,299.37326303220703,298.1820120751297,298.150127636869
4.7459088323352425,1.0,299.3736724891411,298.1820724901991,298.1501283276504
4.749534431137637,1.0,299.3740817942973,298.1821329512822,298.1501290212557
4.753160029940032,1.0,299.3744909479096,298.1821934583498,298.15012971769227
4.756785628742427,1.0,299.37489995021144,298.1822540113727,298.15013041696756
4.760411227544822,1.0,299.3753088014356,298.1823146103221,298.15013111908905
4.764036826347216,1.0,299.37571750181445,298.1823752551687,298.15013182406415
4.767662425149611,1.0,299.3761260515795,298.18243594588364,298.1501325319003
4.771288023952006,1.0,299.37653445096186,298.1824966824379,298.15013324260485
4.774913622754401,1.0,299.3769427001921,298.1825574648024,298.1501339561854
4.7785392215567954,1.0,299.3773507995,298.18261829294835,298.15013467264936
4.78216482035919,1.0,299.3777587491149,298.1826791668468,298.15013539200413
4.785790419161585,1.0,299.3781665492657,298.1827400864688,298.1501361142572
4.78941601796398,1.0,299.3785742001805,298.1828010517856,298.1501368394161
4.7930416167663745,1.0,299.37898170208683,298.1828620627682,298.15013756748823
4.796667215568769,1.0,299.37938905521185,298.1829231193879,298.1501382984812
4.800292814371164,1.0,299.3797962597819,298.18298422161587,298.15013903240236
4.803918413173559,1.0,299.380203316023,298.18304536942327,298.1501397692593
4.807544011975954,1.0,299.3806102241604,298.18310656278146,298.15014050905955
4.811169610778348,1.0,299.3810169844189,298.1831678016617,298.1501412518105
4.814795209580743,1.0,299.38142359702266,298.18322908603517,298.1501419975198
4.818420808383138,1.0,299.38183006219543,298.1832904158734,298.15014274619494
4.822046407185533,1.0,299.3822363801601,298.1833517911477,298.1501434978433
4.8256720059879274,1.0,299.3826425511394,298.1834132118293,298.15014425247267
4.829297604790322,1.0,299.3830485753551,298.18347467788976,298.1501450100904
4.832923203592717,1.0,299.38345445302866,298.18353618930036,298.1501457707041
4.836548802395112,1.0,299.3838601843811,298.18359774603266,298.1501465343213
4.8401744011975065,1.0,299.3842657696325,298.18365934805814,298.15014730094964
4.843799999999901,1.0,299.3846712090028,298.18372099534827,298.1501480705965
4.847425598802296,1.0,299.38507650271106,298.1837826878746,298.1501488432696
4.851051197604691,1.0,299.38548165097603,298.1838444256085,298.1501496189765
4.854676796407086,1.0,299.3858866540157,298.18390620852176,298.15015039772476
4.85830239520948,1.0,299.3862915120477,298.1839680365859,298.1501511795219
4.861927994011875,1.0,299.3866962252892,298.1840299097725,298.15015196437565
4.86555359281427,1.0,299.38710079395645,298.1840918280532,298.1501527522935
4.869179191616665,1.0,299.3875052182654,298.18415379139975,298.15015354328295
4.8728047904190595,1.0,299.3879094984317,298.1842157997837,298.15015433735186
4.876430389221454,1.0,299.38831363467006,298.1842778531768,298.15015513450766
4.880055988023849,1.0,299.3887176271948,298.18433995155084,298.15015593475806
4.883681586826244,1.0,299.3891214762197,298.18440209487756,298.15015673811064
4.8873071856286385,1.0,299.3895251819581,298.1844642831287,298.15015754457295
4.890932784431033,1.0,299.38992874462275,298.1845265162761,298.1501583541528
4.894558383233428,1.0,299.39033216442584,298.1845887942915,298.1501591668577
4.898183982035823,1.0,299.390735441579,298.18465111714687,298.15015998269524
4.901809580838218,1.0,299.39113857629343,298.184713484814,298.1501608016733
4.905435179640612,1.0,299.3915415687798,298.18477589726473,298.15016162379925
4.909060778443007,1.0,299.39194441924815,298.1848383544711,298.150162449081
4.912686377245402,1.0,299.3923471279081,298.184900856405,298.1501632775261
4.916311976047797,1.0,299.39274969496876,298.18496340303835,298.1501641091421
4.9199375748501915,1.0,299.3931521206387,298.1850259943432,298.1501649439369
4.923563173652586,1.0,299.3935544051259,298.1850886302915,298.150165781918
4.927188772454981,1.0,299.3939565486378,298.18515131085525,298.15016662309324
4.930814371257376,1.0,299.3943585513815,298.1852140360066,298.15016746747017
4.9344399700597705,1.0,299.3947604135636,298.1852768057176,298.1501683150566
4.938065568862165,1.0,299.3951621353899,298.1853396199602,298.15016916586023
4.94169116766456,1.0,299.39556371706607,298.1854024787067,298.1501700198886
4.945316766466955,1.0,299.39596515879686,298.1854653819291,298.1501708771496
4.94894236526935,1.0,299.3963664607869,298.1855283295996,298.1501717376509
4.952567964071744,1.0,299.39676762324,298.1855913216905,298.15017260140024
4.956193562874139,1.0,299.39716864635983,298.1856543581738,298.1501734684052
4.959819161676534,1.0,299.3975695303492,298.18571743902186,298.15017433867376
4.963444760478929,1.0,299.39797027541056,298.18578056420694,298.1501752122134
4.9670703592813235,1.0,299.3983708817459,298.18584373370123,298.150176089032
4.970695958083718,1.0,299.3987713495566,298.18590694747706,298.15017696913736
4.974321556886113,1.0,299.3991716790438,298.18597020550675,298.1501778525371
4.977947155688508,1.0,299.3995718704078,298.18603350776266,298.1501787392391
4.9815727544909025,1.0,299.3999719238486,298.18609685421706,298.15017962925094
4.985198353293297,1.0,299.4003718395657,298.1861602448423,298.1501805225806
4.988823952095692,1.0,299.4007716177582,298.18622367961103,298.1501814192357
4.992449550898087,1.0,299.4011712586244,298.1862871584953,298.1501823192241
4.996075149700482,1.0,299.40157076236244,298.1863506814679,298.1501832225535
4.999700748502876,1.0,299.40197012916985,298.1864142485011,298.1501841292317
5.003326347305271,1.0,299.4023693592436,298.18647785956733,298.1501850392666
5.006951946107666,1.0,299.4027684527804,298.18654151463926,298.1501859526658
5.010577544910061,1.0,299.40316740997616,298.1866052136893,298.1501868694373
5.0142031437124555,1.0,299.4035662310265,298.18666895669,298.1501877895887
5.01782874251485,1.0,299.4039649161266,298.18673274361396,298.150188713128
5.021454341317245,1.0,299.40436346547114,298.1867965744338,298.1501896400629
5.02507994011964,1.0,299.4047618792542,298.1868604491221,298.15019057040126
5.0287055389220345,1.0,299.40516015766946,298.18692436765144,298.1501915041509
5.032331137724429,1.0,299.4055583009102,298.1869883299945,298.15019244131963
5.035956736526824,1.0,299.4059563091691,298.18705233612394,298.15019338191524
5.039582335329219,1.0,299.4063541826385,298.1871163860125,298.1501943259456
5.043207934131614,1.0,299.4067519215101,298.18718047963284,298.15019527341855
5.046833532934008,1.0,299.40714952597534,298.18724461695774,298.150196224342
5.050459131736403,1.0,299.407546996225,298.18730879795993,298.1501971787237
5.054084730538798,1.0,299.4079443324496,298.1873730226122,298.15019813657153
5.057710329341193,1.0,299.40834153483894,298.18743729088726,298.1501990978934
5.0613359281435875,1.0,299.40873860358255,298.187501602758,298.15020006269714
5.064961526945982,1.0,299.40913553886946,298.18756595819724,298.15020103099056
5.068587125748377,1.0,299.40953234088823,298.1876303571778,298.1502020027816
5.072212724550772,1.0,299.4099290098269,298.1876947996726,298.1502029780781
5.0758383233531665,1.0,299.41032554587315,298.18775928565447,298.15020395688794
5.079463922155561,1.0,299.4107219492141,298.1878238150964,298.15020493921895
5.083089520957956,1.0,299.4111182200366,298.1878883879713,298.15020592507915
5.086715119760351,1.0,299.4115143585267,298.1879530042522,298.15020691447637
5.090340718562746,1.0,299.41191036487044,298.18801766391186,298.15020790741846
5.09396631736514,1.0,299.412306239253,298.1880823669234,298.15020890391344
5.097591916167535,1.0,299.41270198185947,298.1881471132599,298.150209903969
5.10121751496993,1.0,299.4130975928741,298.1882119028943,298.15021090759325
5.104843113772325,1.0,299.4134930724812,298.18827673579966,298.150211914794
5.1084687125747195,1.0,299.41388842086405,298.18834161194906,298.1502129255792
5.112094311377114,1.0,299.414283638206,298.1884065313156,298.1502139399567
5.115719910179509,1.0,299.41467872468957,298.1884714938724,298.15021495793457
5.119345508981904,1.0,299.41507368049713,298.18853649959254,298.1502159795206
5.1229711077842985,1.0,299.41546850581034,298.18860154844924,298.15021700472283
5.126596706586693,1.0,299.41586320081075,298.18866664041553,298.1502180335492
5.130222305389088,1.0,299.41625776567906,298.18873177546476,298.15021906600754
5.133847904191483,1.0,299.41665220059593,298.1887969535701,298.1502201021059
5.137473502993878,1.0,299.4170465057413,298.1888621747047,298.1502211418521
5.141099101796272,1.0,299.41744068129486,298.1889274388419,298.1502221852542
5.144724700598667,1.0,299.4178347274357,298.18899274595486,298.1502232323202
5.148350299401062,1.0,299.41822864434266,298.18905809601694,298.15022428305787
5.151975898203457,1.0,299.418622432194,298.1891234890014,298.15022533747543
5.1556014970058515,1.0,299.4190160911677,298.1891889248816,298.15022639558066
5.159227095808246,1.0,299.41940962144105,298.18925440363085,298.15022745738156
5.162852694610641,1.0,299.4198030231912,298.18931992522255,298.15022852288615
5.166478293413036,1.0,299.4201962965948,298.18938548962996,298.1502295921024
5.1701038922154305,1.0,299.4205894418278,298.1894510968266,298.1502306650383
5.173729491017825,1.0,299.4209824590662,298.18951674678584,298.15023174170176
5.17735508982022,1.0,299.4213753484852,298.18958243948117,298.15023282210086
5.180980688622615,1.0,299.42176811025973,298.18964817488586,298.15023390624356
5.18460628742501,1.0,299.42216074456434,298.1897139529736,298.1502349941379
5.188231886227404,1.0,299.42255325157305,298.18977977371776,298.1502360857918
5.191857485029799,1.0,299.42294563145947,298.1898456370919,298.1502371812134
5.195483083832194,1.0,299.4233378843969,298.1899115430694,298.1502382804106
5.199108682634589,1.0,299.42373001055813,298.189977491624,298.1502393833914
5.2027342814369835,1.0,299.42412201011564,298.19004348272915,298.15024049016387
5.206359880239378,1.0,299.4245138832413,298.1901095163584,298.15024160073597
5.209985479041773,1.0,299.42490563010676,298.19017559248545,298.1502427151158
5.213611077844168,1.0,299.42529725088315,298.1902417110838,298.1502438333114
5.2172366766465625,1.0,299.42568874574135,298.1903078721272,298.15024495533066
5.220862275448957,1.0,299.42608011485146,298.1903740755893,298.1502460811817
5.224487874251352,1.0,299.4264713583837,298.19044032144365,298.1502472108727
5.228113473053747,1.0,299.4268624765075,298.190506609664,298.15024834441147
5.231739071856142,1.0,299.427253469392,298.1905729402241,298.1502494818062
5.235364670658536,1.0,299.4276443372058,298.1906393130977,298.15025062306484
5.238990269460931,1.0,299.42803508011735,298.19070572825837,298.1502517681956
5.242615868263326,1.0,299.42842569829463,298.19077218568,298.1502529172063
5.246241467065721,1.0,299.428816191905,298.1908386853363,298.1502540701051
5.2498670658681155,1.0,299.42920656111573,298.19090522720114,298.1502552269002
5.25349266467051,1.0,299.4295968060935,298.19097181124823,298.1502563875995
5.257118263472905,1.0,299.42998692700456,298.19103843745154,298.15025755221114
5.2607438622753,1.0,299.43037692401504,298.19110510578474,298.1502587207431
5.2643694610776945,1.0,299.43076679729023,298.1911718162219,298.15025989320367
5.267995059880089,1.0,299.4311565469954,298.19123856873676,298.1502610696007
5.271620658682484,1.0,299.4315461732954,298.1913053633033,298.15026224994233
5.275246257484879,1.0,299.43193567635427,298.19137219989534,298.1502634342367
5.278871856287274,1.0,299.43232505633625,298.19143907848684,298.1502646224919
5.282497455089668,1.0,299.4327143134049,298.19150599905174,298.15026581471597
5.286123053892063,1.0,299.43310344772334,298.19157296156413,298.150267010917
5.289748652694458,1.0,299.4334924594544,298.19163996599787,298.15026821110314
5.293374251496853,1.0,299.43388134876045,298.19170701232696,298.1502694152824
5.2969998502992475,1.0,299.4342701158036,298.19177410052555,298.15027062346303
5.300625449101642,1.0,299.43465876074544,298.19184123056743,298.150271835653
5.304251047904037,1.0,299.4350472837473,298.1919084024269,298.1502730518605
5.307876646706432,1.0,299.4354356849699,298.1919756160779,298.15027427209355
5.3115022455088265,1.0,299.43582396457384,298.19204287149455,298.1502754963604
5.315127844311221,1.0,299.4362121227194,298.19211016865097,298.1502767246691
5.318753443113616,1.0,299.436600159566,298.1921775075212,298.1502779570277
5.322379041916011,1.0,299.43698807527335,298.1922448880795,298.1502791934444
5.326004640718406,1.0,299.4373758700002,298.19231231029994,298.1502804339274
5.3296302395208,1.0,299.43776354390525,298.19237977415673,298.1502816784847
5.333255838323195,1.0,299.4381510971468,298.192447279624,298.1502829271245
5.33688143712559,1.0,299.4385385298825,298.192514826676,298.1502841798549
5.340507035927985,1.0,299.43892584227007,298.192582415287,298.1502854366841
5.3441326347303795,1.0,299.4393130344665,298.19265004543115,298.15028669762023
5.347758233532774,1.0,299.43970010662866,298.1927177170827,298.15028796267137
5.351383832335169,1.0,299.4400870589128,298.19278543021596,298.1502892318457
5.355009431137564,1.0,299.44047389147505,298.19285318480524,298.15029050515136
5.3586350299399585,1.0,299.44086060447097,298.19292098082485,298.1502917825965
5.362260628742353,1.0,299.44124719805586,298.192988818249,298.1502930641893
5.365886227544748,1.0,299.4416336723846,298.1930566970521,298.150294349938
5.369511826347143,1.0,299.44202002761193,298.19312461720847,298.15029563985064
5.373137425149538,1.0,299.4424062638919,298.19319257869256,298.15029693393546
5.376763023951932,1.0,299.4427923813782,298.19326058147874,298.1502982322005
5.380388622754327,1.0,299.44317838022454,298.1933286255412,298.15029953465404
5.384014221556722,1.0,299.44356426058386,298.1933967108547,298.1503008413042
5.387639820359117,1.0,299.44395002260904,298.1934648373934,298.1503021521592
5.3912654191615115,1.0,299.4443356664524,298.19353300513177,298.1503034672272
5.394891017963906,1.0,299.4447211922659,298.1936012140444,298.1503047865164
5.398516616766301,1.0,299.44510660020137,298.19366946410577,298.15030611003505
5.402142215568696,1.0,299.44549189041,298.1937377552902,298.15030743779107
5.4057678143710906,1.0,299.44587706304276,298.19380608757245,298.150308769793
5.409393413173485,1.0,299.44626211825033,298.19387446092685,298.1503101060488
5.41301901197588,1.0,299.446647056183,298.19394287532805,298.15031144656666
5.416644610778275,1.0,299.44703187699054,298.1940113307505,298.15031279135485
5.42027020958067,1.0,299.4474165808227,298.1940798271689,298.15031414042153
5.423895808383064,1.0,299.4478011678285,298.19414836455775,298.150315493775
5.427521407185459,1.0,299.44818563815704,298.19421694289167,298.1503168514234
5.431147005987854,1.0,299.44856999195656,298.19428556214535,298.1503182133748
5.434772604790249,1.0,299.44895422937543,298.1943542222933,298.15031957963765
5.4383982035926435,1.0,299.4493383505614,298.1944229233103,298.15032095022
5.442023802395038,1.0,299.4497223556619,298.194491665171,298.15032232513005
5.445649401197433,1.0,299.45010624482416,298.19456044785,298.15032370437615
5.449274999999828,1.0,299.4504900181949,298.194629271322,298.15032508796634
5.4529005988022226,1.0,299.4508736759207,298.19469813556185,298.15032647590897
5.456526197604617,1.0,299.45125721814753,298.1947670405441,298.15032786821223
5.460151796407012,1.0,299.4516406450212,298.1948359862436,298.15032926488436
5.463777395209407,1.0,299.4520239566872,298.19490497263513,298.15033066593355
5.467402994011802,1.0,299.4524071532905,298.19497399969345,298.150332071368
5.471028592814196,1.0,299.452790234976,298.1950430673932,298.150333481196
5.474654191616591,1.0,299.4531732018881,298.1951121757094,298.15033489542583
5.478279790418986,1.0,299.45355605417086,298.1951813246168,298.15033631406556
5.481905389221381,1.0,299.453938791968,298.1952505140901,298.15033773712355
5.4855309880237755,1.0,299.45432141542307,298.1953197441043,298.150339164608
5.48915658682617,1.0,299.454703924679,298.1953890146343,298.1503405965272
5.492782185628565,1.0,299.4550863198786,298.1954583256549,298.15034203288934
5.49640778443096,1.0,299.45546860116434,298.1955276771409,298.1503434737027
5.5000333832333546,1.0,299.4558507686784,298.1955970690674,298.15034491897546
5.503658982035749,1.0,299.45623282256236,298.1956665014092,298.150346368716
5.507284580838144,1.0,299.45661476295777,298.19573597414126,298.1503478229324
5.510910179640539,1.0,299.4569965900057,298.1958054872386,298.1503492816331
5.514535778442934,1.0,299.45737830384707,298.1958750406761,298.15035074482626
5.518161377245328,1.0,299.4577599046222,298.1959446344288,298.15035221252003
5.521786976047723,1.0,299.4581413924713,298.1960142684717,298.15035368472286
5.525412574850118,1.0,299.45852276753413,298.1960839427798,298.1503551614429
5.529038173652513,1.0,299.4589040299503,298.19615365732807,298.1503566426885
5.5326637724549075,1.0,299.45928517985897,298.1962234120917,298.1503581284679
5.536289371257302,1.0,299.45966621739893,298.1962932070456,298.1503596187892
5.539914970059697,1.0,299.4600471427087,298.1963630421649,298.15036111366084
5.543540568862092,1.0,299.46042795592655,298.19643291742466,298.15036261309103
5.547166167664487,1.0,299.46080865719034,298.1965028328,298.15036411708815
5.550791766466881,1.0,299.46118924663773,298.19657278826605,298.1503656256603
5.554417365269276,1.0,299.46156972440593,298.19664278379787,298.1503671388159
5.558042964071671,1.0,299.4619500906319,298.1967128193707,298.15036865656316
5.561668562874066,1.0,299.4623303454523,298.19678289495965,298.1503701789104
5.56529416167646,1.0,299.4627104890034,298.1968530105399,298.15037170586584
5.568919760478855,1.0,299.4630905214214,298.1969231660866,298.1503732374378
5.57254535928125,1.0,299.46347044284175,298.19699336157504,298.1503747736346
5.576170958083645,1.0,299.4638502533999,298.1970635969803,298.1503763144645
5.5797965568860395,1.0,299.4642299532311,298.19713387227773,298.1503778599357
5.583422155688434,1.0,299.46460954247,298.19720418744254,298.15037941005664
5.587047754490829,1.0,299.46498902125103,298.1972745424499,298.15038096483556
5.590673353293224,1.0,299.4653683897084,298.19734493727526,298.1503825242807
5.594298952095619,1.0,299.4657476479759,298.19741537189384,298.1503840884004
5.597924550898013,1.0,299.4661267961872,298.19748584628076,298.150385657203
5.601550149700408,1.0,299.4665058344754,298.1975563604116,298.15038723069665
5.605175748502803,1.0,299.46688476297356,298.1976269142615,298.1503888088898
5.608801347305198,1.0,299.4672635818142,298.1976975078059,298.15039039179067
5.612426946107592,1.0,299.46764229112983,298.1977681410201,298.15039197940763
5.616052544909987,1.0,299.4680208910523,298.19783881387946,298.15039357174885
5.619678143712382,1.0,299.4683993817134,298.1979095263594,298.1503951688228
5.623303742514777,1.0,299.4687777632446,298.19798027843535,298.1503967706377
5.6269293413171715,1.0,299.4691560357769,298.19805107008267,298.1503983772019
5.630554940119566,1.0,299.46953419944134,298.1981219012768,298.15039998852365
5.634180538921961,1.0,299.46991225436824,298.1981927719932,298.15040160461126
5.637806137724356,1.0,299.470290200688,298.19826368220714,298.15040322547316
5.641431736526751,1.0,299.47066803853045,298.19833463189434,298.1504048511176
5.645057335329145,1.0,299.47104576802536,298.1984056210302,298.1504064815528
5.64868293413154,1.0,299.471423389302,298.1984766495902,298.1504081167873
5.652308532933935,1.0,299.47180090248946,298.1985477175498,298.1504097568291
5.65593413173633,1.0,299.47217830771655,298.19861882488453,298.1504114016868
5.659559730538724,1.0,299.4725556051116,298.1986899715699,298.1504130513686
5.663185329341119,1.0,299.47293279480294,298.19876115758154,298.15041470588284
5.666810928143514,1.0,299.47330987691845,298.198832382895,298.1504163652378
5.670436526945909,1.0,299.47368685158574,298.19890364748585,298.1504180294419
5.6740621257483035,1.0,299.474063718932,298.1989749513296,298.15041969850336
5.677687724550698,1.0,299.4744404790844,298.19904629440197,298.1504213724306
5.681313323353093,1.0,299.4748171321696,298.19911767667844,298.1504230512319
5.684938922155488,1.0,299.4751936783142,298.19918909813475,298.1504247349156
5.688564520957883,1.0,299.4755701176443,298.1992605587465,298.15042642349005
5.692190119760277,1.0,299.4759464502857,298.1993320584893,298.15042811696355
5.695815718562672,1.0,299.4763226763641,298.19940359733886,298.1504298153444
5.699441317365067,1.0,299.4766987960047,298.1994751752709,298.150431518641
5.703066916167462,1.0,299.4770748093328,298.19954679226106,298.1504332268617
5.706692514969856,1.0,299.4774507164729,298.19961844828504,298.15043494001475
5.710318113772251,1.0,299.47782651754966,298.19969014331855,298.15043665810856
5.713943712574646,1.0,299.4782022126871,298.1997618773373,298.1504383811515
5.717569311377041,1.0,299.4785778020093,298.1998336503172,298.1504401091518
5.7211949101794355,1.0,299.47895328563976,298.1999054622338,298.1504418421179
5.72482050898183,1.0,299.479328663702,298.19997731306296,298.1504435800581
5.728446107784225,1.0,299.47970393631897,298.20004920278046,298.1504453229808
5.73207170658662,1.0,299.48007910361355,298.20012113136215,298.1504470708942
5.735697305389015,1.0,299.4804541657083,298.20019309878376,298.1504488238067
5.739322904191409,1.0,299.4808291227254,298.2002651050212,298.1504505817267
5.742948502993804,1.0,299.481203974787,298.2003371500502,298.1504523446626
5.746574101796199,1.0,299.4815787220146,298.20040923384664,298.15045411262264
5.750199700598594,1.0,299.48195336452966,298.20048135638655,298.1504558856151
5.753825299400988,1.0,299.48232790245356,298.2005535176455,298.1504576636486
5.757450898203383,1.0,299.48270233590705,298.2006257175996,298.1504594467312
5.761076497005778,1.0,299.48307666501074,298.2006979562247,298.1504612348714
5.764702095808173,1.0,299.4834508898851,298.2007702334967,298.1504630280775
5.7683276946105675,1.0,299.4838250106501,298.20084254939155,298.1504648263579
5.771953293412962,1.0,299.48419902742563,298.2009149038851,298.1504666297209
5.775578892215357,1.0,299.48457294033125,298.2009872969535,298.15046843817487
5.779204491017752,1.0,299.4849467494862,298.20105972857243,298.1504702517282
5.782830089820147,1.0,299.4853204550095,298.2011321987181,298.15047207038924
5.786455688622541,1.0,299.48569405702005,298.2012047073664,298.1504738941663
5.790081287424936,1.0,299.4860675556362,298.20127725449333,298.1504757230678
5.793706886227331,1.0,299.48644095097626,298.20134984007495,298.1504775571021
5.797332485029726,1.0,299.48681424315816,298.20142246408733,298.15047939627743
5.80095808383212,1.0,299.4871874322996,298.20149512650636,298.15048124060223
5.804583682634515,1.0,299.487560518518,298.2015678273082,298.15048309008495
5.80820928143691,1.0,299.4879335019307,298.2016405664689,298.1504849447339
5.811834880239305,1.0,299.4883063826544,298.2017133439645,298.1504868045573
5.8154604790416995,1.0,299.48867916080593,298.20178615977113,298.15048866956374
5.819086077844094,1.0,299.48905183650174,298.20185901386486,298.1504905397614
5.822711676646489,1.0,299.48942440985775,298.20193190622183,298.15049241515874
5.826337275448884,1.0,299.48979688099007,298.2020048368182,298.150494295764
5.829962874251279,1.0,299.4901692500142,298.20207780563004,298.1504961815858
5.833588473053673,1.0,299.49054151704564,298.20215081263353,298.1504980726322
5.837214071856068,1.0,299.49091368219945,298.2022238578048,298.1504999689118
5.840839670658463,1.0,299.4912857455905,298.2022969411201,298.15050187043283
5.844465269460858,1.0,299.49165770733345,298.2023700625556,298.1505037772037
5.848090868263252,1.0,299.4920295675426,298.2024432220874,298.1505056892328
5.851716467065647,1.0,299.4924013263321,298.20251641969185,298.1505076065284
5.855342065868042,1.0,299.49277298381577,298.2025896553451,298.150509529099
5.858967664670437,1.0,299.49314454010727,298.2026629290234,298.1505114569529
5.8625932634728315,1.0,299.49351599531997,298.202736240703,298.1505133900984
5.866218862275226,1.0,299.49388734956693,298.2028095903602,298.15051532854403
5.869844461077621,1.0,299.49425860296105,298.2028829779712,298.1505172722981
5.873470059880016,1.0,299.494629755615,298.2029564035123,298.1505192213688
5.877095658682411,1.0,299.49500080764096,298.2030298669598,298.1505211757648
5.880721257484805,1.0,299.4953717591513,298.2031033682901,298.1505231354943
5.8843468562872,1.0,299.4957426102577,298.20317690747936,298.1505251005657
5.887972455089595,1.0,299.4961133610718,298.20325048450405,298.1505270709873
5.89159805389199,1.0,299.4964840117051,298.2033240993404,298.1505290467676
5.895223652694384,1.0,299.49685456226865,298.20339775196487,298.15053102791484
5.898849251496779,1.0,299.49722501287334,298.2034714423538,298.1505330144375
5.902474850299174,1.0,299.49759536362984,298.20354517048355,298.15053500634383
5.906100449101569,1.0,299.4979656146486,298.2036189363306,298.15053700364234
5.9097260479039635,1.0,299.49833576603976,298.2036927398712,298.1505390063414
5.913351646706358,1.0,299.4987058179132,298.2037665810819,298.1505410144492
5.916977245508753,1.0,299.49907577037874,298.20384045993904,298.1505430279743
5.920602844311148,1.0,299.4994456235457,298.20391437641905,298.150545046925
5.924228443113543,1.0,299.4998153775233,298.20398833049853,298.1505470713097
5.927854041915937,1.0,299.5001850324205,298.2040623221538,298.15054910113673
5.931479640718332,1.0,299.5005545883462,298.2041363513614,298.15055113641444
5.935105239520727,1.0,299.5009240454087,298.2042104180978,298.1505531771513
5.938730838323122,1.0,299.50129340371626,298.20428452233944,298.15055522335564
5.942356437125516,1.0,299.5016626633771,298.20435866406285,298.1505572750358
5.945982035927911,1.0,299.5020318244988,298.2044328432447,298.15055933220026
5.949607634730306,1.0,299.50240088718897,298.2045070598614,298.1505613948572
5.953233233532701,1.0,299.50276985155494,298.20458131388943,298.15056346301515
5.9568588323350955,1.0,299.50313871770385,298.2046556053055,298.1505655366825
5.96048443113749,1.0,299.5035074857425,298.20472993408606,298.15056761586743
5.964110029939885,1.0,299.50387615577756,298.20480430020774,298.15056970057856
5.96773562874228,1.0,299.5042447279153,298.2048787036471,298.150571790824
5.971361227544675,1.0,299.5046132022621,298.2049531443809,298.1505738866124
5.974986826347069,1.0,299.50498157892366,298.2050276223855,298.150575987952
5.978612425149464,1.0,299.50534985800584,298.2051021376377,298.15057809485114
5.982238023951859,1.0,299.50571803961407,298.20517669011406,298.1505802073182
5.985863622754254,1.0,299.50608612385355,298.2052512797913,298.15058232536165
5.989489221556648,1.0,299.5064541108293,298.205325906646,298.1505844489898
5.993114820359043,1.0,299.50682200064614,298.2054005706549,298.150586578211
5.996740419161438,1.0,299.50718979340854,298.2054752717946,298.15058871303364
6.000366017963833,1.0,299.507557489221,298.20555001004186,298.1505908534661
6.0039916167662275,1.0,299.5079250881876,298.20562478537346,298.15059299951673
6.007617215568622,1.0,299.50829259041217,298.205699597766,298.1505951511939
6.011242814371017,1.0,299.50865999599836,298.2057744471963,298.1505973085061
6.014868413173412,1.0,299.5090273050496,298.20584933364097,298.15059947146153
6.018494011975807,1.0,299.5093945176692,298.2059242570768,298.1506016400686
6.022119610778201,1.0,299.50976163396007,298.2059992174807,298.1506038143358
6.025745209580596,1.0,299.51012865402504,298.2060742148293,298.1506059942713
6.029370808382991,1.0,299.51049557796665,298.20614924909944,298.15060817988365
6.032996407185386,1.0,299.5108624058872,298.2062243202679,298.15061037118113
6.03662200598778,1.0,299.51122913788885,298.20629942831147,298.15061256817216
6.040247604790175,1.0,299.51159577407344,298.206374573207,298.15061477086505
6.04387320359257,1.0,299.5119623145427,298.2064497549313,298.1506169792682
6.047498802394965,1.0,299.512328759398,298.2065249734612,298.15061919339
6.0511244011973595,1.0,299.5126951087407,298.20660022877365,298.1506214132388
6.054749999999754,1.0,299.51306136267164,298.20667552084535,298.150623638823
6.058375598802149,1.0,299.5134275212919,298.20675084965336,298.1506258701509
6.062001197604544,1.0,299.51379358470183,298.20682621517443,298.1506281072309
6.065626796406939,1.0,299.51415955300183,298.2069016173855,298.15063035007137
6.069252395209333,1.0,299.5145254262922,298.2069770562635,298.1506325986807
6.072877994011728,1.0,299.51489120467284,298.20705253178534,298.15063485306723
6.076503592814123,1.0,299.51525688824336,298.2071280439279,298.1506371132393
6.080129191616518,1.0,299.5156224771034,298.2072035926682,298.15063937920536
6.083754790418912,1.0,299.5159879713523,298.2072791779831,298.1506416509737
6.087380389221307,1.0,299.51635337108905,298.20735479984967,298.15064392855265
6.091005988023702,1.0,299.51671867641255,298.20743045824486,298.1506462119507
6.094631586826097,1.0,299.51708388742156,298.2075061531456,298.1506485011761
6.0982571856284915,1.0,299.5174490042145,298.2075818845289,298.1506507962372
6.101882784430886,1.0,299.5178140268896,298.2076576523718,298.1506530971424
6.105508383233281,1.0,299.5181789555449,298.2077334566513,298.1506554039002
6.109133982035676,1.0,299.5185437902783,298.20780929734445,298.1506577165187
6.112759580838071,1.0,299.5189085311874,298.2078851744282,298.1506600350064
6.116385179640465,1.0,299.51927317836953,298.2079610878798,298.1506623593717
6.12001077844286,1.0,299.5196377319221,298.20803703767615,298.15066468962294
6.123636377245255,1.0,299.52000219194196,298.20811302379434,298.1506670257684
6.12726197604765,1.0,299.52036655852595,298.2081890462115,298.1506693678166
6.130887574850044,1.0,299.5207308317707,298.20826510490474,298.15067171577573
6.134513173652439,1.0,299.5210950117726,298.208341199851,298.15067406965414
6.138138772454834,1.0,299.52145909862793,298.20841733102765,298.1506764294603
6.141764371257229,1.0,299.52182309243244,298.2084934984116,298.1506787952025
6.1453899700596235,1.0,299.52218699328216,298.2085697019802,298.1506811668891
6.149015568862018,1.0,299.5225508012726,298.2086459417104,298.1506835445285
6.152641167664413,1.0,299.52291451649904,298.20872221757946,298.15068592812895
6.156266766466808,1.0,299.5232781390568,298.2087985295645,298.1506883176989
6.159892365269203,1.0,299.5236416690408,298.20887487764276,298.15069071324666
6.163517964071597,1.0,299.52400510654576,298.20895126179136,298.15069311478055
6.167143562873992,1.0,299.52436845166625,298.20902768198755,298.150695522309
6.170769161676387,1.0,299.5247317044968,298.2091041382086,298.1506979358403
6.174394760478782,1.0,299.52509486513156,298.20918063043166,298.1507003553828
6.178020359281176,1.0,299.52545793366437,298.209257158634,298.15070278094487
6.181645958083571,1.0,299.52582091018917,298.2093337227928,298.15070521253483
6.185271556885966,1.0,299.5261837947995,298.2094103228854,298.1507076501611
6.188897155688361,1.0,299.5265465875887,298.209486958889,298.1507100938319
6.1925227544907555,1.0,299.5269092886501,298.2095636307809,298.15071254355564
6.19614835329315,1.0,299.52727189807655,298.2096403385384,298.15071499934066
6.199773952095545,1.0,299.52763441596096,298.20971708213875,298.15071746119537
6.20339955089794,1.0,299.52799684239585,298.2097938615594,298.15071992912794
6.207025149700335,1.0,299.5283591774737,298.2098706767775,298.15072240314686
6.210650748502729,1.0,299.5287214212867,298.2099475277704,298.1507248832604
6.214276347305124,1.0,299.5290835739269,298.21002441451554,298.150727369477
6.217901946107519,1.0,299.52944563548624,298.2101013369902,298.15072986180485
6.221527544909914,1.0,299.52980760605624,298.2101782951718,298.15073236025233
6.225153143712308,1.0,299.53016948572844,298.2102552890376,298.1507348648278
6.228778742514703,1.0,299.530531274594,298.2103323185651,298.1507373755396
6.232404341317098,1.0,299.5308929727441,298.2104093837317,298.1507398923961
6.236029940119493,1.0,299.53125458026955,298.21048648451466,298.15074241540555
6.2396555389218875,1.0,299.53161609726106,298.21056362089155,298.1507449445763
6.243281137724282,1.0,299.5319775238092,298.21064079283974,298.1507474799167
6.246906736526677,1.0,299.53233886000424,298.21071800033656,298.15075002143504
6.250532335329072,1.0,299.5327001059363,298.21079524335966,298.1507525691397
6.254157934131467,1.0,299.5330612616955,298.21087252188636,298.150755123039
6.257783532933861,1.0,299.53342232737134,298.2109498358941,298.1507576831412
6.261409131736256,1.0,299.5337833030535,298.2110271853605,298.1507602494548
6.265034730538651,1.0,299.53414418883136,298.2111045702628,298.1507628219879
6.268660329341046,1.0,299.5345049847942,298.2111819905788,298.1507654007489
6.27228592814344,1.0,299.53486569103086,298.2112594462858,298.1507679857462
6.275911526945835,1.0,299.5352263076303,298.2113369373614,298.150770576988
6.27953712574823,1.0,299.5355868346812,298.21141446378306,298.15077317448277
6.283162724550625,1.0,299.535947272272,298.2114920255284,298.15077577823865
6.2867883233530195,1.0,299.53630762049085,298.2115696225749,298.1507783882641
6.290413922155414,1.0,299.536667879426,298.21164725490024,298.15078100456736
6.294039520957809,1.0,299.5370280491653,298.21172492248184,298.1507836271568
6.297665119760204,1.0,299.5373881297965,298.21180262529737,298.1507862560406
6.301290718562599,1.0,299.53774812140716,298.2118803633244,298.1507888912272
6.304916317364993,1.0,299.5381080240847,298.21195813654043,298.15079153272484
6.308541916167388,1.0,299.53846783791624,298.2120359449232,298.1507941805419
6.312167514969783,1.0,299.5388275629888,298.2121137884503,298.15079683468656
6.315793113772178,1.0,299.5391871993893,298.2121916670994,298.1507994951673
6.319418712574572,1.0,299.53954674720427,298.212269580848,298.15080216199226
6.323044311376967,1.0,299.5399062065203,298.2123475296739,298.1508048351698
6.326669910179362,1.0,299.54026557742367,298.21242551355465,298.15080751470833
6.330295508981757,1.0,299.54062486000043,298.212503532468,298.15081020061604
6.3339211077841515,1.0,299.54098405433666,298.21258158639165,298.15081289290123
6.337546706586546,1.0,299.54134316051795,298.2126596753032,298.1508155915722
6.341172305388941,1.0,299.5417021786301,298.2127377991804,298.1508182966372
6.344797904191336,1.0,299.54206110875833,298.212815958001,298.15082100810463
6.348423502993731,1.0,299.54241995098806,298.21289415174266,298.1508237259828
6.352049101796125,1.0,299.54277870540426,298.2129723803831,298.15082645027985
6.35567470059852,1.0,299.54313737209185,298.21305064390015,298.1508291810042
6.359300299400915,1.0,299.5434959511355,298.21312894227145,298.15083191816404
6.36292589820331,1.0,299.54385444261993,298.2132072754748,298.15083466176776
6.366551497005704,1.0,299.5442128466294,298.21328564348806,298.15083741182355
6.370177095808099,1.0,299.54457116324807,298.213364046289,298.1508401683398
6.373802694610494,1.0,299.54492939256005,298.21344248385526,298.1508429313247
6.377428293412889,1.0,299.5452875346492,298.21352095616476,298.15084570078653
6.3810538922152835,1.0,299.5456455895992,298.21359946319535,298.15084847673364
6.384679491017678,1.0,299.5460035574935,298.21367800492476,298.1508512591742
6.388305089820073,1.0,299.5463614384156,298.21375658133087,298.1508540481166
6.391930688622468,1.0,299.54671923244854,298.21383519239157,298.1508568435691
6.395556287424863,1.0,299.5470769396754,298.2139138380846,298.15085964554
6.399181886227257,1.0,299.54743456017906,298.2139925183879,298.15086245403734
6.402807485029652,1.0,299.5477920940421,298.2140712332793,298.15086526906964
6.406433083832047,1.0,299.5481495413471,298.21414998273667,298.1508680906452
6.410058682634442,1.0,299.5485069021764,298.214228766738,298.15087091877206
6.413684281436836,1.0,299.5488641766122,298.2143075852611,298.15087375345865
6.417309880239231,1.0,299.54922136473647,298.21438643828395,298.15087659471317
6.420935479041626,1.0,299.5495784666311,298.21446532578443,298.1508794425439
6.424561077844021,1.0,299.54993548237763,298.21454424774043,298.1508822969591
6.4281866766464155,1.0,299.55029241205773,298.21462320412996,298.150885157967
6.43181227544881,1.0,299.5506492557527,298.21470219493096,298.15088802557597
6.435437874251205,1.0,299.55100601354377,298.2147812201214,298.1508908997941
6.4390634730536,1.0,299.55136268551183,298.2148602796792,298.15089378062964
6.442689071855995,1.0,299.5517192717378,298.2149393735824,298.15089666809104
6.446314670658389,1.0,299.55207577230243,298.21501850180897,298.15089956218634
6.449940269460784,1.0,299.5524321872862,298.21509766433695,298.15090246292397
6.453565868263179,1.0,299.5527885167694,298.21517686114424,298.150905370312
6.457191467065574,1.0,299.55314476083237,298.21525609220896,298.15090828435876
6.4608170658679684,1.0,299.5535009195552,298.2153353575091,298.1509112050726
6.464442664670363,1.0,299.5538569930176,298.21541465702273,298.15091413246154
6.468068263472758,1.0,299.55421298129943,298.21549399072785,298.150917066534
6.471693862275153,1.0,299.55456888448015,298.2155733586026,298.1509200072981
6.4753194610775475,1.0,299.55492470263925,298.215652760625,298.1509229547621
6.478945059879942,1.0,299.555280435856,298.21573219677316,298.1509259089343
6.482570658682337,1.0,299.5556360842094,298.21581166702515,298.15092886982285
6.486196257484732,1.0,299.55599164777846,298.21589117135903,298.150931837436
6.489821856287127,1.0,299.55634712664187,298.215970709753,298.15093481178207
6.493447455089521,1.0,299.55670252087833,298.21605028218505,298.1509377928692
6.497073053891916,1.0,299.55705783056624,298.2161298886334,298.1509407807055
6.500698652694311,1.0,299.5574130557839,298.2162095290763,298.15094377529937
6.504324251496706,1.0,299.5577681966095,298.2162892034916,298.150946776659
6.5079498502991004,1.0,299.55812325312104,298.2163689118578,298.1509497847926
6.511575449101495,1.0,299.55847822539624,298.21644865415277,298.1509527997083
6.51520104790389,1.0,299.5588331135129,298.2165284303549,298.15095582141447
6.518826646706285,1.0,299.55918791754857,298.2166082404422,298.15095884991905
6.5224522455086795,1.0,299.5595426375804,298.21668808439307,298.1509618852306
6.526077844311074,1.0,299.5598972736859,298.21676796218554,298.1509649273571
6.529703443113469,1.0,299.5602518259419,298.216847873798,298.15096797630684
6.533329041915864,1.0,299.5606062944255,298.2169278192085,298.15097103208797
6.536954640718259,1.0,299.5609606792133,298.21700779839534,298.1509740947088
6.540580239520653,1.0,299.5613149803819,298.2170878113368,298.15097716417733
6.544205838323048,1.0,299.5616691980079,298.2171678580111,298.15098024050184
6.547831437125443,1.0,299.5620233321674,298.2172479383965,298.1509833236907
6.551457035927838,1.0,299.5623773829368,298.2173280524713,298.15098641375187
6.5550826347302324,1.0,299.56273135039186,298.2174082002138,298.15098951069365
6.558708233532627,1.0,299.56308523460865,298.2174883816023,298.1509926145243
6.562333832335022,1.0,299.5634390356627,298.2175685966151,298.1509957252518
6.565959431137417,1.0,299.5637927536297,298.21764884523037,298.1509988428845
6.5695850299398115,1.0,299.56414638858485,298.21772912742665,298.1510019674306
6.573210628742206,1.0,299.5644999406035,298.2178094431821,298.15100509889817
6.576836227544601,1.0,299.5648534097609,298.21788979247515,298.1510082372954
6.580461826346996,1.0,299.5652067961318,298.2179701752842,298.15101138263054
6.584087425149391,1.0,299.5655600997911,298.2180505915875,298.1510145349117
6.587713023951785,1.0,299.5659133208135,298.2181310413635,298.15101769414713
6.59133862275418,1.0,299.56626645927344,298.2182115245905,298.15102086034494
6.594964221556575,1.0,299.56661951524535,298.218292041247,298.15102403351335
6.59858982035897,1.0,299.5669724888033,298.21837259131127,298.1510272136604
6.6022154191613645,1.0,299.5673253800216,298.21845317476186,298.15103040079447
6.605841017963759,1.0,299.567678188974,298.21853379157716,298.1510335949235
6.609466616766154,1.0,299.5680309157344,298.2186144417355,298.15103679605573
6.613092215568549,1.0,299.56838356037645,298.2186951252154,298.1510400041993
6.6167178143709435,1.0,299.5687361229735,298.2187758419952,298.15104321936246
6.620343413173338,1.0,299.569088603599,298.2188565920535,298.15104644155326
6.623969011975733,1.0,299.56944100232624,298.21893737536874,298.15104967077986
6.627594610778128,1.0,299.56979331922815,298.21901819191936,298.1510529070504
6.631220209580523,1.0,299.5701455543777,298.2190990416839,298.15105615037317
6.634845808382917,1.0,299.57049770784766,298.2191799246406,298.15105940075614
6.638471407185312,1.0,299.5708497797107,298.21926084076836,298.1510626582075
6.642097005987707,1.0,299.57120177003935,298.2193417900454,298.1510659227354
6.645722604790102,1.0,299.57155367890596,298.21942277245046,298.15106919434794
6.6493482035924965,1.0,299.5719055063827,298.2195037879619,298.1510724730533
6.652973802394891,1.0,299.57225725254165,298.21958483655834,298.1510757588596
6.656599401197286,1.0,299.5726089174548,298.21966591821825,298.15107905177496
6.660224999999681,1.0,299.57296050119385,298.21974703292034,298.15108235180753
6.6638505988020755,1.0,299.5733120038305,298.21982818064305,298.1510856589654
6.66747619760447,1.0,299.5736634254363,298.219909361365,298.15108897325666
6.671101796406865,1.0,299.57401476608266,298.2199905750649,298.15109229468953
6.67472739520926,1.0,299.57436602584073,298.22007182172115,298.15109562327206
6.678352994011655,1.0,299.5747172047817,298.22015310131246,298.15109895901236
6.681978592814049,1.0,299.57506830297643,298.2202344138174,298.1511023019185
6.685604191616444,1.0,299.5754193204959,298.2203157592147,298.15110565199876
6.689229790418839,1.0,299.5757702574107,298.2203971374829,298.1511090092611
6.692855389221234,1.0,299.5761211137913,298.22047854860074,298.1511123737136
6.6964809880236285,1.0,299.5764718897084,298.2205599925468,298.15111574536445
6.700106586826023,1.0,299.576822585232,298.2206414692997,298.15111912422174
6.703732185628418,1.0,299.57717320043236,298.2207229788382,298.1511225102935
6.707357784430813,1.0,299.5775237353795,298.220804521141,298.15112590358785
6.7109833832332075,1.0,299.57787419014323,298.22088609618675,298.1511293041129
6.714608982035602,1.0,299.5782245647934,298.2209677039542,298.1511327118768
6.718234580837997,1.0,299.57857485939957,298.22104934442194,298.15113612688754
6.721860179640392,1.0,299.5789250740312,298.2211310175688,298.15113954915324
6.725485778442787,1.0,299.5792752087576,298.22121272337347,298.151142978682
6.729111377245181,1.0,299.57962526364804,298.22129446181475,298.15114641548183
6.732736976047576,1.0,299.57997523877157,298.22137623287136,298.1511498595609
6.736362574849971,1.0,299.58032513419715,298.22145803652194,298.1511533109272
6.739988173652366,1.0,299.5806749499935,298.22153987274544,298.15115676958885
6.7436137724547605,1.0,299.58102468622945,298.22162174152055,298.15116023555396
6.747239371257155,1.0,299.5813743429735,298.2217036428261,298.15116370883044
6.75086497005955,1.0,299.581723920294,298.2217855766409,298.15116718942653
6.754490568861945,1.0,299.5820734182593,298.22186754294364,298.15117067735025
6.7581161676643395,1.0,299.58242283693755,298.22194954171323,298.15117417260956
6.761741766466734,1.0,299.5827721763967,298.22203157292853,298.1511776752126
6.765367365269129,1.0,299.58312143670474,298.22211363656834,298.1511811851674
6.768992964071524,1.0,299.58347061792944,298.2221957326114,298.151184702482
6.772618562873919,1.0,299.58381972013837,298.2222778610367,298.1511882271644
6.776244161676313,1.0,299.58416874339906,298.222360021823,298.15119175922285
6.779869760478708,1.0,299.58451768777894,298.2224422149493,298.1511952986652
6.783495359281103,1.0,299.5848665533452,298.22252444039435,298.1511988454995
6.787120958083498,1.0,299.585215340165,298.22260669813716,298.1512023997338
6.7907465568858925,1.0,299.5855640483053,298.2226889881565,298.1512059613762
6.794372155688287,1.0,299.58591267783305,298.22277131043137,298.15120953043464
6.797997754490682,1.0,299.5862612288149,298.22285366494066,298.1512131069172
6.801623353293077,1.0,299.58660970131757,298.2229360516633,298.1512166908319
6.8052489520954715,1.0,299.58695809540745,298.2230184705782,298.1512202821868
6.808874550897866,1.0,299.58730641115085,298.2231009216644,298.1512238809899
6.812500149700261,1.0,299.5876546486142,298.22318340490074,298.1512274872491
6.816125748502656,1.0,299.58800280786346,298.2232659202662,298.15123110097255
6.819751347305051,1.0,299.5883508889647,298.22334846773987,298.1512347221683
6.823376946107445,1.0,299.5886988919838,298.2234310473006,298.15123835084415
6.82700254490984,1.0,299.58904681698647,298.22351365892746,298.1512419870083
6.830628143712235,1.0,299.5893946640383,298.22359630259945,298.1512456306687
6.83425374251463,1.0,299.5897424332048,298.22367897829554,298.1512492818333
6.8378793413170245,1.0,299.59009012455135,298.22376168599476,298.1512529405102
6.841504940119419,1.0,299.5904377381432,298.22384442567613,298.1512566067073
6.845130538921814,1.0,299.5907852740454,298.22392719731874,298.1512602804326
6.848756137724209,1.0,299.5911327323231,298.22401000090156,298.15126396169416
6.8523817365266035,1.0,299.5914801130411,298.2240928364037,298.15126765049985
6.856007335328998,1.0,299.5918274162641,298.2241757038043,298.1512713468578
6.859632934131393,1.0,299.59217464205676,298.2242586030823,298.15127505077584
6.863258532933788,1.0,299.59252179048366,298.2243415342169,298.151278762262
6.866884131736183,1.0,299.5928688616092,298.2244244971871,298.15128248132436
6.870509730538577,1.0,299.59321585549753,298.224507491972,298.15128620797077
6.874135329340972,1.0,299.593562772213,298.2245905185508,298.1512899422092
6.877760928143367,1.0,299.59390961181947,298.2246735769026,298.15129368404763
6.881386526945762,1.0,299.5942563743809,298.2247566670065,298.15129743349405
6.8850121257481565,1.0,299.5946030599612,298.2248397888416,298.1513011905564
6.888637724550551,1.0,299.5949496686239,298.22492294238714,298.1513049552426
6.892263323352946,1.0,299.59529620043264,298.2250061276222,298.1513087275607
6.895888922155341,1.0,299.5956426554508,298.225089344526,298.15131250751864
6.8995145209577355,1.0,299.5959890337417,298.22517259307773,298.1513162951243
6.90314011976013,1.0,299.5963353353686,298.2252558732565,298.1513200903856
6.906765718562525,1.0,299.5966815603946,298.2253391850416,298.1513238933105
6.91039131736492,1.0,299.5970277088826,298.2254225284122,298.151327703907
6.914016916167315,1.0,299.59737378089545,298.2255059033475,298.15133152218294
6.917642514969709,1.0,299.597719776496,298.2255893098267,298.15133534814635
6.921268113772104,1.0,299.5980656957467,298.2256727478291,298.15133918180516
6.924893712574499,1.0,299.5984115387102,298.22575621733387,298.1513430231672
6.928519311376894,1.0,299.59875730544877,298.2258397183203,298.1513468722405
6.9321449101792885,1.0,299.5991029960248,298.2259232507676,298.15135072903286
6.935770508981683,1.0,299.5994486105003,298.22600681465514,298.1513545935523
6.939396107784078,1.0,299.59979414893746,298.2260904099621,298.1513584658067
6.943021706586473,1.0,299.60013961139816,298.2261740366679,298.151362345804
6.9466473053888675,1.0,299.6004849979442,298.2262576947517,298.15136623355204
6.950272904191262,1.0,299.6008303086372,298.22634138419284,298.1513701290587
6.953898502993657,1.0,299.60117554353894,298.2264251049707,298.151374032332
6.957524101796052,1.0,299.60152070271073,298.22650885706446,298.1513779433798
6.961149700598447,1.0,299.60186578621403,298.22659264045365,298.15138186221
6.964775299400841,1.0,299.6022107941099,298.22667645511746,298.1513857888304
6.968400898203236,1.0,299.60255572645974,298.22676030103526,298.151389723249
6.972026497005631,1.0,299.6029005833244,298.22684417818647,298.15139366547356
6.975652095808026,1.0,299.6032453647648,298.22692808655046,298.1513976155121
6.9792776946104205,1.0,299.6035900708418,298.22701202610654,298.1514015733725
6.982903293412815,1.0,299.603934701616,298.2270959968342,298.15140553906247
6.98652889221521,1.0,299.60427925714805,298.2271799987127,298.15140951258996
6.990154491017605,1.0,299.6046237374984,298.2272640317216,298.15141349396293
6.9937800898199995,1.0,299.6049681427274,298.2273480958402,298.15141748318916
6.997405688622394,1.0,299.60531247289526,298.22743219104797,298.1514214802766
7.001031287424789,1.0,299.6056567280622,298.22751631732433,298.151425485233
7.004656886227184,1.0,299.6060009082881,298.2276004746488,298.15142949806625
7.008282485029579,1.0,299.606345013633,298.22768466300073,298.15143351878424
7.011908083831973,1.0,299.60668904415667,298.22776888235956,298.1514375473947
7.015533682634368,1.0,299.60703299991883,298.2278531327049,298.1514415839057
7.019159281436763,1.0,299.607376880979,298.2279374140161,298.15144562832484
7.022784880239158,1.0,299.60772068739675,298.2280217262727,298.1514496806601
7.0264104790415525,1.0,299.60806441923137,298.2281060694542,298.15145374091935
7.030036077843947,1.0,299.6084080765421,298.2281904435401,298.1514578091103
7.033661676646342,1.0,299.6087516593882,298.2282748485099,298.15146188524085
7.037287275448737,1.0,299.6090951678287,298.2283592843432,298.15146596931885
7.0409128742511315,1.0,299.6094386019225,298.2284437510195,298.1514700613521
7.044538473053526,1.0,299.6097819617284,298.2285282485182,298.15147416134835
7.048164071855921,1.0,299.6101252473052,298.22861277681903,298.15147826931553
7.051789670658316,1.0,299.61046845871147,298.22869733590153,298.15148238526143
7.055415269460711,1.0,299.61081159600576,298.22878192574524,298.1514865091938
7.059040868263105,1.0,299.6111546592465,298.2288665463297,298.15149064112046
7.0626664670655,1.0,299.61149764849193,298.22895119763456,298.1514947810492
7.066292065867895,1.0,299.6118405638003,298.22903587963935,298.15149892898796
7.06991766467029,1.0,299.61218340522976,298.22912059232374,298.15150308494435
7.0735432634726845,1.0,299.6125261728381,298.22920533566736,298.15150724892624
7.077168862275079,1.0,299.61286886668336,298.2292901096498,298.1515114209414
7.080794461077474,1.0,299.61321148682333,298.22937491425074,298.1515156009977
7.084420059879869,1.0,299.6135540333156,298.2294597494497,298.15151978910285
7.0880456586822636,1.0,299.6138965062179,298.2295446152264,298.1515239852646
7.091671257484658,1.0,299.6142389055875,298.2296295115606,298.1515281894908
7.095296856287053,1.0,299.61458123148196,298.2297144384318,298.1515324017892
7.098922455089448,1.0,299.61492348395836,298.22979939581984,298.15153662216755
7.102548053891843,1.0,299.615265663074,298.22988438370436,298.1515408506336
7.106173652694237,1.0,299.61560776888587,298.22996940206497,298.15154508719513
7.109799251496632,1.0,299.615949801451,298.23005445088137,298.15154933185994
7.113424850299027,1.0,299.6162917608262,298.2301395301335,298.15155358463574
7.117050449101422,1.0,299.6166336470681,298.23022463980084,298.1515578455303
7.1206760479038165,1.0,299.6169754602336,298.2303097798632,298.1515621145513
7.124301646706211,1.0,299.61731720037915,298.23039495030037,298.15156639170664
7.127927245508606,1.0,299.6176588675611,298.2304801510921,298.15157067700386
7.131552844311001,1.0,299.6180004618359,298.2305653822181,298.15157497045084
7.1351784431133956,1.0,299.61834198325977,298.2306506436582,298.1515792720553
7.13880404191579,1.0,299.6186834318888,298.23073593539203,298.1515835818249
7.142429640718185,1.0,299.61902480777917,298.2308212573996,298.1515878997675
7.14605523952058,1.0,299.6193661109868,298.2309066096606,298.1515922258907
7.149680838322975,1.0,299.6197073415675,298.23099199215477,298.1515965602022
7.153306437125369,1.0,299.6200484995771,298.231077404862,298.1516009027099
7.156932035927764,1.0,299.62038958507105,298.23116284776216,298.1516052534213
7.160557634730159,1.0,299.6207305981051,298.23124832083505,298.15160961234415
7.164183233532554,1.0,299.62107153873467,298.23133382406047,298.1516139794863
7.1678088323349485,1.0,299.62141240701504,298.2314193574183,298.1516183548553
7.171434431137343,1.0,299.6217532030016,298.23150492088837,298.1516227384589
7.175060029939738,1.0,299.6220939267494,298.23159051445055,298.1516271303048
7.178685628742133,1.0,299.6224345783136,298.23167613808477,298.1516315304008
7.1823112275445276,1.0,299.62277515774906,298.2317617917709,298.15163593875434
7.185936826346922,1.0,299.62311566511073,298.23184747548885,298.1516403553733
7.189562425149317,1.0,299.62345610045344,298.23193318921847,298.15164478026526
7.193188023951712,1.0,299.6237964638317,298.23201893293975,298.151649213438
7.196813622754107,1.0,299.6241367553002,298.2321047066326,298.15165365489906
7.200439221556501,1.0,299.6244769749134,298.2321905102769,298.15165810465624
7.204064820358896,1.0,299.62481712272574,298.23227634385256,298.1516625627171
7.207690419161291,1.0,299.6251571987915,298.23236220733963,298.1516670290894
7.211316017963686,1.0,299.6254972031648,298.2324481007181,298.1516715037808
7.2149416167660805,1.0,299.6258371358998,298.2325340239678,298.1516759867988
7.218567215568475,1.0,299.6261769970506,298.23261997706885,298.1516804781512
7.22219281437087,1.0,299.62651678667095,298.2327059600011,298.1516849778456
7.225818413173265,1.0,299.6268565048148,298.2327919727447,298.1516894858897
7.22944401197566,1.0,299.6271961515358,298.23287801527954,298.151694002291
7.233069610778054,1.0,299.6275357268877,298.2329640875856,298.1516985270573
7.236695209580449,1.0,299.62787523092385,298.233050189643,298.15170306019604
7.240320808382844,1.0,299.62821466369786,298.2331363214318,298.15170760171515
7.243946407185239,1.0,299.628554025263,298.23322248293186,298.15171215162195
7.247572005987633,1.0,299.62889331567254,298.2333086741235,298.15171670992413
7.251197604790028,1.0,299.62923253497974,298.23339489498653,298.1517212766294
7.254823203592423,1.0,299.6295716832376,298.2334811455012,298.15172585174537
7.258448802394818,1.0,299.629910760499,298.23356742564744,298.1517304352796
7.2620744011972125,1.0,299.63024976681703,298.2336537354054,298.15173502723974
7.265699999999607,1.0,299.6305887022443,298.23374007475525,298.1517396276334
7.269325598802002,1.0,299.63092756683375,298.23382644367706,298.15174423646806
7.272951197604397,1.0,299.6312663606378,298.2339128421508,298.1517488537514
7.276576796406792,1.0,299.6316050837091,298.2339992701568,298.15175347949105
7.280202395209186,1.0,299.6319437361,298.234085727675,298.1517581136946
7.283827994011581,1.0,299.6322823178628,298.2341722146857,298.1517627563695
7.287453592813976,1.0,299.63262082904987,298.234258731169,298.1517674075235
7.291079191616371,1.0,299.6329592697133,298.234345277105,298.1517720671641
7.294704790418765,1.0,299.63329763990515,298.2344318524739,298.1517767352988
7.29833038922116,1.0,299.63363593967756,298.234518457256,298.1517814119352
7.301955988023555,1.0,299.63397416908225,298.23460509143126,298.15178609708096
7.30558158682595,1.0,299.63431232817106,298.23469175498,298.1517907907436
7.3092071856283445,1.0,299.6346504169958,298.2347784478825,298.1517954929306
7.312832784430739,1.0,299.63498843560797,298.2348651701188,298.1518002036496
7.316458383233134,1.0,299.63532638405917,298.23495192166916,298.15180492290824
7.320083982035529,1.0,299.63566426240084,298.235038702514,298.15180965071386
7.323709580837924,1.0,299.63600207068436,298.23512551263326,298.15181438707407
7.327335179640318,1.0,299.636339808961,298.23521235200747,298.15181913199643
7.330960778442713,1.0,299.63667747728186,298.2352992206167,298.15182388548857
7.334586377245108,1.0,299.6370150756982,298.2353861184413,298.1518286475578
7.338211976047503,1.0,299.6373526042609,298.2354730454615,298.1518334182118
7.341837574849897,1.0,299.63769006302095,298.2355600016577,298.15183819745806
7.345463173652292,1.0,299.6380274520292,298.23564698701,298.1518429853042
7.349088772454687,1.0,299.63836477133634,298.2357340014989,298.1518477817575
7.352714371257082,1.0,299.6387020209931,298.23582104510456,298.1518525868257
7.3563399700594765,1.0,299.63903920104997,298.23590811780736,298.15185740051623
7.359965568861871,1.0,299.6393763115575,298.2359952195876,298.15186222283654
7.363591167664266,1.0,299.6397133525661,298.23608235042565,298.15186705379415
7.367216766466661,1.0,299.64005032412604,298.2361695103019,298.15187189339656
7.370842365269056,1.0,299.64038722628766,298.2362566991967,298.1518767416513
7.37446796407145,1.0,299.640724059101,298.23634391709027,298.15188159856575
7.378093562873845,1.0,299.6410608226161,298.2364311639631,298.15188646414754
7.38171916167624,1.0,299.64139751688305,298.23651843979565,298.151891338404
7.385344760478635,1.0,299.64173414195164,298.2366057445682,298.1518962213427
7.388970359281029,1.0,299.6420706978718,298.23669307826117,298.1519011129712
7.392595958083424,1.0,299.64240718469324,298.23678044085494,298.15190601329675
7.396221556885819,1.0,299.6427436024655,298.23686783233006,298.15191092232703
7.399847155688214,1.0,299.6430799512382,298.2369552526668,298.1519158400693
7.4034727544906085,1.0,299.64341623106077,298.23704270184567,298.15192076653113
7.407098353293003,1.0,299.64375244198266,298.2371301798471,298.1519257017199
7.410723952095398,1.0,299.6440885840531,298.2372176866516,298.1519306456432
7.414349550897793,1.0,299.64442465732145,298.2373052222395,298.1519355983083
7.417975149700188,1.0,299.6447606618367,298.2373927865915,298.15194055972273
7.421600748502582,1.0,299.645096597648,298.23748037968784,298.15194552989396
7.425226347304977,1.0,299.64543246480434,298.2375680015092,298.1519505088293
7.428851946107372,1.0,299.6457682633545,298.23765565203587,298.15195549653635
7.432477544909767,1.0,299.6461039933474,298.23774333124857,298.1519604930224
7.436103143712161,1.0,299.6464396548318,298.2378310391277,298.1519654982948
7.439728742514556,1.0,299.6467752478563,298.2379187756538,298.1519705123611
7.443354341316951,1.0,299.6471107724694,298.23800654080753,298.15197553522876
7.446979940119346,1.0,299.6474462287197,298.23809433456927,298.1519805669051
7.4506055389217405,1.0,299.6477816166555,298.23818215691966,298.1519856073975
7.454231137724135,1.0,299.64811693632515,298.23827000783916,298.15199065671334
7.45785673652653,1.0,299.6484521877769,298.2383578873085,298.15199571486005
7.461482335328925,1.0,299.648787371059,298.23844579530817,298.1520007818451
7.46510793413132,1.0,299.6491224862194,298.2385337318188,298.1520058576758
7.468733532933714,1.0,299.64945753330625,298.23862169682087,298.15201094235954
7.472359131736109,1.0,299.64979251236736,298.23870969029514,298.15201603590367
7.475984730538504,1.0,299.65012742345056,298.2387977122221,298.1520211383155
7.479610329340899,1.0,299.65046226660365,298.2388857625825,298.15202624960256
7.483235928143293,1.0,299.6507970418744,298.23897384135694,298.15203136977215
7.486861526945688,1.0,299.65113174931025,298.23906194852606,298.15203649883165
7.490487125748083,1.0,299.65146638895885,298.2391500840704,298.1520416367884
7.494112724550478,1.0,299.65180096086766,298.2392382479708,298.15204678364967
7.4977383233528725,1.0,299.6521354650839,298.2393264402077,298.15205193942296
7.501363922155267,1.0,299.6524699016551,298.23941466076207,298.1520571041155
7.504989520957662,1.0,299.6528042706282,298.2395029096144,298.1520622777346
7.508615119760057,1.0,299.6531385720506,298.2395911867455,298.15206746028775
7.512240718562452,1.0,299.65347280596916,298.2396794921359,298.1520726517822
7.515866317364846,1.0,299.6538069724309,298.2397678257665,298.15207785222526
7.519491916167241,1.0,299.6541410714828,298.23985618761793,298.1520830616243
7.523117514969636,1.0,299.6544751031716,298.239944577671,298.1520882799866
7.526743113772031,1.0,299.6548090675441,298.24003299590635,298.1520935073194
7.530368712574425,1.0,299.6551429646469,298.24012144230477,298.1520987436302
7.53399431137682,1.0,299.65547679452675,298.2402099168471,298.1521039889261
7.537619910179215,1.0,299.65581055723,298.24029841951403,298.15210924321457
7.54124550898161,1.0,299.6561442528032,298.24038695028634,298.15211450650287
7.5448711077840045,1.0,299.65647788129263,298.24047550914474,298.15211977879824
7.548496706586399,1.0,299.65681144274464,298.24056409607016,298.152125060108
7.552122305388794,1.0,299.65714493720543,298.24065271104337,298.15213035043945
7.555747904191189,1.0,299.65747836472116,298.2407413540452,298.15213564979985
7.559373502993584,1.0,299.6578117253378,298.2408300250564,298.15214095819647
7.562999101795978,1.0,299.6581450191014,298.2409187240579,298.15214627563665
7.566624700598373,1.0,299.65847824605794,298.2410074510304,298.15215160212756
7.570250299400768,1.0,299.65881140625316,298.2410962059549,298.1521569376765
7.573875898203163,1.0,299.6591444997329,298.24118498881217,298.1521622822908
7.577501497005557,1.0,299.6594775265428,298.2412737995831,298.15216763597766
7.581127095807952,1.0,299.6598104867284,298.2413626382486,298.15217299874433
7.584752694610347,1.0,299.6601433803354,298.2414515047895,298.15217837059805
7.588378293412742,1.0,299.66047620740915,298.24154039918676,298.15218375154603
7.5920038922151365,1.0,299.66080896799514,298.2416293214212,298.1521891415956
7.595629491017531,1.0,299.6611416621386,298.2417182714738,298.15219454075395
7.599255089819926,1.0,299.6614742898848,298.24180724932546,298.1521999490283
7.602880688622321,1.0,299.6618068512789,298.2418962549571,298.15220536642585
7.606506287424716,1.0,299.6621393463661,298.24198528834967,298.15221079295395
7.61013188622711,1.0,299.66247177519125,298.2420743494841,298.15221622861964
7.613757485029505,1.0,299.6628041377994,298.2421634383414,298.1522216734303
7.6173830838319,1.0,299.66313643423547,298.24225255490245,298.15222712739296
7.621008682634295,1.0,299.6634686645442,298.2423416991483,298.152232590515
7.624634281436689,1.0,299.6638008287703,298.2424308710599,298.15223806280346
7.628259880239084,1.0,299.66413292695864,298.2425200706183,298.1522435442657
7.631885479041479,1.0,299.6644649591536,298.2426092978044,298.1522490349088
7.635511077843874,1.0,299.6647969253997,298.2426985525993,298.15225453474
7.6391366766462685,1.0,299.6651288257414,298.242787834984,298.15226004376643
7.642762275448663,1.0,299.66546066022323,298.2428771449394,298.15226556199536
7.646387874251058,1.0,299.66579242888935,298.2429664824468,298.1522710894339
7.650013473053453,1.0,299.66612413178404,298.24305584748697,298.1522766260892
7.653639071855848,1.0,299.6664557689515,298.24314524004114,298.15228217196847
7.657264670658242,1.0,299.6667873404357,298.24323466009037,298.15228772707883
7.660890269460637,1.0,299.66711884628086,298.24332410761565,298.1522932914275
7.664515868263032,1.0,299.66745028653077,298.24341358259807,298.1522988650215
7.668141467065427,1.0,299.6677816612294,298.24350308501874,298.1523044478681
7.671767065867821,1.0,299.66811297042045,298.2435926148588,298.15231003997457
7.675392664670216,1.0,299.66844421414777,298.24368217209934,298.15231564134774
7.679018263472611,1.0,299.6687753924551,298.24377175672157,298.1523212519949
7.682643862275006,1.0,299.6691065053858,298.24386136870635,298.15232687192326
7.6862694610774005,1.0,299.6694375529837,298.2439510080351,298.1523325011398
7.689895059879795,1.0,299.669768535292,298.2440406746888,298.15233813965176
7.69352065868219,1.0,299.67009945235424,298.2441303686487,298.1523437874663
7.697146257484585,1.0,299.67043030421377,298.2442200898959,298.1523494445903
7.70077185628698,1.0,299.6707610909138,298.2443098384116,298.1523551110311
7.704397455089374,1.0,299.6710918124975,298.2443996141769,298.15236078679567
7.708023053891769,1.0,299.671422469008,298.24448941717316,298.1523664718911
7.711648652694164,1.0,299.67175306048836,298.24457924738147,298.15237216632465
7.715274251496559,1.0,299.6720835869816,298.24466910478304,298.15237787010324
7.718899850298953,1.0,299.67241404853064,298.24475898935907,298.152383583234
7.722525449101348,1.0,299.67274444517824,298.24484890109085,298.15238930572406
7.726151047903743,1.0,299.6730747769672,298.2449388399595,298.1523950375804
7.729776646706138,1.0,299.67340504394036,298.2450288059464,298.15240077881026
7.7334022455085325,1.0,299.67373524614027,298.2451187990327,298.15240652942055
7.737027844310927,1.0,299.6740653836095,298.2452088191997,298.15241228941846
7.740653443113322,1.0,299.6743954563907,298.2452988664287,298.1524180588109
7.744279041915717,1.0,299.67472546452603,298.245388940701,298.1524238376051
7.747904640718112,1.0,299.67505540805814,298.2454790419978,298.15242962580794
7.751530239520506,1.0,299.67538528702926,298.24556917030037,298.15243542342654
7.755155838322901,1.0,299.6757151014816,298.2456593255901,298.152441230468
7.758781437125296,1.0,299.67604485145745,298.24574950784836,298.15244704693924
7.762407035927691,1.0,299.67637453699876,298.24583971705636,298.15245287284745
7.766032634730085,1.0,299.6767041581477,298.24592995319557,298.1524587081995
7.76965823353248,1.0,299.67703371494616,298.24602021624713,298.1524645530025
7.773283832334875,1.0,299.67736320743614,298.2461105061925,298.1524704072635
7.77690943113727,1.0,299.67769263565947,298.2462008230131,298.1524762709894
7.7805350299396645,1.0,299.678021999658,298.24629116669024,298.1524821441872
7.784160628742059,1.0,299.67835129947326,298.24638153720525,298.15248802686415
7.787786227544454,1.0,299.67868053514707,298.24647193453956,298.152493919027
7.791411826346849,1.0,299.679009706721,298.2465623586746,298.15249982068286
7.795037425149244,1.0,299.6793388142366,298.24665280959175,298.1525057318387
7.798663023951638,1.0,299.67966785773524,298.2467432872724,298.15251165250146
7.802288622754033,1.0,299.6799968372584,298.24683379169795,298.1525175826782
7.805914221556428,1.0,299.6803257528474,298.2469243228499,298.15252352237576
7.809539820358823,1.0,299.68065460454346,298.2470148807097,298.1525294716014
7.813165419161217,1.0,299.68098339238793,298.24710546525876,298.1525354303617
7.816791017963612,1.0,299.6813121164218,298.2471960764785,298.15254139866397
7.820416616766007,1.0,299.68164077668615,298.2472867143504,298.152547376515
7.824042215568402,1.0,299.6819693732221,298.247377378856,298.15255336392175
7.8276678143707965,1.0,299.6822979060706,298.2474680699768,298.15255936089125
7.831293413173191,1.0,299.6826263752725,298.2475587876942,298.1525653674303
7.834919011975586,1.0,299.6829547808685,298.24764953198974,298.1525713835461
7.838544610777981,1.0,299.6832831228995,298.2477403028449,298.1525774092453
7.842170209580376,1.0,299.68361140140627,298.2478311002412,298.152583444535
7.84579580838277,1.0,299.68393961642937,298.2479219241603,298.1525894894221
7.849421407185165,1.0,299.6842677680093,298.24801277458363,298.1525955439135
7.85304700598756,1.0,299.6845958561867,298.2481036514927,298.1526016080161
7.856672604789955,1.0,299.68492388100196,298.2481945548692,298.15260768173687
7.860298203592349,1.0,299.6852518424954,298.2482854846946,298.15261376508266
7.863923802394744,1.0,299.68557974070745,298.24837644095044,298.1526198580605
7.867549401197139,1.0,299.6859075756784,298.24846742361837,298.1526259606772
7.871174999999534,1.0,299.6862353474484,298.24855843268,298.1526320729396
7.8748005988019285,1.0,299.6865630560576,298.2486494681168,298.1526381948547
7.878426197604323,1.0,299.6868907015461,298.24874052991055,298.15264432642937
7.882051796406718,1.0,299.6872182839538,298.24883161804286,298.15265046767036
7.885677395209113,1.0,299.6875458033209,298.2489227324952,298.1526566185847
7.889302994011508,1.0,299.6878732596871,298.2490138732493,298.1526627791792
7.892928592813902,1.0,299.6882006530923,298.2491050402868,298.15266894946075
7.896554191616297,1.0,299.6885279835763,298.24919623358943,298.1526751294362
7.900179790418692,1.0,299.6888552511787,298.24928745313883,298.15268131911245
7.903805389221087,1.0,299.6891824559394,298.24937869891653,298.15268751849624
7.907430988023481,1.0,299.68950959789777,298.2494699709044,298.1526937275945
7.911056586825876,1.0,299.6898366770934,298.249561269084,298.1526999464142
7.914682185628271,1.0,299.69016369356586,298.249652593437,298.15270617496196
7.918307784430666,1.0,299.6904906473545,298.24974394394525,298.15271241324467
7.9219333832330605,1.0,299.69081753849866,298.24983532059036,298.1527186612693
7.925558982035455,1.0,299.6911443670377,298.24992672335406,298.1527249190426
7.92918458083785,1.0,299.6914711330108,298.2500181522182,298.1527311865713
7.932810179640245,1.0,299.69179783645717,298.25010960716446,298.15273746386237
7.93643577844264,1.0,299.69212447741586,298.25020108817455,298.15274375092247
7.940061377245034,1.0,299.692451055926,298.25029259523023,298.1527500477585
7.943686976047429,1.0,299.6927775720267,298.2503841283133,298.15275635437723
7.947312574849824,1.0,299.6931040257568,298.25047568740564,298.1527626707855
7.950938173652219,1.0,299.6934304171551,298.2505672724888,298.15276899699
7.954563772454613,1.0,299.6937567462606,298.2506588835448,298.1527753329977
7.958189371257008,1.0,299.6940830131119,298.25075052055536,298.15278167881524
7.961814970059403,1.0,299.69440921774776,298.25084218350236,298.15278803444943
7.965440568861798,1.0,299.69473536020695,298.25093387236745,298.15279439990707
7.9690661676641925,1.0,299.6950614405279,298.25102558713263,298.1528007751949
7.972691766466587,1.0,299.6953874587493,298.2511173277797,298.15280716031975
7.976317365268982,1.0,299.69571341490956,298.2512090942905,298.1528135552883
7.979942964071377,1.0,299.696039309047,298.2513008866469,298.1528199601073
7.983568562873772,1.0,299.6963651412002,298.2513927048308,298.1528263747836
7.987194161676166,1.0,299.69669091140736,298.2514845488239,298.1528327993239
7.990819760478561,1.0,299.6970166197067,298.25157641860835,298.1528392337349
7.994445359280956,1.0,299.69734226613645,298.25166831416595,298.15284567802337
7.998070958083351,1.0,299.6976678507348,298.25176023547857,298.1528521321961
8.001696556885745,1.0,299.6979933735397,298.2518521825281,298.1528585962597
8.005322155688141,1.0,299.69831883458926,298.25194415529654,298.15286507022097
8.008947754490537,1.0,299.69864423392147,298.25203615376574,298.15287155408663
8.012573353292932,1.0,299.6989695715742,298.2521281779177,298.1528780478634
8.016198952095328,1.0,299.6992948475853,298.2522202277343,298.1528845515579
8.019824550897724,1.0,299.69962006199256,298.25231230319764,298.15289106517696
8.02345014970012,1.0,299.6999452148338,298.25240440428956,298.1528975887272
8.027075748502515,1.0,299.70027030614665,298.25249653099206,298.1529041222154
8.03070134730491,1.0,299.7005953359688,298.2525886832872,298.15291066564805
8.034326946107306,1.0,299.7009203043378,298.2526808611568,298.152917219032
8.037952544909702,1.0,299.70124521129117,298.2527730645831,298.152923782374
8.041578143712098,1.0,299.70157005686633,298.2528652935479,298.15293035568055
8.045203742514493,1.0,299.7018948411007,298.2529575480334,298.1529369389585
8.048829341316889,1.0,299.7022195640317,298.2530498280215,298.1529435322143
8.052454940119285,1.0,299.70254422569656,298.2531421334943,298.1529501354547
8.05608053892168,1.0,299.7028688261326,298.2532344644338,298.1529567486865
8.059706137724076,1.0,299.703193365377,298.2533268208221,298.1529633719162
8.063331736526472,1.0,299.7035178434668,298.2534192026413,298.1529700051505
8.066957335328867,1.0,299.7038422604392,298.2535116098733,298.152976648396
8.070582934131263,1.0,299.70416661633124,298.25360404250046,298.1529833016594
8.074208532933659,1.0,299.7044909111798,298.2536965005047,298.1529899649472
8.077834131736054,1.0,299.7048151450218,298.2537889838681,298.1529966382662
8.08145973053845,1.0,299.70513931789424,298.2538814925728,298.1530033216229
8.085085329340846,1.0,299.7054634298338,298.25397402660104,298.15301001502405
8.088710928143241,1.0,299.70578748087735,298.25406658593477,298.1530167184762
8.092336526945637,1.0,299.70611147106143,298.25415917055625,298.1530234319859
8.095962125748033,1.0,299.7064354004229,298.2542517804476,298.1530301555598
8.099587724550428,1.0,299.7067592689982,298.2543444155909,298.15303688920443
8.103213323352824,1.0,299.70708307682406,298.25443707596844,298.1530436329265
8.10683892215522,1.0,299.7074068239367,298.25452976156225,298.15305038673256
8.110464520957615,1.0,299.7077305103728,298.2546224723547,298.1530571506292
8.11409011976001,1.0,299.70805413616864,298.2547152083278,298.153063924623
8.117715718562406,1.0,299.7083777013606,298.2548079694638,298.15307070872046
8.121341317364802,1.0,299.7087012059849,298.25490075574487,298.1530775029282
8.124966916167198,1.0,299.7090246500779,298.25499356715335,298.1530843072528
8.128592514969593,1.0,299.70934803367555,298.25508640367144,298.1530911217008
8.132218113771989,1.0,299.7096713568142,298.2551792652813,298.1530979462788
8.135843712574385,1.0,299.70999461952994,298.2552721519653,298.1531047809934
8.13946931137678,1.0,299.7103178218586,298.2553650637055,298.15311162585095
8.143094910179176,1.0,299.7106409638363,298.25545800048434,298.15311848085815
8.146720508981572,1.0,299.7109640454988,298.25555096228396,298.15312534602145
8.150346107783967,1.0,299.7112870668822,298.2556439490868,298.15313222134756
8.153971706586363,1.0,299.71161002802205,298.25573696087497,298.15313910684273
8.157597305388759,1.0,299.71193292895435,298.2558299976309,298.15314600251367
8.161222904191154,1.0,299.7122557697148,298.2559230593368,298.15315290836696
8.16484850299355,1.0,299.71257855033883,298.256016145975,298.15315982440893
8.168474101795946,1.0,299.7129012708623,298.2561092575279,298.1531667506461
8.172099700598341,1.0,299.71322393132056,298.2562023939778,298.15317368708514
8.175725299400737,1.0,299.71354653174933,298.25629555530696,298.1531806337324
8.179350898203133,1.0,299.71386907218397,298.2563887414979,298.15318759059437
8.182976497005528,1.0,299.7141915526599,298.25648195253285,298.1531945576777
8.186602095807924,1.0,299.71451397321243,298.25657518839427,298.15320153498874
8.19022769461032,1.0,299.7148363338769,298.2566684490645,298.15320852253393
8.193853293412715,1.0,299.71515863468863,298.2567617345258,298.1532155203198
8.197478892215111,1.0,299.7154808756827,298.25685504476075,298.1532225283529
8.201104491017507,1.0,299.7158030568944,298.2569483797517,298.1532295466395
8.204730089819902,1.0,299.7161251783587,298.25704173948105,298.15323657518627
8.208355688622298,1.0,299.7164472401108,298.2571351239313,298.1532436139995
8.211981287424694,1.0,299.71676924218565,298.25722853308474,298.15325066308577
8.21560688622709,1.0,299.71709118461814,298.2573219669238,298.15325772245143
8.219232485029485,1.0,299.7174130674433,298.2574154254311,298.1532647921029
8.22285808383188,1.0,299.71773489069585,298.25750890858893,298.1532718720467
8.226483682634276,1.0,299.71805665441076,298.25760241637994,298.1532789622892
8.230109281436672,1.0,299.71837835862266,298.2576959487864,298.15328606283686
8.233734880239068,1.0,299.71870000336634,298.2577895057909,298.15329317369606
8.237360479041463,1.0,299.71902158867636,298.257883087376,298.1533002948733
8.240986077843859,1.0,299.71934311458745,298.2579766935241,298.1533074263749
8.244611676646254,1.0,299.71966458113405,298.2580703242178,298.1533145682073
8.24823727544865,1.0,299.7199859883509,298.25816397943953,298.1533217203769
8.251862874251046,1.0,299.72030733627236,298.2582576591719,298.15332888289004
8.255488473053441,1.0,299.7206286249327,298.25835136339737,298.1533360557532
8.259114071855837,1.0,299.7209498543665,298.2584450920985,298.1533432389727
8.262739670658233,1.0,299.7212710246079,298.25853884525793,298.15335043255504
8.266365269460628,1.0,299.7215921356913,298.25863262285816,298.1533576365064
8.269990868263024,1.0,299.72191318765096,298.25872642488173,298.15336485083327
8.27361646706542,1.0,299.72223418052096,298.2588202513113,298.153372075542
8.277242065867815,1.0,299.72255511433553,298.25891410212944,298.15337931063897
8.280867664670211,1.0,299.7228759891286,298.25900797731873,298.1533865561305
8.284493263472607,1.0,299.72319680493445,298.2591018768618,298.15339381202295
8.288118862275002,1.0,299.7235175617869,298.25919580074134,298.1534010783227
8.291744461077398,1.0,299.72383825971986,298.2592897489398,298.15340835503605
8.295370059879794,1.0,299.72415889876726,298.25938372144,298.1534156421693
8.29899565868219,1.0,299.724479478963,298.2594777182245,298.15342293972884
8.302621257484585,1.0,299.7248000003409,298.25957173927594,298.153430247721
8.30624685628698,1.0,299.7251204629346,298.259665784577,298.15343756615215
8.309872455089376,1.0,299.725440866778,298.2597598541103,298.1534448950285
8.313498053891772,1.0,299.72576121190457,298.25985394785874,298.15345223435634
8.317123652694168,1.0,299.72608149834804,298.25994806580474,298.15345958414207
8.320749251496563,1.0,299.7264017261419,298.2600422079311,298.15346694439194
8.324374850298959,1.0,299.7267218953197,298.26013637422056,298.1534743151123
8.328000449101355,1.0,299.72704200591494,298.26023056465584,298.15348169630937
8.33162604790375,1.0,299.72736205796105,298.2603247792197,298.15348908798956
8.335251646706146,1.0,299.7276820514914,298.2604190178948,298.153496490159
8.338877245508542,1.0,299.72800198653925,298.2605132806639,298.153503902824
8.342502844310937,1.0,299.72832186313804,298.2606075675097,298.15351132599096
8.346128443113333,1.0,299.7286416813209,298.26070187841503,298.15351875966593
8.349754041915729,1.0,299.7289614411211,298.2607962133627,298.15352620385534
8.353379640718124,1.0,299.7292811425717,298.2608905723354,298.1535336585654
8.35700523952052,1.0,299.72960078570605,298.260984955316,298.15354112380237
8.360630838322916,1.0,299.72992037055695,298.26107936228726,298.15354859957245
8.364256437125311,1.0,299.7302398971575,298.26117379323193,298.1535560858819
8.367882035927707,1.0,299.73055936554067,298.2612682481329,298.1535635827371
8.371507634730103,1.0,299.7308787757394,298.26136272697306,298.15357109014406
8.375133233532498,1.0,299.7311981277866,298.2614572297351,298.15357860810917
8.378758832334894,1.0,299.7315174217151,298.2615517564019,298.1535861366385
8.38238443113729,1.0,299.7318366575577,298.2616463069564,298.15359367573836
8.386010029939685,1.0,299.73215583534716,298.26174088138134,298.153601225415
8.38963562874208,1.0,299.73247495511606,298.2618354796597,298.1536087856746
8.393261227544476,1.0,299.73279401689723,298.2619301017742,298.15361635652323
8.396886826346872,1.0,299.7331130207232,298.2620247477079,298.15362393796727
8.400512425149268,1.0,299.73343196662654,298.2621194174436,298.15363153001283
8.404138023951663,1.0,299.7337508546398,298.2622141109643,298.1536391326661
8.407763622754059,1.0,299.7340696847955,298.2623088282528,298.15364674593326
8.411389221556455,1.0,299.734388457126,298.262403569292,298.1536543698206
8.41501482035885,1.0,299.73470717166373,298.26249833406496,298.1536620043341
8.418640419161246,1.0,299.73502582844105,298.2625931225545,298.15366964948
8.422266017963642,1.0,299.73534442749025,298.2626879347437,298.15367730526447
8.425891616766037,1.0,299.7356629688436,298.2627827706155,298.1536849716936
8.429517215568433,1.0,299.7359814525334,298.26287763015273,298.15369264877376
8.433142814370829,1.0,299.7362998785917,298.2629725133384,298.1537003365109
8.436768413173224,1.0,299.7366182470507,298.2630674201556,298.1537080349112
8.44039401197562,1.0,299.7369365579425,298.26316235058727,298.1537157439808
8.444019610778016,1.0,299.7372548112992,298.2632573046164,298.15372346372584
8.447645209580411,1.0,299.7375730071526,298.26335228222604,298.1537311941525
8.451270808382807,1.0,299.7378911455349,298.26344728339916,298.1537389352668
8.454896407185203,1.0,299.73820922647786,298.2635423081188,298.15374668707494
8.458522005987598,1.0,299.7385272500134,298.263637356368,298.15375444958295
8.462147604789994,1.0,299.7388452161735,298.26373242812986,298.153762222797
8.46577320359239,1.0,299.7391631249897,298.2638275233874,298.1537700067232
8.469398802394785,1.0,299.73948097649395,298.26392264212365,298.1537778013676
8.473024401197181,1.0,299.7397987707178,298.2640177843217,298.1537856067364
8.476649999999577,1.0,299.740116507693,298.26411294996467,298.15379342283546
8.480275598801972,1.0,299.7404341874513,298.2642081390356,298.15380124967106
8.483901197604368,1.0,299.74075181002405,298.2643033515175,298.15380908724933
8.487526796406764,1.0,299.74106937544286,298.26439858739377,298.15381693557606
8.49115239520916,1.0,299.7413868837393,298.2644938466473,298.15382479465757
8.494777994011555,1.0,299.74170433494476,298.2645891292613,298.1538326644998
8.49840359281395,1.0,299.7420217290907,298.2646844352188,298.15384054510884
8.502029191616346,1.0,299.7423390662084,298.26477976450303,298.15384843649076
8.505654790418742,1.0,299.7426563463293,298.26487511709723,298.1538563386516
8.509280389221137,1.0,299.74297356948466,298.26497049298433,298.15386425159744
8.512905988023533,1.0,299.74329073570567,298.26506589214773,298.1538721753342
8.516531586825929,1.0,299.7436078450236,298.2651613145705,298.153880109868
8.520157185628324,1.0,299.7439248974696,298.2652567602359,298.15388805520485
8.52378278443072,1.0,299.74424189307473,298.265352229127,298.15389601135075
8.527408383233116,1.0,299.74455883187017,298.2654477212272,298.15390397831175
8.531033982035511,1.0,299.74487571388687,298.26554323651953,298.15391195609385
8.534659580837907,1.0,299.7451925391559,298.2656387749873,298.153919944703
8.538285179640303,1.0,299.7455093077082,298.2657343366137,298.1539279441453
8.541910778442698,1.0,299.7458260195746,298.265829921382,298.15393595442674
8.545536377245094,1.0,299.74614267478614,298.26592552927553,298.1539439755532
8.54916197604749,1.0,299.7464592733736,298.26602116027743,298.15395200753073
8.552787574849885,1.0,299.7467758153677,298.266116814371,298.1539600503653
8.556413173652281,1.0,299.74709230079935,298.26621249153953,298.1539681040629
8.560038772454677,1.0,299.7474087296991,298.2663081917663,298.1539761686295
8.563664371257072,1.0,299.74772510209766,298.26640391503463,298.1539842440712
8.567289970059468,1.0,299.7480414180258,298.2664996613278,298.1539923303937
8.570915568861864,1.0,299.748357677514,298.2665954306292,298.1540004276031
8.57454116766426,1.0,299.7486738805928,298.26669122292196,298.15400853570526
8.578166766466655,1.0,299.74899002729273,298.26678703818965,298.1540166547063
8.58179236526905,1.0,299.7493061176443,298.2668828764155,298.154024784612
8.585417964071446,1.0,299.74962215167807,298.2669787375828,298.15403292542834
8.589043562873842,1.0,299.74993812942427,298.26707462167496,298.1540410771613
8.592669161676238,1.0,299.7502540509132,298.26717052867536,298.15404923981674
8.596294760478633,1.0,299.75056991617544,298.2672664585674,298.1540574134006
8.599920359281029,1.0,299.75088572524106,298.26736241133443,298.1540655979188
8.603545958083425,1.0,299.7512014781403,298.26745838695985,298.1540737933773
8.60717155688582,1.0,299.75151717490337,298.267554385427,298.15408199978197
8.610797155688216,1.0,299.75183281556053,298.2676504067194,298.1540902171386
8.614422754490612,1.0,299.75214840014183,298.2677464508204,298.15409844545326
8.618048353293007,1.0,299.7524639286774,298.26784251771346,298.1541066847317
8.621673952095403,1.0,299.75277940119724,298.26793860738206,298.1541149349798
8.625299550897799,1.0,299.75309481773144,298.2680347198095,298.15412319620367
8.628925149700194,1.0,299.7534101783099,298.2681308549794,298.15413146840893
8.63255074850259,1.0,299.7537254829625,298.2682270128751,298.1541397516015
8.636176347304986,1.0,299.7540407317193,298.26832319348017,298.1541480457873
8.639801946107381,1.0,299.7543559246099,298.2684193967781,298.1541563509722
8.643427544909777,1.0,299.75467106166434,298.26851562275226,298.15416466716204
8.647053143712172,1.0,299.7549861429123,298.26861187138627,298.15417299436257
8.650678742514568,1.0,299.7553011683836,298.26870814266357,298.1541813325798
8.654304341316964,1.0,299.75561613810777,298.2688044365677,298.1541896818194
8.65792994011936,1.0,299.75593105211465,298.26890075308216,298.15419804208733
8.661555538921755,1.0,299.75624591043385,298.2689970921905,298.1542064133894
8.66518113772415,1.0,299.7565607130948,298.2690934538763,298.1542147957313
8.668806736526546,1.0,299.7568754601272,298.26918983812305,298.1542231891191
8.672432335328942,1.0,299.7571901515605,298.2692862449144,298.15423159355834
8.676057934131338,1.0,299.75750478742424,298.2693826742339,298.154240009055
8.679683532933733,1.0,299.75781936774774,298.269479126065,298.1542484356148
8.683309131736129,1.0,299.7581338925605,298.2695756003914,298.15425687324364
8.686934730538525,1.0,299.75844836189185,298.26967209719675,298.15426532194726
8.69056032934092,1.0,299.75876277577106,298.26976861646455,298.15427378173143
8.694185928143316,1.0,299.7590771342275,298.2698651581785,298.1542822526019
8.697811526945712,1.0,299.75939143729045,298.26996172232214,298.1542907345645
8.701437125748107,1.0,299.759705684989,298.2700583088792,298.15429922762496
8.705062724550503,1.0,299.7600198773524,298.2701549178332,298.1543077317891
8.708688323352899,1.0,299.7603340144098,298.2702515491679,298.1543162470627
8.712313922155294,1.0,299.76064809619027,298.2703482028669,298.15432477345144
8.71593952095769,1.0,299.7609621227229,298.27044487891385,298.1543333109611
8.719565119760086,1.0,299.7612760940367,298.2705415772925,298.1543418595974
8.723190718562481,1.0,299.76159001016066,298.27063829798647,298.1543504193662
8.726816317364877,1.0,299.76190387112376,298.27073504097945,298.15435899027307
8.730441916167273,1.0,299.7622176769549,298.2708318062552,298.1543675723239
8.734067514969668,1.0,299.76253142768303,298.2709285937974,298.1543761655243
8.737693113772064,1.0,299.76284512333683,298.27102540358976,298.15438476988004
8.74131871257446,1.0,299.7631587639453,298.2711222356161,298.1543933853968
8.744944311376855,1.0,299.76347234953715,298.27121908986004,298.15440201208037
8.748569910179251,1.0,299.76378588014103,298.27131596630534,298.1544106499364
8.752195508981647,1.0,299.7640993557858,298.27141286493577,298.15441929897054
8.755821107784042,1.0,299.7644127765,298.2715097857352,298.1544279591885
8.759446706586438,1.0,299.7647261423123,298.2716067286873,298.15443663059614
8.763072305388834,1.0,299.76503945325135,298.2717036937758,298.15444531319895
8.76669790419123,1.0,299.7653527093457,298.2718006809846,298.15445400700264
8.770323502993625,1.0,299.76566591062374,298.2718976902975,298.15446271201296
8.77394910179602,1.0,299.7659790571141,298.27199472169826,298.15447142823547
8.777574700598416,1.0,299.7662921488452,298.2720917751707,298.154480155676
8.781200299400812,1.0,299.7666051858455,298.2721888506987,298.1544888943401
8.784825898203207,1.0,299.7669181681432,298.272285948266,298.15449764423346
8.788451497005603,1.0,299.7672310957669,298.2723830678565,298.15450640536164
8.792077095807999,1.0,299.76754396874475,298.27248020945405,298.1545151777304
8.795702694610394,1.0,299.7678567871051,298.2725773730425,298.1545239613453
8.79932829341279,1.0,299.7681695508761,298.2726745586058,298.154532756212
8.802953892215186,1.0,299.76848226008605,298.27277176612773,298.1545415623362
8.806579491017581,1.0,299.76879491476313,298.2728689955922,298.15455037972345
8.810205089819977,1.0,299.76910751493546,298.2729662469831,298.1545592083794
8.813830688622373,1.0,299.7694200606311,298.27306352028444,298.1545680483096
8.817456287424768,1.0,299.7697325518781,298.27316081548,298.1545768995197
8.821081886227164,1.0,299.7700449887046,298.27325813255374,298.15458576201536
8.82470748502956,1.0,299.7703573711385,298.27335547148965,298.1545946358021
8.828333083831955,1.0,299.7706696992079,298.27345283227163,298.15460352088553
8.831958682634351,1.0,299.7709819729405,298.27355021488364,298.15461241727127
8.835584281436747,1.0,299.7712941923644,298.2736476193096,298.1546213249648
8.839209880239142,1.0,299.77160635750744,298.27374504553353,298.15463024397184
8.842835479041538,1.0,299.77191846839736,298.2738424935394,298.1546391742979
8.846461077843934,1.0,299.77223052506207,298.27393996331114,298.15464811594853
8.85008667664633,1.0,299.7725425275292,298.27403745483286,298.1546570689293
8.853712275448725,1.0,299.77285447582653,298.2741349680884,298.1546660332458
8.85733787425112,1.0,299.7731663699818,298.27423250306185,298.15467500890355
8.860963473053516,1.0,299.77347821002263,298.2743300597374,298.1546839959081
8.864589071855912,1.0,299.77378999597664,298.27442763809876,298.154692994265
8.868214670658308,1.0,299.77410172787137,298.2745252381302,298.1547020039798
8.871840269460703,1.0,299.77441340573455,298.2746228598157,298.154711025058
8.875465868263099,1.0,299.7747250295934,298.27472050313935,298.15472005750524
8.879091467065495,1.0,299.7750365994758,298.2748181680851,298.15472910132684
8.88271706586789,1.0,299.7753481154089,298.2749158546372,298.1547381565285
8.886342664670286,1.0,299.7756595774203,298.2750135627796,298.1547472231156
8.889968263472682,1.0,299.77597098553724,298.2751112924964,298.1547563010937
8.893593862275077,1.0,299.77628233978726,298.2752090437717,298.1547653904683
8.897219461077473,1.0,299.7765936401975,298.2753068165897,298.1547744912449
8.900845059879869,1.0,299.77690488679536,298.2754046109344,298.154783603429
8.904470658682264,1.0,299.7772160796082,298.27550242679007,298.154792727026
8.90809625748466,1.0,299.777527218663,298.2756002641407,298.1548018620415
8.911721856287055,1.0,299.77783830398715,298.2756981229705,298.154811008481
8.915347455089451,1.0,299.7781493356077,298.2757960032636,298.1548201663498
8.918973053891847,1.0,299.7784603135518,298.2758939050042,298.1548293356535
8.922598652694242,1.0,299.7787712378466,298.2759918281764,298.15483851639755
8.926224251496638,1.0,299.7790821085191,298.27608977276446,298.15484770858734
8.929849850299034,1.0,299.7793929255964,298.27618773875247,298.15485691222835
8.93347544910143,1.0,299.7797036891054,298.27628572612474,298.1548661273261
8.937101047903825,1.0,299.7800143990732,298.2763837348654,298.15487535388587
8.94072664670622,1.0,299.78032505552653,298.27648176495876,298.1548845919133
8.944352245508616,1.0,299.7806356584925,298.2765798163889,298.15489384141364
8.947977844311012,1.0,299.7809462079979,298.27667788914016,298.1549031023924
8.951603443113408,1.0,299.7812567040695,298.27677598319667,298.1549123748549
8.955229041915803,1.0,299.7815671467342,298.2768740985428,298.1549216588067
8.958854640718199,1.0,299.78187753601884,298.2769722351628,298.15493095425313
8.962480239520595,1.0,299.78218787194993,298.27707039304084,298.1549402611996
8.96610583832299,1.0,299.7824981545544,298.2771685721613,298.1549495796515
8.969731437125386,1.0,299.7828083838587,298.2772667725084,298.15495890961427
8.973357035927782,1.0,299.7831185598898,298.27736499406643,298.1549682510932
8.976982634730177,1.0,299.783428682674,298.2774632368198,298.1549776040938
8.980608233532573,1.0,299.7837387522381,298.2775615007526,298.15498696862136
8.984233832334969,1.0,299.7840487686085,298.2776597858494,298.1549963446813
8.987859431137364,1.0,299.7843587318118,298.2777580920943,298.15500573227894
8.99148502993976,1.0,299.7846686418745,298.27785641947185,298.15501513141965
8.995110628742156,1.0,299.7849784988229,298.2779547679662,298.1550245421088
8.998736227544551,1.0,299.7852883026836,298.27805313756187,298.15503396435173
9.002361826346947,1.0,299.785598053483,298.2781515282431,298.15504339815385
9.005987425149343,1.0,299.7859077512474,298.2782499399944,298.1550528435204
9.009613023951738,1.0,299.7862173960031,298.27834837279994,298.1550623004568
9.013238622754134,1.0,299.78652698777654,298.2784468266443,298.15507176896836
9.01686422155653,1.0,299.78683652659385,298.2785453015118,298.1550812490604
9.020489820358925,1.0,299.7871460124813,298.2786437973869,298.1550907407382
9.02411541916132,1.0,299.78745544546507,298.2787423142539,298.15510024400714
9.027741017963717,1.0,299.7877648255715,298.27884085209735,298.1551097588725
9.031366616766112,1.0,299.78807415282654,298.27893941090156,298.15511928533965
9.034992215568508,1.0,299.7883834272564,298.2790379906511,298.1551288234138
9.038617814370904,1.0,299.7886926488872,298.27913659133037,298.15513837310027
9.0422434131733,1.0,299.7890018177448,298.2792352129238,298.1551479344043
9.045869011975695,1.0,299.78931093385546,298.2793338554159,298.1551575073313
9.04949461077809,1.0,299.78961999724515,298.27943251879117,298.1551670918864
9.053120209580486,1.0,299.78992900793975,298.27953120303397,298.1551766880751
9.056745808382882,1.0,299.79023796596516,298.2796299081289,298.1551862959024
9.060371407185277,1.0,299.7905468713474,298.27972863406046,298.1551959153737
9.063997005987673,1.0,299.79085572411225,298.2798273808132,298.1552055464943
9.067622604790069,1.0,299.7911645242856,298.2799261483715,298.15521518926937
9.071248203592464,1.0,299.7914732718932,298.28002493671994,298.1552248437042
9.07487380239486,1.0,299.7917819669609,298.2801237458431,298.15523450980413
9.078499401197256,1.0,299.7920906095145,298.2802225757256,298.15524418757417
9.082124999999651,1.0,299.7923991995797,298.28032142635186,298.15525387701973
9.085750598802047,1.0,299.792707737182,298.2804202977065,298.15526357814593
9.089376197604443,1.0,299.7930162223474,298.28051918977405,298.1552732909581
9.093001796406838,1.0,299.79332465510123,298.28061810253917,298.15528301546146
9.096627395209234,1.0,299.7936330354693,298.28071703598647,298.1552927516612
9.10025299401163,1.0,299.7939413634771,298.2808159901004,298.1553024995624
9.103878592814025,1.0,299.79424963915017,298.28091496486564,298.1553122591704
9.107504191616421,1.0,299.794557862514,298.2810139602669,298.15532203049037
9.111129790418817,1.0,299.79486603359425,298.2811129762886,298.1553318135274
9.114755389221212,1.0,299.79517415241617,298.2812120129156,298.1553416082869
9.118380988023608,1.0,299.7954822190053,298.2813110701324,298.1553514147739
9.122006586826004,1.0,299.7957902333869,298.28141014792374,298.15536123299364
9.1256321856284,1.0,299.7960981955866,298.28150924627414,298.15537106295125
9.129257784430795,1.0,299.7964061056295,298.28160836516844,298.15538090465185
9.13288338323319,1.0,299.7967139635411,298.2817075045913,298.1553907581006
9.136508982035586,1.0,299.7970217693465,298.28180666452727,298.1554006233028
9.140134580837982,1.0,299.79732952307097,298.2819058449611,298.15541050026354
9.143760179640378,1.0,299.79763722473996,298.28200504587755,298.15542038898786
9.147385778442773,1.0,299.7979448743784,298.2821042672613,298.155430289481
9.151011377245169,1.0,299.7982524720117,298.28220350909703,298.15544020174815
9.154636976047565,1.0,299.7985600176648,298.28230277136953,298.1554501257943
9.15826257484996,1.0,299.7988675113629,298.2824020540635,298.1554600616247
9.161888173652356,1.0,299.79917495313117,298.28250135716365,298.15547000924437
9.165513772454752,1.0,299.7994823429944,298.2826006806548,298.1554799686585
9.169139371257147,1.0,299.7997896809779,298.2827000245218,298.1554899398721
9.172764970059543,1.0,299.8000969671065,298.28279938874925,298.1554999228904
9.176390568861938,1.0,299.8004042014052,298.282898773322,298.1555099177184
9.180016167664334,1.0,299.800711383899,298.2829981782249,298.1555199243613
9.18364176646673,1.0,299.80101851461274,298.2830976034426,298.1555299428241
9.187267365269125,1.0,299.80132559357133,298.28319704896,298.1555399731119
9.190892964071521,1.0,299.8016326207997,298.283296514762,298.15555001522984
9.194518562873917,1.0,299.80193959632254,298.2833960008333,298.1555600691829
9.198144161676312,1.0,299.8022465201648,298.2834955071588,298.1555701349763
9.201769760478708,1.0,299.80255339235106,298.28359503372326,298.1555802126149
9.205395359281104,1.0,299.80286021290624,298.2836945805116,298.15559030210386
9.2090209580835,1.0,299.803166981855,298.28379414750873,298.15560040344826
9.212646556885895,1.0,299.80347369922197,298.28389373469935,298.1556105166531
9.21627215568829,1.0,299.80378036503197,298.28399334206847,298.1556206417235
9.219897754490686,1.0,299.8040869793095,298.284092969601,298.15563077866443
9.223523353293082,1.0,299.80439354207914,298.28419261728175,298.15564092748093
9.227148952095478,1.0,299.80470005336554,298.28429228509566,298.15565108817805
9.230774550897873,1.0,299.80500651319323,298.2843919730276,298.15566126076084
9.234400149700269,1.0,299.8053129215868,298.28449168106255,298.1556714452342
9.238025748502665,1.0,299.80561927857053,298.2845914091854,298.1556816416033
9.24165134730506,1.0,299.80592558416924,298.28469115738113,298.155691849873
9.245276946107456,1.0,299.80623183840703,298.2847909256347,298.15570207004845
9.248902544909852,1.0,299.80653804130856,298.28489071393096,298.1557123021345
9.252528143712247,1.0,299.80684419289804,298.28499052225493,298.1557225461362
9.256153742514643,1.0,299.8071502931999,298.28509035059153,298.1557328020586
9.259779341317039,1.0,299.80745634223854,298.2851901989259,298.1557430699067
9.263404940119434,1.0,299.8077623400381,298.2852900672429,298.1557533496853
9.26703053892183,1.0,299.80806828662304,298.28538995552753,298.1557636413995
9.270656137724226,1.0,299.80837418201753,298.28548986376484,298.15577394505436
9.274281736526621,1.0,299.8086800262457,298.28558979193986,298.1557842606546
9.277907335329017,1.0,299.808985819332,298.28568974003747,298.1557945882053
9.281532934131413,1.0,299.80929156130037,298.28578970804284,298.15580492771153
9.285158532933808,1.0,299.8095972521751,298.285889695941,298.15581527917806
9.288784131736204,1.0,299.8099028919801,298.285989703717,298.15582564260995
9.2924097305386,1.0,299.8102084807397,298.28608973135584,298.15583601801205
9.296035329340995,1.0,299.8105140184779,298.28618977884264,298.1558464053893
9.29966092814339,1.0,299.8108195052186,298.2862898461625,298.1558568047467
9.303286526945787,1.0,299.811124940986,298.2863899333004,298.15586721608906
9.306912125748182,1.0,299.811430325804,298.2864900402416,298.15587763942136
9.310537724550578,1.0,299.8117356596966,298.286590166971,298.15588807474853
9.314163323352973,1.0,299.8120409426876,298.2866903134738,298.1558985220754
9.31778892215537,1.0,299.81234617480106,298.28679047973515,298.155908981407
9.321414520957765,1.0,299.81265135606077,298.2868906657402,298.1559194527481
9.32504011976016,1.0,299.81295648649063,298.286990871474,298.1559299361037
9.328665718562556,1.0,299.8132615661145,298.28709109692176,298.15594043147854
9.332291317364952,1.0,299.81356659495606,298.2871913420686,298.1559509388776
9.335916916167347,1.0,299.81387157303925,298.28729160689966,298.15596145830574
9.339542514969743,1.0,299.8141765003877,298.2873918914002,298.1559719897678
9.343168113772139,1.0,299.8144813770252,298.2874921955553,298.15598253326874
9.346793712574534,1.0,299.81478620297537,298.28759251935014,298.1559930888133
9.35041931137693,1.0,299.8150909782619,298.28769286277003,298.15600365640637
9.354044910179326,1.0,299.81539570290846,298.28779322580004,298.15601423605284
9.357670508981721,1.0,299.8157003769387,298.2878936084255,298.15602482775756
9.361296107784117,1.0,299.8160050003762,298.28799401063156,298.15603543152525
9.364921706586513,1.0,299.81630957324455,298.28809443240345,298.15604604736086
9.368547305388908,1.0,299.8166140955672,298.28819487372647,298.1560566752692
9.372172904191304,1.0,299.8169185673678,298.28829533458577,298.1560673152551
9.3757985029937,1.0,299.8172229886697,298.2883958149667,298.1560779673233
9.379424101796095,1.0,299.8175273594965,298.2884963148545,298.1560886314787
9.383049700598491,1.0,299.8178316798716,298.2885968342344,298.1560993077261
9.386675299400887,1.0,299.8181359498183,298.2886973730917,298.1561099960703
9.390300898203282,1.0,299.8184401693602,298.28879793141175,298.15612069651604
9.393926497005678,1.0,299.8187443385206,298.2888985091798,298.15613140906817
9.397552095808074,1.0,299.81904845732276,298.2889991063811,298.15614213373146
9.40117769461047,1.0,299.81935252579007,298.2890997230011,298.15615287051065
9.404803293412865,1.0,299.81965654394577,298.2892003590249,298.1561636194106
9.40842889221526,1.0,299.8199605118132,298.28930101443814,298.156174380436
9.412054491017656,1.0,299.8202644294155,298.28940168922594,298.15618515359176
9.415680089820052,1.0,299.82056829677595,298.2895023833737,298.1561959388825
9.419305688622448,1.0,299.8208721139177,298.2896030968668,298.15620673631304
9.422931287424843,1.0,299.82117588086396,298.2897038296906,298.15621754588807
9.426556886227239,1.0,299.8214795976379,298.2898045818305,298.15622836761236
9.430182485029635,1.0,299.8217832642626,298.2899053532718,298.15623920149073
9.43380808383203,1.0,299.8220868807611,298.290006144,298.1562500475278
9.437433682634426,1.0,299.82239044715664,298.29010695400046,298.15626090572846
9.441059281436821,1.0,299.82269396347203,298.29020778325855,298.1562717760972
9.444684880239217,1.0,299.82299742973044,298.29030863175973,298.15628265863893
9.448310479041613,1.0,299.82330084595486,298.29040949948944,298.1562935533583
9.451936077844008,1.0,299.82360421216816,298.2905103864331,298.15630446026006
9.455561676646404,1.0,299.82390752839336,298.29061129257616,298.1563153793489
9.4591872754488,1.0,299.82421079465337,298.290712217904,298.1563263106295
9.462812874251195,1.0,299.82451401097114,298.2908131624022,298.1563372541066
9.466438473053591,1.0,299.8248171773695,298.2909141260561,298.15634820978477
9.470064071855987,1.0,299.82512029387124,298.2910151088513,298.15635917766883
9.473689670658382,1.0,299.82542336049926,298.29111611077326,298.1563701577634
9.477315269460778,1.0,299.82572637727634,298.29121713180734,298.1563811500732
9.480940868263174,1.0,299.8260293442253,298.2913181719393,298.1563921546028
9.48456646706557,1.0,299.8263322613687,298.29141923115446,298.156403171357
9.488192065867965,1.0,299.82663512872955,298.2915203094384,298.1564142003404
9.49181766467036,1.0,299.82693794633036,298.2916214067766,298.15642524155766
9.495443263472756,1.0,299.82724071419386,298.29172252315465,298.1564362950134
9.499068862275152,1.0,299.82754343234274,298.29182365855803,298.15644736071226
9.502694461077548,1.0,299.8278461007996,298.29192481297247,298.15645843865894
9.506320059879943,1.0,299.8281487195871,298.29202598638335,298.15646952885805
9.509945658682339,1.0,299.8284512887277,298.29212717877624,298.1564806313142
9.513571257484735,1.0,299.8287538082441,298.29222839013687,298.15649174603203
9.51719685628713,1.0,299.8290562781587,298.2923296204507,298.1565028730161
9.520822455089526,1.0,299.8293586984941,298.29243086970337,298.15651401227115
9.524448053891922,1.0,299.82966106927284,298.29253213788047,298.1565251638017
9.528073652694317,1.0,299.82996339051726,298.2926334249676,298.15653632761234
9.531699251496713,1.0,299.83026566225,298.2927347309505,298.15654750370777
9.535324850299109,1.0,299.83056788449323,298.2928360558147,298.1565586920924
9.538950449101504,1.0,299.8308700572695,298.29293739954585,298.156569892771
9.5425760479039,1.0,299.8311721806012,298.2930387621296,298.1565811057481
9.546201646706296,1.0,299.83147425451057,298.29314014355157,298.15659233102826
9.549827245508691,1.0,299.83177627902006,298.29324154379754,298.1566035686161
9.553452844311087,1.0,299.8320782541519,298.29334296285305,298.1566148185162
9.557078443113483,1.0,299.8323801799284,298.29344440070383,298.156626080733
9.560704041915878,1.0,299.83268205637177,298.2935458573356,298.1566373552711
9.564329640718274,1.0,299.83298388350426,298.293647332734,298.1566486421351
9.56795523952067,1.0,299.8332856613481,298.29374882688484,298.1566599413296
9.571580838323065,1.0,299.8335873899255,298.29385033977377,298.15667125285904
9.57520643712546,1.0,299.8338890692586,298.29395187138647,298.15668257672803
9.578832035927856,1.0,299.8341906993695,298.2940534217087,298.156693912941
9.582457634730252,1.0,299.8344922802805,298.2941549907263,298.1567052615026
9.586083233532648,1.0,299.83479381201334,298.29425657842495,298.1567166224173
9.589708832335043,1.0,299.83509529459053,298.2943581847903,298.15672799568966
9.593334431137439,1.0,299.8353967280338,298.29445980980836,298.1567393813241
9.596960029939835,1.0,299.83569811236526,298.2945614534647,298.1567507793252
9.60058562874223,1.0,299.835999447607,298.2946631157452,298.1567621896974
9.604211227544626,1.0,299.8363007337809,298.29476479663555,298.1567736124453
9.607836826347022,1.0,299.836601970909,298.2948664961217,298.1567850475733
9.611462425149417,1.0,299.83690315901316,298.2949682141893,298.15679649508587
9.615088023951813,1.0,299.8372042981154,298.29506995082426,298.15680795498764
9.618713622754209,1.0,299.8375053882375,298.2951717060124,298.156819427283
9.622339221556604,1.0,299.83780642940144,298.29527347973954,298.15683091197633
9.625964820359,1.0,299.83810742162893,298.29537527199153,298.1568424090723
9.629590419161396,1.0,299.8384083649419,298.29547708275425,298.15685391857517
9.633216017963791,1.0,299.83870925936213,298.2955789120135,298.15686544048947
9.636841616766187,1.0,299.8390101049114,298.2956807597552,298.15687697481974
9.640467215568583,1.0,299.8393109016115,298.2957826259653,298.15688852157035
9.644092814370978,1.0,299.8396116494842,298.29588451062943,298.15690008074574
9.647718413173374,1.0,299.839912348551,298.2959864137337,298.15691165235035
9.65134401197577,1.0,299.8402129988339,298.29608833526396,298.1569232363886
9.654969610778165,1.0,299.84051360035437,298.29619027520613,298.1569348328649
9.658595209580561,1.0,299.8408141531341,298.2962922335461,298.1569464417838
9.662220808382957,1.0,299.8411146571947,298.2963942102698,298.15695806314955
9.665846407185352,1.0,299.84141511255785,298.2964962053632,298.15696969696666
9.669472005987748,1.0,299.841715519245,298.2965982188122,298.15698134323947
9.673097604790144,1.0,299.8420158772779,298.2967002506028,298.15699300197247
9.67672320359254,1.0,299.8423161866779,298.2968023007209,298.15700467317
9.680348802394935,1.0,299.84261644746664,298.2969043691525,298.15701635683644
9.68397440119733,1.0,299.8429166596656,298.2970064558836,298.1570280529762
9.687599999999726,1.0,299.84321682329625,298.29710856090014,298.15703976159375
9.691225598802122,1.0,299.84351693838,298.2972106841882,298.1570514826933
9.694851197604518,1.0,299.8438170049383,298.2973128257337,298.1570632162793
9.698476796406913,1.0,299.8441170229926,298.2974149855226,298.15707496235615
9.702102395209309,1.0,299.8444169925642,298.29751716354104,298.15708672092813
9.705727994011704,1.0,299.8447169136745,298.297619359775,298.15709849199965
9.7093535928141,1.0,299.84501678634496,298.2977215742105,298.1571102755751
9.712979191616496,1.0,299.8453166105968,298.29782380683366,298.1571220716588
9.716604790418891,1.0,299.84561638645135,298.2979260576305,298.1571338802551
9.720230389221287,1.0,299.84591611392983,298.2980283265869,298.1571457013682
9.723855988023683,1.0,299.84621579305355,298.29813061368924,298.1571575350026
9.727481586826078,1.0,299.8465154238438,298.2982329189234,298.1571693811626
9.731107185628474,1.0,299.8468150063217,298.29833524227547,298.1571812398525
9.73473278443087,1.0,299.8471145405085,298.29843758373164,298.15719311107654
9.738358383233265,1.0,299.8474140264254,298.2985399432779,298.15720499483916
9.741983982035661,1.0,299.84771346409354,298.29864232090046,298.15721689114457
9.745609580838057,1.0,299.848012853534,298.29874471658536,298.15722879999714
9.749235179640452,1.0,299.8483121947679,298.2988471303188,298.1572407214011
9.752860778442848,1.0,299.84861148781636,298.2989495620869,298.15725265536076
9.756486377245244,1.0,299.8489107327005,298.2990520118757,298.1572646018805
9.76011197604764,1.0,299.8492099294413,298.2991544796715,298.1572765609645
9.763737574850035,1.0,299.8495090780598,298.2992569654604,298.157288532617
9.76736317365243,1.0,299.84980817857695,298.2993594692286,298.15730051684244
9.770988772454826,1.0,299.8501072310139,298.2994619909622,298.1573125136449
9.774614371257222,1.0,299.8504062353915,298.29956453064744,298.15732452302876
9.778239970059618,1.0,299.8507051917307,298.2996670882705,298.1573365449982
9.781865568862013,1.0,299.8510041000524,298.2997696638176,298.1573485795575
9.785491167664409,1.0,299.85130296037767,298.29987225727496,298.15736062671095
9.789116766466805,1.0,299.8516017727272,298.2999748686288,298.15737268646274
9.7927423652692,1.0,299.85190053712194,298.30007749786535,298.1573847588171
9.796367964071596,1.0,299.8521992535826,298.30018014497074,298.1573968437784
9.799993562873992,1.0,299.8524979221302,298.3002828099314,298.1574089413506
9.803619161676387,1.0,299.85279654278554,298.3003854927334,298.15742105153817
9.807244760478783,1.0,299.8530951155692,298.3004881933632,298.15743317434516
9.810870359281179,1.0,299.8533936405021,298.30059091180686,298.1574453097758
9.814495958083574,1.0,299.8536921176049,298.3006936480508,298.1574574578344
9.81812155688597,1.0,299.8539905468984,298.3007964020813,298.1574696185252
9.821747155688366,1.0,299.8542889284032,298.30089917388455,298.1574817918522
9.825372754490761,1.0,299.8545872621401,298.30100196344694,298.15749397781974
9.828998353293157,1.0,299.8548855481297,298.30110477075476,298.157506176432
9.832623952095553,1.0,299.8551837863926,298.3012075957944,298.1575183876931
9.836249550897948,1.0,299.8554819769494,298.301310438552,298.15753061160717
9.839875149700344,1.0,299.8557801198209,298.3014132990141,298.1575428481785
9.84350074850274,1.0,299.8560782150274,298.30151617716695,298.1575550974112
9.847126347305135,1.0,299.85637626258966,298.30161907299686,298.15756735930944
9.85075194610753,1.0,299.85667426252814,298.3017219864903,298.1575796338774
9.854377544909926,1.0,299.8569722148634,298.30182491763355,298.1575919211191
9.858003143712322,1.0,299.85727011961586,298.301927866413,298.1576042210389
9.861628742514718,1.0,299.8575679768061,298.3020308328151,298.1576165336408
9.865254341317113,1.0,299.85786578645445,298.3021338168262,298.15762885892906
9.868879940119509,1.0,299.85816354858156,298.3022368184327,298.1576411969076
9.872505538921905,1.0,299.8584612632076,298.30233983762093,298.1576535475807
9.8761311377243,1.0,299.8587589303531,298.30244287437745,298.1576659109525
9.879756736526696,1.0,299.8590565500385,298.3025459286887,298.15767828702707
9.883382335329092,1.0,299.859354122284,298.30264900054095,298.1576906758085
9.887007934131487,1.0,299.85965164711007,298.3027520899208,298.15770307730094
9.890633532933883,1.0,299.859949124537,298.30285519681456,298.1577154915085
9.894259131736279,1.0,299.8602465545851,298.30295832120885,298.15772791843517
9.897884730538674,1.0,299.8605439372746,298.30306146309,298.15774035808516
9.90151032934107,1.0,299.8608412726258,298.30316462244457,298.1577528104625
9.905135928143466,1.0,299.861138560659,298.303267799259,298.1577652755713
9.908761526945861,1.0,299.86143580139435,298.3033709935198,298.1577777534156
9.912387125748257,1.0,299.861732994852,298.30347420521355,298.15779024399956
9.916012724550653,1.0,299.86203014105223,298.3035774343266,298.15780274732714
9.919638323353048,1.0,299.8623272400152,298.30368068084556,298.1578152634024
9.923263922155444,1.0,299.86262429176105,298.30378394475696,298.1578277922295
9.92688952095784,1.0,299.8629212963099,298.3038872260473,298.15784033381243
9.930515119760235,1.0,299.86321825368185,298.3039905247031,298.1578528881552
9.934140718562631,1.0,299.863515163897,298.30409384071106,298.15786545526197
9.937766317365027,1.0,299.8638120269754,298.3041971740576,298.15787803513666
9.941391916167422,1.0,299.86410884293707,298.30430052472934,298.1578906277834
9.945017514969818,1.0,299.8644056118021,298.30440389271274,298.15790323320607
9.948643113772214,1.0,299.8647023335905,298.30450727799456,298.1579158514089
9.95226871257461,1.0,299.86499900832223,298.30461068056127,298.15792848239573
9.955894311377005,1.0,299.8652956360174,298.3047141003995,298.1579411261707
9.9595199101794,1.0,299.8655922166957,298.3048175374959,298.1579537827377
9.963145508981796,1.0,299.8658887503773,298.30492099183704,298.1579664521008
9.966771107784192,1.0,299.866185237082,298.3050244634096,298.157979134264
9.970396706586587,1.0,299.8664816768297,298.3051279522001,298.15799182923126
9.974022305388983,1.0,299.8667780696404,298.3052314581953,298.15800453700666
9.977647904191379,1.0,299.86707441553386,298.3053349813818,298.158017257594
9.981273502993774,1.0,299.8673707145299,298.3054385217462,298.1580299909975
9.98489910179617,1.0,299.8676669666484,298.3055420792753,298.1580427372209
9.988524700598566,1.0,299.86796317190914,298.3056456539557,298.15805549626833
9.992150299400961,1.0,299.8682593303319,298.30574924577405,298.1580682681436
9.995775898203357,1.0,299.86855544193645,298.3058528547171,298.1580810528509
9.999401497005753,1.0,299.8688515067426,298.3059564807715,298.158093850394
10.003027095808148,1.0,299.86914752476997,298.306060123924,298.15810666077687
10.006652694610544,1.0,299.8694434960384,298.3061637841612,298.15811948400346
10.01027829341294,1.0,299.86973942056744,298.30626746146993,298.15813232007775
10.013903892215335,1.0,299.8700352983769,298.306371155837,298.15814516900366
10.017529491017731,1.0,299.8703311294863,298.3064748672489,298.1581580307851
10.021155089820127,1.0,299.8706269139154,298.30657859569266,298.15817090542606
10.024780688622522,1.0,299.87092265168377,298.30668234115484,298.15818379293034
10.028406287424918,1.0,299.871218342811,298.3067861036223,298.158196693302
10.032031886227314,1.0,299.87151398731675,298.30688988308174,298.1582096065448
10.03565748502971,1.0,299.8718095852205,298.30699367951996,298.15822253266276
10.039283083832105,1.0,299.87210513654185,298.30709749292384,298.1582354716597
10.0429086826345,1.0,299.87240064130026,298.30720132328,298.15824842353953
10.046534281436896,1.0,299.8726960995153,298.3073051705755,298.1582613883062
10.050159880239292,1.0,299.8729915112064,298.30740903479693,298.15827436596356
10.053785479041688,1.0,299.8732868763931,298.30751291593117,298.1582873565155
10.057411077844083,1.0,299.87358219509485,298.30761681396507,298.15830035996584
10.061036676646479,1.0,299.873877467331,298.30772072888544,298.1583133763186
10.064662275448875,1.0,299.87417269312107,298.30782466067916,298.1583264055774
10.06828787425127,1.0,299.87446787248444,298.30792860933303,298.15833944774624
10.071913473053666,1.0,299.8747630054405,298.308032574834,298.1583525028291
10.075539071856062,1.0,299.8750580920086,298.30813655716884,298.1583655708295
10.079164670658457,1.0,299.8753531322081,298.30824055632445,298.1583786517517
10.082790269460853,1.0,299.8756481260583,298.3083445722877,298.15839174559926
10.086415868263249,1.0,299.8759430735785,298.3084486050456,298.15840485237607
10.090041467065644,1.0,299.87623797478807,298.30855265458496,298.15841797208594
10.09366706586804,1.0,299.8765328297062,298.3086567208926,298.1584311047328
10.097292664670436,1.0,299.87682763835227,298.3087608039557,298.1584442503204
10.100918263472831,1.0,299.87712240074535,298.3088649037609,298.15845740885254
10.104543862275227,1.0,299.8774171169048,298.30896902029536,298.158470580333
10.108169461077622,1.0,299.8777117868498,298.3090731535458,298.1584837647657
10.111795059880018,1.0,299.8780064105994,298.3091773034993,298.1584969621544
10.115420658682414,1.0,299.878300988173,298.3092814701429,298.1585101725029
10.11904625748481,1.0,299.8785955195896,298.30938565346344,298.1585233958149
10.122671856287205,1.0,299.8788900048684,298.30948985344793,298.15853663209424
10.1262974550896,1.0,299.8791844440285,298.30959407008334,298.1585498813448
10.129923053891996,1.0,299.8794788370889,298.30969830335664,298.1585631435703
10.133548652694392,1.0,299.87977318406894,298.30980255325494,298.1585764187744
10.137174251496788,1.0,299.8800674849874,298.3099068197651,298.158589706961
10.140799850299183,1.0,299.8803617398636,298.3100111028742,298.1586030081338
10.144425449101579,1.0,299.88065594871625,298.3101154025693,298.1586163222966
10.148051047903975,1.0,299.88095011156463,298.3102197188374,298.15862964945313
10.15167664670637,1.0,299.8812442284276,298.31032405166553,298.1586429896072
10.155302245508766,1.0,299.8815382993241,298.3104284010407,298.1586563427624
10.158927844311162,1.0,299.8818323242733,298.3105327669501,298.1586697089226
10.162553443113557,1.0,299.882126303294,298.3106371493806,298.15868308809155
10.166179041915953,1.0,299.88242023640515,298.3107415483194,298.1586964802729
10.169804640718349,1.0,299.8827141236256,298.31084596375354,298.1587098854704
10.173430239520744,1.0,299.88300796497435,298.31095039567015,298.1587233036878
10.17705583832314,1.0,299.8833017604702,298.3110548440563,298.15873673492877
10.180681437125536,1.0,299.883595510132,298.311159308899,298.1587501791971
10.184307035927931,1.0,299.8838892139787,298.31126379018554,298.1587636364963
10.187932634730327,1.0,299.884182872029,298.3113682879029,298.1587771068303
10.191558233532723,1.0,299.88447648430173,298.3114728020382,298.15879059020267
10.195183832335118,1.0,299.8847700508157,298.3115773325788,298.1588040866171
10.198809431137514,1.0,299.88506357158974,298.3116818795115,298.15881759607737
10.20243502993991,1.0,299.88535704664247,298.31178644282375,298.1588311185871
10.206060628742305,1.0,299.88565047599275,298.3118910225025,298.15884465414996
10.209686227544701,1.0,299.8859438596593,298.3119956185351,298.1588582027696
10.213311826347097,1.0,299.88623719766076,298.3121002309085,298.15887176444966
10.216937425149492,1.0,299.88653049001584,298.31220485961006,298.1588853391939
10.220563023951888,1.0,299.8868237367433,298.3123095046269,298.1588989270059
10.224188622754284,1.0,299.8871169378616,298.3124141659463,298.1589125278893
10.22781422155668,1.0,299.88741009338963,298.3125188435553,298.15892614184787
10.231439820359075,1.0,299.8877032033458,298.3126235374413,298.1589397688851
10.23506541916147,1.0,299.88799626774875,298.31272824759145,298.15895340900477
10.238691017963866,1.0,299.88828928661724,298.312832973993,298.15896706221037
10.242316616766262,1.0,299.8885822599696,298.31293771663314,298.1589807285056
10.245942215568657,1.0,299.88887518782457,298.3130424754991,298.1589944078941
10.249567814371053,1.0,299.8891680702006,298.3131472505782,298.1590081003795
10.253193413173449,1.0,299.8894609071163,298.3132520418577,298.1590218059653
10.256819011975844,1.0,299.8897536985901,298.31335684932486,298.1590355246553
10.26044461077824,1.0,299.89004644464046,298.313461672967,298.15904925645293
10.264070209580636,1.0,299.8903391452859,298.3135665127712,298.15906300136186
10.267695808383031,1.0,299.89063180054495,298.31367136872507,298.15907675938564
10.271321407185427,1.0,299.89092441043596,298.3137762408157,298.159090530528
10.274947005987823,1.0,299.8912169749773,298.31388112903045,298.1591043147924
10.278572604790218,1.0,299.8915094941875,298.3139860333567,298.1591181121824
10.282198203592614,1.0,299.8918019680848,298.3140909537816,298.1591319227016
10.28582380239501,1.0,299.8920943966878,298.3141958902927,298.1591457463536
10.289449401197405,1.0,299.8923867800147,298.3143008428773,298.15915958314196
10.293074999999801,1.0,299.8926791180839,298.3144058115226,298.1591734330702
10.296700598802197,1.0,299.8929714109136,298.31451079621615,298.15918729614197
10.300326197604592,1.0,299.89326365852224,298.3146157969452,298.1592011723607
10.303951796406988,1.0,299.8935558609282,298.3147208136971,298.15921506173004
10.307577395209384,1.0,299.8938480181495,298.3148258464593,298.15922896425343
10.31120299401178,1.0,299.8941401302047,298.3149308952192,298.1592428799344
10.314828592814175,1.0,299.8944321971118,298.3150359599642,298.15925680877666
10.31845419161657,1.0,299.8947242188891,298.31514104068174,298.1592707507836
10.322079790418966,1.0,299.8950161955549,298.3152461373591,298.1592847059588
10.325705389221362,1.0,299.8953081271273,298.3153512499838,298.15929867430566
10.329330988023758,1.0,299.8956000136245,298.3154563785432,298.1593126558278
10.332956586826153,1.0,299.89589185506475,298.3155615230248,298.1593266505288
10.336582185628549,1.0,299.8961836514661,298.31566668341605,298.1593406584119
10.340207784430945,1.0,299.8964754028467,298.3157718597044,298.15935467948094
10.34383338323334,1.0,299.8967671092247,298.31587705187724,298.1593687137391
10.347458982035736,1.0,299.8970587706182,298.3159822599221,298.15938276119016
10.351084580838132,1.0,299.8973503870453,298.3160874838265,298.15939682183733
10.354710179640527,1.0,299.89764195852405,298.31619272357784,298.1594108956843
10.358335778442923,1.0,299.8979334850725,298.3162979791637,298.1594249827343
10.361961377245319,1.0,299.8982249667086,298.31640325057145,298.1594390829911
10.365586976047714,1.0,299.8985164034505,298.31650853778876,298.159453196458
10.36921257485011,1.0,299.89880779531626,298.31661384080303,298.15946732313853
10.372838173652505,1.0,299.8990991423237,298.3167191596018,298.159481463036
10.376463772454901,1.0,299.89939044449096,298.31682449417264,298.159495616154
10.380089371257297,1.0,299.89968170183585,298.3169298445031,298.15950978249595
10.383714970059692,1.0,299.89997291437646,298.3170352105807,298.15952396206524
10.387340568862088,1.0,299.9002640821306,298.31714059239306,298.15953815486534
10.390966167664484,1.0,299.9005552051163,298.3172459899276,298.1595523608998
10.39459176646688,1.0,299.90084628335137,298.317351403172,298.1595665801718
10.398217365269275,1.0,299.9011373168537,298.3174568321138,298.159580812685
10.40184296407167,1.0,299.90142830564116,298.3175622767406,298.1595950584427
10.405468562874066,1.0,299.9017192497316,298.31766773704004,298.1596093174482
10.409094161676462,1.0,299.90201014914294,298.31777321299967,298.1596235897052
10.412719760478858,1.0,299.902301003893,298.31787870460715,298.1596378752169
10.416345359281253,1.0,299.90259181399944,298.31798421185,298.15965217398673
10.419970958083649,1.0,299.90288257948015,298.31808973471595,298.159666486018
10.423596556886045,1.0,299.9031733003529,298.3181952731926,298.1596808113144
10.42722215568844,1.0,299.9034639766354,298.3183008272675,298.1596951498789
10.430847754490836,1.0,299.90375460834554,298.3184063969285,298.1597095017152
10.434473353293232,1.0,299.9040451955009,298.31851198216305,298.15972386682654
10.438098952095627,1.0,299.90433573811924,298.3186175829589,298.1597382452163
10.441724550898023,1.0,299.90462623621823,298.31872319930375,298.1597526368879
10.445350149700419,1.0,299.90491668981565,298.3188288311853,298.15976704184465
10.448975748502814,1.0,299.9052070989291,298.3189344785912,298.15978146008996
10.45260134730521,1.0,299.90549746357624,298.3190401415091,298.1597958916271
10.456226946107606,1.0,299.9057877837747,298.31914581992686,298.15981033645943
10.459852544910001,1.0,299.90607805954215,298.31925151383206,298.1598247945904
10.463478143712397,1.0,299.9063682908962,298.31935722321236,298.15983926602325
10.467103742514793,1.0,299.9066584778543,298.3194629480557,298.15985375076133
10.470729341317188,1.0,299.90694862043426,298.3195686883496,298.1598682488079
10.474354940119584,1.0,299.9072387186535,298.3196744440819,298.15988276016645
10.47798053892198,1.0,299.9075287725296,298.3197802152404,298.15989728484016
10.481606137724375,1.0,299.90781878207997,298.3198860018128,298.1599118228324
10.48523173652677,1.0,299.9081087473224,298.3199918037868,298.15992637414644
10.488857335329167,1.0,299.9083986682742,298.32009762115035,298.1599409387857
10.492482934131562,1.0,299.90868854495284,298.3202034538911,298.15995551675337
10.496108532933958,1.0,299.9089783773759,298.3203093019969,298.15997010805273
10.499734131736354,1.0,299.9092681655608,298.32041516545553,298.15998471268716
10.50335973053875,1.0,299.90955790952495,298.32052104425475,298.1599993306599
10.506985329341145,1.0,299.9098476092859,298.32062693838236,298.1600139619742
10.51061092814354,1.0,299.9101372648609,298.3207328478264,298.1600286066334
10.514236526945936,1.0,299.9104268762674,298.32083877257435,298.1600432646407
10.517862125748332,1.0,299.9107164435229,298.32094471261433,298.1600579359994
10.521487724550727,1.0,299.91100596664467,298.3210506679341,298.16007262071275
10.525113323353123,1.0,299.9112954456501,298.3211566385215,298.1600873187841
10.528738922155519,1.0,299.9115848805565,298.3212626243643,298.1601020302166
10.532364520957914,1.0,299.9118742713813,298.3213686254505,298.1601167550135
10.53599011976031,1.0,299.9121636181416,298.3214746417679,298.16013149317814
10.539615718562706,1.0,299.912452920855,298.3215806733045,298.1601462447137
10.543241317365101,1.0,299.9127421795385,298.32168672004804,298.1601610096234
10.546866916167497,1.0,299.9130313942095,298.3217927819865,298.1601757879105
10.550492514969893,1.0,299.9133205648852,298.32189885910776,298.1601905795781
10.554118113772288,1.0,299.91360969158296,298.3220049513998,298.16020538462965
10.557743712574684,1.0,299.9138987743199,298.32211105885045,298.1602202030682
10.56136931137708,1.0,299.91418781311324,298.3222171814477,298.160235034897
10.564994910179475,1.0,299.9144768079802,298.3223233191794,298.1602498801193
10.568620508981871,1.0,299.914765758938,298.3224294720336,298.16026473873825
10.572246107784267,1.0,299.91505466600375,298.3225356399983,298.160279610757
10.575871706586662,1.0,299.9153435291946,298.32264182306125,298.16029449617884
10.579497305389058,1.0,299.91563234852777,298.3227480212106,298.16030939500695
10.583122904191454,1.0,299.9159211240203,298.3228542344342,298.16032430724454
10.58674850299385,1.0,299.9162098556894,298.3229604627202,298.16033923289467
10.590374101796245,1.0,299.91649854355205,298.3230667060564,298.1603541719606
10.59399970059864,1.0,299.91678718762535,298.3231729644309,298.1603691244455
10.597625299401036,1.0,299.9170757879265,298.3232792378318,298.16038409035247
10.601250898203432,1.0,299.91736434447233,298.32338552624697,298.1603990696848
10.604876497005828,1.0,299.9176528572801,298.3234918296645,298.16041406244557
10.608502095808223,1.0,299.9179413263667,298.3235981480724,298.1604290686378
10.612127694610619,1.0,299.9182297517492,298.3237044814586,298.16044408826485
10.615753293413015,1.0,299.91851813344465,298.32381082981135,298.16045912132984
10.61937889221541,1.0,299.9188064714699,298.3239171931185,298.16047416783584
10.623004491017806,1.0,299.9190947658421,298.32402357136834,298.16048922778594
10.626630089820202,1.0,299.919383016578,298.3241299645487,298.1605043011833
10.630255688622597,1.0,299.91967122369465,298.3242363726479,298.1605193880311
10.633881287424993,1.0,299.919959387209,298.32434279565376,298.1605344883324
10.637506886227388,1.0,299.92024750713796,298.3244492335545,298.1605496020904
10.641132485029784,1.0,299.92053558349835,298.3245556863383,298.160564729308
10.64475808383218,1.0,299.92082361630713,298.3246621539931,298.16057986998857
10.648383682634575,1.0,299.9211116055812,298.32476863650714,298.1605950241351
10.652009281436971,1.0,299.92139955133734,298.32487513386843,298.16061019175066
10.655634880239367,1.0,299.9216874535924,298.3249816460653,298.16062537283835
10.659260479041762,1.0,299.9219753123634,298.32508817308565,298.1606405674013
10.662886077844158,1.0,299.92226312766684,298.32519471491776,298.1606557754426
10.666511676646554,1.0,299.92255089951976,298.3253012715498,298.1606709969652
10.67013727544895,1.0,299.92283862793886,298.3254078429698,298.16068623197236
10.673762874251345,1.0,299.92312631294095,298.325514429166,298.16070148046697
10.67738847305374,1.0,299.92341395454275,298.32562103012674,298.1607167424522
10.681014071856136,1.0,299.92370155276103,298.3257276458399,298.16073201793114
10.684639670658532,1.0,299.92398910761256,298.32583427629385,298.1607473069067
10.688265269460928,1.0,299.924276619114,298.32594092147673,298.1607626093821
10.691890868263323,1.0,299.9245640872821,298.3260475813768,298.1607779253603
10.695516467065719,1.0,299.92485151213356,298.3261542559822,298.1607932548443
10.699142065868115,1.0,299.925138893685,298.3262609452812,298.1608085978373
10.70276766467051,1.0,299.92542623195317,298.3263676492621,298.1608239543421
10.706393263472906,1.0,299.9257135269547,298.32647436791297,298.1608393243619
10.710018862275302,1.0,299.92600077870617,298.3265811012222,298.1608547078997
10.713644461077697,1.0,299.92628798722427,298.3266878491779,298.16087010495846
10.717270059880093,1.0,299.9265751525255,298.3267946117685,298.1608855155413
10.720895658682489,1.0,299.92686227462667,298.3269013889821,298.16090093965107
10.724521257484884,1.0,299.9271493535443,298.32700818080707,298.1609163772908
10.72814685628728,1.0,299.9274363892948,298.3271149872316,298.1609318284637
10.731772455089676,1.0,299.9277233818949,298.32722180824413,298.16094729317246
10.735398053892071,1.0,299.9280103313611,298.3273286438328,298.1609627714203
10.739023652694467,1.0,299.9282972377099,298.3274354939861,298.16097826321015
10.742649251496863,1.0,299.92858410095783,298.32754235869214,298.16099376854504
10.746274850299258,1.0,299.92887092112136,298.32764923793934,298.1610092874278
10.749900449101654,1.0,299.9291576982171,298.32775613171606,298.16102481986155
10.75352604790405,1.0,299.9294444322615,298.3278630400105,298.16104036584915
10.757151646706445,1.0,299.9297311232709,298.32796996281115,298.1610559253936
10.76077724550884,1.0,299.9300177712619,298.3280769001063,298.1610714984979
10.764402844311237,1.0,299.93030437625083,298.32818385188426,298.1610870851649
10.768028443113632,1.0,299.93059093825417,298.32829081813344,298.16110268539774
10.771654041916028,1.0,299.9308774572884,298.3283977988422,298.1611182991992
10.775279640718423,1.0,299.93116393336976,298.32850479399895,298.16113392657223
10.77890523952082,1.0,299.9314503665147,298.3286118035921,298.16114956751994
10.782530838323215,1.0,299.9317367567397,298.3287188276099,298.16116522204504
10.78615643712561,1.0,299.932023104061,298.32882586604086,298.1611808901506
10.789782035928006,1.0,299.93230940849503,298.3289329188734,298.16119657183947
10.793407634730402,1.0,299.93259567005805,298.32903998609595,298.16121226711454
10.797033233532797,1.0,299.9328818887664,298.3291470676969,298.1612279759789
10.800658832335193,1.0,299.93316806463645,298.32925416366464,298.1612436984352
10.804284431137589,1.0,299.9334541976844,298.32936127398773,298.16125943448657
10.807910029939984,1.0,299.9337402879266,298.32946839865446,298.1612751841359
10.81153562874238,1.0,299.93402633537926,298.32957553765334,298.16129094738585
10.815161227544776,1.0,299.93431234005874,298.32968269097285,298.1613067242396
10.818786826347171,1.0,299.9345983019812,298.32978985860143,298.1613225146998
10.822412425149567,1.0,299.93488422116286,298.32989704052767,298.16133831876954
10.826038023951963,1.0,299.93517009762,298.3300042367399,298.1613541364516
10.829663622754358,1.0,299.93545593136884,298.3301114472267,298.16136996774884
10.833289221556754,1.0,299.9357417224254,298.3302186719765,298.16138581266415
10.83691482035915,1.0,299.9360274708061,298.33032591097793,298.1614016712004
10.840540419161545,1.0,299.936313176527,298.33043316421936,298.1614175433604
10.844166017963941,1.0,299.9365988396042,298.3305404316894,298.1614334291471
10.847791616766337,1.0,299.9368844600539,298.3306477133766,298.16144932856326
10.851417215568732,1.0,299.9371700378922,298.33075500926947,298.1614652416118
10.855042814371128,1.0,299.9374555731352,298.33086231935647,298.1614811682955
10.858668413173524,1.0,299.93774106579906,298.33096964362625,298.16149710861725
10.86229401197592,1.0,299.9380265158999,298.3310769820674,298.1615130625799
10.865919610778315,1.0,299.9383119234536,298.3311843346683,298.1615290301862
10.86954520958071,1.0,299.93859728847656,298.33129170141774,298.161545011439
10.873170808383106,1.0,299.93888261098454,298.33139908230413,298.1615610063411
10.876796407185502,1.0,299.93916789099364,298.3315064773161,298.16157701489544
10.880422005987898,1.0,299.93945312852,298.3316138864423,298.16159303710475
10.884047604790293,1.0,299.93973832357943,298.33172130967137,298.1616090729718
10.887673203592689,1.0,299.9400234761882,298.33182874699185,298.16162512249946
10.891298802395085,1.0,299.94030858636205,298.3319361983923,298.1616411856904
10.89492440119748,1.0,299.94059365411715,298.33204366386155,298.1616572625476
10.898549999999876,1.0,299.94087867946934,298.332151143388,298.1616733530737
10.902175598802271,1.0,299.9411636624347,298.33225863696043,298.16168945727156
10.905801197604667,1.0,299.94144860302896,298.33236614456746,298.1617055751439
10.909426796407063,1.0,299.9417335012682,298.3324736661977,298.16172170669364
10.913052395209458,1.0,299.94201835716837,298.33258120183984,298.16173785192336
10.916677994011854,1.0,299.9423031707452,298.3326887514825,298.1617540108359
10.92030359281425,1.0,299.94258794201477,298.3327963151144,298.1617701834341
10.923929191616645,1.0,299.9428726709928,298.3329038927243,298.1617863697207
10.927554790419041,1.0,299.94315735769527,298.33301148430087,298.16180256969835
10.931180389221437,1.0,299.943442002138,298.33311908983273,298.1618187833698
10.934805988023832,1.0,299.9437266043368,298.3332267093086,298.16183501073795
10.938431586826228,1.0,299.9440111643075,298.33333434271725,298.1618512518054
10.942057185628624,1.0,299.9442956820659,298.3334419900473,298.1618675065749
10.94568278443102,1.0,299.94458015762785,298.33354965128757,298.16188377504926
10.949308383233415,1.0,299.94486459100915,298.3336573264267,298.16190005723115
10.95293398203581,1.0,299.9451489822256,298.33376501545354,298.16191635312333
10.956559580838206,1.0,299.9454333312928,298.3338727183569,298.1619326627284
10.960185179640602,1.0,299.9457176382267,298.3339804351253,298.16194898604925
10.963810778442998,1.0,299.946001903043,298.3340881657477,298.1619653230885
10.967436377245393,1.0,299.94628612575735,298.33419591021277,298.1619816738488
10.971061976047789,1.0,299.9465703063854,298.3343036685094,298.16199803833297
10.974687574850185,1.0,299.94685444494314,298.3344114406263,298.16201441654357
10.97831317365258,1.0,299.947138541446,298.33451922655235,298.16203080848345
10.981938772454976,1.0,299.9474225959098,298.33462702627617,298.16204721415517
10.985564371257372,1.0,299.9477066083501,298.3347348397868,298.1620636335615
10.989189970059767,1.0,299.94799057878265,298.33484266707285,298.16208006670513
10.992815568862163,1.0,299.9482745072231,298.3349505081232,298.1620965135886
10.996441167664559,1.0,299.948558393687,298.33505836292676,298.16211297421466
11.000066766466954,1.0,299.94884223819,298.3351662314723,298.16212944858603
11.00369236526935,1.0,299.9491260407478,298.3352741137487,298.16214593670526
11.007317964071746,1.0,299.94940980137585,298.3353820097448,298.162162438575
11.010943562874141,1.0,299.94969352008985,298.3354899194494,298.162178954198
11.014569161676537,1.0,299.9499771969053,298.3355978428515,298.16219548357697
11.018194760478933,1.0,299.9502608318378,298.3357057799399,298.1622120267144
11.021820359281328,1.0,299.9505444249029,298.3358137307034,298.16222858361306
11.025445958083724,1.0,299.9508279761161,298.33592169513105,298.1622451542754
11.02907155688612,1.0,299.95111148549296,298.3360296732116,298.1622617387042
11.032697155688515,1.0,299.951394953049,298.3361376649341,298.1622783369021
11.03632275449091,1.0,299.95167837879967,298.3362456702873,298.16229494887165
11.039948353293306,1.0,299.95196176276056,298.33635368926025,298.1623115746155
11.043573952095702,1.0,299.952245104947,298.33646172184183,298.1623282141362
11.047199550898098,1.0,299.9525284053746,298.33656976802104,298.16234486743645
11.050825149700493,1.0,299.95281166405874,298.3366778277867,298.1623615345188
11.05445074850289,1.0,299.9530948810149,298.3367859011277,298.1623782153859
11.058076347305285,1.0,299.95337805625854,298.33689398803324,298.16239491004035
11.06170194610768,1.0,299.95366118980496,298.33700208849206,298.16241161848467
11.065327544910076,1.0,299.9539442816697,298.3371102024933,298.1624283407214
11.068953143712472,1.0,299.954227331868,298.3372183300258,298.16244507675333
11.072578742514867,1.0,299.9545103404155,298.33732647107865,298.16246182658284
11.076204341317263,1.0,299.95479330732724,298.33743462564075,298.1624785902126
11.079829940119659,1.0,299.9550762326188,298.3375427937012,298.1624953676451
11.083455538922054,1.0,299.9553591163055,298.33765097524883,298.16251215888303
11.08708113772445,1.0,299.9556419584027,298.3377591702728,298.1625289639289
11.090706736526846,1.0,299.9559247589256,298.3378673787621,298.1625457827852
11.094332335329241,1.0,299.9562075178897,298.33797560070576,298.16256261545453
11.097957934131637,1.0,299.9564902353101,298.3380838360928,298.1625794619395
11.101583532934033,1.0,299.9567729112023,298.33819208491224,298.1625963222425
11.105209131736428,1.0,299.9570555455814,298.33830034715317,298.1626131963662
11.108834730538824,1.0,299.9573381384628,298.3384086228046,298.1626300843131
11.11246032934122,1.0,299.9576206898616,298.3385169118557,298.16264698608575
11.116085928143615,1.0,299.9579031997932,298.3386252142954,298.16266390168664
11.119711526946011,1.0,299.95818566827273,298.33873353011285,298.16268083111834
11.123337125748407,1.0,299.9584680953156,298.33884185929713,298.16269777438333
11.126962724550802,1.0,299.95875048093677,298.33895020183735,298.1627147314841
11.130588323353198,1.0,299.95903282515155,298.3390585577226,298.1627317024232
11.134213922155594,1.0,299.9593151279751,298.3391669269419,298.16274868720313
11.13783952095799,1.0,299.9595973894227,298.3392753094845,298.16276568582634
11.141465119760385,1.0,299.95987960950936,298.33938370533946,298.1627826982954
11.14509071856278,1.0,299.9601617882504,298.3394921144959,298.1627997246128
11.148716317365176,1.0,299.96044392566085,298.339600536943,298.162816764781
11.152341916167572,1.0,299.9607260217559,298.3397089726698,298.1628338188024
11.155967514969968,1.0,299.96100807655057,298.3398174216656,298.1628508866797
11.159593113772363,1.0,299.9612900900601,298.33992588391936,298.1628679684151
11.163218712574759,1.0,299.96157206229947,298.3400343594205,298.1628850640113
11.166844311377154,1.0,299.9618539932838,298.3401428481579,298.1629021734706
11.17046991017955,1.0,299.9621358830283,298.3402513501209,298.1629192967956
11.174095508981946,1.0,299.9624177315479,298.3403598652987,298.16293643398865
11.177721107784341,1.0,299.9626995388576,298.34046839368045,298.16295358505226
11.181346706586737,1.0,299.9629813049725,298.3405769352554,298.1629707499889
11.184972305389133,1.0,299.9632630299077,298.3406854900127,298.162987928801
11.188597904191528,1.0,299.9635447136782,298.34079405794154,298.1630051214909
11.192223502993924,1.0,299.96382635629897,298.3409026390312,298.1630223280612
11.19584910179632,1.0,299.9641079577849,298.3410112332708,298.1630395485142
11.199474700598715,1.0,299.9643895181512,298.34111984064975,298.16305678285244
11.203100299401111,1.0,299.9646710374127,298.3412284611572,298.1630740310782
11.206725898203507,1.0,299.9649525155844,298.3413370947823,298.1630912931941
11.210351497005902,1.0,299.96523395268116,298.3414457415146,298.1631085692024
11.213977095808298,1.0,299.9655153487181,298.34155440134305,298.16312585910543
11.217602694610694,1.0,299.96579670371005,298.3416630742571,298.16314316290584
11.22122829341309,1.0,299.9660780176719,298.341771760246,298.1631604806059
11.224853892215485,1.0,299.9663592906186,298.34188045929886,298.163177812208
11.22847949101788,1.0,299.96664052256506,298.34198917140526,298.1631951577145
11.232105089820276,1.0,299.9669217135262,298.34209789655426,298.16321251712793
11.235730688622672,1.0,299.9672028635168,298.34220663473536,298.1632298904505
11.239356287425068,1.0,299.9674839725517,298.3423153859377,298.16324727768466
11.242981886227463,1.0,299.9677650406459,298.34242415015075,298.16326467883295
11.246607485029859,1.0,299.96804606781404,298.3425329273637,298.16328209389746
11.250233083832255,1.0,299.96832705407127,298.342641717566,298.1632995228807
11.25385868263465,1.0,299.9686079994321,298.3427505207469,298.16331696578516
11.257484281437046,1.0,299.96888890391153,298.3428593368958,298.163334422613
11.261109880239442,1.0,299.9691697675242,298.342968166002,298.16335189336667
11.264735479041837,1.0,299.969450590285,298.34307700805493,298.1633693780484
11.268361077844233,1.0,299.96973137220874,298.34318586304397,298.1633868766607
11.271986676646629,1.0,299.97001211331013,298.3432947309584,298.1634043892059
11.275612275449024,1.0,299.97029281360386,298.3434036117877,298.16342191568623
11.27923787425142,1.0,299.9705734731048,298.3435125055212,298.1634394561041
11.282863473053816,1.0,299.9708540918277,298.3436214121483,298.1634570104618
11.286489071856211,1.0,299.97113466978715,298.3437303316585,298.1634745787617
11.290114670658607,1.0,299.97141520699796,298.3438392640411,298.1634921610061
11.293740269461003,1.0,299.9716957034747,298.34394820928554,298.1635097571973
11.297365868263398,1.0,299.9719761592323,298.34405716738127,298.1635273673376
11.300991467065794,1.0,299.9722565742852,298.34416613831775,298.16354499142943
11.30461706586819,1.0,299.9725369486482,298.34427512208435,298.16356262947494
11.308242664670585,1.0,299.972817282336,298.3443841186705,298.1635802814765
11.31186826347298,1.0,299.9730975753631,298.34449312806584,298.1635979474365
11.315493862275376,1.0,299.97337782774423,298.34460215025956,298.1636156273571
11.319119461077772,1.0,299.973658039494,298.3447111852414,298.1636333212406
11.322745059880168,1.0,299.973938210627,298.34482023300063,298.1636510290893
11.326370658682563,1.0,299.97421834115795,298.3449292935268,298.16366875090546
11.329996257484959,1.0,299.9744984311014,298.3450383668094,298.16368648669146
11.333621856287355,1.0,299.97477848047174,298.3451474528379,298.16370423644946
11.33724745508975,1.0,299.9750584892838,298.34525655160184,298.1637220001818
11.340873053892146,1.0,299.975338457552,298.3453656630907,298.1637397778907
11.344498652694542,1.0,299.975618385291,298.3454747872941,298.1637575695785
11.348124251496937,1.0,299.9758982725152,298.34558392420143,298.1637753752472
11.351749850299333,1.0,299.9761781192393,298.3456930738023,298.1637931948994
11.355375449101729,1.0,299.97645792547775,298.3458022360862,298.1638110285372
11.359001047904124,1.0,299.976737691245,298.34591141104266,298.1638288761628
11.36262664670652,1.0,299.9770174165556,298.34602059866126,298.1638467377784
11.366252245508916,1.0,299.977297101424,298.3461297989316,298.16386461338635
11.369877844311311,1.0,299.9775767458648,298.3462390118432,298.1638825029888
11.373503443113707,1.0,299.97785634989236,298.3463482373856,298.1639004065881
11.377129041916103,1.0,299.9781359135211,298.34645747554845,298.16391832418634
11.380754640718498,1.0,299.9784154367656,298.34656672632127,298.16393625578576
11.384380239520894,1.0,299.9786949196402,298.3466759896938,298.1639542013886
11.38800583832329,1.0,299.9789743621594,298.3467852656554,298.16397216099705
11.391631437125685,1.0,299.9792537643376,298.3468945541959,298.16399013461336
11.395257035928081,1.0,299.97953312618915,298.34700385530476,298.16400812223964
11.398882634730477,1.0,299.9798124477285,298.34711316897165,298.16402612387816
11.402508233532872,1.0,299.98009172896997,298.3472224951862,298.1640441395312
11.406133832335268,1.0,299.98037096992806,298.34733183393814,298.16406216920075
11.409759431137664,1.0,299.980650170617,298.34744118521695,298.16408021288913
11.41338502994006,1.0,299.9809293310513,298.3475505490124,298.16409827059846
11.417010628742455,1.0,299.9812084512451,298.3476599253141,298.164116342331
11.42063622754485,1.0,299.9814875312129,298.3477693141117,298.1641344280888
11.424261826347246,1.0,299.98176657096894,298.3478787153948,298.16415252787414
11.427887425149642,1.0,299.9820455705277,298.34798812915324,298.1641706416891
11.431513023952037,1.0,299.9823245299032,298.3480975553766,298.16418876953577
11.435138622754433,1.0,299.98260344911,298.34820699405464,298.16420691141656
11.438764221556829,1.0,299.9828823281622,298.3483164451769,298.1642250673334
11.442389820359224,1.0,299.98316116707423,298.3484259087333,298.1642432372886
11.44601541916162,1.0,299.98343996586027,298.3485353847134,298.16426142128415
11.449641017964016,1.0,299.9837187245345,298.348644873107,298.1642796193223
11.453266616766411,1.0,299.98399744311126,298.3487543739037,298.1642978314051
11.456892215568807,1.0,299.9842761216048,298.34886388709333,298.16431605753473
11.460517814371203,1.0,299.9845547600293,298.34897341266566,298.16433429771325
11.464143413173598,1.0,299.984833358399,298.34908295061035,298.16435255194295
11.467769011975994,1.0,299.98511191672804,298.3491925009172,298.16437082022577
11.47139461077839,1.0,299.98539043503075,298.3493020635759,298.164389102564
11.475020209580785,1.0,299.98566891332115,298.3494116385764,298.16440739895955
11.478645808383181,1.0,299.9859473516135,298.3495212259083,298.1644257094147
11.482271407185577,1.0,299.9862257499219,298.34963082556135,298.1644440339314
11.485897005987972,1.0,299.9865041082606,298.34974043752544,298.1644623725118
11.489522604790368,1.0,299.98678242664374,298.34985006179033,298.16448072515817
11.493148203592764,1.0,299.9870607050854,298.34995969834586,298.16449909187236
11.49677380239516,1.0,299.98733894359964,298.3500693471818,298.1645174726566
11.500399401197555,1.0,299.9876171422007,298.35017900828797,298.1645358675128
11.50402499999995,1.0,299.98789530090266,298.35028868165415,298.16455427644325
11.507650598802346,1.0,299.98817341971954,298.3503983672702,298.16457269945
11.511276197604742,1.0,299.9884514986655,298.350508065126,298.1645911365349
11.514901796407138,1.0,299.98872953775464,298.35061777521133,298.1646095877003
11.518527395209533,1.0,299.9890075370009,298.35072749751606,298.16462805294816
11.522152994011929,1.0,299.9892854964184,298.35083723202996,298.1646465322804
11.525778592814325,1.0,299.98956341602116,298.350946978743,298.16466502569926
11.52940419161672,1.0,299.9898412958233,298.3510567376451,298.1646835332067
11.533029790419116,1.0,299.9901191358387,298.35116650872595,298.16470205480476
11.536655389221512,1.0,299.9903969360816,298.3512762919756,298.1647205904955
11.540280988023907,1.0,299.99067469656575,298.3513860873838,298.164739140281
11.543906586826303,1.0,299.9909524173053,298.3514958949405,298.16475770416326
11.547532185628699,1.0,299.9912300983142,298.3516057146357,298.1647762821443
11.551157784431094,1.0,299.99150773960645,298.3517155464592,298.1647948742262
11.55478338323349,1.0,299.99178534119596,298.3518253904009,298.1648134804108
11.558408982035886,1.0,299.9920629030967,298.35193524645075,298.1648321007004
11.562034580838281,1.0,299.99234042532265,298.35204511459875,298.1648507350968
11.565660179640677,1.0,299.99261790788773,298.3521549948347,298.1648693836021
11.569285778443072,1.0,299.9928953508059,298.3522648871487,298.16488804621827
11.572911377245468,1.0,299.993172754091,298.3523747915306,298.1649067229473
11.576536976047864,1.0,299.993450117757,298.35248470797035,298.1649254137912
11.58016257485026,1.0,299.9937274418177,298.3525946364579,298.1649441187521
11.583788173652655,1.0,299.9940047262872,298.35270457698334,298.16496283783175
11.58741377245505,1.0,299.99428197117925,298.3528145295365,298.1649815710323
11.591039371257446,1.0,299.9945591765076,298.35292449410747,298.1650003183556
11.594664970059842,1.0,299.99483634228636,298.3530344706861,298.1650190798038
11.598290568862238,1.0,299.9951134685291,298.3531444592626,298.1650378553788
11.601916167664633,1.0,299.9953905552499,298.35325445982676,298.1650566450825
11.605541766467029,1.0,299.9956676024625,298.3533644723687,298.1650754489169
11.609167365269425,1.0,299.9959446101807,298.3534744968784,298.165094266884
11.61279296407182,1.0,299.99622157841833,298.35358453334595,298.1651130989857
11.616418562874216,1.0,299.99649850718924,298.35369458176126,298.16513194522406
11.620044161676612,1.0,299.99677539650713,298.35380464211454,298.16515080560094
11.623669760479007,1.0,299.99705224638586,298.3539147143956,298.16516968011837
11.627295359281403,1.0,299.99732905683913,298.3540247985947,298.16518856877815
11.630920958083799,1.0,299.99760582788076,298.3541348947019,298.16520747158233
11.634546556886194,1.0,299.9978825595245,298.35424500270705,298.1652263885328
11.63817215568859,1.0,299.9981592517841,298.35435512260045,298.16524531963154
11.641797754490986,1.0,299.9984359046733,298.354465254372,298.1652642648804
11.645423353293381,1.0,299.9987125182057,298.3545753980119,298.1652832242814
11.649048952095777,1.0,299.9989890923952,298.3546855535102,298.1653021978363
11.652674550898173,1.0,299.99926562725545,298.35479572085694,298.16532118554716
11.656300149700568,1.0,299.9995421228001,298.3549059000423,298.1653401874158
11.659925748502964,1.0,299.99981857904294,298.35501609105637,298.1653592034442
11.66355134730536,1.0,300.0000949959975,298.35512629388927,298.16537823363427
11.667176946107755,1.0,300.0003713736776,298.35523650853116,298.16539727798784
11.670802544910151,1.0,300.0006477120968,298.35534673497204,298.16541633650684
11.674428143712547,1.0,300.00092401126875,298.3554569732022,298.16543540919315
11.678053742514942,1.0,300.00120027120715,298.3555672232118,298.1654544960486
11.681679341317338,1.0,300.00147649192564,298.35567748499074,298.1654735970752
11.685304940119734,1.0,300.0017526734378,298.35578775852946,298.1654927122747
11.68893053892213,1.0,300.0020288157572,298.35589804381794,298.1655118416491
11.692556137724525,1.0,300.00230491889755,298.35600834084653,298.16553098520023
11.69618173652692,1.0,300.0025809828724,298.3561186496052,298.1655501429299
11.699807335329316,1.0,300.0028570076953,298.35622897008426,298.16556931483996
11.703432934131712,1.0,300.00313299337984,298.35633930227385,298.16558850093236
11.707058532934107,1.0,300.0034089399397,298.3564496461641,298.16560770120884
11.710684131736503,1.0,300.0036848473882,298.35656000174544,298.1656269156714
11.714309730538899,1.0,300.0039607157391,298.3566703690079,298.1656461443218
11.717935329341294,1.0,300.0042365450059,298.3567807479417,298.1656653871618
11.72156092814369,1.0,300.00451233520204,298.3568911385371,298.1656846441935
11.725186526946086,1.0,300.00478808634114,298.3570015407844,298.1657039154184
11.728812125748481,1.0,300.00506379843665,298.35711195467366,298.16572320083856
11.732437724550877,1.0,300.0053394715021,298.35722238019525,298.16574250045574
11.736063323353273,1.0,300.00561510555104,298.3573328173394,298.1657618142718
11.739688922155668,1.0,300.00589070059686,298.35744326609637,298.1657811422885
11.743314520958064,1.0,300.0061662566531,298.3575537264564,298.16580048450766
11.74694011976046,1.0,300.0064417737332,298.3576641984098,298.1658198409311
11.750565718562855,1.0,300.0067172518506,298.35777468194675,298.1658392115607
11.754191317365251,1.0,300.0069926910188,298.35788517705765,298.16585859639815
11.757816916167647,1.0,300.0072680912512,298.3579956837327,298.16587799544527
11.761442514970042,1.0,300.00754345256126,298.3581062019623,298.165897408704
11.765068113772438,1.0,300.00781877496235,298.35821673173666,298.165916836176
11.768693712574834,1.0,300.00809405846786,298.35832727304603,298.165936277863
11.77231931137723,1.0,300.00836930309134,298.3584378258809,298.16595573376696
11.775944910179625,1.0,300.0086445088461,298.3585483902314,298.1659752038895
11.77957050898202,1.0,300.0089196757454,298.35865896608806,298.1659946882325
11.783196107784416,1.0,300.0091948038028,298.3587695534411,298.1660141867977
11.786821706586812,1.0,300.0094698930316,298.3588801522808,298.1660336995869
11.790447305389208,1.0,300.0097449434452,298.35899076259767,298.1660532266018
11.794072904191603,1.0,300.01001995505686,298.35910138438186,298.1660727678441
11.797698502993999,1.0,300.01029492787995,298.35921201762386,298.16609232331575
11.801324101796395,1.0,300.0105698619278,298.35932266231407,298.1661118930184
11.80494970059879,1.0,300.0108447572138,298.3594333184428,298.16613147695375
11.808575299401186,1.0,300.01111961375125,298.3595439860005,298.16615107512365
11.812200898203582,1.0,300.01139443155336,298.3596546649774,298.1661706875298
11.815826497005977,1.0,300.01166921063344,298.3597653553641,298.1661903141739
11.819452095808373,1.0,300.0119439510049,298.35987605715087,298.1662099550577
11.823077694610769,1.0,300.01221865268093,298.3599867703281,298.16622961018294
11.826703293413164,1.0,300.0124933156748,298.36009749488625,298.1662492795513
11.83032889221556,1.0,300.01276793999983,298.3602082308158,298.16626896316467
11.833954491017955,1.0,300.01304252566916,298.360318978107,298.1662886610246
11.837580089820351,1.0,300.0133170726961,298.3604297367504,298.16630837313284
11.841205688622747,1.0,300.01359158109386,298.36054050673647,298.1663280994911
11.844831287425142,1.0,300.0138660508757,298.36065128805564,298.1663478401012
11.848456886227538,1.0,300.0141404820548,298.36076208069835,298.1663675949647
11.852082485029934,1.0,300.0144148746444,298.36087288465495,298.1663873640833
11.85570808383233,1.0,300.01468922865774,298.36098369991606,298.16640714745876
11.859333682634725,1.0,300.01496354410784,298.3610945264721,298.1664269450928
11.86295928143712,1.0,300.0152378210081,298.3612053643135,298.16644675698694
11.866584880239516,1.0,300.01551205937153,298.36131621343077,298.1664665831431
11.870210479041912,1.0,300.0157862592114,298.3614270738144,298.16648642356284
11.873836077844308,1.0,300.0160604205407,298.361537945455,298.1665062782479
11.877461676646703,1.0,300.01633454337275,298.36164882834294,298.1665261471999
11.881087275449099,1.0,300.0166086277206,298.3617597224687,298.16654603042036
11.884712874251495,1.0,300.0168826735975,298.3618706278229,298.1665659279111
11.88833847305389,1.0,300.0171566810164,298.36198154439603,298.1665858396739
11.891964071856286,1.0,300.0174306499905,298.3620924721786,298.16660576571024
11.895589670658682,1.0,300.0177045805329,298.36220341116115,298.1666257060219
11.899215269461077,1.0,300.0179784726567,298.3623143613342,298.16664566061036
11.902840868263473,1.0,300.018252326375,298.36242532268835,298.1666656294774
11.906466467065869,1.0,300.0185261417007,298.36253629521417,298.1666856126246
11.910092065868264,1.0,300.0187999186471,298.36264727890216,298.16670561005367
11.91371766467066,1.0,300.01907365722724,298.3627582737429,298.16672562176615
11.917343263473056,1.0,300.0193473574541,298.3628692797269,298.1667456477638
11.920968862275451,1.0,300.01962101934066,298.36298029684497,298.1667656880481
11.924594461077847,1.0,300.01989464290006,298.36309132508745,298.1667857426207
11.928220059880243,1.0,300.0201682281453,298.363202364445,298.16680581148336
11.931845658682638,1.0,300.0204417750893,298.36331341490825,298.16682589463755
11.935471257485034,1.0,300.02071528374523,298.3634244764679,298.1668459920849
11.93909685628743,1.0,300.020988754126,298.36353554911443,298.1668661038271
11.942722455089825,1.0,300.02126218624466,298.3636466328385,298.1668862298656
11.94634805389222,1.0,300.02153558011406,298.3637577276307,298.16690637020224
11.949973652694617,1.0,300.0218089357473,298.36386883348166,298.1669265248384
11.953599251497012,1.0,300.02208225315724,298.3639799503821,298.16694669377574
11.957224850299408,1.0,300.0223555323569,298.3640910783225,298.1669668770159
11.960850449101804,1.0,300.0226287733593,298.36420221729367,298.16698707456044
11.9644760479042,1.0,300.0229019761773,298.3643133672863,298.1670072864109
11.968101646706595,1.0,300.0231751408238,298.36442452829095,298.1670275125689
11.97172724550899,1.0,300.02344826731184,298.36453570029823,298.16704775303606
11.975352844311386,1.0,300.0237213556542,298.36464688329903,298.16706800781384
11.978978443113782,1.0,300.0239944058638,298.36475807728374,298.1670882769038
11.982604041916177,1.0,300.02426741795364,298.3648692822434,298.16710856030767
11.986229640718573,1.0,300.02454039193657,298.3649804981684,298.16712885802684
11.989855239520969,1.0,300.02481332782537,298.3650917250495,298.167149170063
11.993480838323364,1.0,300.02508622563306,298.3652029628776,298.16716949641756
11.99710643712576,1.0,300.0253590853724,298.3653142116432,298.1671898370922
12.000732035928156,1.0,300.02563190705627,298.3654254713371,298.1672101920884
12.004357634730551,1.0,300.02590469069753,298.3655367419501,298.16723056140773
12.007983233532947,1.0,300.02617743630907,298.3656480234728,298.16725094505165
12.011608832335343,1.0,300.0264501439036,298.365759315896,298.16727134302175
12.015234431137738,1.0,300.0267228134941,298.3658706192105,298.1672917553195
12.018860029940134,1.0,300.02699544509323,298.36598193340694,298.16731218194656
12.02248562874253,1.0,300.0272680387139,298.3660932584761,298.1673326229043
12.026111227544925,1.0,300.0275405943688,298.3662045944088,298.1673530781944
12.029736826347321,1.0,300.02781311207093,298.36631594119586,298.1673735478183
12.033362425149717,1.0,300.02808559183285,298.366427298828,298.16739403177746
12.036988023952112,1.0,300.02835803366736,298.36653866729597,298.16741453007336
12.040613622754508,1.0,300.02863043758737,298.3666500465905,298.16743504270767
12.044239221556904,1.0,300.02890280360555,298.3667614367026,298.16745556968175
12.0478648203593,1.0,300.0291751317346,298.36687283762285,298.1674761109972
12.051490419161695,1.0,300.0294474219873,298.3669842493422,298.1674966666554
12.05511601796409,1.0,300.0297196743764,298.3670956718514,298.1675172366579
12.058741616766486,1.0,300.02999188891454,298.3672071051413,298.1675378210061
12.062367215568882,1.0,300.0302640656146,298.3673185492027,298.1675584197016
12.065992814371278,1.0,300.0305362044891,298.36743000402646,298.1675790327459
12.069618413173673,1.0,300.03080830555086,298.3675414696034,298.16759966014035
12.073244011976069,1.0,300.0310803688125,298.3676529459245,298.1676203018865
12.076869610778465,1.0,300.03135239428684,298.36776443298027,298.1676409579857
12.08049520958086,1.0,300.0316243819863,298.3678759307619,298.16766162843965
12.084120808383256,1.0,300.03189633192386,298.3679874392601,298.1676823132496
12.087746407185652,1.0,300.0321682441119,298.36809895846585,298.16770301241706
12.091372005988047,1.0,300.03244011856333,298.36821048837,298.1677237259435
12.094997604790443,1.0,300.0327119552905,298.3683220289633,298.1677444538304
12.098623203592838,1.0,300.03298375430626,298.3684335802368,298.16776519607913
12.102248802395234,1.0,300.0332555156232,298.3685451421813,298.1677859526912
12.10587440119763,1.0,300.03352723925383,298.36865671478773,298.1678067236681
12.109500000000025,1.0,300.0337989252108,298.36876829804703,298.16782750901103
12.113125598802421,1.0,300.0340705735069,298.3688798919501,298.16784830872166
12.116751197604817,1.0,300.03434218415447,298.3689914964878,298.1678691228013
12.120376796407212,1.0,300.03461375716614,298.3691031116511,298.1678899512514
12.124002395209608,1.0,300.03488529255463,298.36921473743104,298.1679107940734
12.127627994012004,1.0,300.03515679033234,298.36932637381835,298.16793165126865
12.1312535928144,1.0,300.03542825051204,298.3694380208041,298.1679525228387
12.134879191616795,1.0,300.0356996731061,298.3695496783793,298.16797340878475
12.13850479041919,1.0,300.0359710581271,298.36966134653477,298.1679943091084
12.142130389221586,1.0,300.03624240558753,298.36977302526157,298.1680152238109
12.145755988023982,1.0,300.0365137155,298.3698847145506,298.16803615289376
12.149381586826378,1.0,300.0367849878771,298.369996414393,298.1680570963584
12.153007185628773,1.0,300.03705622273117,298.3701081247795,298.1680780542061
12.156632784431169,1.0,300.03732742007486,298.3702198457013,298.16809902643826
12.160258383233565,1.0,300.03759857992054,298.37033157714933,298.16812001305635
12.16388398203596,1.0,300.03786970228083,298.3704433191146,298.16814101406163
12.167509580838356,1.0,300.0381407871682,298.37055507158806,298.1681620294556
12.171135179640752,1.0,300.038411834595,298.3706668345608,298.1681830592394
12.174760778443147,1.0,300.0386828445738,298.3707786080237,298.1682041034147
12.178386377245543,1.0,300.03895381711703,298.370890391968,298.1682251619827
12.182011976047939,1.0,300.0392247522371,298.37100218638454,298.16824623494483
12.185637574850334,1.0,300.03949564994656,298.37111399126445,298.16826732230237
12.18926317365273,1.0,300.03976651025766,298.37122580659883,298.16828842405675
12.192888772455126,1.0,300.040037333183,298.37133763237864,298.1683095402093
12.196514371257521,1.0,300.04030811873497,298.37144946859496,298.1683306707613
12.200139970059917,1.0,300.0405788669259,298.37156131523886,298.1683518157142
12.203765568862313,1.0,300.04084957776826,298.3716731723014,298.16837297506925
12.207391167664708,1.0,300.04112025127444,298.37178503977367,298.1683941488278
12.211016766467104,1.0,300.0413908874568,298.3718969176467,298.1684153369912
12.2146423652695,1.0,300.04166148632777,298.37200880591166,298.1684365395608
12.218267964071895,1.0,300.0419320478996,298.3721207045596,298.1684577565379
12.22189356287429,1.0,300.0422025721848,298.3722326135816,298.16847898792383
12.225519161676687,1.0,300.0424730591956,298.37234453296884,298.1685002337199
12.229144760479082,1.0,300.04274350894445,298.3724564627124,298.1685214939274
12.232770359281478,1.0,300.04301392144356,298.3725684028033,298.1685427685477
12.236395958083873,1.0,300.0432842967054,298.37268035323285,298.16856405758216
12.24002155688627,1.0,300.0435546347423,298.372792313992,298.1685853610319
12.243647155688665,1.0,300.0438249355665,298.37290428507197,298.16860667889836
12.24727275449106,1.0,300.0440951991903,298.3730162664639,298.16862801118276
12.250898353293456,1.0,300.044365425626,298.37312825815894,298.1686493578864
12.254523952095852,1.0,300.044635614886,298.3732402601482,298.1686707190107
12.258149550898247,1.0,300.0449057669825,298.37335227242295,298.16869209455683
12.261775149700643,1.0,300.0451758819277,298.37346429497427,298.16871348452605
12.265400748503039,1.0,300.045445959734,298.3735763277934,298.1687348889197
12.269026347305434,1.0,300.04571600041373,298.3736883708714,298.16875630773893
12.27265194610783,1.0,300.0459860039789,298.37380042419943,298.1687777409852
12.276277544910226,1.0,300.046255970442,298.3739124877689,298.1687991886597
12.279903143712621,1.0,300.0465258998151,298.3740245615708,298.16882065076373
12.283528742515017,1.0,300.0467957921105,298.37413664559654,298.1688421272985
12.287154341317413,1.0,300.04706564734045,298.3742487398371,298.16886361826516
12.290779940119808,1.0,300.0473354655171,298.37436084428384,298.1688851236652
12.294405538922204,1.0,300.0476052466528,298.374472958928,298.16890664349967
12.2980311377246,1.0,300.0478749907595,298.3745850837606,298.1689281777699
12.301656736526995,1.0,300.04814469784964,298.3746972187731,298.16894972647714
12.305282335329391,1.0,300.0484143679353,298.3748093639567,298.1689712896226
12.308907934131787,1.0,300.0486840010286,298.3749215193025,298.1689928672076
12.312533532934182,1.0,300.04895359714186,298.375033684802,298.16901445923327
12.316159131736578,1.0,300.04922315628716,298.3751458604463,298.1690360657009
12.319784730538974,1.0,300.04949267847667,298.3752580462266,298.16905768661167
12.32341032934137,1.0,300.04976216372245,298.3753702421343,298.16907932196676
12.327035928143765,1.0,300.0500316120368,298.3754824481606,298.16910097176753
12.33066152694616,1.0,300.0503010234317,298.37559466429684,298.1691226360151
12.334287125748556,1.0,300.05057039791944,298.3757068905343,298.1691443147107
12.337912724550952,1.0,300.05083973551194,298.3758191268642,298.16916600785555
12.341538323353348,1.0,300.0511090362215,298.37593137327787,298.1691877154508
12.345163922155743,1.0,300.05137830006015,298.3760436297666,298.1692094374978
12.348789520958139,1.0,300.05164752703996,298.37615589632185,298.1692311739975
12.352415119760535,1.0,300.051916717173,298.37626817293483,298.16925292495137
12.35604071856293,1.0,300.0521858704714,298.3763804595968,298.16927469036034
12.359666317365326,1.0,300.0524549869473,298.37649275629917,298.1692964702258
12.363291916167721,1.0,300.05272406661254,298.37660506303325,298.1693182645488
12.366917514970117,1.0,300.0529931094795,298.37671737979036,298.1693400733306
12.370543113772513,1.0,300.05326211555996,298.37682970656186,298.16936189657235
12.374168712574908,1.0,300.05353108486605,298.37694204333917,298.16938373427524
12.377794311377304,1.0,300.05380001740986,298.3770543901135,298.1694055864404
12.3814199101797,1.0,300.0540689132033,298.3771667468764,298.16942745306915
12.385045508982095,1.0,300.0543377722585,298.37727911361907,298.1694493341624
12.388671107784491,1.0,300.05460659458754,298.37739149033314,298.16947122972147
12.392296706586887,1.0,300.05487538020225,298.37750387700964,298.1694931397474
12.395922305389282,1.0,300.0551441291147,298.3776162736403,298.16951506424147
12.399547904191678,1.0,300.05541284133693,298.3777286802162,298.16953700320477
12.403173502994074,1.0,300.05568151688084,298.37784109672896,298.16955895663847
12.40679910179647,1.0,300.05595015575847,298.37795352316994,298.16958092454377
12.410424700598865,1.0,300.05621875798175,298.37806595953055,298.1696029069217
12.41405029940126,1.0,300.0564873235627,298.37817840580215,298.1696249037734
12.417675898203656,1.0,300.0567558525133,298.37829086197615,298.16964691510003
12.421301497006052,1.0,300.05702434484533,298.37840332804416,298.1696689409027
12.424927095808448,1.0,300.05729280057085,298.37851580399746,298.1696909811826
12.428552694610843,1.0,300.0575612197019,298.3786282898275,298.16971303594084
12.432178293413239,1.0,300.0578296022501,298.3787407855258,298.1697351051784
12.435803892215635,1.0,300.05809794822767,298.3788532910838,298.1697571888966
12.43942949101803,1.0,300.0583662576464,298.3789658064929,298.16977928709633
12.443055089820426,1.0,300.0586345305182,298.3790783317446,298.1698013997789
12.446680688622822,1.0,300.05890276685494,298.37919086683036,298.1698235269453
12.450306287425217,1.0,300.0591709666686,298.37930341174166,298.16984566859674
12.453931886227613,1.0,300.05943912997094,298.37941596647,298.1698678247341
12.457557485030009,1.0,300.05970725677395,298.3795285310068,298.1698899953588
12.461183083832404,1.0,300.0599753470894,298.3796411053437,298.1699121804716
12.4648086826348,1.0,300.0602434009292,298.3797536894721,298.1699343800737
12.468434281437196,1.0,300.06051141830517,298.37986628338354,298.1699565941663
12.472059880239591,1.0,300.06077939922926,298.37997888706957,298.16997882275035
12.475685479041987,1.0,300.06104734371314,298.38009150052164,298.170001065827
12.479311077844383,1.0,300.0613152517688,298.38020412373123,298.1700233233973
12.482936676646778,1.0,300.061583123408,298.3803167566899,298.1700455954623
12.486562275449174,1.0,300.06185095864254,298.3804293993893,298.17006788202303
12.49018787425157,1.0,300.06211875748426,298.3805420518209,298.1700901830807
12.493813473053965,1.0,300.06238651994494,298.3806547139762,298.1701124986362
12.49743907185636,1.0,300.06265424603635,298.3807673858468,298.17013482869066
12.501064670658756,1.0,300.0629219357704,298.3808800674243,298.17015717324506
12.504690269461152,1.0,300.06318958915875,298.3809927587002,298.1701795323006
12.508315868263548,1.0,300.0634572062132,298.38110545966606,298.1702019058583
12.511941467065943,1.0,300.0637247869455,298.38121817031356,298.17022429391903
12.51556706586834,1.0,300.06399233136744,298.38133089063416,298.170246696484
12.519192664670735,1.0,300.06425983949083,298.3814436206195,298.17026911355424
12.52281826347313,1.0,300.06452731132725,298.3815563602612,298.1702915451307
12.526443862275526,1.0,300.0647947468886,298.3816691095508,298.17031399121447
12.530069461077922,1.0,300.0650621461865,298.38178186848,298.17033645180646
12.533695059880317,1.0,300.06532950923287,298.3818946370403,298.17035892690785
12.537320658682713,1.0,300.06559683603916,298.38200741522337,298.17038141651955
12.540946257485109,1.0,300.06586412661727,298.3821202030209,298.1704039206427
12.544571856287504,1.0,300.0661313809788,298.38223300042443,298.17042643927806
12.5481974550899,1.0,300.0663985991355,298.3823458074257,298.1704489724269
12.551823053892296,1.0,300.066665781099,298.3824586240162,298.1704715200902
12.555448652694691,1.0,300.0669329268811,298.38257145018764,298.1704940822688
12.559074251497087,1.0,300.0672000364935,298.3826842859317,298.17051665896383
12.562699850299483,1.0,300.06746710994764,298.38279713124007,298.17053925017626
12.566325449101878,1.0,300.06773414725535,298.3829099861043,298.17056185590707
12.569951047904274,1.0,300.06800114842827,298.38302285051617,298.1705844761572
12.57357664670667,1.0,300.0682681134779,298.3831357244673,298.17060711092773
12.577202245509065,1.0,300.06853504241616,298.38324860794944,298.1706297602196
12.580827844311461,1.0,300.06880193525444,298.38336150095415,298.17065242403373
12.584453443113857,1.0,300.06906879200454,298.38347440347326,298.1706751023712
12.588079041916252,1.0,300.06933561267795,298.3835873154984,298.17069779523285
12.591704640718648,1.0,300.0696023972863,298.3837002370213,298.1707205026198
12.595330239521044,1.0,300.0698691458412,298.3838131680336,298.17074322453294
12.59895583832344,1.0,300.0701358583544,298.383926108527,298.17076596097326
12.602581437125835,1.0,300.0704025348373,298.38403905849344,298.17078871194167
12.60620703592823,1.0,300.0706691753015,298.38415201792446,298.1708114774391
12.609832634730626,1.0,300.0709357797586,298.3842649868118,298.1708342574666
12.613458233533022,1.0,300.07120234822025,298.3843779651472,298.1708570520251
12.617083832335418,1.0,300.0714688806979,298.3844909529225,298.17087986111545
12.620709431137813,1.0,300.07173537720325,298.3846039501294,298.1709026847387
12.624335029940209,1.0,300.07200183774773,298.3847169567596,298.1709255228957
12.627960628742604,1.0,300.07226826234285,298.3848299728049,298.17094837558744
12.631586227545,1.0,300.0725346510003,298.38494299825703,298.17097124281486
12.635211826347396,1.0,300.0728010037315,298.38505603310796,298.1709941245789
12.638837425149791,1.0,300.07306732054803,298.3851690773492,298.1710170208804
12.642463023952187,1.0,300.07333360146134,298.3852821309727,298.17103993172043
12.646088622754583,1.0,300.073599846483,298.38539519397017,298.17106285709974
12.649714221556978,1.0,300.0738660556244,298.38550826633343,298.17108579701926
12.653339820359374,1.0,300.07413222889716,298.3856213480543,298.17110875148006
12.65696541916177,1.0,300.0743983663127,298.3857344391246,298.17113172048295
12.660591017964165,1.0,300.0746644678826,298.3858475395361,298.1711547040288
12.664216616766561,1.0,300.0749305336182,298.38596064928066,298.17117770211854
12.667842215568957,1.0,300.07519656353105,298.3860737683501,298.17120071475307
12.671467814371352,1.0,300.0754625576326,298.3861868967362,298.1712237419334
12.675093413173748,1.0,300.07572851593426,298.3863000344309,298.1712467836602
12.678719011976144,1.0,300.07599443844754,298.3864131814259,298.17126983993455
12.68234461077854,1.0,300.0762603251838,298.3865263377132,298.17129291075724
12.685970209580935,1.0,300.0765261761546,298.3866395032845,298.1713159961291
12.68959580838333,1.0,300.0767919913712,298.38675267813176,298.1713390960512
12.693221407185726,1.0,300.0770577708451,298.38686586224685,298.17136221052425
12.696847005988122,1.0,300.0773235145878,298.38697905562157,298.17138533954915
12.700472604790518,1.0,300.0775892226107,298.38709225824783,298.1714084831268
12.704098203592913,1.0,300.077854894925,298.3872054701175,298.1714316412581
12.707723802395309,1.0,300.07812053154225,298.38731869122256,298.17145481394385
12.711349401197705,1.0,300.07838613247384,298.38743192155476,298.1714780011849
12.7149750000001,1.0,300.0786516977311,298.3875451611061,298.17150120298214
12.718600598802496,1.0,300.07891722732546,298.38765840986844,298.1715244193365
12.722226197604892,1.0,300.07918272126824,298.38777166783376,298.1715476502486
12.725851796407287,1.0,300.0794481795708,298.38788493499385,298.1715708957196
12.729477395209683,1.0,300.0797136022445,298.3879982113407,298.1715941557501
12.733102994012079,1.0,300.0799789893007,298.38811149686626,298.171617430341
12.736728592814474,1.0,300.0802443407507,298.3882247915624,298.17164071949315
12.74035419161687,1.0,300.08050965660595,298.3883380954211,298.1716640232074
12.743979790419266,1.0,300.0807749368776,298.38845140843426,298.1716873414846
12.747605389221661,1.0,300.0810401815771,298.38856473059394,298.17171067432554
12.751230988024057,1.0,300.0813053907157,298.388678061892,298.1717340217311
12.754856586826453,1.0,300.08157056430474,298.38879140232035,298.17175738370196
12.758482185628848,1.0,300.08183570235553,298.38890475187105,298.1717807602391
12.762107784431244,1.0,300.08210080487925,298.3890181105361,298.17180415134317
12.76573338323364,1.0,300.08236587188736,298.3891314783073,298.17182755701515
12.769358982036035,1.0,300.082630903391,298.38924485517686,298.17185097725576
12.77298458083843,1.0,300.08289589940154,298.38935824113656,298.1718744120658
12.776610179640826,1.0,300.0831608599302,298.38947163617865,298.171897861446
12.780235778443222,1.0,300.08342578498826,298.3895850402949,298.1719213253973
12.783861377245618,1.0,300.08369067458693,298.38969845347737,298.1719448039205
12.787486976048013,1.0,300.08395552873753,298.38981187571807,298.17196829701635
12.791112574850409,1.0,300.0842203474512,298.3899253070091,298.1719918046856
12.794738173652805,1.0,300.08448513073927,298.3900387473423,298.172015326929
12.7983637724552,1.0,300.0847498786129,298.39015219671,298.17203886374745
12.801989371257596,1.0,300.08501459108334,298.3902656551039,298.17206241514157
12.805614970059992,1.0,300.08527926816186,298.39037912251626,298.1720859811123
12.809240568862387,1.0,300.0855439098595,298.39049259893903,298.1721095616603
12.812866167664783,1.0,300.0858085161876,298.39060608436426,298.17213315678646
12.816491766467179,1.0,300.0860730871574,298.390719578784,298.17215676649147
12.820117365269574,1.0,300.08633762278,298.3908330821904,298.1721803907761
12.82374296407197,1.0,300.08660212306654,298.39094659457544,298.172204029641
12.827368562874366,1.0,300.0868665880282,298.39106011593117,298.17222768308704
12.830994161676761,1.0,300.0871310176763,298.39117364624974,298.17225135111505
12.834619760479157,1.0,300.0873954120219,298.3912871855232,298.1722750337256
12.838245359281553,1.0,300.0876597710761,298.3914007337436,298.1722987309196
12.841870958083948,1.0,300.0879240948501,298.3915142909031,298.1723224426977
12.845496556886344,1.0,300.0881883833551,298.39162785699375,298.1723461690607
12.84912215568874,1.0,300.08845263660214,298.3917414320077,298.17236991000925
12.852747754491135,1.0,300.0887168546024,298.39185501593704,298.1723936655441
12.856373353293531,1.0,300.08898103736703,298.3919686087738,298.1724174356661
12.859998952095927,1.0,300.08924518490704,298.3920822105103,298.17244122037584
12.863624550898322,1.0,300.0895092972337,298.39219582113844,298.17246501967406
12.867250149700718,1.0,300.08977337435795,298.39230944065054,298.1724888335616
12.870875748503114,1.0,300.09003741629095,298.39242306903856,298.172512662039
12.87450134730551,1.0,300.09030142304385,298.39253670629483,298.1725365051072
12.878126946107905,1.0,300.0905653946277,298.3926503524114,298.1725603627667
12.8817525449103,1.0,300.0908293310535,298.3927640073804,298.17258423501823
12.885378143712696,1.0,300.0910932323324,298.392877671194,298.17260812186265
12.889003742515092,1.0,300.0913570984755,298.39299134384447,298.1726320233006
12.892629341317488,1.0,300.0916209294938,298.39310502532385,298.1726559393327
12.896254940119883,1.0,300.09188472539836,298.39321871562436,298.17267986995967
12.899880538922279,1.0,300.09214848620024,298.39333241473815,298.1727038151823
12.903506137724674,1.0,300.09241221191047,298.3934461226575,298.1727277750012
12.90713173652707,1.0,300.09267590254007,298.39355983937446,298.17275174941705
12.910757335329466,1.0,300.0929395581,298.39367356488145,298.17277573843046
12.914382934131861,1.0,300.09320317860147,298.3937872991704,298.17279974204234
12.918008532934257,1.0,300.09346676405534,298.3939010422337,298.1728237602532
12.921634131736653,1.0,300.0937303144727,298.39401479406354,298.17284779306374
12.925259730539048,1.0,300.0939938298644,298.39412855465207,298.17287184047456
12.928885329341444,1.0,300.0942573102417,298.39424232399153,298.1728959024865
12.93251092814384,1.0,300.09452075561535,298.3943561020742,298.1729199791001
12.936136526946235,1.0,300.0947841659965,298.39446988889233,298.172944070316
12.939762125748631,1.0,300.09504754139596,298.39458368443815,298.17296817613493
12.943387724551027,1.0,300.0953108818248,298.3946974887038,298.17299229655754
12.947013323353422,1.0,300.095574187294,298.3948113016816,298.1730164315845
12.950638922155818,1.0,300.0958374578145,298.3949251233639,298.17304058121636
12.954264520958214,1.0,300.0961006933972,298.39503895374287,298.17306474545387
12.95789011976061,1.0,300.0963638940531,298.3951527928108,298.17308892429764
12.961515718563005,1.0,300.0966270597932,298.39526664055995,298.17311311774836
12.9651413173654,1.0,300.0968901906283,298.39538049698257,298.1731373258065
12.968766916167796,1.0,300.0971532865694,298.39549436207096,298.1731615484729
12.972392514970192,1.0,300.09741634762736,298.39560823581746,298.17318578574805
12.976018113772588,1.0,300.09767937381315,298.3957221182144,298.17321003763266
12.979643712574983,1.0,300.09794236513767,298.39583600925397,298.17323430412733
12.983269311377379,1.0,300.09820532161183,298.39594990892846,298.17325858523265
12.986894910179775,1.0,300.0984682432465,298.39606381723024,298.1732828809492
12.99052050898217,1.0,300.09873113005256,298.39617773415165,298.17330719127773
12.994146107784566,1.0,300.09899398204095,298.396291659685,298.17333151621875
12.997771706586962,1.0,300.0992567992225,298.39640559382264,298.1733558557729
13.001397305389357,1.0,300.09951958160804,298.39651953655687,298.17338020994083
13.005022904191753,1.0,300.0997823292085,298.3966334878799,298.173404578723
13.008648502994149,1.0,300.10004504203476,298.3967474477843,298.1734289621202
13.012274101796544,1.0,300.1003077200976,298.3968614162623,298.17345336013295
13.01589970059894,1.0,300.10057036340794,298.39697539330626,298.1734777727618
13.019525299401336,1.0,300.10083297197656,298.3970893789086,298.17350220000736
13.023150898203731,1.0,300.1010955458143,298.3972033730616,298.1735266418702
13.026776497006127,1.0,300.101358084932,298.39731737575767,298.173551098351
13.030402095808522,1.0,300.1016205893404,298.3974313869892,298.17357556945024
13.034027694610918,1.0,300.10188305905046,298.3975454067485,298.1736000551685
13.037653293413314,1.0,300.1021454940729,298.39765943502806,298.17362455550636
13.04127889221571,1.0,300.10240789441855,298.3977734718202,298.17364907046453
13.044904491018105,1.0,300.1026702600982,298.3978875171174,298.1736736000434
13.0485300898205,1.0,300.1029325911226,298.39800157091196,298.17369814424364
13.052155688622896,1.0,300.10319488750264,298.3981156331963,298.1737227030657
13.055781287425292,1.0,300.10345714924904,298.39822970396295,298.1737472765103
13.059406886227688,1.0,300.1037193763725,298.3983437832041,298.1737718645779
13.063032485030083,1.0,300.1039815688839,298.39845787091247,298.173796467269
13.066658083832479,1.0,300.10424372679387,298.3985719670802,298.1738210845843
13.070283682634875,1.0,300.10450585011336,298.3986860716999,298.1738457165242
13.07390928143727,1.0,300.1047679388529,298.3988001847639,298.1738703630894
13.077534880239666,1.0,300.1050299930233,298.3989143062649,298.17389502428034
13.081160479042062,1.0,300.10529201263546,298.39902843619495,298.1739197000976
13.084786077844457,1.0,300.10555399769993,298.3991425745468,298.1739443905417
13.088411676646853,1.0,300.1058159482274,298.39925672131284,298.1739690956131
13.092037275449249,1.0,300.1060778642287,298.39937087648553,298.17399381531243
13.095662874251644,1.0,300.1063397457146,298.39948504005724,298.17401854964015
13.09928847305404,1.0,300.1066015926956,298.39959921202063,298.17404329859687
13.102914071856436,1.0,300.1068634051826,298.399713392368,298.174068062183
13.106539670658831,1.0,300.1071251831861,298.39982758109204,298.17409284039917
13.110165269461227,1.0,300.1073869267169,298.39994177818505,298.1741176332458
13.113790868263623,1.0,300.1076486357857,298.4000559836396,298.17414244072353
13.117416467066018,1.0,300.1079103104032,298.4001701974483,298.1741672628327
13.121042065868414,1.0,300.10817195057996,298.40028441960345,298.174192099574
13.12466766467081,1.0,300.10843355632664,298.4003986500977,298.17421695094777
13.128293263473205,1.0,300.1086951276541,298.4005128889235,298.1742418169545
13.131918862275601,1.0,300.1089566645727,298.40062713607347,298.1742666975948
13.135544461077997,1.0,300.10921816709333,298.40074139154007,298.1742915928691
13.139170059880392,1.0,300.1094796352265,298.40085565531587,298.174316502778
13.142795658682788,1.0,300.1097410689828,298.40096992739336,298.17434142732185
13.146421257485184,1.0,300.110002468373,298.40108420776505,298.1743663665012
13.15004685628758,1.0,300.11026383340766,298.40119849642355,298.1743913203165
13.153672455089975,1.0,300.1105251640974,298.40131279336146,298.1744162887683
13.15729805389237,1.0,300.11078646045274,298.4014270985713,298.17444127185695
13.160923652694766,1.0,300.11104772248444,298.4015414120456,298.17446626958304
13.164549251497162,1.0,300.11130895020295,298.401655733777,298.17449128194704
13.168174850299557,1.0,300.11157014361896,298.40177006375797,298.1745163089493
13.171800449101953,1.0,300.11183130274304,298.4018844019812,298.1745413505904
13.175426047904349,1.0,300.1120924275857,298.4019987484392,298.1745664068708
13.179051646706744,1.0,300.1123535181576,298.4021131031246,298.1745914777909
13.18267724550914,1.0,300.1126145744693,298.40222746603,298.17461656335115
13.186302844311536,1.0,300.11287559653135,298.40234183714796,298.174641663552
13.189928443113931,1.0,300.11313658435427,298.40245621647114,298.174666778394
13.193554041916327,1.0,300.1133975379486,298.40257060399216,298.17469190787745
13.197179640718723,1.0,300.1136584573249,298.4026849997036,298.17471705200296
13.200805239521118,1.0,300.1139193424937,298.4027994035981,298.1747422107708
13.204430838323514,1.0,300.11418019346564,298.4029138156682,298.1747673841815
13.20805643712591,1.0,300.11444101025114,298.40302823590673,298.17479257223545
13.211682035928305,1.0,300.1147017928608,298.4031426643062,298.17481777493316
13.215307634730701,1.0,300.114962541305,298.4032571008592,298.174842992275
13.218933233533097,1.0,300.11522325559434,298.4033715455584,298.1748682242614
13.222558832335492,1.0,300.11548393573935,298.40348599839655,298.1748934708928
13.226184431137888,1.0,300.11574458175045,298.40360045936626,298.17491873216966
13.229810029940284,1.0,300.11600519363816,298.4037149284602,298.17494400809227
13.23343562874268,1.0,300.116265771413,298.403829405671,298.17496929866115
13.237061227545075,1.0,300.1165263150854,298.40394389099134,298.1749946038767
13.24068682634747,1.0,300.1167868246659,298.404058384414,298.1750199237393
13.244312425149866,1.0,300.1170473001649,298.4041728859316,298.1750452582494
13.247938023952262,1.0,300.1173077415929,298.40428739553676,298.1750706074073
13.251563622754658,1.0,300.1175681489604,298.4044019132222,298.1750959712135
13.255189221557053,1.0,300.1178285222777,298.4045164389807,298.1751213496683
13.258814820359449,1.0,300.1180888615554,298.4046309728049,298.17514674277226
13.262440419161845,1.0,300.11834916680385,298.40474551468753,298.17517215052555
13.26606601796424,1.0,300.11860943803356,298.4048600646213,298.17519757292877
13.269691616766636,1.0,300.1188696752549,298.4049746225989,298.17522300998223
13.273317215569032,1.0,300.11912987847836,298.40508918861315,298.1752484616863
13.276942814371427,1.0,300.1193900477143,298.40520376265664,298.1752739280413
13.280568413173823,1.0,300.1196501829731,298.4053183447222,298.1752994090476
13.284194011976219,1.0,300.1199102842652,298.4054329348026,298.1753249047058
13.287819610778614,1.0,300.12017035160096,298.4055475328905,298.175350415016
13.29144520958101,1.0,300.1204303849908,298.4056621389787,298.1753759399787
13.295070808383405,1.0,300.12069038444514,298.40577675305997,298.17540147959426
13.298696407185801,1.0,300.1209503499744,298.40589137512706,298.17542703386295
13.302322005988197,1.0,300.1212102815889,298.4060060051726,298.1754526027853
13.305947604790592,1.0,300.12147017929897,298.4061206431896,298.17547818636143
13.309573203592988,1.0,300.121730043115,298.4062352891707,298.17550378459197
13.313198802395384,1.0,300.12198987304737,298.40634994310875,298.175529397477
13.31682440119778,1.0,300.12224966910645,298.4064646049964,298.1755550250171
13.320450000000175,1.0,300.1225094313025,298.40657927482664,298.17558066721244
13.32407559880257,1.0,300.12276915964594,298.40669395259215,298.1756063240635
13.327701197604966,1.0,300.1230288541471,298.40680863828567,298.1756319955705
13.331326796407362,1.0,300.12328851481624,298.4069233319001,298.1756576817338
13.334952395209758,1.0,300.12354814166383,298.4070380334282,298.1756833825538
13.338577994012153,1.0,300.1238077347001,298.4071527428629,298.17570909803084
13.342203592814549,1.0,300.1240672939354,298.40726746019686,298.17573482816516
13.345829191616945,1.0,300.12432681938,298.40738218542305,298.1757605729571
13.34945479041934,1.0,300.12458631104414,298.4074969185342,298.175786332407
13.353080389221736,1.0,300.1248457689382,298.4076116595232,298.17581210651514
13.356705988024132,1.0,300.1251051930725,298.40772640838287,298.17583789528186
13.360331586826527,1.0,300.1253645834572,298.40784116510605,298.17586369870764
13.363957185628923,1.0,300.1256239401028,298.40795592968567,298.17588951679255
13.367582784431319,1.0,300.1258832630193,298.4080707021145,298.17591534953704
13.371208383233714,1.0,300.12614255221723,298.4081854823854,298.1759411969413
13.37483398203611,1.0,300.1264018077066,298.4083002704913,298.1759670590057
13.378459580838506,1.0,300.1266610294979,298.408415066425,298.1759929357305
13.382085179640901,1.0,300.1269202176012,298.40852987017945,298.17601882711614
13.385710778443297,1.0,300.12717937202683,298.4086446817475,298.1760447331627
13.389336377245693,1.0,300.12743849278496,298.40875950112206,298.1760706538707
13.392961976048088,1.0,300.127697579886,298.40887432829595,298.1760965892402
13.396587574850484,1.0,300.12795663334003,298.4089891632621,298.17612253927155
13.40021317365288,1.0,300.1282156531573,298.4091040060135,298.1761485039651
13.403838772455275,1.0,300.12847463934804,298.4092188565429,298.17617448332123
13.40746437125767,1.0,300.1287335919225,298.4093337148434,298.17620047734
13.411089970060067,1.0,300.1289925108908,298.40944858090774,298.1762264860217
13.414715568862462,1.0,300.1292513962632,298.409563454729,298.17625250936675
13.418341167664858,1.0,300.12951024804994,298.4096783363,298.17627854737526
13.421966766467254,1.0,300.1297690662611,298.40979322561367,298.1763046000477
13.42559236526965,1.0,300.1300278509069,298.40990812266296,298.17633066738404
13.429217964072045,1.0,300.13028660199757,298.41002302744084,298.1763567493848
13.43284356287444,1.0,300.1305453195433,298.4101379399403,298.1763828460501
13.436469161676836,1.0,300.1308040035542,298.4102528601541,298.17640895738026
13.440094760479232,1.0,300.1310626540404,298.4103677880754,298.17643508337545
13.443720359281627,1.0,300.1313212710121,298.41048272369716,298.1764612240361
13.447345958084023,1.0,300.13157985447947,298.41059766701227,298.1764873793622
13.450971556886419,1.0,300.1318384044527,298.4107126180137,298.1765135493542
13.454597155688814,1.0,300.13209692094176,298.41082757669443,298.17653973401224
13.45822275449121,1.0,300.1323554039569,298.4109425430475,298.1765659333366
13.461848353293606,1.0,300.13261385350836,298.41105751706584,298.17659214732737
13.465473952096001,1.0,300.132872269606,298.4111724987425,298.176618375985
13.469099550898397,1.0,300.1331306522602,298.4112874880703,298.1766446193096
13.472725149700793,1.0,300.13338900148085,298.41140248504246,298.17667087730143
13.476350748503188,1.0,300.13364731727836,298.4115174896519,298.1766971499607
13.479976347305584,1.0,300.1339055996625,298.41163250189163,298.17672343728765
13.48360194610798,1.0,300.13416384864354,298.41174752175465,298.1767497392825
13.487227544910375,1.0,300.13442206423156,298.411862549234,298.17677605594537
13.490853143712771,1.0,300.1346802464366,298.41197758432276,298.1768023872766
13.494478742515167,1.0,300.13493839526876,298.41209262701386,298.1768287332763
13.498104341317562,1.0,300.1351965107382,298.4122076773004,298.17685509394477
13.501729940119958,1.0,300.13545459285484,298.41232273517545,298.17688146928214
13.505355538922354,1.0,300.1357126416288,298.41243780063195,298.17690785928863
13.50898113772475,1.0,300.1359706570701,298.41255287366306,298.1769342639645
13.512606736527145,1.0,300.13622863918897,298.4126679542618,298.1769606833098
13.51623233532954,1.0,300.13648658799525,298.4127830424212,298.17698711732487
13.519857934131936,1.0,300.13674450349913,298.4128981381343,298.1770135660098
13.523483532934332,1.0,300.13700238571056,298.41301324139437,298.17704002936483
13.527109131736728,1.0,300.13726023463965,298.4131283521942,298.1770665073902
13.530734730539123,1.0,300.1375180502963,298.413243470527,298.1770930000859
13.534360329341519,1.0,300.1377758326906,298.41335859638593,298.17711950745235
13.537985928143915,1.0,300.13803358183253,298.41347372976395,298.1771460294896
13.54161152694631,1.0,300.1382912977323,298.4135888706542,298.1771725661979
13.545237125748706,1.0,300.13854898039966,298.4137040190499,298.17719911757723
13.548862724551102,1.0,300.1388066298446,298.41381917494397,298.17722568362797
13.552488323353497,1.0,300.13906424607734,298.4139343383296,298.1772522643501
13.556113922155893,1.0,300.13932182910776,298.41404950919997,298.177278859744
13.559739520958288,1.0,300.13957937894577,298.41416468754807,298.17730546980965
13.563365119760684,1.0,300.1398368956015,298.4142798733671,298.1773320945473
13.56699071856308,1.0,300.14009437908476,298.41439506665023,298.17735873395696
13.570616317365475,1.0,300.14035182940563,298.41451026739054,298.177385388039
13.574241916167871,1.0,300.14060924657394,298.41462547558115,298.17741205679346
13.577867514970267,1.0,300.1408666305998,298.4147406912152,298.1774387402204
13.581493113772662,1.0,300.14112398149314,298.41485591428585,298.17746543832016
13.585118712575058,1.0,300.1413812992638,298.4149711447863,298.17749215109274
13.588744311377454,1.0,300.14163858392186,298.41508638270966,298.1775188785383
13.59236991017985,1.0,300.1418958354771,298.41520162804915,298.177545620657
13.595995508982245,1.0,300.1421530539396,298.41531688079783,298.17757237744894
13.59962110778464,1.0,300.1424102393192,298.41543214094895,298.1775991489143
13.603246706587036,1.0,300.14266739162576,298.4155474084957,298.1776259350532
13.606872305389432,1.0,300.14292451086936,298.4156626834312,298.1776527358657
13.610497904191828,1.0,300.14318159705977,298.41577796574876,298.17767955135196
13.614123502994223,1.0,300.14343865020703,298.4158932554414,298.1777063815121
13.617749101796619,1.0,300.1436956703208,298.41600855250243,298.17773322634633
13.621374700599015,1.0,300.1439526574112,298.41612385692497,298.1777600858546
13.62500029940141,1.0,300.144209611488,298.41623916870236,298.17778696003705
13.628625898203806,1.0,300.14446653256124,298.4163544878277,298.17781384889383
13.632251497006202,1.0,300.14472342064056,298.41646981429426,298.17784075242514
13.635877095808597,1.0,300.144980275736,298.41658514809524,298.177867670631
13.639502694610993,1.0,300.1452370978574,298.41670048922384,298.17789460351145
13.643128293413389,1.0,300.14549388701454,298.4168158376733,298.1779215510666
13.646753892215784,1.0,300.1457506432174,298.41693119343694,298.17794851329666
13.65037949101818,1.0,300.1460073664758,298.4170465565079,298.1779754902016
13.654005089820576,1.0,300.1462640567995,298.41716192687943,298.1780024817816
13.657630688622971,1.0,300.1465207141984,298.4172773045448,298.1780294880367
13.661256287425367,1.0,300.1467773386823,298.4173926894974,298.17805650896696
13.664881886227763,1.0,300.1470339302611,298.4175080817302,298.17808354457253
13.668507485030158,1.0,300.1472904889446,298.41762348123666,298.1781105948534
13.672133083832554,1.0,300.1475470147426,298.41773888801004,298.17813765980975
13.67575868263495,1.0,300.14780350766495,298.41785430204357,298.17816473944157
13.679384281437345,1.0,300.1480599677213,298.4179697233305,298.17819183374894
13.68300988023974,1.0,300.1483163949217,298.4180851518642,298.178218942732
13.686635479042137,1.0,300.1485727892758,298.41820058763795,298.1782460663907
13.690261077844532,1.0,300.14882915079346,298.4183160306449,298.17827320472526
13.693886676646928,1.0,300.1490854794844,298.41843148087855,298.17830035773557
13.697512275449323,1.0,300.1493417753585,298.4185469383321,298.1783275254219
13.70113787425172,1.0,300.14959803842544,298.4186624029988,298.178354707784
13.704763473054115,1.0,300.149854268695,298.4187778748721,298.1783819048222
13.70838907185651,1.0,300.150110466177,298.4188933539452,298.1784091165364
13.712014670658906,1.0,300.1503666308812,298.4190088402114,298.1784363429267
13.715640269461302,1.0,300.1506227628173,298.4191243336641,298.1784635839931
13.719265868263697,1.0,300.15087886199507,298.41923983429666,298.17849083973573
13.722891467066093,1.0,300.1511349284243,298.4193553421024,298.1785181101545
13.726517065868489,1.0,300.15139096211476,298.41947085707454,298.1785453952496
13.730142664670884,1.0,300.15164696307613,298.4195863792066,298.178572695021
13.73376826347328,1.0,300.15190293131815,298.4197019084918,298.1786000094687
13.737393862275676,1.0,300.15215886685047,298.41981744492347,298.1786273385928
13.741019461078071,1.0,300.15241476968293,298.4199329884951,298.1786546823932
13.744645059880467,1.0,300.15267063982526,298.4200485392,298.17868204087
13.748270658682863,1.0,300.15292647728705,298.4201640970315,298.17870941402333
13.751896257485258,1.0,300.1531822820781,298.42027966198305,298.178736801853
13.755521856287654,1.0,300.15343805420804,298.42039523404793,298.1787642043591
13.75914745509005,1.0,300.15369379368667,298.42051081321955,298.17879162154173
13.762773053892445,1.0,300.1539495005236,298.4206263994913,298.17881905340084
13.766398652694841,1.0,300.1542051747285,298.4207419928566,298.1788464999364
13.770024251497237,1.0,300.15446081631114,298.4208575933089,298.1788739611485
13.773649850299632,1.0,300.1547164252811,298.42097320084144,298.17890143703704
13.777275449102028,1.0,300.15497200164816,298.4210888154478,298.17892892760204
13.780901047904424,1.0,300.1552275454219,298.4212044371213,298.17895643284356
13.78452664670682,1.0,300.155483056612,298.42132006585524,298.1789839527616
13.788152245509215,1.0,300.15573853522807,298.42143570164325,298.1790114873561
13.79177784431161,1.0,300.15599398127983,298.4215513444786,298.1790390366271
13.795403443114006,1.0,300.15624939477686,298.42166699435484,298.1790666005745
13.799029041916402,1.0,300.15650477572893,298.42178265126535,298.1790941791984
13.802654640718798,1.0,300.15676012414553,298.4218983152036,298.17912177249866
13.806280239521193,1.0,300.15701544003633,298.42201398616294,298.1791493804754
13.809905838323589,1.0,300.15727072341105,298.4221296641369,298.17917700312853
13.813531437125985,1.0,300.1575259742792,298.4222453491189,298.17920464045795
13.81715703592838,1.0,300.1577811926505,298.42236104110236,298.1792322924637
13.820782634730776,1.0,300.1580363785344,298.42247674008087,298.1792599591458
13.824408233533171,1.0,300.1582915319406,298.4225924460477,298.1792876405041
13.828033832335567,1.0,300.1585466528787,298.42270815899644,298.1793153365387
13.831659431137963,1.0,300.1588017413583,298.4228238789206,298.17934304724946
13.835285029940358,1.0,300.159056797389,298.42293960581367,298.17937077263633
13.838910628742754,1.0,300.15931182098035,298.423055339669,298.1793985126993
13.84253622754515,1.0,300.1595668121419,298.4231710804802,298.1794262674384
13.846161826347545,1.0,300.1598217708833,298.4232868282407,298.17945403685343
13.849787425149941,1.0,300.1600766972141,298.423402582944,298.17948182094443
13.853413023952337,1.0,300.16033159114386,298.42351834458367,298.1795096197113
13.857038622754732,1.0,300.16058645268214,298.4236341131531,298.17953743315417
13.860664221557128,1.0,300.1608412818385,298.42374988864594,298.17956526127267
13.864289820359524,1.0,300.16109607862245,298.42386567105564,298.17959310406695
13.86791541916192,1.0,300.1613508430436,298.42398146037567,298.17962096153684
13.871541017964315,1.0,300.1616055751114,298.42409725659957,298.17964883368245
13.87516661676671,1.0,300.16186027483553,298.424213059721,298.1796767205035
13.878792215569106,1.0,300.1621149422254,298.42432886973336,298.179704622
13.882417814371502,1.0,300.1623695772905,298.42444468663024,298.17973253817183
13.886043413173898,1.0,300.1626241800405,298.4245605104051,298.1797604690191
13.889669011976293,1.0,300.16287875048477,298.4246763410517,298.1797884145415
13.893294610778689,1.0,300.16313328863293,298.42479217856334,298.1798163747391
13.896920209581085,1.0,300.16338779449444,298.4249080229337,298.1798443496117
13.90054580838348,1.0,300.16364226807883,298.42502387415635,298.1798723391594
13.904171407185876,1.0,300.16389670939554,298.4251397322249,298.17990034338186
13.907797005988272,1.0,300.1641511184541,298.4252555971328,298.1799283622791
13.911422604790667,1.0,300.16440549526396,298.4253714688737,298.17995639585104
13.915048203593063,1.0,300.16465983983466,298.42548734744116,298.1799844440976
13.918673802395459,1.0,300.1649141521756,298.4256032328288,298.1800125070187
13.922299401197854,1.0,300.1651684322963,298.4257191250302,298.1800405846142
13.92592500000025,1.0,300.1654226802062,298.4258350240389,298.18006867688393
13.929550598802646,1.0,300.1656768959148,298.42595092984857,298.1800967838279
13.933176197605041,1.0,300.1659310794316,298.42606684245277,298.1801249054459
13.936801796407437,1.0,300.16618523076596,298.4261827618451,298.18015304173787
13.940427395209833,1.0,300.1664393499274,298.42629868801924,298.1801811927037
13.944052994012228,1.0,300.16669343692524,298.42641462096867,298.18020935834323
13.947678592814624,1.0,300.166947491769,298.4265305606871,298.18023753865646
13.95130419161702,1.0,300.1672015144681,298.42664650716824,298.1802657336431
13.954929790419415,1.0,300.167455505032,298.4267624604056,298.1802939433032
13.95855538922181,1.0,300.1677094634701,298.4268784203929,298.18032216763646
13.962180988024206,1.0,300.16796338979185,298.42699438712367,298.18035040664284
13.965806586826602,1.0,300.16821728400663,298.4271103605916,298.1803786603222
13.969432185628998,1.0,300.1684711461238,298.4272263407904,298.1804069286744
13.973057784431393,1.0,300.1687249761528,298.42734232771363,298.1804352116994
13.97668338323379,1.0,300.16897877410304,298.42745832135506,298.1804635093968
13.980308982036185,1.0,300.16923253998397,298.4275743217082,298.18049182176674
13.98393458083858,1.0,300.16948627380486,298.42769032876686,298.1805201488089
13.987560179640976,1.0,300.1697399755752,298.4278063425246,298.1805484905232
13.991185778443372,1.0,300.1699936453043,298.42792236297527,298.18057684690956
13.994811377245767,1.0,300.1702472830016,298.42803839011236,298.18060521796775
13.998436976048163,1.0,300.1705008886764,298.42815442392964,298.1806336036976
14.002062574850559,1.0,300.17075446233804,298.42827046442073,298.18066200409896
14.005688173652954,1.0,300.17100800399595,298.42838651157945,298.18069041917164
14.00931377245535,1.0,300.17126151365954,298.42850256539936,298.1807188489156
14.012939371257746,1.0,300.17151499133803,298.4286186258742,298.18074729333057
14.016564970060141,1.0,300.17176843704084,298.4287346929978,298.1807757524164
14.020190568862537,1.0,300.17202185077724,298.4288507667637,298.180804226173
14.023816167664933,1.0,300.1722752325567,298.42896684716567,298.18083271460006
14.027441766467328,1.0,300.1725285823884,298.4290829341975,298.1808612176975
14.031067365269724,1.0,300.17278190028173,298.42919902785286,298.1808897354651
14.03469296407212,1.0,300.17303518624607,298.42931512812544,298.1809182679027
14.038318562874515,1.0,300.1732884402907,298.42943123500913,298.1809468150102
14.041944161676911,1.0,300.1735416624249,298.42954734849747,298.1809753767872
14.045569760479307,1.0,300.173794852658,298.4296634685843,298.18100395323376
14.049195359281702,1.0,300.17404801099923,298.42977959526337,298.18103254434953
14.052820958084098,1.0,300.17430113745803,298.42989572852844,298.1810611501344
14.056446556886494,1.0,300.1745542320436,298.43001186837324,298.18108977058813
14.06007215568889,1.0,300.17480729476523,298.4301280147915,298.18111840571055
14.063697754491285,1.0,300.1750603256323,298.430244167777,298.1811470555014
14.06732335329368,1.0,300.17531332465387,298.43036032732357,298.1811757199606
14.070948952096076,1.0,300.1755662918394,298.4304764934249,298.18120439908796
14.074574550898472,1.0,300.17581922719813,298.4305926660749,298.1812330928831
14.078200149700868,1.0,300.1760721307393,298.43070884526713,298.1812618013459
14.081825748503263,1.0,300.1763250024722,298.43082503099566,298.1812905244762
14.085451347305659,1.0,300.176577842406,298.43094122325397,298.18131926227363
14.089076946108054,1.0,300.1768306505501,298.43105742203613,298.18134801473826
14.09270254491045,1.0,300.17708342691355,298.4311736273358,298.1813767818696
14.096328143712846,1.0,300.1773361715058,298.43128983914676,298.18140556366757
14.099953742515241,1.0,300.1775888843359,298.4314060574629,298.18143436013185
14.103579341317637,1.0,300.1778415654132,298.431522282278,298.1814631712623
14.107204940120033,1.0,300.17809421474686,298.43163851358594,298.1814919970587
14.110830538922428,1.0,300.17834683234616,298.4317547513804,298.1815208375208
14.114456137724824,1.0,300.1785994182203,298.43187099565534,298.18154969264833
14.11808173652722,1.0,300.1788519723785,298.4319872464045,298.181578562441
14.121707335329615,1.0,300.1791044948299,298.4321035036219,298.18160744689874
14.125332934132011,1.0,300.17935698558375,298.432219767301,298.1816363460212
14.128958532934407,1.0,300.1796094446493,298.4323360374361,298.1816652598082
14.132584131736802,1.0,300.17986187203564,298.4324523140206,298.1816941882594
14.136209730539198,1.0,300.1801142677521,298.43256859704877,298.18172313137467
14.139835329341594,1.0,300.1803666318078,298.4326848865142,298.1817520891537
14.14346092814399,1.0,300.1806189642118,298.4328011824108,298.18178106159615
14.147086526946385,1.0,300.18087126497346,298.4329174847325,298.18181004870183
14.15071212574878,1.0,300.18112353410186,298.43303379347316,298.1818390504706
14.154337724551176,1.0,300.18137577160616,298.4331501086266,298.1818680669021
14.157963323353572,1.0,300.18162797749557,298.43326643018673,298.1818970979961
14.161588922155968,1.0,300.1818801517791,298.43338275814745,298.1819261437523
14.165214520958363,1.0,300.1821322944661,298.43349909250264,298.1819552041705
14.168840119760759,1.0,300.18238440556564,298.43361543324613,298.18198427925034
14.172465718563155,1.0,300.18263648508685,298.4337317803719,298.1820133689916
14.17609131736555,1.0,300.1828885330389,298.4338481338738,298.182042473394
14.179716916167946,1.0,300.18314054943085,298.43396449374575,298.1820715924573
14.183342514970342,1.0,300.18339253427195,298.43408085998175,298.18210072618115
14.186968113772737,1.0,300.1836444875712,298.4341972325755,298.1821298745653
14.190593712575133,1.0,300.18389640933776,298.4343136115211,298.1821590376095
14.194219311377529,1.0,300.18414829958084,298.4344299968124,298.18218821531343
14.197844910179924,1.0,300.18440015830936,298.4345463884434,298.18221740767683
14.20147050898232,1.0,300.1846519855326,298.43466278640796,298.1822466146994
14.205096107784716,1.0,300.18490378125955,298.4347791907,298.1822758363808
14.208721706587111,1.0,300.1851555454994,298.4348956013134,298.18230507272085
14.212347305389507,1.0,300.1854072782612,298.4350120182424,298.18233432371915
14.215972904191903,1.0,300.1856589795541,298.43512844148063,298.1823635893755
14.219598502994298,1.0,300.185910649387,298.4352448710222,298.18239286968947
14.223224101796694,1.0,300.18616228776915,298.43536130686095,298.1824221646608
14.22684970059909,1.0,300.1864138947095,298.4354777489909,298.1824514742893
14.230475299401485,1.0,300.18666547021735,298.43559419740603,298.1824807985745
14.23410089820388,1.0,300.18691701430146,298.4357106521004,298.1825101375162
14.237726497006276,1.0,300.18716852697116,298.4358271130679,298.182539491114
14.241352095808672,1.0,300.1874200082353,298.43594358030236,298.1825688593677
14.244977694611068,1.0,300.187671458103,298.43606005379803,298.1825982422768
14.248603293413463,1.0,300.1879228765834,298.4361765335487,298.1826276398412
14.252228892215859,1.0,300.1881742636854,298.4362930195485,298.18265705206045
14.255854491018255,1.0,300.1884256194181,298.4364095117913,298.1826864789342
14.25948008982065,1.0,300.1886769437906,298.4365260102711,298.1827159204623
14.263105688623046,1.0,300.18892823681176,298.43664251498205,298.18274537664416
14.266731287425442,1.0,300.18917949849083,298.43675902591804,298.1827748474796
14.270356886227837,1.0,300.1894307288366,298.4368755430731,298.18280433296826
14.273982485030233,1.0,300.18968192785826,298.4369920664413,298.1828338331099
14.277608083832629,1.0,300.18993309556475,298.43710859601657,298.182863347904
14.281233682635024,1.0,300.1901842319651,298.437225131793,298.1828928773504
14.28485928143742,1.0,300.19043533706827,298.43734167376454,298.1829224214486
14.288484880239816,1.0,300.1906864108832,298.4374582219254,298.1829519801983
14.292110479042211,1.0,300.19093745341905,298.43757477626946,298.18298155359923
14.295736077844607,1.0,300.19118846468467,298.4376913367908,298.183011141651
14.299361676647003,1.0,300.19143944468914,298.4378079034835,298.1830407443532
14.302987275449398,1.0,300.1916903934414,298.4379244763415,298.1830703617056
14.306612874251794,1.0,300.1919413109503,298.438041055359,298.18309999370774
14.31023847305419,1.0,300.1921921972251,298.43815764053,298.1831296403593
14.313864071856585,1.0,300.1924430522745,298.4382742318486,298.1831593016599
14.317489670658981,1.0,300.19269387610757,298.43839082930873,298.1831889776091
14.321115269461377,1.0,300.1929446687332,298.4385074329046,298.18321866820673
14.324740868263772,1.0,300.1931954301605,298.4386240426303,298.1832483734523
14.328366467066168,1.0,300.1934461603982,298.43874065847984,298.1832780933454
14.331992065868564,1.0,300.19369685945543,298.43885728044734,298.1833078278857
14.33561766467096,1.0,300.19394752734104,298.43897390852686,298.18333757707285
14.339243263473355,1.0,300.194198164064,298.4390905427125,298.18336734090644
14.34286886227575,1.0,300.19444876963314,298.4392071829983,298.18339711938614
14.346494461078146,1.0,300.19469934405754,298.4393238293785,298.1834269125115
14.350120059880542,1.0,300.194949887346,298.4394404818471,298.1834567202822
14.353745658682938,1.0,300.19520039950754,298.4395571403983,298.18348654269784
14.357371257485333,1.0,300.195450880551,298.439673805026,298.1835163797579
14.360996856287729,1.0,300.1957013304853,298.43979047572464,298.18354623146223
14.364622455090124,1.0,300.1959517493193,298.4399071524881,298.1835760978103
14.36824805389252,1.0,300.196202137062,298.44002383531057,298.1836059788017
14.371873652694916,1.0,300.1964524937223,298.4401405241862,298.18363587443605
14.375499251497311,1.0,300.19670281930894,298.4402572191091,298.183665784713
14.379124850299707,1.0,300.1969531138309,298.44037392007345,298.18369570963205
14.382750449102103,1.0,300.1972033772971,298.44049062707336,298.1837256491929
14.386376047904498,1.0,300.1974536097163,298.44060734010304,298.18375560339507
14.390001646706894,1.0,300.19770381109754,298.44072405915654,298.1837855722382
14.39362724550929,1.0,300.1979539814496,298.44084078422804,298.1838155557218
14.397252844311685,1.0,300.1982041207812,298.44095751531177,298.1838455538456
14.400878443114081,1.0,300.19845422910146,298.44107425240185,298.183875566609
14.404504041916477,1.0,300.1987043064191,298.4411909954924,298.1839055940117
14.408129640718872,1.0,300.198954352743,298.44130774457767,298.1839356360533
14.411755239521268,1.0,300.1992043680819,298.44142449965176,298.1839656927333
14.415380838323664,1.0,300.19945435244483,298.44154126070896,298.1839957640513
14.41900643712606,1.0,300.1997043058405,298.4416580277434,298.18402585000695
14.422632035928455,1.0,300.19995422827776,298.4417748007492,298.1840559505997
14.42625763473085,1.0,300.2002041197655,298.4418915797207,298.1840860658292
14.429883233533246,1.0,300.20045398031243,298.4420083646519,298.184116195695
14.433508832335642,1.0,300.2007038099275,298.44212515553716,298.18414634019666
14.437134431138038,1.0,300.20095360861944,298.4422419523706,298.1841764993338
14.440760029940433,1.0,300.2012033763971,298.4423587551465,298.1842066731058
14.444385628742829,1.0,300.2014531132692,298.44247556385903,298.1842368615124
14.448011227545225,1.0,300.2017028192447,298.4425923785024,298.18426706455307
14.45163682634762,1.0,300.20195249433226,298.44270919907086,298.1842972822274
14.455262425150016,1.0,300.2022021385407,298.4428260255587,298.1843275145349
14.458888023952412,1.0,300.2024517518789,298.44294285796,298.1843577614751
14.462513622754807,1.0,300.2027013343556,298.44305969626913,298.18438802304763
14.466139221557203,1.0,300.20295088597953,298.44317654048024,298.1844182992521
14.469764820359599,1.0,300.2032004067595,298.4432933905876,298.18444859008787
14.473390419161994,1.0,300.20344989670434,298.4434102465855,298.18447889555455
14.47701601796439,1.0,300.2036993558227,298.44352710846806,298.1845092156517
14.480641616766786,1.0,300.2039487841234,298.4436439762297,298.1845395503789
14.484267215569181,1.0,300.20419818161525,298.4437608498646,298.1845698997355
14.487892814371577,1.0,300.2044475483069,298.443877729367,298.1846002637212
14.491518413173972,1.0,300.20469688420724,298.44399461473114,298.18463064233555
14.495144011976368,1.0,300.20494618932486,298.44411150595147,298.18466103557796
14.498769610778764,1.0,300.20519546366864,298.44422840302207,298.184691443448
14.50239520958116,1.0,300.2054447072472,298.44434530593725,298.1847218659452
14.506020808383555,1.0,300.20569392006934,298.4444622146914,298.1847523030691
14.50964640718595,1.0,300.2059431021438,298.4445791292787,298.1847827548192
14.513272005988346,1.0,300.20619225347923,298.44469604969356,298.184813221195
14.516897604790742,1.0,300.2064413740845,298.4448129759301,298.184843702196
14.520523203593138,1.0,300.20669046396824,298.4449299079829,298.1848741978218
14.524148802395533,1.0,300.2069395231391,298.4450468458459,298.18490470807177
14.527774401197929,1.0,300.20718855160584,298.4451637895137,298.1849352329456
14.531400000000325,1.0,300.2074375493772,298.44528073898044,298.1849657724426
14.53502559880272,1.0,300.20768651646176,298.44539769424057,298.18499632656244
14.538651197605116,1.0,300.2079354528684,298.44551465528826,298.1850268953044
14.542276796407512,1.0,300.20818435860565,298.44563162211796,298.1850574786683
14.545902395209907,1.0,300.20843323368234,298.44574859472397,298.1850880766534
14.549527994012303,1.0,300.208682078107,298.4458655731006,298.18511868925924
14.553153592814699,1.0,300.20893089188843,298.44598255724213,298.1851493164853
14.556779191617094,1.0,300.2091796750352,298.44609954714304,298.1851799583311
14.56040479041949,1.0,300.209428427556,298.4462165427976,298.1852106147961
14.564030389221886,1.0,300.20967714945965,298.44633354420006,298.1852412858799
14.567655988024281,1.0,300.20992584075464,298.446450551345,298.1852719715818
14.571281586826677,1.0,300.21017450144967,298.44656756422654,298.1853026719014
14.574907185629073,1.0,300.2104231315534,298.44668458283917,298.1853333868382
14.578532784431468,1.0,300.21067173107446,298.44680160717724,298.18536411639155
14.582158383233864,1.0,300.21092030002154,298.4469186372351,298.1853948605611
14.58578398203626,1.0,300.2111688384033,298.4470356730071,298.1854256193461
14.589409580838655,1.0,300.21141734622825,298.44715271448774,298.18545639274623
14.593035179641051,1.0,300.21166582350514,298.44726976167124,298.1854871807609
14.596660778443447,1.0,300.2119142702426,298.44738681455203,298.18551798338945
14.600286377245842,1.0,300.2121626864492,298.44750387312456,298.18554880063147
14.603911976048238,1.0,300.21241107213353,298.4476209373832,298.1855796324864
14.607537574850634,1.0,300.21265942730423,298.4477380073223,298.1856104789538
14.61116317365303,1.0,300.21290775196996,298.44785508293637,298.1856413400329
14.614788772455425,1.0,300.2131560461393,298.44797216421966,298.18567221572334
14.61841437125782,1.0,300.2134043098209,298.44808925116666,298.1857031060245
14.622039970060216,1.0,300.2136525430232,298.4482063437718,298.1857340109358
14.625665568862612,1.0,300.213900745755,298.44832344202945,298.1857649304568
14.629291167665007,1.0,300.21414891802476,298.4484405459341,298.18579586458685
14.632916766467403,1.0,300.2143970598411,298.44855765548004,298.18582681332543
14.636542365269799,1.0,300.21464517121257,298.4486747706619,298.1858577766719
14.640167964072194,1.0,300.21489325214776,298.44879189147395,298.1858887546259
14.64379356287459,1.0,300.2151413026553,298.4489090179107,298.1859197471867
14.647419161676986,1.0,300.2153893227437,298.44902614996647,298.18595075435377
14.651044760479381,1.0,300.21563731242156,298.4491432876359,298.18598177612654
14.654670359281777,1.0,300.2158852716974,298.4492604309133,298.1860128125046
14.658295958084173,1.0,300.2161332005798,298.4493775797932,298.1860438634871
14.661921556886568,1.0,300.21638109907735,298.44949473426993,298.18607492907364
14.665547155688964,1.0,300.2166289671985,298.44961189433815,298.1861060092636
14.66917275449136,1.0,300.2168768049519,298.4497290599922,298.18613710405646
14.672798353293755,1.0,300.2171246123461,298.4498462312266,298.18616821345154
14.676423952096151,1.0,300.21737238938954,298.4499634080357,298.1861993374484
14.680049550898547,1.0,300.2176201360908,298.45008059041413,298.1862304760463
14.683675149700942,1.0,300.21786785245837,298.45019777835626,298.18626162924477
14.687300748503338,1.0,300.2181155385008,298.4503149718566,298.18629279704317
14.690926347305734,1.0,300.21836319422664,298.45043217090966,298.18632397944094
14.69455194610813,1.0,300.21861081964437,298.4505493755099,298.1863551764375
14.698177544910525,1.0,300.21885841476256,298.4506665856519,298.18638638803213
14.70180314371292,1.0,300.21910597958953,298.45078380133015,298.18641761422447
14.705428742515316,1.0,300.21935351413407,298.45090102253897,298.18644885501374
14.709054341317712,1.0,300.2196010184045,298.45101824927315,298.1864801103994
14.712679940120108,1.0,300.2198484924093,298.451135481527,298.1865113803808
14.716305538922503,1.0,300.22009593615707,298.45125271929504,298.1865426649574
14.719931137724899,1.0,300.22034334965616,298.45136996257185,298.1865739641286
14.723556736527295,1.0,300.2205907329152,298.45148721135195,298.18660527789376
14.72718233532969,1.0,300.22083808594255,298.4516044656298,298.1866366062523
14.730807934132086,1.0,300.2210854087467,298.4517217254001,298.18666794920347
14.734433532934482,1.0,300.22133270133617,298.4518389906573,298.1866993067468
14.738059131736877,1.0,300.2215799637194,298.4519562613958,298.1867306788817
14.741684730539273,1.0,300.2218271959049,298.45207353761043,298.1867620656075
14.745310329341669,1.0,300.22207439790105,298.4521908192954,298.1867934669236
14.748935928144064,1.0,300.22232156971637,298.45230810644546,298.1868248828293
14.75256152694646,1.0,300.22256871135926,298.4524253990552,298.18685631332403
14.756187125748855,1.0,300.22281582283813,298.452542697119,298.1868877584071
14.759812724551251,1.0,300.22306290416157,298.4526600006316,298.18691921807806
14.763438323353647,1.0,300.22330995533787,298.4527773095875,298.18695069233615
14.767063922156042,1.0,300.22355697637556,298.45289462398125,298.18698218118067
14.770689520958438,1.0,300.223803967283,298.4530119438075,298.18701368461114
14.774315119760834,1.0,300.2240509280686,298.4531292690607,298.18704520262685
14.77794071856323,1.0,300.2242978587409,298.4532465997355,298.1870767352271
14.781566317365625,1.0,300.22454475930823,298.45336393582653,298.1871082824114
14.78519191616802,1.0,300.224791629779,298.4534812773283,298.187139844179
14.788817514970416,1.0,300.2250384701617,298.45359862423544,298.1871714205293
14.792443113772812,1.0,300.22528528046456,298.4537159765426,298.1872030114616
14.796068712575208,1.0,300.2255320606962,298.4538333342442,298.1872346169753
14.799694311377603,1.0,300.2257788108648,298.4539506973351,298.1872662370697
14.803319910179999,1.0,300.2260255309789,298.45406806580974,298.1872978717442
14.806945508982395,1.0,300.2262722210469,298.45418543966275,298.1873295209981
14.81057110778479,1.0,300.22651888107714,298.45430281888883,298.18736118483076
14.814196706587186,1.0,300.226765511078,298.45442020348247,298.1873928632416
14.817822305389582,1.0,300.22701211105783,298.4545375934384,298.18742455622987
14.821447904191977,1.0,300.227258681025,298.4546549887512,298.18745626379484
14.825073502994373,1.0,300.2275052209879,298.4547723894155,298.187487985936
14.828699101796769,1.0,300.22775173095494,298.45488979542597,298.18751972265267
14.832324700599164,1.0,300.2279982109345,298.4550072067773,298.18755147394404
14.83595029940156,1.0,300.2282446609349,298.455124623464,298.18758323980956
14.839575898203956,1.0,300.2284910809644,298.4552420454807,298.18761502024853
14.843201497006351,1.0,300.2287374710314,298.45535947282224,298.1876468152602
14.846827095808747,1.0,300.2289838311444,298.4554769054831,298.18767862484407
14.850452694611143,1.0,300.22923016131153,298.4555943434581,298.18771044899927
14.854078293413538,1.0,300.2294764615412,298.45571178674174,298.18774228772526
14.857703892215934,1.0,300.2297227318418,298.45582923532874,298.18777414102124
14.86132949101833,1.0,300.22996897222157,298.4559466892138,298.18780600888664
14.864955089820725,1.0,300.23021518268894,298.4560641483916,298.1878378913207
14.86858068862312,1.0,300.2304613632521,298.45618161285677,298.1878697883227
14.872206287425517,1.0,300.23070751391947,298.45629908260406,298.187901699892
14.875831886227912,1.0,300.23095363469935,298.4564165576281,298.1879336260279
14.879457485030308,1.0,300.23119972560005,298.4565340379236,298.1879655667298
14.883083083832704,1.0,300.2314457866298,298.4566515234852,298.18799752199686
14.8867086826351,1.0,300.231691817797,298.4567690143076,298.18802949182833
14.890334281437495,1.0,300.2319378191099,298.45688651038563,298.18806147622377
14.89395988023989,1.0,300.23218379057687,298.45700401171393,298.18809347518226
14.897585479042286,1.0,300.23242973220607,298.4571215182871,298.1881254887032
14.901211077844682,1.0,300.2326756440059,298.4572390301,298.18815751678574
14.904836676647077,1.0,300.2329215259845,298.45735654714724,298.1881895594293
14.908462275449473,1.0,300.2331673781503,298.4574740694236,298.1882216166332
14.912087874251869,1.0,300.2334132005115,298.4575915969238,298.1882536883966
14.915713473054264,1.0,300.2336589930764,298.4577091296425,298.18828577471885
14.91933907185666,1.0,300.2339047558532,298.4578266675746,298.18831787559924
14.922964670659056,1.0,300.2341504888502,298.45794421071463,298.18834999103706
14.926590269461451,1.0,300.2343961920758,298.4580617590574,298.18838212103157
14.930215868263847,1.0,300.2346418655381,298.4581793125977,298.188414265582
14.933841467066243,1.0,300.2348875092453,298.45829687133016,298.18844642468775
14.937467065868638,1.0,300.23513312320574,298.4584144352497,298.18847859834807
14.941092664671034,1.0,300.2353787074276,298.45853200435096,298.1885107865621
14.94471826347343,1.0,300.2356242619192,298.4586495786288,298.1885429893293
14.948343862275825,1.0,300.2358697866888,298.4587671580778,298.1885752066487
14.951969461078221,1.0,300.2361152817445,298.4588847426929,298.18860743851974
14.955595059880617,1.0,300.2363607470947,298.45900233246874,298.1886396849417
14.959220658683012,1.0,300.23660618274744,298.45911992740014,298.1886719459137
14.962846257485408,1.0,300.23685158871103,298.45923752748195,298.1887042214351
14.966471856287804,1.0,300.23709696499367,298.4593551327089,298.18873651150517
14.9700974550902,1.0,300.23734231160364,298.45947274307565,298.1887688161231
14.973723053892595,1.0,300.237587628549,298.45959035857715,298.18880113528814
14.97734865269499,1.0,300.2378329158381,298.45970797920813,298.1888334689997
14.980974251497386,1.0,300.2380781734791,298.4598256049634,298.1888658172569
14.984599850299782,1.0,300.2383234014801,298.4599432358377,298.1888981800589
14.988225449102178,1.0,300.2385685998495,298.46006087182593,298.1889305574051
14.991851047904573,1.0,300.23881376859515,298.4601785129229,298.18896294929465
14.995476646706969,1.0,300.2390589077256,298.4602961591233,298.1889953557269
14.999102245509365,1.0,300.23930401724886,298.46041381042204,298.189027776701
15.00272784431176,1.0,300.2395490971731,298.46053146681385,298.18906021221613
15.006353443114156,1.0,300.23979414750653,298.46064912829365,298.1890926622718
15.009979041916552,1.0,300.2400391682573,298.4607667948562,298.1891251268669
15.013604640718947,1.0,300.24028415943354,298.46088446649634,298.18915760600083
15.017230239521343,1.0,300.24052912104355,298.4610021432089,298.18919009967277
15.020855838323738,1.0,300.24077405309527,298.46111982498877,298.1892226078821
15.024481437126134,1.0,300.24101895559704,298.4612375118307,298.1892551306278
15.02810703592853,1.0,300.2412638285569,298.46135520372957,298.18928766790935
15.031732634730925,1.0,300.2415086719831,298.4614729006803,298.1893202197258
15.035358233533321,1.0,300.2417534858837,298.4615906026777,298.1893527860764
15.038983832335717,1.0,300.2419982702669,298.46170830971647,298.18938536696044
15.042609431138112,1.0,300.2422430251407,298.46182602179164,298.18941796237704
15.046235029940508,1.0,300.2424877505135,298.46194373889807,298.1894505723255
15.049860628742904,1.0,300.2427324463931,298.46206146103054,298.189483196805
15.0534862275453,1.0,300.2429771127878,298.462179188184,298.1895158358147
15.057111826347695,1.0,300.2432217497057,298.46229692035325,298.1895484893539
15.06073742515009,1.0,300.2434663571549,298.4624146575332,298.1895811574218
15.064363023952486,1.0,300.2437109351435,298.4625323997187,298.1896138400175
15.067988622754882,1.0,300.2439554836797,298.4626501469047,298.18964653714033
15.071614221557278,1.0,300.24420000277155,298.46276789908603,298.18967924878933
15.075239820359673,1.0,300.24444449242714,298.4628856562576,298.189711974964
15.078865419162069,1.0,300.24468895265454,298.46300341841425,298.18974471566315
15.082491017964465,1.0,300.24493338346184,298.46312118555096,298.18977747088627
15.08611661676686,1.0,300.24517778485716,298.46323895766255,298.1898102406324
15.089742215569256,1.0,300.24542215684863,298.463356734744,298.18984302490094
15.093367814371652,1.0,300.2456664994442,298.46347451679026,298.1898758236908
15.096993413174047,1.0,300.24591081265214,298.46359230379613,298.1899086370013
15.100619011976443,1.0,300.2461550964803,298.4637100957566,298.18994146483163
15.104244610778839,1.0,300.24639935093694,298.46382789266653,298.189974307181
15.107870209581234,1.0,300.24664357603,298.4639456945209,298.1900071640486
15.11149580838363,1.0,300.24688777176766,298.4640635013146,298.1900400354335
15.115121407186026,1.0,300.2471319381579,298.46418131304256,298.190072921335
15.118747005988421,1.0,300.24737607520876,298.4642991296998,298.19010582175224
15.122372604790817,1.0,300.24762018292836,298.46441695128107,298.1901387366844
15.125998203593213,1.0,300.24786426132465,298.46453477778147,298.1901716661306
15.129623802395608,1.0,300.2481083104058,298.4646526091959,298.19020461009006
15.133249401198004,1.0,300.2483523301797,298.4647704455193,298.19023756856205
15.1368750000004,1.0,300.24859632065454,298.46488828674666,298.19027054154554
15.140500598802795,1.0,300.2488402818382,298.4650061328729,298.1903035290398
15.14412619760519,1.0,300.24908421373885,298.46512398389297,298.19033653104395
15.147751796407587,1.0,300.24932811636444,298.4652418398018,298.1903695475572
15.151377395209982,1.0,300.249571989723,298.46535970059443,298.1904025785787
15.155002994012378,1.0,300.2498158338226,298.46547756626586,298.19043562410764
15.158628592814773,1.0,300.25005964867114,298.465595436811,298.1904686841431
15.16225419161717,1.0,300.2503034342767,298.46571331222486,298.19050175868443
15.165879790419565,1.0,300.25054719064735,298.4658311925024,298.1905348477305
15.16950538922196,1.0,300.250790917791,298.4659490776385,298.19056795128057
15.173130988024356,1.0,300.2510346157157,298.46606696762836,298.19060106933387
15.176756586826752,1.0,300.25127828442936,298.46618486246683,298.1906342018895
15.180382185629147,1.0,300.2515219239401,298.4663027621489,298.1906673489466
15.184007784431543,1.0,300.25176553425575,298.46642066666965,298.19070051050426
15.187633383233939,1.0,300.25200911538445,298.46653857602405,298.1907336865617
15.191258982036334,1.0,300.2522526673341,298.4666564902071,298.19076687711805
15.19488458083873,1.0,300.25249619011277,298.4667744092138,298.1908000821725
15.198510179641126,1.0,300.25273968372824,298.46689233303914,298.19083330172396
15.202135778443521,1.0,300.2529831481887,298.46701026167824,298.1908665357719
15.205761377245917,1.0,300.25322658350194,298.46712819512595,298.19089978431515
15.209386976048313,1.0,300.25346998967603,298.46724613337744,298.19093304735304
15.213012574850708,1.0,300.2537133667189,298.46736407642766,298.1909663248846
15.216638173653104,1.0,300.25395671463843,298.4674820242717,298.190999616909
15.2202637724555,1.0,300.2542000334427,298.46759997690464,298.1910329234253
15.223889371257895,1.0,300.2544433231396,298.46771793432134,298.19106624443276
15.227514970060291,1.0,300.254686583737,298.467835896517,298.1910995799304
15.231140568862687,1.0,300.254929815243,298.46795386348657,298.19113292991733
15.234766167665082,1.0,300.25517301766536,298.46807183522515,298.19116629439276
15.238391766467478,1.0,300.25541619101205,298.4681898117278,298.19119967335575
15.242017365269874,1.0,300.25565933529117,298.46830779298955,298.19123306680535
15.24564296407227,1.0,300.25590245051046,298.4684257790055,298.19126647474076
15.249268562874665,1.0,300.2561455366779,298.46854376977063,298.19129989716106
15.25289416167706,1.0,300.25638859380143,298.4686617652801,298.19133333406535
15.256519760479456,1.0,300.2566316218889,298.4687797655289,298.1913667854527
15.260145359281852,1.0,300.25687462094834,298.46889777051217,298.19140025132236
15.263770958084248,1.0,300.25711759098755,298.469015780225,298.1914337316733
15.267396556886643,1.0,300.25736053201445,298.4691337946623,298.1914672265047
15.271022155689039,1.0,300.257603444037,298.46925181381937,298.19150073581557
15.274647754491435,1.0,300.257846327063,298.4693698376912,298.1915342596051
15.27827335329383,1.0,300.25808918110044,298.4694878662729,298.1915677978724
15.281898952096226,1.0,300.2583320061571,298.46960589955955,298.19160135061645
15.285524550898621,1.0,300.258574802241,298.46972393754635,298.1916349178364
15.289150149701017,1.0,300.2588175693599,298.4698419802282,298.19166849953143
15.292775748503413,1.0,300.2590603075217,298.46996002760034,298.19170209570046
15.296401347305808,1.0,300.2593030167344,298.4700780796578,298.1917357063427
15.300026946108204,1.0,300.25954569700565,298.4701961363959,298.1917693314572
15.3036525449106,1.0,300.25978834834353,298.47031419780944,298.191802971043
15.307278143712995,1.0,300.2600309707558,298.47043226389377,298.1918366250993
15.310903742515391,1.0,300.2602735642503,298.4705503346439,298.19187029362513
15.314529341317787,1.0,300.2605161288349,298.470668410055,298.1919039766195
15.318154940120182,1.0,300.2607586645175,298.4707864901223,298.1919376740816
15.321780538922578,1.0,300.2610011713059,298.47090457484074,298.19197138601044
15.325406137724974,1.0,300.261243649208,298.47102266420563,298.192005112405
15.32903173652737,1.0,300.26148609823156,298.471140758212,298.19203885326453
15.332657335329765,1.0,300.2617285183845,298.471258856855,298.19207260858803
15.33628293413216,1.0,300.26197090967463,298.4713769601298,298.1921063783745
15.339908532934556,1.0,300.2622132721097,298.47149506803163,298.1921401626231
15.343534131736952,1.0,300.26245560569765,298.4716131805555,298.1921739613329
15.347159730539348,1.0,300.26269791044626,298.47173129769664,298.19220777450283
15.350785329341743,1.0,300.2629401863634,298.4718494194503,298.19224160213207
15.354410928144139,1.0,300.26318243345673,298.4719675458114,298.1922754442197
15.358036526946535,1.0,300.2634246517342,298.47208567677535,298.19230930076475
15.36166212574893,1.0,300.26366684120364,298.47220381233717,298.1923431717662
15.365287724551326,1.0,300.2639090018728,298.4723219524921,298.1923770572232
15.368913323353722,1.0,300.2641511337494,298.47244009723534,298.19241095713477
15.372538922156117,1.0,300.2643932368414,298.4725582465621,298.1924448714999
15.376164520958513,1.0,300.26463531115644,298.4726764004674,298.1924788003177
15.379790119760909,1.0,300.2648773567024,298.47279455894665,298.1925127435872
15.383415718563304,1.0,300.26511937348715,298.4729127219948,298.1925467013075
15.3870413173657,1.0,300.26536136151833,298.4730308896073,298.1925806734776
15.390666916168096,1.0,300.26560332080373,298.4731490617792,298.1926146600965
15.394292514970491,1.0,300.2658452513512,298.4732672385058,298.19264866116333
15.397918113772887,1.0,300.26608715316854,298.4733854197821,298.19268267667707
15.401543712575283,1.0,300.2663290262634,298.4735036056035,298.19271670663676
15.405169311377678,1.0,300.2665708706437,298.47362179596524,298.19275075104144
15.408794910180074,1.0,300.26681268631705,298.4737399908623,298.19278480989016
15.41242050898247,1.0,300.2670544732913,298.4738581902902,298.1928188831819
15.416046107784865,1.0,300.26729623157416,298.47397639424395,298.19285297091574
15.41967170658726,1.0,300.2675379611734,298.4740946027188,298.1928870730907
15.423297305389656,1.0,300.26777966209676,298.4742128157101,298.1929211897058
15.426922904192052,1.0,300.268021334352,298.474331033213,298.1929553207601
15.430548502994448,1.0,300.26826297794685,298.4744492552227,298.1929894662526
15.434174101796843,1.0,300.2685045928891,298.47456748173454,298.19302362618225
15.43779970059924,1.0,300.2687461791864,298.4746857127437,298.19305780054816
15.441425299401635,1.0,300.2689877368465,298.47480394824544,298.19309198934934
15.44505089820403,1.0,300.26922926587724,298.474922188235,298.1931261925847
15.448676497006426,1.0,300.26947076628613,298.4750404327076,298.1931604102534
15.452302095808822,1.0,300.26971223808107,298.47515868165857,298.19319464235446
15.455927694611217,1.0,300.2699536812697,298.4752769350832,298.1932288888868
15.459553293413613,1.0,300.27019509585983,298.47539519297663,298.1932631498493
15.463178892216009,1.0,300.270436481859,298.4755134553342,298.19329742524127
15.466804491018404,1.0,300.2706778392751,298.4756317221512,298.19333171506156
15.4704300898208,1.0,300.2709191681157,298.47574999342277,298.1933660193091
15.474055688623196,1.0,300.27116046838853,298.4758682691444,298.193400337983
15.477681287425591,1.0,300.27140174010134,298.47598654931124,298.1934346710822
15.481306886227987,1.0,300.2716429832617,298.47610483391855,298.19346901860575
15.484932485030383,1.0,300.27188419787745,298.47622312296176,298.19350338055267
15.488558083832778,1.0,300.27212538395617,298.476341416436,298.19353775692184
15.492183682635174,1.0,300.2723665415057,298.47645971433667,298.19357214771236
15.49580928143757,1.0,300.2726076705334,298.476578016659,298.1936065529232
15.499434880239965,1.0,300.2728487710472,298.47669632339836,298.1936409725534
15.503060479042361,1.0,300.2730898430548,298.47681463455,298.1936754066018
15.506686077844757,1.0,300.27333088656366,298.4769329501093,298.19370985506754
15.510311676647152,1.0,300.27357190158165,298.4770512700714,298.1937443179495
15.513937275449548,1.0,300.2738128881163,298.47716959443187,298.1937787952467
15.517562874251944,1.0,300.2740538461754,298.4772879231858,298.1938132869581
15.52118847305434,1.0,300.27429477576646,298.4774062563286,298.19384779308285
15.524814071856735,1.0,300.2745356768972,298.47752459385566,298.1938823136196
15.52843967065913,1.0,300.2747765495753,298.4776429357622,298.1939168485676
15.532065269461526,1.0,300.27501739380824,298.4777612820437,298.19395139792573
15.535690868263922,1.0,300.2752582096039,298.4778796326953,298.19398596169293
15.539316467066318,1.0,300.27549899696976,298.47799798771246,298.1940205398683
15.542942065868713,1.0,300.2757397559135,298.4781163470904,298.19405513245067
15.546567664671109,1.0,300.2759804864427,298.47823471082467,298.19408973943905
15.550193263473505,1.0,300.27622118856505,298.47835307891046,298.19412436083246
15.5538188622759,1.0,300.27646186228816,298.4784714513432,298.19415899662977
15.557444461078296,1.0,300.27670250761963,298.4785898281181,298.19419364683006
15.561070059880691,1.0,300.276943124567,298.4787082092308,298.19422831143214
15.564695658683087,1.0,300.27718371313813,298.4788265946764,298.19426299043516
15.568321257485483,1.0,300.27742427334044,298.47894498445027,298.1942976838379
15.571946856287878,1.0,300.27766480518153,298.479063378548,298.1943323916395
15.575572455090274,1.0,300.277905308669,298.47918177696477,298.19436711383867
15.57919805389267,1.0,300.27814578381054,298.47930017969605,298.1944018504346
15.582823652695065,1.0,300.27838623061365,298.47941858673715,298.19443660142605
15.586449251497461,1.0,300.278626649086,298.4795369980835,298.19447136681214
15.590074850299857,1.0,300.27886703923514,298.4796554137305,298.1945061465918
15.593700449102252,1.0,300.27910740106864,298.4797738336734,298.19454094076383
15.597326047904648,1.0,300.2793477345941,298.47989225790775,298.19457574932727
15.600951646707044,1.0,300.27958803981915,298.4800106864289,298.19461057228114
15.60457724550944,1.0,300.27982831675126,298.4801291192323,298.19464540962423
15.608202844311835,1.0,300.2800685653981,298.48024755631315,298.1946802613556
15.61182844311423,1.0,300.28030878576715,298.4803659976671,298.19471512747407
15.615454041916626,1.0,300.28054897786603,298.4804844432894,298.19475000797866
15.619079640719022,1.0,300.2807891417023,298.48060289317556,298.1947849028684
15.622705239521418,1.0,300.28102927728355,298.480721347321,298.19481981214204
15.626330838323813,1.0,300.28126938461725,298.48083980572096,298.1948547357986
15.629956437126209,1.0,300.28150946371096,298.48095826837107,298.19488967383694
15.633582035928605,1.0,300.2817495145723,298.48107673526664,298.19492462625607
15.637207634731,1.0,300.28198953720874,298.48119520640313,298.194959593055
15.640833233533396,1.0,300.28222953162793,298.481313681776,298.19499457423245
15.644458832335792,1.0,300.28246949783727,298.4814321613806,298.19502956978744
15.648084431138187,1.0,300.28270943584437,298.4815506452125,298.195064579719
15.651710029940583,1.0,300.28294934565673,298.481669133267,298.19509960402587
15.655335628742979,1.0,300.2831892272819,298.48178762553965,298.19513464270705
15.658961227545374,1.0,300.28342908072744,298.4819061220259,298.1951696957614
15.66258682634777,1.0,300.2836689060009,298.4820246227211,298.19520476318803
15.666212425150166,1.0,300.28390870310966,298.48214312762076,298.1952398449857
15.669838023952561,1.0,300.28414847206125,298.48226163672035,298.19527494115323
15.673463622754957,1.0,300.28438821286335,298.48238015001533,298.19531005168966
15.677089221557353,1.0,300.2846279255233,298.4824986675011,298.19534517659395
15.680714820359748,1.0,300.2848676100486,298.48261718917325,298.19538031586484
15.684340419162144,1.0,300.2851072664468,298.4827357150271,298.1954154695014
15.68796601796454,1.0,300.2853468947254,298.48285424505826,298.19545063750246
15.691591616766935,1.0,300.285586494892,298.4829727792621,298.1954858198669
15.69521721556933,1.0,300.285826066954,298.4830913176342,298.1955210165937
15.698842814371726,1.0,300.2860656109188,298.48320986016995,298.19555622768166
15.702468413174122,1.0,300.286305126794,298.48332840686487,298.1955914531298
15.706094011976518,1.0,300.286544614587,298.4834469577145,298.19562669293686
15.709719610778913,1.0,300.28678407430533,298.4835655127142,298.1956619471019
15.713345209581309,1.0,300.2870235059565,298.4836840718596,298.1956972156237
15.716970808383705,1.0,300.28726290954785,298.48380263514616,298.1957324985012
15.7205964071861,1.0,300.28750228508693,298.48392120256943,298.1957677957333
15.724222005988496,1.0,300.2877416325813,298.4840397741248,298.1958031073188
15.727847604790892,1.0,300.2879809520382,298.4841583498079,298.1958384332567
15.731473203593287,1.0,300.2882202434653,298.48427692961417,298.19587377354577
15.735098802395683,1.0,300.2884595068699,298.48439551353914,298.195909128185
15.738724401198079,1.0,300.28869874225956,298.48451410157827,298.19594449717323
15.742350000000474,1.0,300.2889379496417,298.48463269372724,298.19597988050936
15.74597559880287,1.0,300.28917712902376,298.48475128998143,298.19601527819225
15.749601197605266,1.0,300.2894162804131,298.4848698903364,298.1960506902208
15.753226796407661,1.0,300.2896554038173,298.48498849478773,298.1960861165938
15.756852395210057,1.0,300.2898944992437,298.4851071033309,298.1961215573103
15.760477994012453,1.0,300.2901335666997,298.48522571596146,298.19615701236893
15.764103592814848,1.0,300.2903726061928,298.48534433267497,298.1961924817687
15.767729191617244,1.0,300.2906116177304,298.485462953467,298.19622796550857
15.77135479041964,1.0,300.2908506013199,298.485581578333,298.1962634635873
15.774980389222035,1.0,300.29108955696876,298.4857002072686,298.19629897600373
15.778605988024431,1.0,300.29132848468436,298.48581884026936,298.19633450275677
15.782231586826827,1.0,300.2915673844741,298.48593747733076,298.1963700438453
15.785857185629222,1.0,300.29180625634535,298.48605611844846,298.19640559926813
15.789482784431618,1.0,300.29204510030564,298.48617476361795,298.1964411690241
15.793108383234014,1.0,300.29228391636235,298.4862934128349,298.1964767531122
15.79673398203641,1.0,300.2925227045228,298.4864120660947,298.19651235153117
15.800359580838805,1.0,300.2927614647944,298.4865307233932,298.19654796427994
15.8039851796412,1.0,300.2930001971846,298.4866493847256,298.19658359135724
15.807610778443596,1.0,300.2932389017007,298.4867680500878,298.1966192327621
15.811236377245992,1.0,300.2934775783502,298.4868867194752,298.1966548884933
15.814861976048388,1.0,300.29371622714035,298.4870053928834,298.1966905585495
15.818487574850783,1.0,300.29395484807856,298.48712407030814,298.19672624292986
15.822113173653179,1.0,300.29419344117224,298.487242751745,298.196761941633
15.825738772455574,1.0,300.2944320064288,298.4873614371893,298.19679765465787
15.82936437125797,1.0,300.29467054385555,298.4874801266369,298.1968333820033
15.832989970060366,1.0,300.29490905345983,298.48759882008335,298.1968691236681
15.836615568862761,1.0,300.29514753524904,298.48771751752423,298.19690487965113
15.840241167665157,1.0,300.29538598923057,298.48783621895507,298.1969406499512
15.843866766467553,1.0,300.29562441541174,298.4879549243716,298.1969764345672
15.847492365269948,1.0,300.2958628137999,298.48807363376943,298.19701223349796
15.851117964072344,1.0,300.2961011844024,298.4881923471441,298.1970480467423
15.85474356287474,1.0,300.2963395272266,298.48831106449126,298.1970838742989
15.858369161677135,1.0,300.2965778422798,298.48842978580655,298.19711971616687
15.861994760479531,1.0,300.2968161295694,298.48854851108564,298.19715557234485
15.865620359281927,1.0,300.29705438910264,298.4886672403241,298.1971914428318
15.869245958084322,1.0,300.297292620887,298.4887859735175,298.19722732762636
15.872871556886718,1.0,300.29753082492965,298.48890471066164,298.19726322672756
15.876497155689114,1.0,300.29776900123807,298.489023451752,298.1972991401341
15.88012275449151,1.0,300.29800714981945,298.4891421967843,298.1973350678448
15.883748353293905,1.0,300.29824527068115,298.4892609457542,298.1973710098585
15.8873739520963,1.0,300.29848336383054,298.48937969865733,298.197406966174
15.890999550898696,1.0,300.29872142927485,298.48949845548935,298.1974429367902
15.894625149701092,1.0,300.2989594670215,298.4896172162459,298.19747892170585
15.898250748503488,1.0,300.2991974770777,298.4897359809226,298.1975149209197
15.901876347305883,1.0,300.29943545945076,298.48985474951525,298.1975509344307
15.905501946108279,1.0,300.299673414148,298.48997352201934,298.19758696223755
15.909127544910675,1.0,300.29991134117665,298.49009229843057,298.19762300433916
15.91275314371307,1.0,300.30014924054416,298.4902110787447,298.1976590607343
15.916378742515466,1.0,300.3003871122577,298.49032986295737,298.1976951314217
15.920004341317862,1.0,300.3006249563246,298.4904486510642,298.1977312164002
15.923629940120257,1.0,300.3008627727522,298.49056744306097,298.19776731566867
15.927255538922653,1.0,300.3011005615476,298.4906862389432,298.19780342922587
15.930881137725049,1.0,300.3013383227183,298.4908050387068,298.1978395570706
15.934506736527444,1.0,300.30157605627136,298.4909238423473,298.1978756992017
15.93813233532984,1.0,300.3018137622142,298.49104264986045,298.19791185561786
15.941757934132236,1.0,300.302051440554,298.49116146124186,298.1979480263179
15.945383532934631,1.0,300.3022890912982,298.4912802764873,298.1979842113007
15.949009131737027,1.0,300.3025267144538,298.4913990955926,298.1980204105651
15.952634730539422,1.0,300.30276431002824,298.49151791855326,298.1980566241097
15.956260329341818,1.0,300.3030018780287,298.49163674536504,298.1980928519334
15.959885928144214,1.0,300.30323941846245,298.49175557602365,298.1981290940349
15.96351152694661,1.0,300.3034769313368,298.4918744105248,298.19816535041315
15.967137125749005,1.0,300.30371441665886,298.49199324886433,298.19820162106686
15.9707627245514,1.0,300.303951874436,298.4921120910378,298.19823790599474
15.974388323353796,1.0,300.30418930467545,298.49223093704103,298.1982742051957
15.978013922156192,1.0,300.3044267073844,298.4923497868696,298.1983105186684
15.981639520958588,1.0,300.30466408257,298.4924686405195,298.1983468464117
15.985265119760983,1.0,300.3049014302396,298.49258749798616,298.1983831884243
15.988890718563379,1.0,300.30513875040043,298.4927063592656,298.19841954470513
15.992516317365775,1.0,300.30537604305965,298.49282522435334,298.19845591525274
15.99614191616817,1.0,300.30561330822457,298.4929440932452,298.1984923000661
15.999767514970566,1.0,300.30585054590233,298.49306296593704,298.19852869914394
16.00339311377296,1.0,300.3060877561001,298.49318184242435,298.1985651124849
16.007018712575356,1.0,300.3063249388252,298.4933007227031,298.19860154008796
16.01064431137775,1.0,300.30656209408477,298.49341960676895,298.1986379819518
16.014269910180143,1.0,300.306799221886,298.49353849461767,298.1986744380751
16.017895508982537,1.0,300.3070363222362,298.4936573862451,298.19871090845663
16.02152110778493,1.0,300.3072733951425,298.49377628164683,298.1987473930953
16.025146706587325,1.0,300.307510440612,298.49389518081875,298.1987838919897
16.02877230538972,1.0,300.30774745865205,298.49401408375667,298.1988204051387
16.032397904192113,1.0,300.3079844492697,298.49413299045625,298.19885693254105
16.036023502994507,1.0,300.3082214124723,298.4942519009133,298.1988934741955
16.0396491017969,1.0,300.30845834826687,298.49437081512366,298.19893003010077
16.043274700599294,1.0,300.30869525666066,298.49448973308296,298.19896660025563
16.04690029940169,1.0,300.30893213766086,298.49460865478716,298.1990031846588
16.050525898204082,1.0,300.30916899127453,298.4947275802319,298.1990397833091
16.054151497006476,1.0,300.30940581750906,298.4948465094131,298.1990763962053
16.05777709580887,1.0,300.3096426163715,298.4949654423265,298.19911302334606
16.061402694611264,1.0,300.30987938786893,298.4950843789678,298.19914966473016
16.065028293413658,1.0,300.3101161320086,298.49520331933303,298.19918632035643
16.06865389221605,1.0,300.31035284879766,298.49532226341773,298.19922299022346
16.072279491018445,1.0,300.3105895382433,298.4954412112179,298.19925967433005
16.07590508982084,1.0,300.31082620035255,298.4955601627292,298.199296372675
16.079530688623233,1.0,300.3110628351326,298.49567911794753,298.199333085257
16.083156287425627,1.0,300.31129944259067,298.4957980768687,298.1993698120748
16.08678188622802,1.0,300.31153602273395,298.4959170394885,298.1994065531272
16.090407485030415,1.0,300.3117725755694,298.4960360058028,298.1994433084128
16.09403308383281,1.0,300.3120091011043,298.49615497580737,298.1994800779304
16.097658682635203,1.0,300.31224559934566,298.49627394949806,298.1995168616787
16.101284281437596,1.0,300.31248207030075,298.49639292687067,298.19955365965654
16.10490988023999,1.0,300.3127185139765,298.49651190792105,298.1995904718626
16.108535479042384,1.0,300.3129549303803,298.49663089264504,298.1996272982956
16.112161077844778,1.0,300.31319131951904,298.4967498810385,298.1996641389542
16.115786676647172,1.0,300.31342768139996,298.4968688730972,298.19970099383715
16.119412275449566,1.0,300.31366401603015,298.4969878688171,298.1997378629432
16.12303787425196,1.0,300.3139003234167,298.497106868194,298.19977474627115
16.126663473054354,1.0,300.3141366035667,298.49722587122363,298.1998116438197
16.130289071856748,1.0,300.31437285648724,298.49734487790204,298.19984855558744
16.13391467065914,1.0,300.31460908218554,298.49746388822496,298.1998854815732
16.137540269461535,1.0,300.3148452806686,298.49758290218824,298.1999224217756
16.14116586826393,1.0,300.31508145194357,298.49770191978774,298.1999593761935
16.144791467066323,1.0,300.31531759601745,298.4978209410194,298.1999963448255
16.148417065868717,1.0,300.31555371289744,298.4979399658791,298.20003332767027
16.15204266467111,1.0,300.31578980259053,298.4980589943626,298.2000703247267
16.155668263473505,1.0,300.3160258651039,298.4981780264659,298.2001073359934
16.1592938622759,1.0,300.3162619004445,298.49829706218475,298.2001443614691
16.162919461078292,1.0,300.3164979086195,298.4984161015151,298.20018140115235
16.166545059880686,1.0,300.316733889636,298.49853514445283,298.2002184550421
16.17017065868308,1.0,300.316969843501,298.4986541909938,298.20025552313683
16.173796257485474,1.0,300.3172057702216,298.49877324113396,298.2002926054355
16.177421856287868,1.0,300.31744166980485,298.49889229486917,298.20032970193654
16.181047455090262,1.0,300.3176775422578,298.4990113521953,298.20036681263883
16.184673053892656,1.0,300.3179133875875,298.4991304131083,298.200403937541
16.18829865269505,1.0,300.3181492058011,298.4992494776039,298.20044107664177
16.191924251497444,1.0,300.3183849969056,298.49936854567824,298.20047822993985
16.195549850299837,1.0,300.318620760908,298.4994876173271,298.20051539743395
16.19917544910223,1.0,300.3188564978154,298.49960669254637,298.20055257912264
16.202801047904625,1.0,300.3190922076348,298.49972577133207,298.20058977500474
16.20642664670702,1.0,300.3193278903733,298.49984485368,298.20062698507894
16.210052245509413,1.0,300.3195635460379,298.49996393958605,298.20066420934387
16.213677844311807,1.0,300.3197991746356,298.5000830290463,298.2007014477982
16.2173034431142,1.0,300.32003477617354,298.50020212205663,298.20073870044064
16.220929041916595,1.0,300.3202703506586,298.50032121861284,298.20077596727
16.22455464071899,1.0,300.3205058980979,298.500440318711,298.2008132482847
16.228180239521382,1.0,300.32074141849847,298.500559422347,298.2008505434837
16.231805838323776,1.0,300.32097691186726,298.5006785295167,298.20088785286543
16.23543143712617,1.0,300.3212123782113,298.50079764021615,298.20092517642877
16.239057035928564,1.0,300.3214478175377,298.5009167544412,298.20096251417226
16.242682634730958,1.0,300.3216832298534,298.5010358721879,298.20099986609466
16.24630823353335,1.0,300.32191861516543,298.5011549934521,298.2010372321946
16.249933832335746,1.0,300.32215397348074,298.50127411822973,298.20107461247085
16.25355943113814,1.0,300.32238930480634,298.50139324651684,298.20111200692196
16.257185029940533,1.0,300.32262460914933,298.50151237830937,298.20114941554664
16.260810628742927,1.0,300.32285988651654,298.50163151360323,298.2011868383436
16.26443622754532,1.0,300.3230951369151,298.50175065239443,298.2012242753114
16.268061826347715,1.0,300.32333036035186,298.50186979467884,298.2012617264488
16.27168742515011,1.0,300.32356555683396,298.5019889404526,298.2012991917545
16.275313023952503,1.0,300.32380072636835,298.50210808971144,298.20133667122707
16.278938622754897,1.0,300.3240358689619,298.50222724245157,298.20137416486523
16.28256422155729,1.0,300.32427098462165,298.5023463986688,298.2014116726677
16.286189820359684,1.0,300.32450607335466,298.50246555835923,298.20144919463297
16.28981541916208,1.0,300.32474113516776,298.50258472151876,298.20148673075977
16.293441017964472,1.0,300.324976170068,298.5027038881434,298.20152428104683
16.297066616766866,1.0,300.3252111780624,298.5028230582291,298.2015618454928
16.30069221556926,1.0,300.32544615915776,298.50294223177195,298.20159942409623
16.304317814371654,1.0,300.3256811133612,298.50306140876785,298.20163701685584
16.307943413174048,1.0,300.32591604067954,298.50318058921283,298.2016746237703
16.31156901197644,1.0,300.32615094111986,298.50329977310287,298.2017122448382
16.315194610778835,1.0,300.326385814689,298.503418960434,298.2017498800583
16.31882020958123,1.0,300.326620661394,298.5035381512022,298.2017875294291
16.322445808383623,1.0,300.3268554812417,298.5036573454035,298.20182519294934
16.326071407186017,1.0,300.3270902742391,298.5037765430339,298.2018628706177
16.32969700598841,1.0,300.3273250403932,298.50389574408945,298.2019005624327
16.333322604790805,1.0,300.32755977971084,298.50401494856607,298.20193826839306
16.3369482035932,1.0,300.3277944921989,298.5041341564598,298.20197598849745
16.340573802395593,1.0,300.3280291778645,298.5042533677668,298.2020137227444
16.344199401197987,1.0,300.3282638367144,298.504372582483,298.20205147113273
16.34782500000038,1.0,300.3284984687556,298.50449180060434,298.20208923366096
16.351450598802774,1.0,300.328733073995,298.504611022127,298.2021270103277
16.355076197605168,1.0,300.32896765243953,298.50473024704695,298.2021648011316
16.358701796407562,1.0,300.3292022040961,298.50484947536023,298.20220260607124
16.362327395209956,1.0,300.32943672897164,298.50496870706286,298.2022404251454
16.36595299401235,1.0,300.329671227073,298.5050879421509,298.20227825835264
16.369578592814744,1.0,300.3299056984071,298.5052071806204,298.20231610569164
16.373204191617138,1.0,300.3301401429809,298.50532642246736,298.2023539671609
16.37682979041953,1.0,300.3303745608012,298.50544566768787,298.20239184275914
16.380455389221925,1.0,300.33060895187504,298.50556491627805,298.202429732485
16.38408098802432,1.0,300.33084331620915,298.5056841682338,298.202467636337
16.387706586826713,1.0,300.3310776538105,298.5058034235513,298.2025055543139
16.391332185629107,1.0,300.331311964686,298.5059226822266,298.20254348641424
16.3949577844315,1.0,300.3315462488425,298.5060419442557,298.2025814326365
16.398583383233895,1.0,300.331780506287,298.50616120963474,298.20261939297967
16.40220898203629,1.0,300.3320147370261,298.5062804783597,298.202657367442
16.405834580838683,1.0,300.33224894106695,298.5063997504268,298.20269535602233
16.409460179641076,1.0,300.3324831184163,298.50651902583195,298.2027333587192
16.41308577844347,1.0,300.33271726908106,298.50663830457137,298.2027713755312
16.416711377245864,1.0,300.3329513930681,298.5067575866411,298.20280940645694
16.420336976048258,1.0,300.33318549038415,298.50687687203714,298.2028474514951
16.423962574850652,1.0,300.33341956103635,298.50699616075565,298.20288551064425
16.427588173653046,1.0,300.3336536050313,298.5071154527928,298.2029235839029
16.43121377245544,1.0,300.333887622376,298.50723474814447,298.2029616712698
16.434839371257834,1.0,300.3341216130772,298.50735404680694,298.2029997727435
16.438464970060227,1.0,300.3343555771418,298.5074733487763,298.20303788832257
16.44209056886262,1.0,300.33458951457663,298.5075926540485,298.20307601800573
16.445716167665015,1.0,300.33482342538866,298.5077119626198,298.2031141617914
16.44934176646741,1.0,300.33505730958456,298.5078312744862,298.20315231967834
16.452967365269803,1.0,300.33529116717114,298.50795058964394,298.2031904916651
16.456592964072197,1.0,300.33552499815545,298.50806990808894,298.2032286777503
16.46021856287459,1.0,300.33575880254415,298.50818922981756,298.2032668779325
16.463844161676985,1.0,300.3359925803441,298.50830855482565,298.20330509221026
16.46746976047938,1.0,300.33622633156216,298.50842788310956,298.20334332058223
16.471095359281772,1.0,300.33646005620517,298.5085472146653,298.203381563047
16.474720958084166,1.0,300.33669375427985,298.508666549489,298.2034198196031
16.47834655688656,1.0,300.33692742579314,298.5087858875769,298.2034580902492
16.481972155688954,1.0,300.3371610707518,298.5089052289249,298.2034963749839
16.485597754491348,1.0,300.3373946891626,298.50902457352936,298.2035346738057
16.489223353293742,1.0,300.3376282810324,298.5091439213863,298.20357298671325
16.492848952096136,1.0,300.33786184636796,298.50926327249186,298.20361131370504
16.49647455089853,1.0,300.33809538517613,298.50938262684224,298.20364965477984
16.500100149700923,1.0,300.3383288974638,298.50950198443354,298.20368800993606
16.503725748503317,1.0,300.33856238323756,298.5096213452619,298.20372637917234
16.50735134730571,1.0,300.33879584250434,298.5097407093236,298.20376476248725
16.510976946108105,1.0,300.33902927527095,298.50986007661464,298.20380315987944
16.5146025449105,1.0,300.3392626815441,298.50997944713123,298.2038415713474
16.518228143712893,1.0,300.3394960613306,298.5100988208695,298.2038799968898
16.521853742515287,1.0,300.33972941463725,298.5102181978256,298.20391843650503
16.52547934131768,1.0,300.3399627414708,298.51033757799576,298.2039568901919
16.529104940120074,1.0,300.3401960418381,298.5104569613762,298.20399535794877
16.53273053892247,1.0,300.34042931574584,298.5105763479629,298.2040338397743
16.536356137724862,1.0,300.34066256320085,298.5106957377522,298.20407233566715
16.539981736527256,1.0,300.34089578420986,298.51081513074024,298.20411084562573
16.54360733532965,1.0,300.34112897877964,298.51093452692317,298.20414936964875
16.547232934132044,1.0,300.34136214691694,298.51105392629717,298.2041879077346
16.550858532934438,1.0,300.3415952886285,298.51117332885843,298.20422645988197
16.55448413173683,1.0,300.3418284039212,298.51129273460316,298.20426502608944
16.558109730539226,1.0,300.3420614928017,298.5114121435275,298.2043036063556
16.56173532934162,1.0,300.34229455527674,298.51153155562764,298.2043422006788
16.565360928144013,1.0,300.3425275913532,298.5116509708999,298.20438080905785
16.568986526946407,1.0,300.3427606010376,298.5117703893403,298.2044194314912
16.5726121257488,1.0,300.34299358433685,298.5118898109452,298.2044580679774
16.576237724551195,1.0,300.34322654125765,298.51200923571076,298.20449671851503
16.57986332335359,1.0,300.3434594718067,298.5121286636331,298.20453538310255
16.583488922155983,1.0,300.34369237599077,298.5122480947085,298.2045740617387
16.587114520958377,1.0,300.3439252538166,298.51236752893317,298.2046127544219
16.59074011976077,1.0,300.34415810529094,298.5124869663033,298.20465146115066
16.594365718563164,1.0,300.3443909304204,298.5126064068151,298.20469018192364
16.597991317365558,1.0,300.34462372921183,298.5127258504649,298.2047289167394
16.601616916167952,1.0,300.34485650167187,298.51284529724876,298.2047676655964
16.605242514970346,1.0,300.3450892478073,298.512964747163,298.20480642849316
16.60886811377274,1.0,300.34532196762484,298.51308420020376,298.20484520542834
16.612493712575134,1.0,300.34555466113113,298.51320365636735,298.20488399640044
16.616119311377528,1.0,300.34578732833296,298.51332311565,298.20492280140803
16.61974491017992,1.0,300.346019969237,298.513442578048,298.20496162044947
16.623370508982315,1.0,300.3462525838499,298.51356204355744,298.20500045352355
16.62699610778471,1.0,300.3464851721784,298.5136815121747,298.20503930062864
16.630621706587103,1.0,300.34671773422923,298.513800983896,298.20507816176337
16.634247305389497,1.0,300.346950270009,298.51392045871745,298.20511703692625
16.63787290419189,1.0,300.34718277952453,298.51403993663547,298.2051559261158
16.641498502994285,1.0,300.3474152627825,298.5141594176462,298.20519482933065
16.64512410179668,1.0,300.34764771978945,298.51427890174597,298.20523374656915
16.648749700599073,1.0,300.3478801505522,298.514398388931,298.20527267782995
16.652375299401466,1.0,300.34811255507736,298.51451787919757,298.20531162311147
16.65600089820386,1.0,300.3483449333716,298.5146373725419,298.2053505824124
16.659626497006254,1.0,300.3485772854417,298.5147568689603,298.2053895557312
16.663252095808648,1.0,300.34880961129426,298.51487636844905,298.2054285430663
16.666877694611042,1.0,300.3490419109359,298.51499587100443,298.20546754441636
16.670503293413436,1.0,300.3492741843733,298.51511537662265,298.20550655977985
16.67412889221583,1.0,300.34950643161324,298.51523488529995,298.20554558915535
16.677754491018224,1.0,300.34973865266227,298.51535439703275,298.2055846325412
16.681380089820617,1.0,300.34997084752706,298.5154739118172,298.2056236899362
16.68500568862301,1.0,300.3502030162143,298.5155934296497,298.20566276133866
16.688631287425405,1.0,300.35043515873065,298.51571295052645,298.20570184674716
16.6922568862278,1.0,300.35066727508274,298.51583247444376,298.2057409461602
16.695882485030193,1.0,300.3508993652772,298.5159520013979,298.2057800595763
16.699508083832587,1.0,300.3511314293207,298.51607153138525,298.205819186994
16.70313368263498,1.0,300.35136346721987,298.51619106440205,298.2058583284118
16.706759281437375,1.0,300.3515954789813,298.5163106004445,298.2058974838282
16.71038488023977,1.0,300.3518274646118,298.5164301395091,298.2059366532417
16.714010479042162,1.0,300.3520594241178,298.51654968159204,298.20597583665085
16.717636077844556,1.0,300.352291357506,298.5166692266897,298.20601503405413
