0,1,2,3,4
0.0,0.0,298.15,298.15,298.15
0.003625598802395209,1.5,298.1606624358121,298.15,298.15
0.007251197604790418,1.5,298.1713246260592,298.15,298.15
0.010876796407185627,1.5,298.1819865707468,298.15,298.15
0.014502395209580837,1.5,298.1926482698807,298.15,298.15
0.018127994011976047,1.5,298.2033064732193,298.15,298.15
0.021753592814371257,1.5,298.21395468064827,298.15,298.15
0.025379191616766467,1.5,298.2245841857689,298.15,298.15
0.029004790419161677,1.5,298.2351852307812,298.15,298.15
0.03263038922155689,1.5,298.24574761439544,298.15,298.15
0.03625598802395209,1.5,298.25626109011375,298.15,298.15
0.0398815868263473,1.5,298.26671568949223,298.15,298.15
0.043507185628742506,1.5,298.2771019816943,298.15,298.15
0.04713278443113771,1.5,298.28741130953273,298.15,298.15
0.05075838323353292,1.5,298.29763591717216,298.15,298.15
0.054383982035928126,1.5,298.3077690291399,298.15,298.15
0.05800958083832333,1.5,298.31780485880387,298.15,298.15
0.06163517964071854,1.5,298.32773858233475,298.15,298.15
0.06526077844311375,1.5,298.3375662812787,298.15,298.15
0.06888637724550896,1.5,298.34728487096413,298.15,298.15
0.07251197604790417,1.5,298.3568920203134,298.15,298.15
0.07613757485029939,1.5,298.36638607040277,298.15,298.15
0.0797631736526946,1.5,298.3757659549417,298.15,298.15
0.08338877245508981,1.5,298.38503112535676,298.15,298.15
0.08701437125748503,1.5,298.39418148160905,298.15,298.15
0.09063997005988024,1.5,298.4032173093742,298.15,298.15
0.09426556886227545,1.5,298.41213922363477,298.15,298.15
0.09789116766467067,1.5,298.42094811849034,298.15,298.15
0.10151676646706588,1.5,298.42964512279684,298.15,298.15
0.1051423652694611,1.5,298.43823156117116,298.15,298.15
0.10876796407185631,1.5,298.4467089198588,298.15,298.15
0.11239356287425152,1.5,298.45507881696597,298.15,298.15
0.11601916167664673,1.5,298.4633429765789,298.15,298.15
0.11964476047904195,1.5,298.471503206324,298.15,298.15
0.12327035928143716,1.5,298.47956137796353,298.15,298.15
0.12689595808383236,1.5,298.4875194106581,298.15,298.15
0.13052155688622757,1.5,298.4953792565673,298.15,298.15
0.1341471556886228,1.5,298.5031428884965,298.15,298.15
0.137772754491018,1.5,298.51081228933106,298.15,298.15
0.14139835329341321,1.5,298.5183894430303,298.15,298.15
0.14502395209580843,1.5,298.5258763269805,298.15,298.15
0.14864955089820364,1.5,298.53327490553204,298.15,298.15
0.15227514970059886,1.5,298.5405871245665,298.15,298.15
0.15590074850299407,1.5,298.5478149069584,298.15,298.15
0.15952634730538928,1.5,298.5549601488149,298.15,298.15
0.1631519461077845,1.5,298.5620247163901,298.15,298.15
0.1667775449101797,1.5,298.56901044358386,298.15,298.15
0.17040314371257492,1.5,298.57591912994644,298.15,298.15
0.17402874251497014,1.5,298.58275253912143,298.15,298.15
0.17765434131736535,1.5,298.58951239766577,298.15,298.15
0.18127994011976056,1.5,298.5962003941954,298.15,298.15
0.18490553892215578,1.5,298.60281817881037,298.15,298.15
0.188531137724551,1.5,298.6093673627606,298.15,298.15
0.1921567365269462,1.5,298.6158495183158,298.15,298.15
0.19578233532934142,1.5,298.6222661788115,298.15,298.15
0.19940793413173663,1.5,298.6286188388418,298.15,298.15
0.20303353293413184,1.5,298.63490895457954,298.15,298.15
0.20665913173652706,1.5,298.64113794419995,298.15,298.15
0.21028473053892227,1.5,298.6473071883934,298.15,298.15
0.21391032934131748,1.5,298.6534180309498,298.15,298.15
0.2175359281437127,1.5,298.65947177940313,298.15,298.15
0.2211615269461079,1.5,298.6654697057232,298.15,298.15
0.22478712574850312,1.5,298.67141304704575,298.15,298.15
0.22841272455089834,1.5,298.6773030064319,298.15,298.15
0.23203832335329355,1.5,298.6831407536489,298.15,298.15
0.23566392215568877,1.5,298.688927425967,298.15000000000003,298.15
0.23928952095808398,1.5,298.69466412896554,298.1500000000001,298.15
0.2429151197604792,1.5,298.7003519373444,298.15000000000015,298.15
0.2465407185628744,1.5,298.7059918957367,298.15000000000026,298.15
0.2501663173652696,1.5,298.7115850195184,298.1500000000004,298.15
0.25379191616766483,1.5,298.71713229561317,298.15000000000066,298.15
0.25741751497006005,1.5,298.72263468328913,298.15000000000094,298.15
0.26104311377245526,1.5,298.7280931149453,298.15000000000134,298.15
0.2646687125748505,1.5,298.7335084968869,298.1500000000019,298.15
0.2682943113772457,1.5,298.738881710087,298.1500000000027,298.15
0.2719199101796409,1.5,298.7442136109341,298.15000000000373,298.15
0.2755455089820361,1.5,298.74950503196436,298.15000000000515,298.15
0.2791711077844313,1.5,298.754756782578,298.15000000000697,298.15
0.28279670658682654,1.5,298.75996964973865,298.1500000000094,298.15
0.28642230538922175,1.5,298.7651443986565,298.15000000001254,298.15
0.29004790419161697,1.5,298.7702817734535,298.15000000001663,298.15
0.2936735029940122,1.5,298.77538249781173,298.1500000000219,298.15
0.2972991017964074,1.5,298.7804472756034,298.1500000000286,298.15
0.3009247005988026,1.5,298.7854767915047,298.1500000000371,298.15
0.3045502994011978,1.5,298.79047171159084,298.15000000004784,298.15
0.30817589820359303,1.5,298.795432683915,298.1500000000612,298.15
0.31180149700598825,1.5,298.80036033906964,298.15000000007785,298.15
0.31542709580838346,1.5,298.8052552907307,298.15000000009843,298.15
0.3190526946107787,1.5,298.8101181361862,298.1500000001238,298.15
0.3226782934131739,1.5,298.81494945684756,298.1500000001548,298.15
0.3263038922155691,1.5,298.8197498187458,298.1500000001926,298.15
0.3299294910179643,1.5,298.82451977301145,298.15000000023844,298.15
0.33355508982035953,1.5,298.82925985634,298.1500000002937,298.15
0.33718068862275474,1.5,298.83397059144187,298.15000000036,298.15
0.34080628742514996,1.5,298.838652487478,298.1500000004394,298.15
0.34443188622754517,1.5,298.84330604048154,298.15000000053385,298.15
0.3480574850299404,1.5,298.8479317337658,298.150000000646,298.15
0.3516830838323356,1.5,298.8525300383187,298.15000000077845,298.15
0.3553086826347308,1.5,298.85710141318424,298.1500000009344,298.15
0.358934281437126,1.5,298.86164630583164,298.1500000011174,298.15
0.36255988023952124,1.5,298.8661651525122,298.15000000133136,298.15
0.36618547904191645,1.5,298.87065837860405,298.15000000158057,298.15
0.36981107784431166,1.5,298.8751263989457,298.15000000187,298.15
0.3734366766467069,1.5,298.8795696181588,298.1500000022051,298.15
0.3770622754491021,1.5,298.88398843095945,298.1500000025919,298.15
0.3806878742514973,1.5,298.88838322245937,298.1500000030372,298.15
0.3843134730538925,1.5,298.89275436845764,298.1500000035481,298.15
0.38793907185628773,1.5,298.8971022357219,298.15000000413283,298.15
0.39156467065868295,1.5,298.90142718226,298.15000000480023,298.15
0.39519026946107816,1.5,298.90572955758415,298.15000000556,298.15
0.39881586826347337,1.5,298.91000970296375,298.1500000064229,298.15
0.4024414670658686,1.5,298.9142679516721,298.1500000074003,298.15
0.4060670658682638,1.5,298.9185046292236,298.15000000850506,298.15
0.409692664670659,1.5,298.92272005360326,298.1500000097508,298.15
0.4133182634730542,1.5,298.9269145354887,298.1500000111522,298.15
0.41694386227544944,1.5,298.931088378465,298.15000001272557,298.15
0.42056946107784465,1.5,298.9352418792317,298.15000001448817,298.15
0.42419505988023987,1.5,298.9393753278036,298.15000001645876,298.15
0.4278206586826351,1.5,298.94348900770456,298.15000001865747,298.15
0.4314462574850303,1.5,298.94758319615516,298.15000002110605,298.15
0.4350718562874255,1.5,298.95165816425396,298.1500000238277,298.15
0.4386974550898207,1.5,298.9557141771525,298.15000002684747,298.15
0.44232305389221593,1.5,298.95975149422543,298.1500000301919,298.15
0.44594865269461115,1.5,298.963770369234,298.15000003388957,298.15
0.44957425149700636,1.5,298.967771050485,298.1500000379708,298.15
0.4531998502994016,1.5,298.971753780984,298.1500000424681,298.15
0.4568254491017968,1.5,298.9757187985839,298.15000004741586,298.15
0.460451047904192,1.5,298.9796663361287,298.15000005285077,298.15
0.4640766467065872,1.5,298.98359662159197,298.1500000588117,298.15
0.46770224550898243,1.5,298.9875098782119,298.1500000653399,298.15
0.47132784431137764,1.5,298.991406324621,298.1500000724789,298.15
0.47495344311377286,1.5,298.9952861749721,298.15000008027494,298.15
0.47857904191616807,1.5,298.99914963906053,298.1500000887767,298.15
0.4822046407185633,1.5,299.0029969224419,298.1500000980357,298.15
0.4858302395209585,1.5,299.0068282265462,298.1500001081061,298.15
0.4894558383233537,1.5,299.01064374878877,298.150000119045,298.15
0.4930814371257489,1.5,299.014443682677,298.1500001309125,298.15
0.49670703592814414,1.5,299.0182282179142,298.1500001437716,298.15
0.5003326347305393,1.5,299.02199754050037,298.1500001576887,298.15
0.5039582335329346,1.5,299.0257518328289,298.1500001727331,298.15
0.5075838323353298,1.5,299.02949127378133,298.15000018897774,298.15
0.511209431137725,1.5,299.0332160388183,298.15000020649876,298.15
0.5148350299401202,1.5,299.0369263000682,298.150000225376,298.15
0.5184606287425154,1.5,299.040622226413,298.1500002456928,298.15
0.5220862275449106,1.5,299.04430398357107,298.15000026753603,298.15
0.5257118263473058,1.5,299.0479717341778,298.1500002909966,298.15
0.5293374251497011,1.5,299.0516256378639,298.1500003161691,298.15
0.5329630239520963,1.5,299.05526585133066,298.15000034315227,298.15
0.5365886227544915,1.5,299.05889252842366,298.15000037204857,298.15
0.5402142215568867,1.5,299.0625058202038,298.15000040296485,298.15
0.5438398203592819,1.5,299.06610587501615,298.1500004360122,298.15
0.5474654191616771,1.5,299.0696928385572,298.1500004713057,298.15
0.5510910179640723,1.5,299.0732668539396,298.15000050896515,298.15
0.5547166167664676,1.5,299.0768280617548,298.15000054911457,298.15
0.5583422155688628,1.5,299.08037660013485,298.15000059188264,298.15
0.561967814371258,1.5,299.08391260481113,298.1500006374027,298.15
0.5655934131736532,1.5,299.08743620917215,298.15000068581264,298.15
0.5692190119760484,1.5,299.0909475443192,298.1500007372552,298.15
0.5728446107784436,1.5,299.0944467391207,298.15000079187797,298.15
0.5764702095808388,1.5,299.097933920265,298.15000084983353,298.15
0.580095808383234,1.5,299.1014092123112,298.1500009112794,298.15
0.5837214071856293,1.5,299.10487273773856,298.1500009763781,298.15
0.5873470059880245,1.5,299.1083246169955,298.15000104529736,298.15
0.5909726047904197,1.5,299.1117649685455,298.15000111821007,298.15
0.5945982035928149,1.5,299.1151939089132,298.1500011952945,298.15
0.5982238023952101,1.5,299.1186115527282,298.1500012767342,298.15
0.6018494011976053,1.5,299.12201801276825,298.150001362718,298.15
0.6054750000000005,1.5,299.1254134000007,298.15000145344027,298.15
0.6091005988023958,1.5,299.12879782362336,298.150001549101,298.15
0.612726197604791,1.5,299.13217139110344,298.15000164990556,298.15
0.6163517964071862,1.5,299.1355342082164,298.15000175606525,298.15
0.6199773952095814,1.5,299.13888637908303,298.1500018677966,298.15
0.6236029940119766,1.5,299.142228006205,298.1500019853223,298.15
0.6272285928143718,1.5,299.1455591905013,298.15000210887064,298.15
0.630854191616767,1.5,299.1488800313414,298.1500022386757,298.15
0.6344797904191622,1.5,299.1521906265791,298.15000237497753,298.15
0.6381053892215575,1.5,299.15549107258494,298.1500025180221,298.15
0.6417309880239527,1.5,299.1587814642776,298.15000266806123,298.15
0.6453565868263479,1.5,299.1620618951545,298.15000282535283,298.15
0.6489821856287431,1.5,299.16533245732205,298.15000299016083,298.15
0.6526077844311383,1.5,299.1685932415242,298.1500031627553,298.15
0.6562333832335335,1.5,299.1718443371711,298.1500033434123,298.15
0.6598589820359287,1.5,299.1750858323667,298.1500035324141,298.15
0.663484580838324,1.5,299.17831781393517,298.15000373004915,298.15
0.6671101796407192,1.5,299.1815403674475,298.150003936612,298.15
0.6707357784431144,1.5,299.1847535772467,298.1500041524035,298.15
0.6743613772455096,1.5,299.1879575264725,298.1500043777308,298.15
0.6779869760479048,1.5,299.1911522970856,298.15000461290714,298.15
0.6816125748503,1.5,299.1943379698914,298.1500048582523,298.15
0.6852381736526952,1.5,299.1975146245626,298.15000511409215,298.15
0.6888637724550905,1.5,299.20068233966145,298.1500053807589,298.15
0.6924893712574857,1.5,299.203841192662,298.1500056585911,298.15
0.6961149700598809,1.5,299.2069912599711,298.1500059479337,298.15
0.6997405688622761,1.5,299.21013261694867,298.1500062491381,298.15
0.7033661676646713,1.5,299.2132653379286,298.1500065625617,298.15
0.7069917664670665,1.5,299.2163894962378,298.1500068885687,298.15
0.7106173652694617,1.5,299.2195051642158,298.15000722752933,298.15
0.714242964071857,1.5,299.2226124132332,298.1500075798204,298.15
0.7178685628742522,1.5,299.22571131371006,298.15000794582494,298.15
0.7214941616766474,1.5,299.22880193513373,298.15000832593245,298.15
0.7251197604790426,1.5,299.2318843460761,298.1500087205387,298.15
0.7287453592814378,1.5,299.23495861421054,298.15000913004593,298.15
0.732370958083833,1.5,299.2380248063286,298.1500095548626,298.15
0.7359965568862282,1.5,299.2410829883562,298.1500099954036,298.15
0.7396221556886234,1.5,299.244133225369,298.15001045209004,298.15
0.7432477544910187,1.5,299.2471755816084,298.1500109253495,298.15
0.7468733532934139,1.5,299.2502101204959,298.1500114156157,298.15
0.7504989520958091,1.5,299.25323690464836,298.15001192332886,298.15
0.7541245508982043,1.5,299.2562559958921,298.1500124489352,298.15
0.7577501497005995,1.5,299.2592674552767,298.1500129928873,298.15
0.7613757485029947,1.5,299.26227134308914,298.15001355564397,298.15
0.7650013473053899,1.5,299.26526771886654,298.1500141376702,298.15
0.7686269461077851,1.5,299.26825664141,298.15001473943715,298.15
0.7722525449101804,1.5,299.2712381687965,298.15001536142216,298.15
0.7758781437125756,1.5,299.2742123583922,298.1500160041087,298.15
0.7795037425149708,1.5,299.27717926686404,298.1500166679862,298.15
0.783129341317366,1.5,299.28013895019177,298.1500173535503,298.15
0.7867549401197612,1.5,299.2830914636798,298.15001806130266,298.15
0.7903805389221564,1.5,299.28603686196834,298.15001879175077,298.15
0.7940061377245516,1.5,299.28897519904484,298.15001954540827,298.15
0.7976317365269469,1.5,299.29190652825463,298.15002032279466,298.15
0.8012573353293421,1.5,299.2948309023117,298.1500211244352,298.15
0.8048829341317373,1.5,299.2977483733089,298.15002195086123,298.15
0.8085085329341325,1.5,299.3006589927284,298.1500228026097,298.15
0.8121341317365277,1.5,299.3035628114518,298.15002368022334,298.15
0.8157597305389229,1.5,299.30645987976936,298.1500245842508,298.15
0.8193853293413181,1.5,299.30935024739006,298.150025515246,298.15
0.8230109281437133,1.5,299.3122339634507,298.150026473769,298.15
0.8266365269461086,1.5,299.31511107652506,298.15002746038505,298.15
0.8302621257485038,1.5,299.317981634633,298.15002847566507,298.15
0.833887724550899,1.5,299.32084568524914,298.1500295201855,298.15
0.8375133233532942,1.5,299.3237032753114,298.15003059452823,298.15
0.8411389221556894,1.5,299.3265544512295,298.15003169928036,298.15
0.8447645209580846,1.5,299.3293992588932,298.1500328350347,298.15
0.8483901197604798,1.5,299.33223774368037,298.1500340023889,298.15
0.8520157185628751,1.5,299.3350699504647,298.1500352019462,298.15
0.8556413173652703,1.5,299.3378959236238,298.15003643431487,298.15
0.8592669161676655,1.5,299.34071570704657,298.15003770010827,298.15
0.8628925149700607,1.5,299.34352934414056,298.15003899994485,298.15
0.8665181137724559,1.5,299.3463368778394,298.15004033444814,298.15
0.8701437125748511,1.5,299.34913835060996,298.15004170424646,298.15
0.8737693113772463,1.5,299.3519338044593,298.15004310997324,298.15
0.8773949101796416,1.5,299.35472328094136,298.15004455226665,298.15
0.8810205089820368,1.5,299.3575068211641,298.1500460317696,298.15
0.884646107784432,1.5,299.3602844657957,298.1500475491298,298.15
0.8882717065868272,1.5,299.3630562550713,298.1500491049994,298.15
0.8918973053892224,1.5,299.36582222879883,298.1500507000354,298.15
0.8955229041916176,1.5,299.3685824263661,298.1500523348994,298.15
0.8991485029940128,1.5,299.3713368867463,298.1500540102571,298.15
0.902774101796408,1.5,299.37408564850386,298.15005572677893,298.15
0.9063997005988033,1.5,299.37682874980084,298.1500574851395,298.15
0.9100252994011985,1.5,299.3795662284023,298.1500592860177,298.15
0.9136508982035937,1.5,299.38229812168214,298.15006113009684,298.15
0.9172764970059889,1.5,299.3850244666284,298.15006301806415,298.15
0.9209020958083841,1.5,299.38774529984914,298.15006495061095,298.15
0.9245276946107793,1.5,299.39046065757725,298.1500669284328,298.15
0.9281532934131745,1.5,299.3931705756762,298.150068952229,298.15
0.9317788922155698,1.5,299.39587508964485,298.1500710227028,298.15
0.935404491017965,1.5,299.3985742346226,298.15007314056123,298.15
0.9390300898203602,1.5,299.4012680453943,298.1500753065152,298.15
0.9426556886227554,1.5,299.4039565563955,298.15007752127923,298.15
0.9462812874251506,1.5,299.4066398017164,298.15007978557134,298.15
0.9499068862275458,1.5,299.40931781510756,298.1500821001133,298.15
0.953532485029941,1.5,299.41199062998373,298.15008446563024,298.15
0.9571580838323362,1.5,299.4146582794288,298.1500868828508,298.15
0.9607836826347315,1.5,299.41732079620016,298.1500893525069,298.15
0.9644092814371267,1.5,299.4199782127329,298.1500918753337,298.15
0.9680348802395219,1.5,299.4226305611443,298.15009445206954,298.15
0.9716604790419171,1.5,299.4252778732382,298.15009708345616,298.15
0.9752860778443123,1.5,299.4279201805088,298.1500997702381,298.15
0.9789116766467075,1.5,299.4305575141448,298.1501025131631,298.15
0.9825372754491027,1.5,299.4331899050338,298.15010531298157,298.15
0.986162874251498,1.5,299.43581738376577,298.150108170447,298.15
0.9897884730538932,1.5,299.43843998063693,298.1501110863157,298.15
0.9934140718562884,1.5,299.441057725654,298.15011406134664,298.15
0.9970396706586836,1.5,299.4436706485377,298.1501170963014,298.15
1.0006652694610787,1.5,299.4462787787262,298.1501201919442,298.15
1.004290868263474,1.5,299.4488821453791,298.15012334904185,298.15
1.0079164670658691,1.5,299.45148077738077,298.1501265683635,298.15
1.0115420658682643,1.5,299.4540747033438,298.15012985068074,298.15
1.0151676646706596,1.5,299.4566639516128,298.1501331967675,298.15
1.0187932634730548,1.5,299.45924855026743,298.15013660740004,298.15
1.02241886227545,1.5,299.4618285271258,298.1501400833566,298.15
1.0260444610778452,1.5,299.46440390974783,298.1501436254176,298.15
1.0296700598802404,1.5,299.4669747254384,298.15014723436576,298.15
1.0332956586826356,1.5,299.4695410012506,298.1501509109854,298.15
1.0369212574850308,1.5,299.47210276398874,298.150154656063,298.15
1.040546856287426,1.5,299.4746600402116,298.1501584703868,298.15
1.0441724550898213,1.5,299.47721285623516,298.1501623547469,298.15
1.0477980538922165,1.5,299.47976123813595,298.150166309935,298.15000000000003
1.0514236526946117,1.5,299.48230521175367,298.1501703367444,298.1500000000001
1.055049251497007,1.5,299.48484480269406,298.1501744359703,298.1500000000001
1.0586748502994021,1.5,299.487380036332,298.1501786084091,298.1500000000001
1.0623004491017973,1.5,299.4899109378142,298.15018285485866,298.1500000000001
1.0659260479041925,1.5,299.49243753206173,298.15018717611855,298.1500000000001
1.0695516467065878,1.5,299.4949598437731,298.15019157298923,298.15000000000015
1.073177245508983,1.5,299.4974778974264,298.15019604627275,298.1500000000002
1.0768028443113782,1.5,299.4999917172825,298.1502005967721,298.1500000000002
1.0804284431137734,1.5,299.50250132738745,298.1502052252917,298.15000000000026
1.0840540419161686,1.5,299.5050067515746,298.1502099326367,298.15000000000026
1.0876796407185638,1.5,299.5075080134678,298.1502147196135,298.1500000000003
1.091305239520959,1.5,299.51000513648324,298.15021958702937,298.1500000000004
1.0949308383233542,1.5,299.5124981438324,298.1502245356923,298.15000000000043
1.0985564371257495,1.5,299.51498705852396,298.15022956641144,298.1500000000005
1.1021820359281447,1.5,299.51747190336664,298.15023467999646,298.15000000000055
1.10580763473054,1.5,299.5199527009711,298.15023987725766,298.1500000000006
1.109433233532935,1.5,299.5224294737524,298.15024515900626,298.15000000000066
1.1130588323353303,1.5,299.52490224393244,298.1502505260537,298.1500000000007
1.1166844311377255,1.5,299.5273710335418,298.15025597921215,298.15000000000083
1.1203100299401207,1.5,299.52983586442224,298.1502615192943,298.1500000000009
1.123935628742516,1.5,299.53229675822877,298.150267147113,298.150000000001
1.1275612275449112,1.5,299.53475373643164,298.15027286348175,298.15000000000106
1.1311868263473064,1.5,299.53720682031866,298.1502786692139,298.1500000000011
1.1348124251497016,1.5,299.53965603099715,298.15028456512346,298.1500000000012
1.1384380239520968,1.5,299.54210138939595,298.1502905520244,298.15000000000134
1.142063622754492,1.5,299.5445429162674,298.1502966307307,298.15000000000146
1.1456892215568872,1.5,299.5469806321894,298.1503028020566,298.15000000000157
1.1493148203592825,1.5,299.54941455756733,298.1503090668163,298.15000000000174
1.1529404191616777,1.5,299.55184471263607,298.1503154258238,298.1500000000019
1.1565660179640729,1.5,299.5542711174617,298.15032187989306,298.1500000000021
1.160191616766468,1.5,299.5566937919434,298.150328429838,298.15000000000225
1.1638172155688633,1.5,299.5591127558156,298.1503350764721,298.1500000000024
1.1674428143712585,1.5,299.56152802864926,298.15034182060884,298.1500000000026
1.1710684131736537,1.5,299.5639396298541,298.15034866306115,298.1500000000028
1.174694011976049,1.5,299.56634757868017,298.15035560464156,298.15000000000305
1.1783196107784442,1.5,299.5687518942197,298.1503626461623,298.1500000000033
1.1819452095808394,1.5,299.57115259540876,298.1503697884351,298.1500000000035
1.1855708083832346,1.5,299.57354970102887,298.1503770322712,298.1500000000038
1.1891964071856298,1.5,299.5759432297088,298.1503843784811,298.15000000000407
1.192822005988025,1.5,299.5783331999262,298.1503918278748,298.1500000000044
1.1964476047904202,1.5,299.5807196300092,298.15039938126154,298.15000000000475
1.2000732035928154,1.5,299.5831025381379,298.15040703944993,298.1500000000051
1.2036988023952107,1.5,299.58548194234623,298.1504148032478,298.1500000000055
1.2073244011976059,1.5,299.5878578605231,298.150422673462,298.1500000000059
1.210950000000001,1.5,299.5902303104145,298.15043065089867,298.15000000000634
1.2145755988023963,1.5,299.59259930962446,298.150438736363,298.1500000000068
1.2182011976047915,1.5,299.5949648756169,298.15044693065914,298.1500000000073
1.2218267964071867,1.5,299.5973270257168,298.15045523459037,298.1500000000078
1.225452395209582,1.5,299.59968577711237,298.1504636489588,298.1500000000084
1.2290779940119771,1.5,299.6020411468554,298.15047217456544,298.15000000000896
1.2327035928143724,1.5,299.6043931518636,298.1504808122103,298.1500000000096
1.2363291916167676,1.5,299.60674180892147,298.150489562692,298.15000000001027
1.2399547904191628,1.5,299.60908713468206,298.15049842680804,298.15000000001095
1.243580389221558,1.5,299.6114291456681,298.1505074053547,298.1500000000117
1.2472059880239532,1.5,299.6137678582734,298.1505164991269,298.1500000000125
1.2508315868263484,1.5,299.6161032887641,298.1505257089182,298.15000000001334
1.2544571856287436,1.5,299.6184354532802,298.1505350355208,298.15000000001424
1.2580827844311389,1.5,299.6207643678368,298.1505444797254,298.1500000000152
1.261708383233534,1.5,299.623090048325,298.1505540423213,298.15000000001623
1.2653339820359293,1.5,299.6254125105138,298.15056372409623,298.1500000000173
1.2689595808383245,1.5,299.62773177005084,298.1505735258365,298.1500000000184
1.2725851796407197,1.5,299.6300478424639,298.15058344832653,298.1500000000196
1.276210778443115,1.5,299.63236074316205,298.1505934923495,298.15000000002084
1.2798363772455101,1.5,299.6346704874367,298.15060365868675,298.1500000000222
1.2834619760479054,1.5,299.6369770904632,298.15061394811784,298.1500000000236
1.2870875748503006,1.5,299.6392805673012,298.1506243614207,298.1500000000251
1.2907131736526958,1.5,299.6415809328971,298.15063489937154,298.1500000000267
1.294338772455091,1.5,299.64387820208384,298.1506455627445,298.15000000002834
1.2979643712574862,1.5,299.6461723895828,298.15065635231235,298.1500000000301
1.3015899700598814,1.5,299.6484635100047,298.15066726884555,298.1500000000319
1.3052155688622766,1.5,299.65075157785094,298.1506783131129,298.1500000000339
1.3088411676646718,1.5,299.65303660751425,298.1506894858812,298.15000000003596
1.312466766467067,1.5,299.65531861328014,298.1507007879152,298.1500000000381
1.3160923652694623,1.5,299.6575976093276,298.1507122199777,298.1500000000404
1.3197179640718575,1.5,299.6598736097307,298.1507237828296,298.15000000004284
1.3233435628742527,1.5,299.66214662845897,298.15073547722943,298.1500000000454
1.326969161676648,1.5,299.66441667937903,298.15074730393405,298.150000000048
1.3305947604790431,1.5,299.6666837762551,298.1507592636978,298.15000000005085
1.3342203592814383,1.5,299.66894793275026,298.15077135727313,298.15000000005386
1.3378459580838336,1.5,299.67120916242743,298.1507835854102,298.150000000057
1.3414715568862288,1.5,299.67346747875035,298.15079594885697,298.15000000006023
1.345097155688624,1.5,299.6757228950844,298.15080844835916,298.15000000006376
1.3487227544910192,1.5,299.67797542469754,298.1508210846602,298.1500000000674
1.3523483532934144,1.5,299.68022508076166,298.15083385850136,298.1500000000712
1.3559739520958096,1.5,299.68247187635285,298.1508467706214,298.15000000007524
1.3595995508982048,1.5,299.6847158244529,298.15085982175697,298.1500000000795
1.3632251497006,1.5,299.6869569379499,298.1508730126421,298.15000000008393
1.3668507485029953,1.5,299.68919522963927,298.15088634400854,298.1500000000886
1.3704763473053905,1.5,299.6914307122245,298.15089981658576,298.1500000000935
1.3741019461077857,1.5,299.69366339831805,298.1509134311006,298.15000000009866
1.377727544910181,1.5,299.6958933004424,298.1509271882774,298.15000000010406
1.3813531437125761,1.5,299.69812043103076,298.1509410888383,298.1500000001097
1.3849787425149713,1.5,299.70034480242794,298.1509551335025,298.1500000001156
1.3886043413173665,1.5,299.702566426891,298.15096932298724,298.15000000012185
1.3922299401197618,1.5,299.7047853165905,298.1509836580067,298.1500000001284
1.395855538922157,1.5,299.70700148361084,298.1509981392726,298.1500000001352
1.3994811377245522,1.5,299.7092149399515,298.15101276749414,298.15000000014237
1.4031067365269474,1.5,299.71142569752743,298.151027543378,298.15000000014993
1.4067323353293426,1.5,299.7136337681702,298.15104246762803,298.1500000001578
1.4103579341317378,1.5,299.71583916362846,298.1510575409456,298.150000000166
1.413983532934133,1.5,299.718041895569,298.15107276402927,298.15000000017466
1.4176091317365282,1.5,299.72024197557727,298.151088137575,298.1500000001837
1.4212347305389235,1.5,299.7224394151582,298.151103662276,298.15000000019313
1.4248603293413187,1.5,299.72463422573713,298.15111933882275,298.150000000203
1.428485928143714,1.5,299.72682641866027,298.1511351679029,298.15000000021337
1.432111526946109,1.5,299.7290160051956,298.15115115020154,298.15000000022417
1.4357371257485043,1.5,299.7312029965334,298.1511672864009,298.1500000002355
1.4393627245508995,1.5,299.73338740378733,298.15118357718023,298.1500000002473
1.4429883233532947,1.5,299.7355692379947,298.1512000232163,298.15000000025964
1.44661392215569,1.5,299.73774851011746,298.15121662518277,298.1500000002726
1.4502395209580852,1.5,299.7399252310428,298.1512333837506,298.15000000028607
1.4538651197604804,1.5,299.74209941158364,298.1512502995879,298.1500000003001
1.4574907185628756,1.5,299.7442710624798,298.15126737335993,298.15000000031483
1.4611163173652708,1.5,299.7464401943981,298.1512846057289,298.1500000003301
1.464741916167666,1.5,299.7486068179333,298.1513019973543,298.15000000034615
1.4683675149700612,1.5,299.7507709436087,298.1513195488928,298.1500000003628
1.4719931137724565,1.5,299.75293258187685,298.15133726099776,298.15000000038026
1.4756187125748517,1.5,299.75509174312003,298.15135513432,298.1500000003984
1.4792443113772469,1.5,299.7572484376512,298.15137316950717,298.1500000004173
1.482869910179642,1.5,299.75940267571406,298.15139136720416,298.15000000043705
1.4864955089820373,1.5,299.7615544674843,298.15140972805267,298.1500000004577
1.4901211077844325,1.5,299.76370382306965,298.15142825269163,298.1500000004791
1.4937467065868277,1.5,299.76585075251097,298.1514469417569,298.15000000050145
1.497372305389223,1.5,299.76799526578253,298.1514657958811,298.15000000052476
1.5009979041916182,1.5,299.77013737279253,298.1514848156943,298.15000000054897
1.5046235029940134,1.5,299.77227708338404,298.1515040018233,298.1500000005742
1.5082491017964086,1.5,299.7744144073353,298.15152335489176,298.15000000060047
1.5118747005988038,1.5,299.7765493543603,298.1515428755206,298.1500000006278
1.515500299401199,1.5,299.77868193410956,298.15156256432743,298.1500000006563
1.5191258982035942,1.5,299.7808121561703,298.15158242192695,298.1500000006859
1.5227514970059894,1.5,299.7829400300674,298.1516024489308,298.15000000071666
1.5263770958083847,1.5,299.78506556526366,298.15162264594744,298.1500000007487
1.5300026946107799,1.5,299.78718877116046,298.1516430135825,298.150000000782
1.533628293413175,1.5,299.78930965709833,298.1516635524381,298.15000000081665
1.5372538922155703,1.5,299.7914282323573,298.1516842631138,298.15000000085263
1.5408794910179655,1.5,299.79354450615784,298.15170514620576,298.15000000089003
1.5445050898203607,1.5,299.7956584876606,298.15172620230703,298.15000000092886
1.548130688622756,1.5,299.797770185968,298.1517474320076,298.15000000096927
1.5517562874251511,1.5,299.79987961012347,298.1517688358945,298.1500000010112
1.5553818862275464,1.5,299.8019867691133,298.1517904145514,298.15000000105476
1.5590074850299416,1.5,299.80409167186593,298.151812168559,298.1500000011
1.5626330838323368,1.5,299.80619432725325,298.1518340984949,298.15000000114696
1.566258682634732,1.5,299.8082947440907,298.15185620493344,298.15000000119574
1.5698842814371272,1.5,299.81039293113787,298.15187848844596,298.1500000012463
1.5735098802395224,1.5,299.81248889709894,298.15190094960064,298.1500000012988
1.5771354790419176,1.5,299.81458265062315,298.1519235889625,298.1500000013532
1.5807610778443129,1.5,299.81667420030544,298.15194640709336,298.1500000014097
1.584386676646708,1.5,299.81876355468654,298.151969404552,298.1500000014683
1.5880122754491033,1.5,299.8208507222538,298.15199258189404,298.150000001529
1.5916378742514985,1.5,299.8229357114413,298.15201593967186,298.150000001592
1.5952634730538937,1.5,299.8250185306307,298.15203947843474,298.1500000016573
1.598889071856289,1.5,299.82709918815124,298.1520631987289,298.15000000172495
1.6025146706586841,1.5,299.8291776922805,298.1520871010974,298.1500000017951
1.6061402694610794,1.5,299.83125405124474,298.1521111860799,298.15000000186774
1.6097658682634746,1.5,299.83332827321925,298.1521354542132,298.150000001943
1.6133914670658698,1.5,299.83540036632905,298.1521599060308,298.15000000202093
1.617017065868265,1.5,299.8374703386487,298.1521845420631,298.15000000210165
1.6206426646706602,1.5,299.8395381982035,298.15220936283725,298.15000000218527
1.6242682634730554,1.5,299.84160395296925,298.1522343688774,298.1500000022718
1.6278938622754506,1.5,299.84366761087307,298.15225956070435,298.15000000236137
1.6315194610778458,1.5,299.8457291797936,298.1522849388359,298.1500000024541
1.635145059880241,1.5,299.8477886675615,298.15231050378674,298.15000000255003
1.6387706586826363,1.5,299.8498460819596,298.15233625606817,298.1500000026493
1.6423962574850315,1.5,299.85190143072384,298.15236219618856,298.150000002752
1.6460218562874267,1.5,299.853954721543,298.152388324653,298.1500000028582
1.649647455089822,1.5,299.8560059620595,298.1524146419635,298.150000002968
1.6532730538922171,1.5,299.8580551598697,298.1524411486189,298.1500000030816
1.6568986526946123,1.5,299.86010232252414,298.15246784511487,298.150000003199
1.6605242514970076,1.5,299.86214745752807,298.152494731944,298.1500000033204
1.6641498502994028,1.5,299.8641905723418,298.1525218095956,298.1500000034458
1.667775449101798,1.5,299.86623167438097,298.1525490785561,298.1500000035755
1.6714010479041932,1.5,299.86827077101697,298.1525765393084,298.15000000370947
1.6750266467065884,1.5,299.8703078695773,298.1526041923328,298.1500000038478
1.6786522455089836,1.5,299.8723429773459,298.1526320381059,298.1500000039907
1.6822778443113788,1.5,299.87437610156354,298.15266007710153,298.1500000041384
1.685903443113774,1.5,299.8764072494282,298.15268830979034,298.1500000042909
1.6895290419161693,1.5,299.87843642809514,298.1527167366397,298.1500000044483
1.6931546407185645,1.5,299.8804636446778,298.1527453581141,298.1500000046109
1.6967802395209597,1.5,299.8824889062473,298.1527741746748,298.15000000477863
1.700405838323355,1.5,299.8845122198338,298.1528031867799,298.1500000049519
1.7040314371257501,1.5,299.88653359242596,298.1528323948844,298.1500000051306
1.7076570359281453,1.5,299.8885530309716,298.15286179944036,298.150000005315
1.7112826347305405,1.5,299.8905705423782,298.1528914008965,298.15000000550526
1.7149082335329358,1.5,299.89258613351296,298.1529211996987,298.15000000570154
1.718533832335331,1.5,299.89459981120314,298.1529511962895,298.150000005904
1.7221594311377262,1.5,299.89661158223646,298.1529813911087,298.1500000061128
1.7257850299401214,1.5,299.89862145336144,298.1530117845926,298.1500000063281
1.7294106287425166,1.5,299.9006294312876,298.1530423771747,298.15000000655004
1.7330362275449118,1.5,299.9026355226859,298.15307316928545,298.15000000677884
1.736661826347307,1.5,299.9046397341888,298.1531041613521,298.15000000701474
1.7402874251497022,1.5,299.90664207239087,298.15313535379886,298.15000000725786
1.7439130239520975,1.5,299.9086425438489,298.1531667470471,298.1500000075084
1.7475386227544927,1.5,299.9106411550821,298.1531983415149,298.15000000776655
1.751164221556888,1.5,299.9126379125728,298.15323013761736,298.1500000080325
1.754789820359283,1.5,299.9146328227661,298.1532621357666,298.1500000083065
1.7584154191616783,1.5,299.91662589207084,298.1532943363718,298.1500000085887
1.7620410179640735,1.5,299.9186171268593,298.15332673983886,298.1500000088793
1.7656666167664687,1.5,299.920606533468,298.15335934657094,298.15000000917854
1.769292215568864,1.5,299.9225941181974,298.15339215696804,298.1500000094867
1.7729178143712592,1.5,299.9245798873128,298.15342517142733,298.1500000098039
1.7765434131736544,1.5,299.926563847044,298.1534583903428,298.15000001013044
1.7801690119760496,1.5,299.9285460035861,298.1534918141055,298.15000001046656
1.7837946107784448,1.5,299.9305263630994,298.1535254431035,298.1500000108125
1.78742020958084,1.5,299.93250493170984,298.15355927772197,298.15000001116846
1.7910458083832352,1.5,299.9344817155092,298.15359331834327,298.15000001153464
1.7946714071856305,1.5,299.9364567205555,298.1536275653463,298.1500000119114
1.7982970059880257,1.5,299.9384299528729,298.1536620191075,298.150000012299
1.8019226047904209,1.5,299.9404014184524,298.1536966800003,298.15000001269766
1.805548203592816,1.5,299.94237112325186,298.1537315483949,298.1500000131077
1.8091738023952113,1.5,299.9443390731961,298.153766624659,298.15000001352934
1.8127994011976065,1.5,299.9463052741775,298.153801909157,298.1500000139628
1.8164250000000017,1.5,299.948269732056,298.15383740225064,298.1500000144085
1.820050598802397,1.5,299.9502324526595,298.1538731042987,298.15000001486663
1.8236761976047922,1.5,299.9521934417838,298.15390901565706,298.1500000153375
1.8273017964071874,1.5,299.9541527051932,298.1539451366787,298.15000001582155
1.8309273952095826,1.5,299.9561102486206,298.1539814677137,298.1500000163189
1.8345529940119778,1.5,299.9580660777675,298.15401800910934,298.15000001682995
1.838178592814373,1.5,299.9600201983048,298.15405476121003,298.15000001735507
1.8418041916167682,1.5,299.9619726158724,298.15409172435733,298.1500000178945
1.8454297904191634,1.5,299.9639233360798,298.1541288988899,298.1500000184486
1.8490553892215587,1.5,299.9658723645062,298.15416628514373,298.15000001901774
1.8526809880239539,1.5,299.9678197067008,298.1542038834519,298.15000001960215
1.856306586826349,1.5,299.96976536818306,298.15424169414445,298.1500000202024
1.8599321856287443,1.5,299.97170935444257,298.1542797175491,298.15000002081865
1.8635577844311395,1.5,299.9736516709398,298.1543179539903,298.1500000214514
1.8671833832335347,1.5,299.9755923231058,298.1543564037901,298.1500000221008
1.87080898203593,1.5,299.97753131634295,298.15439506726744,298.15000002276753
1.8744345808383251,1.5,299.97946865602466,298.1544339447387,298.1500000234518
1.8780601796407204,1.5,299.98140434749587,298.15447303651746,298.150000024154
1.8816857784431156,1.5,299.98333839607324,298.15451234291453,298.1500000248746
1.8853113772455108,1.5,299.9852708070452,298.15455186423804,298.15000002561396
1.888936976047906,1.5,299.9872015856723,298.1545916007933,298.1500000263726
1.8925625748503012,1.5,299.98913073718745,298.154631552883,298.1500000271507
1.8961881736526964,1.5,299.991058266796,298.1546717208071,298.1500000279489
1.8998137724550916,1.5,299.99298417967583,298.15471210486277,298.15000002876764
1.9034393712574869,1.5,299.9949084809779,298.15475270534455,298.1500000296072
1.907064970059882,1.5,299.9968311758262,298.1547935225443,298.1500000304682
1.9106905688622773,1.5,299.9987522693179,298.1548345567512,298.15000003135106
1.9143161676646725,1.5,300.00067176652374,298.1548758082519,298.1500000322561
1.9179417664670677,1.5,300.0025896724879,298.1549172773301,298.150000033184
1.921567365269463,1.5,300.00450599222864,298.1549589642672,298.1500000341352
1.9251929640718581,1.5,300.0064207307381,298.1550008693418,298.15000003511005
1.9288185628742534,1.5,300.0083338929827,298.15504299282975,298.15000003610925
1.9324441616766486,1.5,300.0102454839032,298.15508533500457,298.1500000371331
1.9360697604790438,1.5,300.0121555084149,298.155127896137,298.1500000381823
1.939695359281439,1.5,300.0140639714079,298.1551706764952,298.15000003925735
1.9433209580838342,1.5,300.0159708777472,298.15521367634483,298.1500000403587
1.9469465568862294,1.5,300.0178762322729,298.15525689594887,298.1500000414869
1.9505721556886246,1.5,300.0197800398005,298.1553003355678,298.15000004264255
1.9541977544910198,1.5,300.02168230512075,298.1553439954597,298.1500000438262
1.957823353293415,1.5,300.0235830330001,298.1553878758798,298.1500000450384
1.9614489520958103,1.5,300.02548222818086,298.155431977081,298.1500000462798
1.9650745508982055,1.5,300.02737989538133,298.15547629931365,298.15000004755086
1.9687001497006007,1.5,300.0292760392958,298.15552084282564,298.15000004885235
1.972325748502996,1.5,300.031170664595,298.1555656078623,298.1500000501847
1.9759513473053911,1.5,300.0330637759259,298.15561059466637,298.1500000515487
1.9795769461077863,1.5,300.0349553779124,298.15565580347834,298.15000005294485
1.9832025449101816,1.5,300.0368454751551,298.1557012345361,298.1500000543739
1.9868281437125768,1.5,300.03873407223125,298.1557468880751,298.15000005583636
1.990453742514972,1.5,300.0406211736956,298.1557927643283,298.150000057333
1.9940793413173672,1.5,300.0425067840801,298.15583886352636,298.1500000588644
1.9977049401197624,1.5,300.0443909078939,298.15588518589743,298.15000006043135
2.0013305389221574,1.5,300.0462735496239,298.1559317316672,298.15000006203445
2.0049561377245526,1.5,300.04815471373473,298.15597850105905,298.1500000636744
2.008581736526948,1.5,300.0500344046688,298.1560254942939,298.15000006535195
2.012207335329343,1.5,300.0519126268467,298.1560727115903,298.1500000670679
2.0158329341317383,1.5,300.053789384667,298.15612015316447,298.15000006882275
2.0194585329341335,1.5,300.05566468250686,298.1561678192302,298.15000007061747
2.0230841317365287,1.5,300.05753852472174,298.15621570999906,298.15000007245266
2.026709730538924,1.5,300.0594109156458,298.15626382568,298.1500000743292
2.030335329341319,1.5,300.0612818595919,298.15631216648,298.1500000762479
2.0339609281437143,1.5,300.0631513608518,298.1563607326035,298.1500000782094
2.0375865269461095,1.5,300.06501942369647,298.15640952425275,298.15000008021457
2.0412121257485047,1.5,300.0668860523759,298.1564585416276,298.1500000822643
2.0448377245509,1.5,300.0687512511195,298.15650778492557,298.1500000843593
2.048463323353295,1.5,300.07061502413615,298.15655725434215,298.1500000865004
2.0520889221556904,1.5,300.07247737561437,298.1566069500703,298.15000008868856
2.0557145209580856,1.5,300.0743383097224,298.1566568723008,298.15000009092455
2.059340119760481,1.5,300.07619783060835,298.1567070212223,298.15000009320926
2.062965718562876,1.5,300.07805594240045,298.1567573970211,298.1500000955436
2.0665913173652712,1.5,300.07991264920673,298.1568079998813,298.15000009792846
2.0702169161676665,1.5,300.08176795511605,298.15685882998486,298.1500001003647
2.0738425149700617,1.5,300.08362186419726,298.15690988751146,298.1500001028533
2.077468113772457,1.5,300.0854743804999,298.15696117263855,298.1500001053953
2.081093712574852,1.5,300.08732550805416,298.1570126855415,298.15000010799145
2.0847193113772473,1.5,300.0891752508711,298.1570644263935,298.1500001106428
2.0883449101796425,1.5,300.09102361294254,298.15711639536545,298.15000011335036
2.0919705089820377,1.5,300.09287059824163,298.15716859262636,298.15000011611505
2.095596107784433,1.5,300.0947162107224,298.15722101834285,298.1500001189379
2.099221706586828,1.5,300.09656045432024,298.15727367267954,298.15000012182
2.1028473053892234,1.5,300.0984033329522,298.157326555799,298.1500001247623
2.1064729041916186,1.5,300.10024485051656,298.15737966786145,298.15000012776574
2.110098502994014,1.5,300.10208501089346,298.1574330090252,298.1500001308316
2.113724101796409,1.5,300.10392381794475,298.1574865794465,298.1500001339609
2.1173497005988042,1.5,300.1057612755141,298.15754037927957,298.1500001371547
2.1209752994011994,1.5,300.10759738742746,298.1575944086763,298.1500001404139
2.1246008982035947,1.5,300.10943215749256,298.1576486677867,298.15000014374
2.12822649700599,1.5,300.1112655894996,298.1577031567588,298.1500001471339
2.131852095808385,1.5,300.11309768722117,298.1577578757386,298.1500001505967
2.1354776946107803,1.5,300.1149284544123,298.15781282486995,298.1500001541297
2.1391032934131755,1.5,300.1167578948104,298.15786800429476,298.15000015773404
2.1427288922155707,1.5,300.1185860121359,298.1579234141529,298.15000016141084
2.146354491017966,1.5,300.12041281009186,298.1579790545823,298.1500001651614
2.149980089820361,1.5,300.1222382923643,298.15803492571905,298.1500001689868
2.1536056886227564,1.5,300.12406246262225,298.15809102769686,298.15000017288855
2.1572312874251516,1.5,300.1258853245179,298.1581473606479,298.1500001768676
2.160856886227547,1.5,300.12770688168683,298.1582039247022,298.15000018092536
2.164482485029942,1.5,300.12952713774763,298.15826071998794,298.1500001850631
2.168108083832337,1.5,300.13134609630265,298.15831774663127,298.1500001892822
2.1717336826347324,1.5,300.13316376093763,298.15837500475646,298.1500001935838
2.1753592814371276,1.5,300.1349801352221,298.15843249448596,298.1500001979695
2.178984880239523,1.5,300.1367952227093,298.1584902159402,298.1500002024404
2.182610479041918,1.5,300.13860902693625,298.15854816923786,298.15000020699796
2.1862360778443133,1.5,300.1404215514243,298.15860635449553,298.15000021164366
2.1898616766467085,1.5,300.14223279967825,298.15866477182817,298.15000021637866
2.1934872754491037,1.5,300.1440427751877,298.1587234213487,298.15000022120466
2.197112874251499,1.5,300.14585148142623,298.15878230316844,298.15000022612287
2.200738473053894,1.5,300.14765892185176,298.15884141739656,298.1500002311349
2.2043640718562894,1.5,300.14946509990665,298.15890076414064,298.1500002362422
2.2079896706586846,1.5,300.151270019018,298.15896034350635,298.15000024144615
2.21161526946108,1.5,300.15307368259755,298.1590201555976,298.15000024674833
2.215240868263475,1.5,300.1548760940416,298.15908020051637,298.1500002521503
2.21886646706587,1.5,300.1566772567314,298.1591404783631,298.1500002576536
2.2224920658682654,1.5,300.1584771740333,298.15920098923635,298.15000026325976
2.2261176646706606,1.5,300.16027584929844,298.15926173323277,298.15000026897025
2.229743263473056,1.5,300.16207328586324,298.15932271044744,298.1500002747868
2.233368862275451,1.5,300.1638694870492,298.1593839209736,298.150000280711
2.2369944610778463,1.5,300.1656644561634,298.1594453649028,298.15000028674456
2.2406200598802415,1.5,300.167458196498,298.1595070423249,298.15000029288905
2.2442456586826367,1.5,300.1692507113309,298.1595689533279,298.1500002991461
2.247871257485032,1.5,300.17104200392544,298.1596310979983,298.1500003055175
2.251496856287427,1.5,300.1728320775306,298.15969347642084,298.15000031200486
2.2551224550898223,1.5,300.17462093538126,298.1597560886784,298.15000031861
2.2587480538922176,1.5,300.17640858069797,298.1598189348524,298.15000032533464
2.2623736526946128,1.5,300.1781950166873,298.15988201502256,298.15000033218047
2.265999251497008,1.5,300.1799802465418,298.1599453292668,298.15000033914947
2.269624850299403,1.5,300.1817642734402,298.16000887766165,298.1500003462433
2.2732504491017984,1.5,300.1835471005473,298.16007266028174,298.15000035346384
2.2768760479041936,1.5,300.1853287310142,298.16013667720017,298.1500003608129
2.280501646706589,1.5,300.18710916797824,298.16020092848845,298.1500003682924
2.284127245508984,1.5,300.1888884145634,298.1602654142166,298.1500003759042
2.2877528443113793,1.5,300.19066647388007,298.16033013445275,298.1500003836502
2.2913784431137745,1.5,300.19244334902515,298.1603950892637,298.1500003915324
2.2950040419161697,1.5,300.1942190430823,298.16046027871454,298.15000039955265
2.298629640718565,1.5,300.1959935591219,298.1605257028688,298.150000407713
2.30225523952096,1.5,300.1977669002011,298.16059136178865,298.1500004160154
2.3058808383233553,1.5,300.1995390693641,298.16065725553426,298.1500004244619
2.3095064371257505,1.5,300.2013100696419,298.1607233841648,298.1500004330546
2.3131320359281458,1.5,300.20307990405274,298.16078974773745,298.1500004417955
2.316757634730541,1.5,300.2048485756019,298.16085634630815,298.1500004506866
2.320383233532936,1.5,300.2066160872817,298.16092317993133,298.15000045973005
2.3240088323353314,1.5,300.2083824420722,298.16099024865963,298.1500004689281
2.3276344311377266,1.5,300.2101476429404,298.1610575525446,298.1500004782828
2.331260029940122,1.5,300.2119116928409,298.161125091636,298.15000048779626
2.334885628742517,1.5,300.2136745947157,298.16119286598206,298.1500004974708
2.3385112275449123,1.5,300.21543635149465,298.1612608756299,298.1500005073085
2.3421368263473075,1.5,300.217196966095,298.16132912062494,298.1500005173117
2.3457624251497027,1.5,300.21895644142177,298.1613976010111,298.15000052748263
2.349388023952098,1.5,300.22071478036787,298.161466316831,298.1500005378236
2.353013622754493,1.5,300.22247198581397,298.16153526812576,298.1500005483369
2.3566392215568883,1.5,300.2242280606288,298.1616044549351,298.1500005590249
2.3602648203592835,1.5,300.22598300766896,298.16167387729735,298.1500005698898
2.3638904191616787,1.5,300.22773682977925,298.16174353524934,298.15000058093415
2.367516017964074,1.5,300.22948952979254,298.1618134288265,298.15000059216027
2.371141616766469,1.5,300.23124111053005,298.1618835580631,298.15000060357056
2.3747672155688644,1.5,300.23299157480096,298.1619539229918,298.1500006151675
2.3783928143712596,1.5,300.23474092540323,298.1620245236439,298.15000062695367
2.382018413173655,1.5,300.2364891651229,298.1620953600495,298.15000063893143
2.38564401197605,1.5,300.2382362967347,298.16216643223714,298.15000065110337
2.3892696107784452,1.5,300.2399823230018,298.1622377402342,298.150000663472
2.3928952095808405,1.5,300.24172724667613,298.1623092840667,298.15000067603984
2.3965208083832357,1.5,300.243471070498,298.16238106375914,298.1500006888096
2.400146407185631,1.5,300.2452137971967,298.16245307933497,298.1500007017838
2.403772005988026,1.5,300.2469554294903,298.16252533081615,298.15000071496524
2.4073976047904213,1.5,300.24869597008575,298.16259781822333,298.1500007283564
2.4110232035928165,1.5,300.2504354216789,298.16267054157606,298.1500007419601
2.4146488023952117,1.5,300.2521737869546,298.1627435008924,298.15000075577905
2.418274401197607,1.5,300.2539110685867,298.16281669618917,298.15000076981596
2.421900000000002,1.5,300.25564726923835,298.162890127482,298.15000078407354
2.4255255988023974,1.5,300.2573823915617,298.16296379478524,298.1500007985547
2.4291511976047926,1.5,300.2591164381981,298.16303769811196,298.15000081326224
2.432776796407188,1.5,300.2608494117785,298.16311183747405,298.15000082819904
2.436402395209583,1.5,300.2625813149229,298.163186212882,298.1500008433679
2.4400279940119782,1.5,300.264312150241,298.16326082434523,298.1500008587718
2.4436535928143734,1.5,300.2660419203316,298.16333567187195,298.15000087441365
2.4472791916167687,1.5,300.2677706277834,298.1634107554691,298.1500008902964
2.450904790419164,1.5,300.2694982751745,298.1634860751423,298.1500009064229
2.454530389221559,1.5,300.2712248650728,298.16356163089637,298.15000092279644
2.4581559880239543,1.5,300.2729504000358,298.1636374227343,298.15000093941984
2.4617815868263495,1.5,300.2746748826107,298.16371345065863,298.1500009562962
2.4654071856287447,1.5,300.2763983153348,298.16378971467014,298.1500009734288
2.46903278443114,1.5,300.27812070073503,298.1638662147688,298.1500009908205
2.472658383233535,1.5,300.27984204132827,298.16394295095324,298.1500010084746
2.4762839820359304,1.5,300.28156233962153,298.1640199232211,298.15000102639414
2.4799095808383256,1.5,300.2832815981117,298.16409713156867,298.1500010445825
2.483535179640721,1.5,300.28499981928604,298.1641745759913,298.1500010630428
2.487160778443116,1.5,300.28671700562165,298.16425225648317,298.1500010817783
2.490786377245511,1.5,300.2884331595861,298.1643301730373,298.1500011007924
2.4944119760479064,1.5,300.290148283637,298.1644083256455,298.1500011200883
2.4980375748503016,1.5,300.2918623802225,298.1644867142988,298.15000113966937
2.501663173652697,1.5,300.2935754517808,298.1645653389868,298.150001159539
2.505288772455092,1.5,300.29528750074087,298.1646441996981,298.1500011797006
2.5089143712574873,1.5,300.29699852952206,298.16472329642033,298.1500012001576
2.5125399700598825,1.5,300.29870854053405,298.16480262914007,298.15000122091345
2.5161655688622777,1.5,300.30041753617735,298.1648821978426,298.1500012419716
2.519791167664673,1.5,300.30212551884296,298.1649620025124,298.1500012633357
2.523416766467068,1.5,300.3038324909125,298.16504204313276,298.1500012850092
2.5270423652694634,1.5,300.3055384547585,298.1651223196861,298.1500013069956
2.5306679640718586,1.5,300.3072434127441,298.1652028321534,298.1500013292987
2.534293562874254,1.5,300.3089473672234,298.165283580515,298.150001351922
2.537919161676649,1.5,300.3106503205412,298.1653645647502,298.15000137486925
2.541544760479044,1.5,300.3123522750334,298.16544578483706,298.1500013981441
2.5451703592814394,1.5,300.31405323302675,298.16552724075274,298.15000142175035
2.5487959580838346,1.5,300.31575319683907,298.16560893247356,298.1500014456916
2.55242155688623,1.5,300.3174521687793,298.1656908599747,298.1500014699718
2.556047155688625,1.5,300.3191501511474,298.16577302323026,298.1500014945947
2.5596727544910203,1.5,300.3208471462346,298.16585542221344,298.1500015195641
2.5632983532934155,1.5,300.32254315632315,298.16593805689666,298.15000154488405
2.5669239520958107,1.5,300.3242381836868,298.1660209272511,298.15000157055835
2.570549550898206,1.5,300.32593223059035,298.16610403324705,298.1500015965909
2.574175149700601,1.5,300.3276252992901,298.166187374854,298.15000162298577
2.5778007485029963,1.5,300.32931739203383,298.16627095204035,298.15000164974686
2.5814263473053916,1.5,300.3310085110606,298.16635476477364,298.1500016768784
2.5850519461077868,1.5,300.33269865860086,298.1664388130203,298.1500017043843
2.588677544910182,1.5,300.3343878368769,298.16652309674606,298.15000173226866
2.592303143712577,1.5,300.33607604810226,298.1666076159157,298.1500017605357
2.5959287425149724,1.5,300.33776329448233,298.166692370493,298.1500017891895
2.5995543413173676,1.5,300.33944957821404,298.16677736044096,298.15000181823433
2.603179940119763,1.5,300.34113490148604,298.16686258572145,298.15000184767433
2.606805538922158,1.5,300.34281926647867,298.1669480462957,298.1500018775139
2.6104311377245533,1.5,300.3445026753642,298.1670337421239,298.15000190775726
2.6140567365269485,1.5,300.34618513030665,298.1671196731655,298.15000193840876
2.6176823353293437,1.5,300.3478666334619,298.1672058393788,298.1500019694727
2.621307934131739,1.5,300.3495471869777,298.1672922407217,298.1500020009535
2.624933532934134,1.5,300.3512267929938,298.1673788771508,298.15000203285564
2.6285591317365293,1.5,300.35290545364205,298.167465748622,298.1500020651835
2.6321847305389245,1.5,300.35458317104616,298.16755285509043,298.1500020979417
2.6358103293413198,1.5,300.35625994732203,298.1676401965104,298.15000213113467
2.639435928143715,1.5,300.35793578457765,298.16772777283524,298.150002164767
2.64306152694611,1.5,300.3596106849131,298.16781558401743,298.15000219884325
2.6466871257485054,1.5,300.3612846504208,298.1679036300089,298.150002233368
2.6503127245509006,1.5,300.3629576831854,298.1679919107604,298.15000226834604
2.653938323353296,1.5,300.3646297852836,298.1680804262222,298.150002303782
2.657563922155691,1.5,300.36630095878473,298.16816917634367,298.15000233968067
2.6611895209580863,1.5,300.3679712057502,298.16825816107314,298.15000237604664
2.6648151197604815,1.5,300.3696405282341,298.16834738035845,298.1500024128849
2.6684407185628767,1.5,300.3713089282826,298.1684368341466,298.15000245020013
2.672066317365272,1.5,300.37297640793474,298.1685265223837,298.15000248799737
2.675691916167667,1.5,300.3746429692216,298.1686164450152,298.1500025262814
2.6793175149700623,1.5,300.3763086141673,298.1687066019857,298.15000256505715
2.6829431137724575,1.5,300.37797334478824,298.168796993239,298.1500026043297
2.6865687125748527,1.5,300.3796371630935,298.16888761871843,298.15000264410395
2.690194311377248,1.5,300.38130007108487,298.16897847836617,298.15000268438496
2.693819910179643,1.5,300.3829620707568,298.1690695721238,298.1500027251778
2.6974455089820384,1.5,300.3846231640964,298.1691608999324,298.15000276648766
2.7010711077844336,1.5,300.3862833530837,298.169252461732,298.1500028083195
2.704696706586829,1.5,300.38794263969146,298.16934425746206,298.15000285067873
2.708322305389224,1.5,300.38960102588516,298.1694362870612,298.15000289357044
2.7119479041916192,1.5,300.39125851362337,298.1695285504675,298.15000293699995
2.7155735029940145,1.5,300.3929151048574,298.1696210476182,298.1500029809725
2.7191991017964097,1.5,300.39457080153164,298.1697137784498,298.1500030254934
2.722824700598805,1.5,300.3962256055833,298.1698067428983,298.150003070568
2.7264502994012,1.5,300.3978795189428,298.16989994089886,298.15000311620184
2.7300758982035953,1.5,300.3995325435334,298.1699933723858,298.15000316240014
2.7337014970059905,1.5,300.40118468127156,298.1700870372932,298.1500032091686
2.7373270958083857,1.5,300.40283593406696,298.170180935554,298.1500032565125
2.740952694610781,1.5,300.4044863038222,298.1702750671007,298.1500033044376
2.744578293413176,1.5,300.40613579243313,298.170369431865,298.1500033529492
2.7482038922155714,1.5,300.407784401789,298.17046402977826,298.1500034020533
2.7518294910179666,1.5,300.40943213377204,298.17055886077065,298.1500034517552
2.755455089820362,1.5,300.411078990258,298.1706539247722,298.1500035020607
2.759080688622757,1.5,300.4127249731157,298.170749221712,298.15000355297565
2.7627062874251522,1.5,300.41437008420763,298.17084475151864,298.15000360450574
2.7663318862275474,1.5,300.41601432538937,298.17094051411993,298.15000365665674
2.7699574850299427,1.5,300.41765769851,298.1710365094432,298.15000370943443
2.773583083832338,1.5,300.4193002054122,298.17113273741506,298.15000376284485
2.777208682634733,1.5,300.4209418479317,298.17122919796157,298.1500038168938
2.7808342814371283,1.5,300.4225826278984,298.171325891008,298.1500038715873
2.7844598802395235,1.5,300.4242225471351,298.17142281647926,298.15000392693116
2.7880854790419187,1.5,300.4258616074586,298.1715199742995,298.15000398293165
2.791711077844314,1.5,300.427499810679,298.1716173643923,298.15000403959476
2.795336676646709,1.5,300.4291371586002,298.1717149866807,298.1500040969266
2.7989622754491044,1.5,300.4307736530198,298.171812841087,298.1500041549332
2.8025878742514996,1.5,300.4324092957289,298.171910927533,298.15000421362083
2.806213473053895,1.5,300.43404408851256,298.17200924594005,298.1500042729957
2.80983907185629,1.5,300.4356780331494,298.1721077962287,298.15000433306415
2.813464670658685,1.5,300.4373111314119,298.172206578319,298.15000439383226
2.8170902694610804,1.5,300.4389433850664,298.17230559213056,298.1500044553066
2.8207158682634756,1.5,300.440574795873,298.1724048375823,298.1500045174934
2.824341467065871,1.5,300.44220536558555,298.1725043145925,298.1500045803992
2.827967065868266,1.5,300.443835095952,298.17260402307915,298.1500046440302
2.8315926646706613,1.5,300.4454639887143,298.1727039629595,298.15000470839317
2.8352182634730565,1.5,300.4470920456082,298.17280413415017,298.1500047734945
2.8388438622754517,1.5,300.4487192683633,298.17290453656744,298.1500048393408
2.842469461077847,1.5,300.45034565870355,298.17300517012706,298.1500049059386
2.846095059880242,1.5,300.45197121834656,298.173106034744,298.15000497329464
2.8497206586826374,1.5,300.45359594900435,298.17320713033297,298.15000504141557
2.8533462574850326,1.5,300.45521985238287,298.1733084568081,298.15000511030814
2.856971856287428,1.5,300.4568429301822,298.17341001408283,298.150005179979
2.860597455089823,1.5,300.45846518409655,298.17351180207027,298.15000525043513
2.864223053892218,1.5,300.46008661581436,298.173613820683,298.1500053216833
2.8678486526946134,1.5,300.46170722701834,298.17371606983306,298.1500053937303
2.8714742514970086,1.5,300.46332701938525,298.173818549432,298.1500054665832
2.875099850299404,1.5,300.46494599458623,298.17392125939074,298.15000554024886
2.878725449101799,1.5,300.4665641542867,298.17402419961996,298.1500056147343
2.8823510479041943,1.5,300.4681815001464,298.1741273700297,298.15000569004667
2.8859766467065895,1.5,300.4697980338193,298.17423077052956,298.150005766193
2.8896022455089847,1.5,300.4714137569539,298.1743344010286,298.1500058431803
2.89322784431138,1.5,300.4730286711929,298.17443826143545,298.1500059210158
2.896853443113775,1.5,300.4746427781736,298.1745423516584,298.15000599970676
2.9004790419161703,1.5,300.4762560795276,298.1746466716048,298.1500060792604
2.9041046407185656,1.5,300.4778685768812,298.1747512211823,298.150006159684
2.9077302395209608,1.5,300.4794802718549,298.1748560002974,298.15000624098485
2.911355838323356,1.5,300.48109116606383,298.1749610088564,298.1500063231704
2.914981437125751,1.5,300.4827012611177,298.1750662467654,298.150006406248
2.9186070359281464,1.5,300.4843105586208,298.1751717139296,298.1500064902251
2.9222326347305416,1.5,300.4859190601718,298.175277410254,298.1500065751093
2.925858233532937,1.5,300.48752676736433,298.1753833356433,298.15000666090793
2.929483832335332,1.5,300.4891336817864,298.1754894900013,298.1500067476287
2.9331094311377273,1.5,300.49073980502095,298.1755958732319,298.15000683527927
2.9367350299401225,1.5,300.4923451386452,298.1757024852383,298.1500069238672
2.9403606287425177,1.5,300.4939496842314,298.17580932592324,298.15000701340017
2.943986227544913,1.5,300.49555344334647,298.17591639518923,298.15000710388597
2.947611826347308,1.5,300.4971564175521,298.17602369293814,298.15000719533236
2.9512374251497033,1.5,300.49875860840456,298.1761312190717,298.1500072877472
2.9548630239520985,1.5,300.5003600174554,298.17623897349085,298.15000738113827
2.9584886227544938,1.5,300.5019606462505,298.17634695609655,298.1500074755136
2.962114221556889,1.5,300.5035604963309,298.17645516678897,298.150007570881
2.965739820359284,1.5,300.5051595692324,298.1765636054682,298.1500076672486
2.9693654191616794,1.5,300.50675786648566,298.1766722720338,298.1500077646243
2.9729910179640746,1.5,300.5083553896164,298.17678116638484,298.15000786301624
2.97661661676647,1.5,300.5099521401451,298.17689028842017,298.15000796243254
2.980242215568865,1.5,300.5115481195875,298.17699963803824,298.15000806288134
2.9838678143712603,1.5,300.5131433294539,298.17710921513697,298.1500081643708
2.9874934131736555,1.5,300.5147377712501,298.17721901961414,298.15000826690925
2.9911190119760507,1.5,300.51633144647656,298.1773290513669,298.15000837050496
2.994744610778446,1.5,300.517924356629,298.17743931029213,298.15000847516615
2.998370209580841,1.5,300.51951650319813,298.1775497962865,298.1500085809012
3.0019958083832363,1.5,300.52110788766976,298.1776605092461,298.1500086877186
3.0056214071856315,1.5,300.52269851152477,298.1777714490668,298.15000879562683
3.0092470059880267,1.5,300.5242883762395,298.1778826156441,298.1500089046343
3.012872604790422,1.5,300.5258774832849,298.17799400887293,298.1500090147496
3.016498203592817,1.5,300.52746583412767,298.1781056286482,298.15000912598134
3.0201238023952124,1.5,300.5290534302293,298.1782174748643,298.150009238338
3.0237494011976076,1.5,300.5306402730468,298.1783295474153,298.1500093518284
3.027375000000003,1.5,300.53222636403217,298.1784418461949,298.15000946646114
3.031000598802398,1.5,300.53381170463297,298.17855437109654,298.1500095822451
3.0346261976047932,1.5,300.53539629629176,298.1786671220133,298.15000969918896
3.0382517964071885,1.5,300.5369801404466,298.17878009883776,298.1500098173016
3.0418773952095837,1.5,300.5385632385308,298.17889330146255,298.15000993659186
3.045502994011979,1.5,300.54014559197304,298.17900672977964,298.15001005706876
3.049128592814374,1.5,300.5417272021974,298.1791203836808,298.1500101787412
3.0527541916167693,1.5,300.5433080706234,298.17923426305754,298.1500103016182
3.0563797904191645,1.5,300.54488819866583,298.17934836780086,298.15001042570884
3.0600053892215597,1.5,300.5464675877349,298.17946269780174,298.1500105510222
3.063630988023955,1.5,300.54804623923656,298.1795772529506,298.15001067756737
3.06725658682635,1.5,300.54962415457186,298.1796920331377,298.15001080535365
3.0708821856287454,1.5,300.55120133513753,298.17980703825293,298.15001093439014
3.0745077844311406,1.5,300.5527777823259,298.179922268186,298.15001106468617
3.078133383233536,1.5,300.5543534975246,298.18003772282606,298.15001119625106
3.081758982035931,1.5,300.555928482117,298.1801534020622,298.1500113290942
3.0853845808383262,1.5,300.55750273748185,298.18026930578316,298.15001146322487
3.0890101796407214,1.5,300.5590762649937,298.1803854338774,298.15001159865267
3.0926357784431167,1.5,300.56064906602256,298.1805017862331,298.15001173538695
3.096261377245512,1.5,300.5622211419341,298.18061836273813,298.15001187343734
3.099886976047907,1.5,300.56379249408974,298.18073516328,298.15001201281336
3.1035125748503023,1.5,300.5653631238463,298.1808521877462,298.15001215352476
3.1071381736526975,1.5,300.56693303255656,298.1809694360237,298.150012295581
3.1107637724550927,1.5,300.56850222156885,298.1810869079993,298.15001243899195
3.114389371257488,1.5,300.5700706922272,298.1812046035596,298.15001258376725
3.118014970059883,1.5,300.5716384458715,298.1813225225907,298.15001272991685
3.1216405688622784,1.5,300.5732054838372,298.18144066497865,298.15001287745037
3.1252661676646736,1.5,300.5747718074557,298.1815590306092,298.15001302637796
3.128891766467069,1.5,300.5763374180542,298.1816776193678,298.1500131767093
3.132517365269464,1.5,300.5779023169555,298.18179643113973,298.1500133284545
3.136142964071859,1.5,300.57946650547836,298.18191546580994,298.1500134816236
3.1397685628742544,1.5,300.58102998493746,298.1820347232632,298.1500136362266
3.1433941616766496,1.5,300.5825927566431,298.1821542033839,298.15001379227357
3.147019760479045,1.5,300.5841548219018,298.1822739060563,298.15001394977475
3.15064535928144,1.5,300.58571618201563,298.1823938311645,298.15001410874027
3.1542709580838353,1.5,300.5872768382827,298.18251397859217,298.15001426918036
3.1578965568862305,1.5,300.58883679199727,298.1826343482228,298.1500144311054
3.1615221556886257,1.5,300.5903960444491,298.1827549399398,298.15001459452554
3.165147754491021,1.5,300.5919545969242,298.18287575362615,298.1500147594514
3.168773353293416,1.5,300.59351245070457,298.18299678916475,298.1500149258932
3.1723989520958114,1.5,300.5950696070682,298.1831180464381,298.15001509386144
3.1760245508982066,1.5,300.59662606728887,298.1832395253287,298.1500152633667
3.179650149700602,1.5,300.5981818326367,298.1833612257187,298.15001543441946
3.183275748502997,1.5,300.5997369043776,298.18348314749,298.15001560703035
3.186901347305392,1.5,300.6012912837737,298.1836052905243,298.15001578120996
3.1905269461077874,1.5,300.6028449720832,298.18372765470326,298.150015956969
3.1941525449101826,1.5,300.6043979705603,298.18385023990805,298.15001613431826
3.197778143712578,1.5,300.6059502804553,298.1839730460199,298.15001631326845
3.201403742514973,1.5,300.60750190301474,298.1840960729196,298.1500164938303
3.2050293413173683,1.5,300.60905283948125,298.18421932048784,298.1500166760149
3.2086549401197635,1.5,300.61060309109354,298.18434278860525,298.150016859833
3.2122805389221587,1.5,300.6121526590867,298.18446647715194,298.15001704529567
3.215906137724554,1.5,300.6137015446917,298.18459038600815,298.15001723241375
3.219531736526949,1.5,300.61524974913607,298.1847145150537,298.1500174211983
3.2231573353293443,1.5,300.6167972736432,298.18483886416834,298.1500176116606
3.2267829341317396,1.5,300.61834411943306,298.18496343323153,298.1500178038115
3.2304085329341348,1.5,300.61989028772155,298.1850882221228,298.1500179976625
3.23403413173653,1.5,300.62143577972097,298.18521323072105,298.1500181932245
3.237659730538925,1.5,300.62298059664005,298.18533845890533,298.15001839050905
3.2412853293413204,1.5,300.6245247396836,298.18546390655445,298.15001858952724
3.2449109281437156,1.5,300.6260682100528,298.185589573547,298.1500187902905
3.248536526946111,1.5,300.6276110089451,298.18571545976147,298.1500189928103
3.252162125748506,1.5,300.62915313755457,298.185841565076,298.15001919709806
3.2557877245509013,1.5,300.63069459707134,298.1859678893688,298.1500194031652
3.2594133233532965,1.5,300.63223538868203,298.1860944325176,298.1500196110233
3.2630389221556917,1.5,300.6337755135695,298.1862211944003,298.150019820684
3.266664520958087,1.5,300.6353149729133,298.1863481748944,298.1500200321588
3.270290119760482,1.5,300.636853767889,298.1864753738774,298.15002024545953
3.2739157185628773,1.5,300.6383918996691,298.1866027912264,298.15002046059783
3.2775413173652725,1.5,300.639929369422,298.18673042681866,298.1500206775854
3.2811669161676678,1.5,300.64146617831295,298.18685828053106,298.15002089643417
3.284792514970063,1.5,300.6430023275035,298.18698635224024,298.150021117156
3.288418113772458,1.5,300.6445378181517,298.187114641823,298.1500213397626
3.2920437125748534,1.5,300.6460726514122,298.1872431491557,298.1500215642661
3.2956693113772486,1.5,300.6476068284361,298.1873718741147,298.15002179067847
3.299294910179644,1.5,300.6491403503709,298.1875008165761,298.1500220190116
3.302920508982039,1.5,300.65067321836074,298.187629976416,298.15002224927775
3.3065461077844343,1.5,300.6522054335464,298.1877593535103,298.1500224814889
3.3101717065868295,1.5,300.65373699706515,298.18788894773473,298.15002271565737
3.3137973053892247,1.5,300.6552679100509,298.18801875896486,298.1500229517952
3.31742290419162,1.5,300.65679817363394,298.1881487870761,298.1500231899148
3.321048502994015,1.5,300.6583277889415,298.1882790319438,298.15002343002845
3.3246741017964103,1.5,300.6598567570972,298.1884094934432,298.1500236721484
3.3282997005988055,1.5,300.6613850792213,298.1885401714493,298.1500239162871
3.3319252994012007,1.5,300.66291275643084,298.188671065837,298.1500241624571
3.335550898203596,1.5,300.6644397898394,298.1888021764811,298.1500244106707
3.339176497005991,1.5,300.6659661805573,298.1889335032563,298.15002466094063
3.3428020958083864,1.5,300.6674919296915,298.1890650460371,298.15002491327925
3.3464276946107816,1.5,300.66901703834577,298.18919680469793,298.15002516769937
3.350053293413177,1.5,300.67054150762044,298.1893287791131,298.15002542421354
3.353678892215572,1.5,300.67206533861264,298.1894609691567,298.1500256828345
3.3573044910179672,1.5,300.6735885324163,298.18959337470295,298.1500259435751
3.3609300898203625,1.5,300.675111090122,298.1897259956256,298.150026206448
3.3645556886227577,1.5,300.67663301281715,298.1898588317985,298.1500264714661
3.368181287425153,1.5,300.67815430158595,298.1899918830954,298.1500267386424
3.371806886227548,1.5,300.6796749575093,298.19012514938987,298.1500270079896
3.3754324850299433,1.5,300.68119498166493,298.1902586305554,298.15002727952094
3.3790580838323385,1.5,300.6827143751275,298.19039232646537,298.15002755324934
3.3826836826347337,1.5,300.6842331389684,298.190526236993,298.1500278291878
3.386309281437129,1.5,300.6857512742559,298.1906603620114,298.1500281073496
3.389934880239524,1.5,300.68726878205496,298.19079470139377,298.15002838774785
3.3935604790419194,1.5,300.6887856634276,298.1909292550129,298.1500286703956
3.3971860778443146,1.5,300.6903019194327,298.1910640227417,298.1500289553063
3.40081167664671,1.5,300.691817551126,298.19119900445304,298.1500292424932
3.404437275449105,1.5,300.6933325595601,298.19133420001936,298.15002953196966
3.4080628742515002,1.5,300.6948469457845,298.19146960931334,298.15002982374904
3.4116884730538954,1.5,300.6963607108457,298.19160523220734,298.1500301178448
3.4153140718562907,1.5,300.697873855787,298.1917410685739,298.15003041427025
3.418939670658686,1.5,300.6993863816489,298.1918771182851,298.1500307130392
3.422565269461081,1.5,300.70089828946857,298.1920133812132,298.15003101416505
3.4261908682634763,1.5,300.70240958028035,298.19214985723033,298.15003131766144
3.4298164670658715,1.5,300.7039202551155,298.19228654620844,298.15003162354213
3.4334420658682667,1.5,300.7054303150023,298.19242344801955,298.1500319318207
3.437067664670662,1.5,300.7069397609659,298.19256056253533,298.1500322425109
3.440693263473057,1.5,300.70844859402865,298.19269788962765,298.1500325556267
3.4443188622754524,1.5,300.7099568152098,298.1928354291682,298.1500328711817
3.4479444610778476,1.5,300.71146442552583,298.19297318102855,298.1500331891899
3.451570059880243,1.5,300.71297142599,298.1931111450801,298.1500335096653
3.455195658682638,1.5,300.7144778176128,298.1932493211944,298.1500338326218
3.458821257485033,1.5,300.7159836014018,298.1933877092428,298.1500341580734
3.4624468562874284,1.5,300.71748877836154,298.1935263090965,298.15003448603426
3.4660724550898236,1.5,300.71899334949376,298.1936651206268,298.1500348165184
3.469698053892219,1.5,300.72049731579733,298.1938041437048,298.1500351495401
3.473323652694614,1.5,300.7220006782681,298.19394337820165,298.1500354851134
3.4769492514970093,1.5,300.7235034378991,298.19408282398825,298.15003582325267
3.4805748502994045,1.5,300.7250055956807,298.19422248093554,298.1500361639722
3.4842004491017997,1.5,300.7265071526001,298.19436234891447,298.15003650728613
3.487826047904195,1.5,300.7280081096419,298.1945024277958,298.1500368532091
3.49145164670659,1.5,300.7295084677878,298.19464271745017,298.15003720175537
3.4950772455089854,1.5,300.73100822801655,298.19478321774835,298.15003755293947
3.4987028443113806,1.5,300.7325073913042,298.1949239285609,298.150037906776
3.502328443113776,1.5,300.7340059586241,298.19506484975847,298.1500382632794
3.505954041916171,1.5,300.7355039309468,298.1952059812114,298.1500386224643
3.509579640718566,1.5,300.7370013092398,298.19534732279027,298.15003898434543
3.5132052395209614,1.5,300.7384980944682,298.1954888743654,298.1500393489374
3.5168308383233566,1.5,300.7399942875941,298.19563063580705,298.1500397162549
3.520456437125752,1.5,300.7414898895769,298.1957726069856,298.15004008631286
3.524082035928147,1.5,300.7429849013734,298.1959147877712,298.1500404591261
3.5277076347305423,1.5,300.74447932393747,298.1960571780341,298.15004083470933
3.5313332335329375,1.5,300.74597315822047,298.1961997776442,298.1500412130776
3.5349588323353327,1.5,300.7474664051708,298.1963425864718,298.15004159424586
3.538584431137728,1.5,300.7489590657345,298.1964856043868,298.1500419782291
3.542210029940123,1.5,300.75045114085464,298.19662883125926,298.15004236504234
3.5458356287425183,1.5,300.7519426314717,298.196772266959,298.1500427547008
3.5494612275449136,1.5,300.7534335385236,298.196915911356,298.15004314721944
3.5530868263473088,1.5,300.7549238629455,298.19705976431993,298.1500435426136
3.556712425149704,1.5,300.7564136056699,298.19720382572075,298.15004394089846
3.560338023952099,1.5,300.7579027676266,298.1973480954282,298.15004434208925
3.5639636227544944,1.5,300.75939134974305,298.19749257331193,298.1500447462014
3.5675892215568896,1.5,300.76087935294385,298.1976372592417,298.15004515325
3.571214820359285,1.5,300.7623667781511,298.197782153087,298.1500455632509
3.57484041916168,1.5,300.7638536262841,298.19792725471757,298.15004597621913
3.5784660179640753,1.5,300.7653398982598,298.1980725640029,298.1500463921704
3.5820916167664705,1.5,300.7668255949926,298.1982180808126,298.15004681112026
3.5857172155688657,1.5,300.7683107173941,298.198363805016,298.15004723308414
3.589342814371261,1.5,300.7697952663735,298.1985097364828,298.1500476580778
3.592968413173656,1.5,300.77127924283747,298.1986558750822,298.15004808611695
3.5965940119760513,1.5,300.77276264768994,298.1988022206838,298.1500485172172
3.6002196107784465,1.5,300.77424548183257,298.19894877315676,298.1500489513944
3.6038452095808418,1.5,300.77572774616436,298.1990955323707,298.1500493886643
3.607470808383237,1.5,300.77720944158176,298.1992424981946,298.15004982904276
3.611096407185632,1.5,300.7786905689789,298.1993896704981,298.15005027254557
3.6147220059880274,1.5,300.7801711292471,298.1995370491502,298.15005071918887
3.6183476047904226,1.5,300.78165112327565,298.1996846340203,298.15005116898845
3.621973203592818,1.5,300.7831305519508,298.19983242497756,298.1500516219605
3.625598802395213,1.5,300.78460941615697,298.19998042189104,298.15005207812095
3.6292244011976083,1.5,300.78608771677546,298.2001286246301,298.150052537486
3.6328500000000035,1.5,300.78756545468565,298.20027703306386,298.1500530000718
3.6364755988023987,1.5,300.78904263076413,298.2004256470614,298.1500534658944
3.640101197604794,1.5,300.7905192458854,298.20057446649196,298.15005393497034
3.643726796407189,1.5,300.79199530092114,298.2007234912244,298.1500544073157
3.6473523952095843,1.5,300.7934707967409,298.20087272112795,298.15005488294673
3.6509779940119795,1.5,300.79494573421175,298.2010221560717,298.15005536187994
3.6546035928143747,1.5,300.7964201141984,298.2011717959246,298.15005584413177
3.65822919161677,1.5,300.79789393756295,298.2013216405558,298.15005632971855
3.661854790419165,1.5,300.7993672051655,298.2014716898342,298.15005681865694
3.6654803892215604,1.5,300.8008399178634,298.2016219436289,298.15005731096335
3.6691059880239556,1.5,300.802312076512,298.2017724018088,298.15005780665444
3.672731586826351,1.5,300.803783681964,298.201923064243,298.1500583057469
3.676357185628746,1.5,300.8052547350698,298.20207393080034,298.1500588082573
3.6799827844311412,1.5,300.8067252366776,298.2022250013499,298.1500593142024
3.6836083832335365,1.5,300.8081951876332,298.20237627576057,298.15005982359895
3.6872339820359317,1.5,300.80966458878004,298.20252775390145,298.1500603364638
3.690859580838327,1.5,300.8111334409593,298.20267943564124,298.15006085281374
3.694485179640722,1.5,300.81260174500983,298.20283132084904,298.15006137266573
3.6981107784431173,1.5,300.8140695017682,298.20298340939377,298.15006189603656
3.7017363772455125,1.5,300.81553671206865,298.20313570114433,298.1500624229434
3.7053619760479077,1.5,300.8170033767432,298.20328819596966,298.15006295340316
3.708987574850303,1.5,300.81846949662156,298.20344089373873,298.15006348743293
3.712613173652698,1.5,300.8199350725312,298.2035937943204,298.1500640250498
3.7162387724550934,1.5,300.8214001052973,298.2037468975836,298.15006456627094
3.7198643712574886,1.5,300.8228645957429,298.2039002033972,298.1500651111135
3.723489970059884,1.5,300.82432854468857,298.2040537116302,298.1500656595948
3.727115568862279,1.5,300.8257919529529,298.2042074221515,298.15006621173205
3.7307411676646742,1.5,300.82725482135214,298.2043613348301,298.15006676754257
3.7343667664670694,1.5,300.8287171507003,298.20451544953477,298.15006732704376
3.7379923652694647,1.5,300.83017894180915,298.20466976613454,298.15006789025296
3.74161796407186,1.5,300.83164019548843,298.2048242844984,298.1500684571877
3.745243562874255,1.5,300.83310091254555,298.20497900449516,298.1500690278654
3.7488691616766503,1.5,300.8345610937858,298.2051339259939,298.15006960230363
3.7524947604790455,1.5,300.8360207400122,298.20528904886345,298.15007018051995
3.7561203592814407,1.5,300.83747985202564,298.20544437297286,298.1500707625319
3.759745958083836,1.5,300.8389384306249,298.20559989819105,298.1500713483574
3.763371556886231,1.5,300.8403964766066,298.205755624387,298.15007193801387
3.7669971556886264,1.5,300.8418539907652,298.2059115514298,298.15007253151913
3.7706227544910216,1.5,300.8433109738928,298.2060676791883,298.15007312889105
3.774248353293417,1.5,300.84476742677987,298.2062240075316,298.1500737301473
3.777873952095812,1.5,300.8462233502143,298.20638053632865,298.1500743353058
3.781499550898207,1.5,300.84767874498203,298.2065372654486,298.1500749443846
3.7851251497006024,1.5,300.8491336118669,298.2066941947604,298.1500755574015
3.7887507485029976,1.5,300.85058795165054,298.2068513241332,298.1500761743746
3.792376347305393,1.5,300.85204176511274,298.20700865343593,298.1500767953218
3.796001946107788,1.5,300.8534950530309,298.2071661825377,298.15007742026125
3.7996275449101833,1.5,300.85494781618047,298.20732391130775,298.15007804921106
3.8032531437125785,1.5,300.8564000553349,298.2074818396151,298.1500786821895
3.8068787425149737,1.5,300.85785177126553,298.2076399673289,298.15007931921457
3.810504341317369,1.5,300.8593029647415,298.2077982943183,298.1500799603047
3.814129940119764,1.5,300.86075363653015,298.2079568204524,298.150080605478
3.8177555389221594,1.5,300.8622037873965,298.20811554560055,298.150081254753
3.8213811377245546,1.5,300.8636534181038,298.2082744696319,298.15008190814785
3.82500673652695,1.5,300.86510252941304,298.2084335924156,298.15008256568103
3.828632335329345,1.5,300.86655112208325,298.2085929138209,298.1500832273711
3.83225793413174,1.5,300.8679991968716,298.20875243371717,298.1500838932364
3.8358835329341354,1.5,300.86944675453304,298.20891215197366,298.1500845632956
3.8395091317365306,1.5,300.8708937958207,298.20907206845965,298.1500852375671
3.843134730538926,1.5,300.8723403214854,298.2092321830445,298.15008591606966
3.846760329341321,1.5,300.87378633227644,298.2093924955975,298.15008659882193
3.8503859281437163,1.5,300.87523182894074,298.2095530059882,298.1500872858425
3.8540115269461115,1.5,300.8766768122235,298.20971371408586,298.15008797715024
3.8576371257485067,1.5,300.8781212828677,298.20987461975994,298.15008867276373
3.861262724550902,1.5,300.87956524161456,298.2100357228799,298.150089372702
3.864888323353297,1.5,300.8810086892033,298.21019702331523,298.1500900769837
3.8685139221556923,1.5,300.8824516263712,298.2103585209355,298.1500907856279
3.8721395209580876,1.5,300.8838940538535,298.21052021561013,298.1500914986535
3.8757651197604828,1.5,300.88533597238364,298.21068210720875,298.15009221607943
3.879390718562878,1.5,300.886777382693,298.21084419560094,298.1500929379247
3.883016317365273,1.5,300.8882182855112,298.2110064806563,298.15009366420844
3.8866419161676684,1.5,300.8896586815657,298.2111689622446,298.15009439494975
3.8902675149700636,1.5,300.8910985715824,298.21133164023536,298.1500951301677
3.893893113772459,1.5,300.89253795628497,298.2114945144984,298.15009586988145
3.897518712574854,1.5,300.8939768363953,298.21165758490343,298.1500966141103
3.9011443113772493,1.5,300.8954152126335,298.21182085132017,298.15009736287345
3.9047699101796445,1.5,300.8968530857175,298.2119843136185,298.1500981161902
3.9083955089820397,1.5,300.8982904563637,298.2121479716681,298.1500988740799
3.912021107784435,1.5,300.8997273252865,298.21231182533904,298.150099636562
3.91564670658683,1.5,300.9011636931983,298.21247587450114,298.1501004036558
3.9192723053892253,1.5,300.90259956080996,298.2126401190243,298.1501011753808
3.9228979041916205,1.5,300.90403492883,298.21280455877854,298.15010195175654
3.9265235029940158,1.5,300.90546979796557,298.2129691936338,298.15010273280257
3.930149101796411,1.5,300.90690416892176,298.2131340234602,298.15010351853834
3.933774700598806,1.5,300.90833804240174,298.2132990481278,298.1501043089836
3.9374002994012014,1.5,300.9097714191071,298.21346426750665,298.15010510415794
3.9410258982035966,1.5,300.91120429973745,298.21362968146695,298.15010590408104
3.944651497005992,1.5,300.91263668499056,298.2137952898789,298.1501067087727
3.948277095808387,1.5,300.9140685755625,298.21396109261264,298.15010751825264
3.9519026946107823,1.5,300.9154999721475,298.21412708953847,298.15010833254064
3.9555282934131775,1.5,300.91693087543786,298.21429328052665,298.1501091516566
3.9591538922155727,1.5,300.91836128612425,298.21445966544763,298.15010997562035
3.962779491017968,1.5,300.91979120489555,298.21462624417165,298.1501108044519
3.966405089820363,1.5,300.92122063243875,298.21479301656916,298.15011163817115
3.9700306886227583,1.5,300.9226495694392,298.21495998251066,298.1501124767982
3.9736562874251535,1.5,300.9240780165804,298.2151271418666,298.150113320353
3.9772818862275487,1.5,300.925505974544,298.21529449450753,298.1501141688556
3.980907485029944,1.5,300.9269334440102,298.2154620403041,298.15011502232625
3.984533083832339,1.5,300.92836042565716,298.21562977912674,298.150115880785
3.9881586826347344,1.5,300.9297869201614,298.21579771084623,298.15011674425205
3.9917842814371296,1.5,300.9312129281975,298.21596583533324,298.1501176127478
3.995409880239525,1.5,300.9326384504389,298.2161341524585,298.1501184862923
3.99903547904192,1.5,300.93406348755656,298.21630266209286,298.15011936490595
4.002661077844315,1.5,300.93548804022015,298.21647136410706,298.1501202486091
4.00628667664671,1.5,300.93691210909765,298.2166402583721,298.15012113742216
4.009912275449104,1.5,300.93833569485514,298.21680934475876,298.1501220313655
4.013537874251499,1.5,300.93975879815713,298.21697862313806,298.1501229304597
4.017163473053894,1.5,300.9411814196664,298.21714809338096,298.1501238347251
4.020789071856289,1.5,300.94260356004395,298.2173177553586,298.1501247441824
4.024414670658683,1.5,300.9440252199492,298.217487608942,298.150125658852
4.028040269461078,1.5,300.9454464000398,298.2176576540023,298.15012657875474
4.031665868263473,1.5,300.946867100972,298.2178278904108,298.15012750391105
4.035291467065868,1.5,300.94828732339994,298.2179983180385,298.15012843434175
4.0389170658682625,1.5,300.9497070679764,298.2181689367569,298.1501293700675
4.042542664670657,1.5,300.9511263353524,298.2183397464373,298.1501303111091
4.046168263473052,1.5,300.9525451261773,298.21851074695104,298.1501312574874
4.049793862275447,1.5,300.9539634410989,298.2186819381695,298.15013220922305
4.053419461077842,1.5,300.9553812807632,298.2188533199641,298.1501331663372
4.057045059880236,1.5,300.9567986458148,298.2190248922066,298.1501341288505
4.060670658682631,1.5,300.9582155368963,298.2191966547684,298.15013509678414
4.064296257485026,1.5,300.9596319546491,298.21936860752106,298.1501360701589
4.067921856287421,1.5,300.96104789971275,298.21954075033636,298.1501370489959
4.071547455089815,1.5,300.96246337272515,298.219713083086,298.15013803331624
4.07517305389221,1.5,300.96387837432263,298.2198856056417,298.1501390231409
4.078798652694605,1.5,300.9652929051401,298.2200583178754,298.15014001849113
4.082424251497,1.5,300.96670696581043,298.22023121965884,298.150141019388
4.0860498502993945,1.5,300.96812055696535,298.22040431086396,298.1501420258528
4.089675449101789,1.5,300.9695336792348,298.2205775913628,298.1501430379067
4.093301047904184,1.5,300.97094633324707,298.2207510610273,298.150144055571
4.096926646706579,1.5,300.9723585196291,298.2209247197296,298.150145078867
4.100552245508974,1.5,300.973770239006,298.22109856734187,298.15014610781617
4.104177844311368,1.5,300.9751814920014,298.2212726037361,298.1501471424397
4.107803443113763,1.5,300.97659227923754,298.2214468287848,298.1501481827592
4.111429041916158,1.5,300.97800260133477,298.22162124235996,298.15014922879607
4.115054640718553,1.5,300.9794124589121,298.22179584433417,298.1501502805717
4.118680239520947,1.5,300.98082185258704,298.22197063457975,298.1501513381078
4.122305838323342,1.5,300.98223078297536,298.2221456129691,298.15015240142566
4.125931437125737,1.5,300.9836392506915,298.2223207793747,298.1501534705472
4.129557035928132,1.5,300.98504725634825,298.22249613366915,298.1501545454939
4.1331826347305265,1.5,300.9864548005568,298.22267167572505,298.1501556262874
4.136808233532921,1.5,300.987861883927,298.22284740541505,298.1501567129494
4.140433832335316,1.5,300.98926850706704,298.22302332261194,298.1501578055018
4.144059431137711,1.5,300.9906746705837,298.2231994271885,298.1501589039662
4.147685029940106,1.5,300.99208037508214,298.2233757190175,298.15016000836454
4.1513106287425,1.5,300.99348562116603,298.2235521979718,298.1501611187186
4.154936227544895,1.5,300.99489040943763,298.2237288639244,298.1501622350503
4.15856182634729,1.5,300.9962947404977,298.22390571674833,298.1501633573815
4.162187425149685,1.5,300.9976986149453,298.2240827563166,298.1501644857342
4.165813023952079,1.5,300.99910203337834,298.22425998250236,298.1501656201303
4.169438622754474,1.5,301.000504996393,298.2244373951787,298.150166760592
4.173064221556869,1.5,301.00190750458404,298.22461499421894,298.1501679071412
4.176689820359264,1.5,301.0033095585448,298.2247927794963,298.1501690598001
4.1803154191616585,1.5,301.00471115886705,298.22497075088415,298.15017021859074
4.183941017964053,1.5,301.0061123061413,298.22514890825596,298.1501713835354
4.187566616766448,1.5,301.00751300095635,298.2253272514851,298.1501725546561
4.191192215568843,1.5,301.0089132438998,298.22550578044513,298.1501737319751
4.194817814371238,1.5,301.0103130355576,298.22568449500966,298.15017491551475
4.198443413173632,1.5,301.01171237651437,298.2258633950523,298.1501761052974
4.202069011976027,1.5,301.01311126735317,298.2260424804466,298.15017730134525
4.205694610778422,1.5,301.0145097086558,298.22622175106653,298.1501785036807
4.209320209580817,1.5,301.01590770100245,298.22640120678585,298.1501797123262
4.212945808383211,1.5,301.017305244972,298.22658084747843,298.1501809273041
4.216571407185606,1.5,301.0187023411419,298.22676067301813,298.150182148637
4.220197005988001,1.5,301.0200989900882,298.226940683279,298.1501833763472
4.223822604790396,1.5,301.0214951923854,298.22712087813517,298.1501846104574
4.2274482035927905,1.5,301.0228909486069,298.22730125746057,298.1501858509901
4.231073802395185,1.5,301.02428625932436,298.2274818211296,298.1501870979679
4.23469940119758,1.5,301.0256811251081,298.2276625690164,298.1501883514134
4.238324999999975,1.5,301.0270755465273,298.22784350099516,298.1501896113494
4.24195059880237,1.5,301.0284695241495,298.2280246169404,298.1501908777984
4.245576197604764,1.5,301.02986305854085,298.2282059167265,298.15019215078337
4.249201796407159,1.5,301.03125615026636,298.2283874002279,298.1501934303269
4.252827395209554,1.5,301.0326487998894,298.2285690673192,298.15019471645184
4.256452994011949,1.5,301.034041007972,298.22875091787495,298.15019600918095
4.260078592814343,1.5,301.03543277507515,298.2289329517698,298.1501973085372
4.263704191616738,1.5,301.036824101758,298.2291151688787,298.1501986145435
4.267329790419133,1.5,301.0382149885787,298.2292975690762,298.1501999272227
4.270955389221528,1.5,301.03960543609384,298.2294801522372,298.15020124659776
4.2745809880239225,1.5,301.0409954448587,298.2296629182367,298.1502025726917
4.278206586826317,1.5,301.0423850154274,298.2298458669496,298.1502039055276
4.281832185628712,1.5,301.0437741483524,298.230028998251,298.1502052451284
4.285457784431107,1.5,301.04516284418503,298.230212312016,298.15020659151725
4.289083383233502,1.5,301.0465511034752,298.2303958081198,298.15020794471735
4.292708982035896,1.5,301.04793892677174,298.2305794864376,298.1502093047517
4.296334580838291,1.5,301.04932631462174,298.23076334684475,298.15021067164355
4.299960179640686,1.5,301.05071326757115,298.2309473892165,298.1502120454163
4.303585778443081,1.5,301.05209978616483,298.23113161342843,298.1502134260929
4.307211377245475,1.5,301.053485870946,298.2313160193559,298.15021481369683
4.31083697604787,1.5,301.05487152245666,298.2315006068746,298.1502162082513
4.314462574850265,1.5,301.0562567412377,298.2316853758601,298.1502176097797
4.31808817365266,1.5,301.05764152782837,298.23187032618796,298.15021901830545
4.3217137724550545,1.5,301.05902588276706,298.23205545773413,298.1502204338519
4.325339371257449,1.5,301.0604098065903,298.2322407703743,298.15022185644244
4.328964970059844,1.5,301.06179329983394,298.2324262639844,298.15022328610064
4.332590568862239,1.5,301.06317636303214,298.2326119384404,298.15022472285
4.336216167664634,1.5,301.06455899671784,298.23279779361826,298.15022616671394
4.339841766467028,1.5,301.06594120142285,298.2329838293941,298.15022761771615
4.343467365269423,1.5,301.0673229776776,298.23317004564404,298.1502290758801
4.347092964071818,1.5,301.0687043260112,298.2333564422443,298.1502305412295
4.350718562874213,1.5,301.07008524695163,298.23354301907113,298.150232013788
4.354344161676607,1.5,301.0714657410256,298.2337297760009,298.1502334935793
4.357969760479002,1.5,301.07284580875836,298.2339167129101,298.15023498062703
4.361595359281397,1.5,301.07422545067425,298.2341038296751,298.150236474955
4.365220958083792,1.5,301.075604667296,298.2342911261725,298.15023797658705
4.3688465568861865,1.5,301.0769834591453,298.23447860227884,298.15023948554693
4.372472155688581,1.5,301.0783618267426,298.2346662578708,298.1502410018584
4.376097754490976,1.5,301.0797397706071,298.2348540928252,298.1502425255454
4.379723353293371,1.5,301.08111729125665,298.23504210701867,298.1502440566319
4.383348952095766,1.5,301.082494389208,298.23523030032834,298.1502455951416
4.38697455089816,1.5,301.08387106497673,298.23541867263094,298.1502471410987
4.390600149700555,1.5,301.0852473190771,298.23560722380364,298.15024869452714
4.39422574850295,1.5,301.08662315202196,298.23579595372337,298.15025025545077
4.397851347305345,1.5,301.0879985643233,298.23598486226746,298.1502518238938
4.401476946107739,1.5,301.0893735564918,298.23617394931296,298.1502533998803
4.405102544910134,1.5,301.09074812903674,298.2363632147372,298.1502549834343
4.408728143712529,1.5,301.0921222824664,298.2365526584175,298.15025657458
4.412353742514924,1.5,301.09349601728775,298.2367422802313,298.15025817334146
4.4159793413173185,1.5,301.09486933400666,298.2369320800561,298.150259779743
4.419604940119713,1.5,301.0962422331278,298.2371220577694,298.1502613938088
4.423230538922108,1.5,301.09761471515446,298.23731221324886,298.1502630155631
4.426856137724503,1.5,301.098986780589,298.2375025463722,298.1502646450302
4.430481736526898,1.5,301.1003584299324,298.23769305701717,298.1502662822343
4.434107335329292,1.5,301.1017296636847,298.23788374506154,298.1502679271999
4.437732934131687,1.5,301.1031004823445,298.2380746103832,298.15026957995127
4.441358532934082,1.5,301.10447088640933,298.2382656528601,298.1502712405128
4.444984131736477,1.5,301.1058408763757,298.2384568723703,298.1502729089089
4.448609730538871,1.5,301.10721045273874,298.23864826879196,298.1502745851641
4.452235329341266,1.5,301.1085796159925,298.23883984200313,298.1502762693028
4.455860928143661,1.5,301.10994836662996,298.23903159188217,298.1502779613497
4.459486526946056,1.5,301.11131670514277,298.23922351830726,298.150279661329
4.4631121257484505,1.5,301.11268463202157,298.23941562115687,298.1502813692656
4.466737724550845,1.5,301.1140521477559,298.23960790030935,298.1502830851839
4.47036332335324,1.5,301.115419252834,298.23980035564335,298.1502848091085
4.473988922155635,1.5,301.1167859477429,298.2399929870373,298.1502865410642
4.47761452095803,1.5,301.11815223296895,298.24018579436995,298.1502882810755
4.481240119760424,1.5,301.1195181089968,298.24037877751994,298.15029002916725
4.484865718562819,1.5,301.12088357631035,298.24057193636617,298.15029178536406
4.488491317365214,1.5,301.12224863539217,298.24076527078745,298.1502935496908
4.492116916167609,1.5,301.1236132867239,298.24095878066265,298.1502953221721
4.495742514970003,1.5,301.12497753078594,298.24115246587087,298.150297102833
4.499368113772398,1.5,301.1263413680575,298.2413463262911,298.15029889169824
4.502993712574793,1.5,301.1277047990169,298.24154036180244,298.1503006887926
4.506619311377188,1.5,301.12906782414103,298.2417345722842,298.15030249414104
4.5102449101795825,1.5,301.13043044390605,298.2419289576156,298.1503043077685
4.513870508981977,1.5,301.13179265878676,298.2421235176761,298.1503061296999
4.517496107784372,1.5,301.1331544692569,298.24231825234494,298.15030795996023
4.521121706586767,1.5,301.1345158757893,298.2425131615017,298.1503097985745
4.524747305389162,1.5,301.1358768788554,298.24270824502594,298.1503116455677
4.528372904191556,1.5,301.1372374789258,298.2429035027973,298.15031350096496
4.531998502993951,1.5,301.13859767646983,298.2430989346954,298.15031536479125
4.535624101796346,1.5,301.1399574719559,298.2432945406002,298.15031723707176
4.539249700598741,1.5,301.1413168658512,298.2434903203913,298.1503191178316
4.542875299401135,1.5,301.14267585862194,298.2436862739487,298.15032100709595
4.54650089820353,1.5,301.1440344507333,298.2438824011524,298.15032290489
4.550126497005925,1.5,301.14539264264926,298.2440787018824,298.150324811239
4.55375209580832,1.5,301.1467504348328,298.24427517601896,298.15032672616803
4.5573776946107145,1.5,301.14810782774583,298.2444718234421,298.15032864970254
4.561003293413109,1.5,301.1494648218492,298.24466864403223,298.1503305818677
4.564628892215504,1.5,301.15082141760286,298.2448656376696,298.15033252268887
4.568254491017899,1.5,301.1521776154654,298.2450628042346,298.15033447219145
4.571880089820294,1.5,301.1535334158945,298.2452601436077,298.15033643040067
4.575505688622688,1.5,301.154888819347,298.24545765566955,298.15033839734207
4.579131287425083,1.5,301.1562438262782,298.24565534030063,298.150340373041
4.582756886227478,1.5,301.15759843714295,298.24585319738173,298.15034235752285
4.586382485029873,1.5,301.1589526523947,298.2460512267936,298.15034435081316
4.590008083832267,1.5,301.1603064724859,298.246249428417,298.15034635293745
4.593633682634662,1.5,301.1616598978681,298.2464478021329,298.1503483639212
4.597259281437057,1.5,301.16301292899163,298.2466463478222,298.1503503837899
4.600884880239452,1.5,301.16436556630606,298.246845065366,298.1503524125692
4.6045104790418465,1.5,301.16571781025965,298.2470439546454,298.15035445028457
4.608136077844241,1.5,301.1670696612999,298.2472430155415,298.1503564969618
4.611761676646636,1.5,301.16842111987296,298.2474422479358,298.1503585526265
4.615387275449031,1.5,301.1697721864244,298.24764165170933,298.1503606173043
4.619012874251426,1.5,301.17112286139843,298.2478412267437,298.1503626910208
4.62263847305382,1.5,301.1724731452385,298.24804097292025,298.15036477380187
4.626264071856215,1.5,301.1738230383868,298.24824089012066,298.15036686567316
4.62988967065861,1.5,301.1751725412847,298.24844097822637,298.1503689666605
4.633515269461005,1.5,301.1765216543727,298.24864123711916,298.15037107678955
4.637140868263399,1.5,301.1778703780899,298.24884166668085,298.1503731960862
4.640766467065794,1.5,301.17921871287473,298.2490422667931,298.1503753245764
4.644392065868189,1.5,301.18056665916464,298.2492430373379,298.1503774622858
4.648017664670584,1.5,301.18191421739584,298.2494439781973,298.1503796092405
4.6516432634729785,1.5,301.18326138800387,298.2496450892532,298.1503817654662
4.655268862275373,1.5,301.184608171423,298.24984637038784,298.150383930989
4.658894461077768,1.5,301.1859545680867,298.2500478214833,298.1503861058347
4.662520059880163,1.5,301.18730057842754,298.2502494424219,298.1503882900294
4.666145658682558,1.5,301.1886462028769,298.2504512330858,298.1503904835991
4.669771257484952,1.5,301.1899914418653,298.25065319335766,298.1503926865698
4.673396856287347,1.5,301.1913362958222,298.25085532311977,298.15039489896753
4.677022455089742,1.5,301.1926807651765,298.2510576222548,298.15039712081835
4.680648053892137,1.5,301.1940248503555,298.25126009064525,298.1503993521484
4.684273652694531,1.5,301.19536855178603,298.25146272817386,298.15040159298377
4.687899251496926,1.5,301.19671186989376,298.2516655347234,298.1504038433506
4.691524850299321,1.5,301.1980548051035,298.2518685101766,298.15040610327515
4.695150449101716,1.5,301.199397357839,298.2520716544165,298.1504083727834
4.6987760479041105,1.5,301.20073952852323,298.25227496732595,298.15041065190167
4.702401646706505,1.5,301.20208131757806,298.25247844878805,298.1504129406563
4.7060272455089,1.5,301.2034227254245,298.25268209868597,298.15041523907337
4.709652844311295,1.5,301.2047637524826,298.25288591690287,298.1504175471792
4.71327844311369,1.5,301.2061043991714,298.2530899033219,298.1504198650002
4.716904041916084,1.5,301.2074446659092,298.2532940578265,298.1504221925625
4.720529640718479,1.5,301.20878455311316,298.2534983803,298.1504245298926
4.724155239520874,1.5,301.2101240611996,298.25370287062594,298.1504268770168
4.727780838323269,1.5,301.2114631905841,298.2539075286879,298.15042923396146
4.7314064371256634,1.5,301.21280194168094,298.25411235436934,298.15043160075305
4.735032035928058,1.5,301.2141403149038,298.25431734755415,298.150433977418
4.738657634730453,1.5,301.21547831066533,298.25452250812594,298.1504363639827
4.742283233532848,1.5,301.21681592937716,298.2547278359686,298.1504387604737
4.7459088323352425,1.5,301.21815317145024,298.254933330966,298.15044116691746
4.749534431137637,1.5,301.21949003729446,298.2551389930022,298.15044358334046
4.753160029940032,1.5,301.22082652731876,298.2553448219611,298.15044600976927
4.756785628742427,1.5,301.22216264193133,298.255550817727,298.1504484462305
4.760411227544822,1.5,301.2234983815393,298.25575698018395,298.1504508927506
4.764036826347216,1.5,301.2248337465491,298.2559633092163,298.1504533493563
4.767662425149611,1.5,301.2261687373661,298.25616980470835,298.15045581607416
4.771288023952006,1.5,301.2275033543948,298.25637646654445,298.1504582929308
4.774913622754401,1.5,301.2288375980388,298.25658329460924,298.150460779953
4.7785392215567954,1.5,301.2301714687009,298.2567902887871,298.15046327716726
4.78216482035919,1.5,301.231504966783,298.25699744896275,298.1504657846004
4.785790419161585,1.5,301.23283809268605,298.2572047750208,298.15046830227914
4.78941601796398,1.5,301.2341708468101,298.2574122668461,298.1504708302302
4.7930416167663745,1.5,301.2355032295545,298.2576199243234,298.1504733684804
4.796667215568769,1.5,301.2368352413176,298.2578277473377,298.15047591705644
4.800292814371164,1.5,301.2381668824968,298.258035735774,298.1504784759852
4.803918413173559,1.5,301.2394981534887,298.25824388951725,298.1504810452935
4.807544011975954,1.5,301.24082905468913,298.25845220845264,298.1504836250081
4.811169610778348,1.5,301.24215958649285,298.2586606924653,298.15048621515604
4.814795209580743,1.5,301.24348974929393,298.2588693414406,298.1504888157641
4.818420808383138,1.5,301.2448195434857,298.2590781552638,298.15049142685916
4.822046407185533,1.5,301.2461489694602,298.2592871338204,298.15049404846815
4.8256720059879274,1.5,301.24747802760913,298.2594962769958,298.1504966806181
4.829297604790322,1.5,301.24880671832295,298.25970558467554,298.15049932333585
4.832923203592717,1.5,301.25013504199137,298.25991505674534,298.1505019766485
4.836548802395112,1.5,301.2514629990035,298.2601246930908,298.15050464058305
4.8401744011975065,1.5,301.2527905897472,298.2603344935977,298.1505073151664
4.843799999999901,1.5,301.2541178146097,298.26054445815197,298.15051000042575
4.847425598802296,1.5,301.2554446739774,298.26075458663945,298.1505126963881
4.851051197604691,1.5,301.256771168236,298.26096487894614,298.1505154030805
4.854676796407086,1.5,301.25809729777,298.26117533495807,298.1505181205301
4.85830239520948,1.5,301.2594230629634,298.2613859545614,298.15052084876396
4.861927994011875,1.5,301.2607484641992,298.26159673764226,298.15052358780923
4.86555359281427,1.5,301.2620735018597,298.26180768408705,298.1505263376931
4.869179191616665,1.5,301.26339817632606,298.26201879378203,298.1505290984428
4.8728047904190595,1.5,301.2647224879791,298.26223006661354,298.15053187008544
4.876430389221454,1.5,301.26604643719855,298.2624415024683,298.1505346526483
4.880055988023849,1.5,301.2673700243632,298.2626531012326,298.1505374461584
4.883681586826244,1.5,301.2686932498512,298.26286486279326,298.1505402506433
4.8873071856286385,1.5,301.27001611403995,298.2630767870369,298.15054306613007
4.890932784431033,1.5,301.2713386173059,298.26328887385023,298.1505458926461
4.894558383233428,1.5,301.27266076002473,298.2635011231203,298.1505487302186
4.898183982035823,1.5,301.27398254257133,298.26371353473377,298.15055157887497
4.901809580838218,1.5,301.27530396531967,298.2639261085778,298.15055443864253
4.905435179640612,1.5,301.27662502864325,298.26413884453933,298.1505573095486
4.909060778443007,1.5,301.27794573291425,298.26435174250554,298.15056019162057
4.912686377245402,1.5,301.27926607850463,298.26456480236357,298.1505630848859
4.916311976047797,1.5,301.28058606578503,298.2647780240008,298.15056598937196
4.9199375748501915,1.5,301.28190569512566,298.2649914073046,298.15056890510607
4.923563173652586,1.5,301.28322496689583,298.26520495216226,298.1505718321159
4.927188772454981,1.5,301.284543881464,298.2654186584612,298.1505747704287
4.930814371257376,1.5,301.28586243919796,298.2656325260892,298.150577720072
4.9344399700597705,1.5,301.2871806404646,298.2658465549337,298.1505806810734
4.938065568862165,1.5,301.28849848563004,298.2660607448825,298.15058365346033
4.94169116766456,1.5,301.28981597505975,298.26627509582335,298.15058663726035
4.945316766466955,1.5,301.2911331091182,298.266489607644,298.150589632501
4.94894236526935,1.5,301.2924498881694,298.26670428023255,298.1505926392099
4.952567964071744,1.5,301.2937663125763,298.26691911347683,298.1505956574145
4.956193562874139,1.5,301.2950823827012,298.2671341072649,298.15059868714263
4.959819161676534,1.5,301.29639809890557,298.2673492614849,298.15060172842163
4.963444760478929,1.5,301.29771346155025,298.26756457602505,298.1506047812793
4.9670703592813235,1.5,301.2990284709951,298.2677800507736,298.15060784574325
4.970695958083718,1.5,301.3003431275995,298.26799568561887,298.1506109218411
4.974321556886113,1.5,301.3016574317218,298.26821148044934,298.15061400960064
4.977947155688508,1.5,301.30297138371975,298.26842743515334,298.1506171090495
4.9815727544909025,1.5,301.30428498395025,298.2686435496195,298.1506202202154
4.985198353293297,1.5,301.30559823276957,298.26885982373653,298.15062334312603
4.988823952095692,1.5,301.3069111305332,298.269076257393,298.15062647780917
4.992449550898087,1.5,301.3082236775957,298.2692928504777,298.15062962429266
4.996075149700482,1.5,301.30953587431117,298.2695096028795,298.1506327826042
4.999700748502876,1.5,301.3108477210327,298.2697265144872,298.15063595277155
5.003326347305271,1.5,301.31215921811287,298.26994358519,298.1506391348226
5.006951946107666,1.5,301.3134703659033,298.2701608148766,298.1506423287851
5.010577544910061,1.5,301.314781164755,298.2703782034364,298.150645534687
5.0142031437124555,1.5,301.3160916150182,298.27059575075845,298.15064875255604
5.01782874251485,1.5,301.3174017170425,298.27081345673207,298.15065198242013
5.021454341317245,1.5,301.3187114711766,298.2710313212466,298.1506552243073
5.02507994011964,1.5,301.32002087776857,298.2712493441913,298.1506584782452
5.0287055389220345,1.5,301.3213299371658,298.2714675254558,298.15066174426187
5.032331137724429,1.5,301.32263864971486,298.27168586492957,298.1506650223853
5.035956736526824,1.5,301.32394701576163,298.2719043625022,298.15066831264323
5.039582335329219,1.5,301.32525503565114,298.2721230180634,298.15067161506386
5.043207934131614,1.5,301.32656270972797,298.27234183150284,298.15067492967506
5.046833532934008,1.5,301.3278700383358,298.2725608027104,298.1506782565048
5.050459131736403,1.5,301.3291770218176,298.272779931576,298.15068159558115
5.054084730538798,1.5,301.3304836605157,298.2729992179896,298.15068494693213
5.057710329341193,1.5,301.3317899547717,298.27321866184116,298.1506883105858
5.0613359281435875,1.5,301.3330959049263,298.2734382630208,298.1506916865701
5.064961526945982,1.5,301.33440151131987,298.2736580214187,298.15069507491313
5.068587125748377,1.5,301.33570677429174,298.27387793692515,298.150698475643
5.072212724550772,1.5,301.3370116941806,298.27409800943036,298.15070188878775
5.0758383233531665,1.5,301.3383162713247,298.2743182388248,298.1507053143756
5.079463922155561,1.5,301.3396205060611,298.2745386249988,298.15070875243464
5.083089520957956,1.5,301.3409243987267,298.27475916784294,298.1507122029929
5.086715119760351,1.5,301.34222794965734,298.27497986724785,298.1507156660786
5.090340718562746,1.5,301.3435311591883,298.27520072310415,298.1507191417199
5.09396631736514,1.5,301.34483402765414,298.27542173530264,298.15072262994494
5.097591916167535,1.5,301.3461365553887,298.275642903734,298.15072613078195
5.10121751496993,1.5,301.3474387427252,298.27586422828915,298.1507296442591
5.104843113772325,1.5,301.34874058999617,298.27608570885906,298.1507331704047
5.1084687125747195,1.5,301.3500420975333,298.27630734533466,298.1507367092468
5.112094311377114,1.5,301.3513432656678,298.2765291376071,298.1507402608139
5.115719910179509,1.5,301.3526440947302,298.2767510855675,298.15074382513404
5.119345508981904,1.5,301.35394458505004,298.27697318910714,298.15074740223554
5.1229711077842985,1.5,301.3552447369567,298.27719544811714,298.15075099214675
5.126596706586693,1.5,301.3565445507784,298.277417862489,298.15075459489594
5.130222305389088,1.5,301.3578440268429,298.2776404321141,298.1507582105113
5.133847904191483,1.5,301.35914316547735,298.2778631568839,298.1507618390213
5.137473502993878,1.5,301.36044196700817,298.27808603669,298.15076548045425
5.141099101796272,1.5,301.36174043176106,298.2783090714241,298.15076913483836
5.144724700598667,1.5,301.363038560061,298.2785322609777,298.1507728022022
5.148350299401062,1.5,301.36433635223256,298.27875560524274,298.15077648257403
5.151975898203457,1.5,301.3656338085994,298.27897910411104,298.1507801759822
5.1556014970058515,1.5,301.36693092948457,298.2792027574745,298.1507838824552
5.159227095808246,1.5,301.36822771521054,298.27942656522504,298.1507876020214
5.162852694610641,1.5,301.36952416609904,298.2796505272548,298.1507913347092
5.166478293413036,1.5,301.37082028247124,298.27987464345574,298.150795080547
5.1701038922154305,1.5,301.3721160646475,298.2800989137202,298.1507988395634
5.173729491017825,1.5,301.37341151294777,298.28032333794044,298.1508026117867
5.17735508982022,1.5,301.3747066276911,298.2805479160087,298.1508063972454
5.180980688622615,1.5,301.3760014091961,298.28077264781734,298.150810195968
5.18460628742501,1.5,301.37729585778055,298.2809975332589,298.15081400798294
5.188231886227404,1.5,301.3785899737617,298.2812225722259,298.1508178333189
5.191857485029799,1.5,301.3798837574561,298.2814477646109,298.15082167200427
5.195483083832194,1.5,301.3811772091798,298.2816731103066,298.15082552406756
5.199108682634589,1.5,301.38247032924795,298.28189860920577,298.1508293895373
5.2027342814369835,1.5,301.38376311797526,298.28212426120115,298.1508332684421
5.206359880239378,1.5,301.3850555756758,298.2823500661856,298.1508371608105
5.209985479041773,1.5,301.38634770266293,298.2825760240521,298.15084106667103
5.213611077844168,1.5,301.3876394992495,298.2828021346936,298.15084498605245
5.2172366766465625,1.5,301.3889309657474,298.2830283980033,298.1508489189831
5.220862275448957,1.5,301.39022210246844,298.2832548138743,298.15085286549174
5.224487874251352,1.5,301.39151290972336,298.28348138219974,298.150856825607
5.228113473053747,1.5,301.3928033878223,298.28370810287294,298.1508607993574
5.231739071856142,1.5,301.39409353707504,298.28393497578725,298.1508647867717
5.235364670658536,1.5,301.39538335779054,298.28416200083615,298.1508687878785
5.238990269460931,1.5,301.3966728502772,298.28438917791306,298.1508728027065
5.242615868263326,1.5,301.39796201484273,298.2846165069115,298.1508768312842
5.246241467065721,1.5,301.3992508517943,298.28484398772525,298.1508808736405
5.2498670658681155,1.5,301.4005393614385,298.28507162024783,298.1508849298041
5.25349266467051,1.5,301.40182754408124,298.28529940437306,298.1508889998035
5.257118263472905,1.5,301.40311540002784,298.2855273399948,298.15089308366754
5.2607438622753,1.5,301.40440292958294,298.2857554270069,298.1508971814249
5.2643694610776945,1.5,301.40569013305065,298.2859836653034,298.15090129310437
5.267995059880089,1.5,301.4069770107345,298.2862120547782,298.1509054187347
5.271620658682484,1.5,301.40826356293735,298.28644059532553,298.1509095583446
5.275246257484879,1.5,301.40954978996155,298.2866692868395,298.1509137119628
5.278871856287274,1.5,301.41083569210866,298.28689812921436,298.1509178796182
5.282497455089668,1.5,301.4121212696798,298.2871271223444,298.1509220613394
5.286123053892063,1.5,301.4134065229755,298.28735626612394,298.1509262571553
5.289748652694458,1.5,301.41469145229553,298.2875855604475,298.1509304670947
5.293374251496853,1.5,301.4159760579393,298.2878150052095,298.1509346911864
5.2969998502992475,1.5,301.4172603402054,298.2880446003046,298.1509389294593
5.300625449101642,1.5,301.41854429939207,298.2882743456274,298.1509431819421
5.304251047904037,1.5,301.4198279357967,298.28850424107264,298.1509474486637
5.307876646706432,1.5,301.4211112497163,298.28873428653503,298.15095172965306
5.3115022455088265,1.5,301.4223942414471,298.2889644819095,298.15095602493886
5.315127844311221,1.5,301.42367691128493,298.2891948270908,298.15096033455
5.318753443113616,1.5,301.4249592595249,298.2894253219741,298.1509646585154
5.322379041916011,1.5,301.4262412864617,298.2896559664543,298.150968996864
5.326004640718406,1.5,301.4275229923892,298.2898867604266,298.15097334962456
5.3296302395208,1.5,301.42880437760095,298.29011770378617,298.1509777168261
5.333255838323195,1.5,301.4300854423897,298.29034879642813,298.1509820984974
5.33688143712559,1.5,301.43136618704784,298.2905800382479,298.1509864946676
5.340507035927985,1.5,301.43264661186697,298.29081142914094,298.1509909053655
5.3441326347303795,1.5,301.43392671713826,298.29104296900255,298.15099533062
5.347758233532774,1.5,301.4352065031522,298.2912746577283,298.15099977046015
5.351383832335169,1.5,301.4364859701988,298.2915064952137,298.15100422491474
5.355009431137564,1.5,301.43776511856754,298.2917384813545,298.1510086940129
5.3586350299399585,1.5,301.43904394854724,298.2919706160464,298.15101317778345
5.362260628742353,1.5,301.4403224604261,298.2922028991851,298.15101767625555
5.365886227544748,1.5,301.44160065449194,298.2924353306666,298.15102218945805
5.369511826347143,1.5,301.4428785310319,298.29266791038657,298.15102671742
5.373137425149538,1.5,301.44415609033257,298.2929006382412,298.1510312601704
5.376763023951932,1.5,301.44543333267995,298.2931335141264,298.15103581773826
5.380388622754327,1.5,301.4467102583596,298.2933665379384,298.1510403901527
5.384014221556722,1.5,301.44798686765625,298.2935997095733,298.1510449774425
5.387639820359117,1.5,301.44926316085457,298.29383302892734,298.15104957963695
5.3912654191615115,1.5,301.4505391382381,298.2940664958969,298.1510541967649
5.394891017963906,1.5,301.4518148000903,298.29430011037834,298.1510588288555
5.398516616766301,1.5,301.45309014669374,298.294533872268,298.1510634759379
5.402142215568696,1.5,301.45436517833065,298.2947677814625,298.151068138041
5.4057678143710906,1.5,301.4556398952827,298.2950018378584,298.1510728151939
5.409393413173485,1.5,301.45691429783085,298.29523604135227,298.1510775074258
5.41301901197588,1.5,301.4581883862557,298.29547039184087,298.1510822147656
5.416644610778275,1.5,301.45946216083723,298.295704889221,298.15108693724255
5.42027020958067,1.5,301.4607356218549,298.29593953338946,298.15109167488566
5.423895808383064,1.5,301.46200876958756,298.2961743242431,298.15109642772416
5.427521407185459,1.5,301.46328160431364,298.29640926167906,298.15110119578696
5.431147005987854,1.5,301.4645541263108,298.29664434559425,298.1511059791033
5.434772604790249,1.5,301.4658263358566,298.2968795758858,298.1511107777024
5.4383982035926435,1.5,301.46709823322766,298.2971149524508,298.15111559161323
5.442023802395038,1.5,301.4683698187002,298.2973504751866,298.1511204208651
5.445649401197433,1.5,301.46964109254986,298.29758614399043,298.151125265487
5.449274999999828,1.5,301.4709120550519,298.29782195875976,298.1511301255082
5.4529005988022226,1.5,301.4721827064809,298.29805791939185,298.1511350009578
5.456526197604617,1.5,301.47345304711104,298.29829402578434,298.15113989186494
5.460151796407012,1.5,301.4747230772158,298.2985302778347,298.15114479825894
5.463777395209407,1.5,301.47599279706833,298.2987666754406,298.1511497201688
5.467402994011802,1.5,301.47726220694113,298.29900321849976,298.15115465762386
5.471028592814196,1.5,301.47853130710615,298.2992399069099,298.15115961065317
5.474654191616591,1.5,301.4798000978349,298.2994767405688,298.151164579286
5.478279790418986,1.5,301.4810685793985,298.29971371937444,298.1511695635516
5.481905389221381,1.5,301.4823367520672,298.2999508432247,298.1511745634792
5.4855309880237755,1.5,301.48360461611105,298.3001881120176,298.15117957909786
5.48915658682617,1.5,301.4848721717995,298.30042552565124,298.1511846104369
5.492782185628565,1.5,301.4861394194014,298.30066308402377,298.15118965752555
5.49640778443096,1.5,301.48740635918523,298.30090078703347,298.1511947203931
5.5000333832333546,1.5,301.4886729914187,298.3011386345785,298.15119979906865
5.503658982035749,1.5,301.4899393163695,298.30137662655727,298.1512048935816
5.507284580838144,1.5,301.49120533430414,298.30161476286816,298.15121000396107
5.510910179640539,1.5,301.4924710454893,298.30185304340966,298.15121513023644
5.514535778442934,1.5,301.4937364501907,298.3020914680802,298.1512202724369
5.518161377245328,1.5,301.4950015486737,298.3023300367786,298.15122543059175
5.521786976047723,1.5,301.49626634120307,298.30256874940335,298.1512306047302
5.525412574850118,1.5,301.49753082804335,298.3028076058533,298.1512357948815
5.529038173652513,1.5,301.4987950094582,298.3030466060271,298.151241001075
5.5326637724549075,1.5,301.5000588857112,298.3032857498237,298.15124622334
5.536289371257302,1.5,301.50132245706493,298.30352503714204,298.1512514617058
5.539914970059697,1.5,301.50258572378203,298.303764467881,298.1512567162017
5.543540568862092,1.5,301.5038486861242,298.30400404193983,298.1512619868569
5.547166167664487,1.5,301.50511134435277,298.30424375921746,298.1512672737008
5.550791766466881,1.5,301.50637369872874,298.3044836196131,298.1512725767627
5.554417365269276,1.5,301.50763574951253,298.3047236230262,298.1512778960719
5.558042964071671,1.5,301.50889749696387,298.3049637693557,298.15128323165777
5.561668562874066,1.5,301.51015894134224,298.3052040585013,298.1512885835495
5.56529416167646,1.5,301.51142008290674,298.3054444903622,298.1512939517765
5.568919760478855,1.5,301.51268092191555,298.3056850648381,298.15129933636814
5.57254535928125,1.5,301.5139414586268,298.3059257818284,298.15130473735377
5.576170958083645,1.5,301.5152016932979,298.30616664123295,298.1513101547626
5.5797965568860395,1.5,301.51646162618584,298.30640764295117,298.1513155886242
5.583422155688434,1.5,301.5177212575471,298.306648786883,298.15132103896764
5.587047754490829,1.5,301.51898058763777,298.3068900729282,298.15132650582245
5.590673353293224,1.5,301.5202396167134,298.3071315009866,298.15133198921797
5.594298952095619,1.5,301.52149834502904,298.3073730709583,298.15133748918356
5.597924550898013,1.5,301.5227567728393,298.3076147827431,298.15134300574863
5.601550149700408,1.5,301.5240149003983,298.3078566362413,298.15134853894233
5.605175748502803,1.5,301.52527272795965,298.30809863135283,298.15135408879433
5.608801347305198,1.5,301.52653025577655,298.30834076797805,298.1513596553338
5.612426946107592,1.5,301.52778748410174,298.3085830460172,298.15136523859024
5.616052544909987,1.5,301.52904441318753,298.3088254653705,298.15137083859304
5.619678143712382,1.5,301.5303010432856,298.3090680259385,298.1513764553714
5.623303742514777,1.5,301.5315573746473,298.30931072762144,298.15138208895485
5.6269293413171715,1.5,301.5328134075234,298.30955357032,298.1513877393728
5.630554940119566,1.5,301.53406914216436,298.30979655393475,298.1513934066547
5.634180538921961,1.5,301.53532457882,298.31003967836637,298.1513990908298
5.637806137724356,1.5,301.5365797177398,298.31028294351546,298.1514047919276
5.641431736526751,1.5,301.53783455917284,298.31052634928284,298.15141050997744
5.645057335329145,1.5,301.5390891033676,298.31076989556936,298.15141624500876
5.64868293413154,1.5,301.54034335057213,298.31101358227585,298.15142199705105
5.652308532933935,1.5,301.541597301034,298.3112574093034,298.1514277661336
5.65593413173633,1.5,301.5428509550004,298.3115013765528,298.15143355228594
5.659559730538724,1.5,301.5441043127181,298.31174548392545,298.1514393555373
5.663185329341119,1.5,301.54535737443325,298.31198973132234,298.1514451759174
5.666810928143514,1.5,301.54661014039175,298.31223411864454,298.1514510134554
5.670436526945909,1.5,301.5478626108388,298.3124786457936,298.1514568681809
5.6740621257483035,1.5,301.54911478601946,298.3127233126706,298.1514627401232
5.677687724550698,1.5,301.5503666661781,298.31296811917707,298.15146862931186
5.681313323353093,1.5,301.55161825155864,298.3132130652145,298.1514745357761
5.684938922155488,1.5,301.5528695424048,298.31345815068437,298.1514804595457
5.688564520957883,1.5,301.55412053895947,298.3137033754882,298.1514864006498
5.692190119760277,1.5,301.55537124146554,298.31394873952775,298.151492359118
5.695815718562672,1.5,301.556621650165,298.3141942427046,298.15149833497964
5.699441317365067,1.5,301.55787176529986,298.3144398849207,298.1515043282643
5.703066916167462,1.5,301.5591215871113,298.3146856660777,298.1515103390013
5.706692514969856,1.5,301.56037111584027,298.31493158607765,298.15151636722015
5.710318113772251,1.5,301.56162035172724,298.3151776448224,298.1515224129503
5.713943712574646,1.5,301.5628692950122,298.31542384221405,298.1515284762212
5.717569311377041,1.5,301.5641179459347,298.3156701781546,298.1515345570623
5.7211949101794355,1.5,301.56536630473397,298.31591665254626,298.151540655503
5.72482050898183,1.5,301.56661437164865,298.3161632652912,298.1515467715729
5.728446107784225,1.5,301.56786214691704,298.31641001629174,298.1515529053013
5.73207170658662,1.5,301.56910963077695,298.3166569054502,298.1515590567178
5.735697305389015,1.5,301.57035682346594,298.3169039326689,298.1515652258518
5.739322904191409,1.5,301.5716037252208,298.31715109785034,298.1515714127327
5.742948502993804,1.5,301.57285033627824,298.3173984008971,298.1515776173901
5.746574101796199,1.5,301.5740966568743,298.3176458417117,298.1515838398534
5.750199700598594,1.5,301.57534268724476,298.31789342019675,298.1515900801521
5.753825299400988,1.5,301.57658842762487,298.31814113625495,298.1515963383156
5.757450898203383,1.5,301.57783387824935,298.3183889897891,298.1516026143734
5.761076497005778,1.5,301.5790790393529,298.3186369807021,298.15160890835506
5.764702095808173,1.5,301.5803239111693,298.3188851088967,298.15161522028995
5.7683276946105675,1.5,301.58156849393225,298.3191333742759,298.15162155020755
5.771953293412962,1.5,301.5828127878749,298.31938177674266,298.1516278981374
5.775578892215357,1.5,301.58405679322993,298.3196303162002,298.15163426410896
5.779204491017752,1.5,301.5853005102298,298.3198789925515,298.15164064815156
5.782830089820147,1.5,301.5865439391063,298.32012780569977,298.15164705029486
5.786455688622541,1.5,301.58778708009106,298.3203767555483,298.1516534705683
5.790081287424936,1.5,301.5890299334151,298.3206258420004,298.15165990900135
5.793706886227331,1.5,301.590272499309,298.3208750649595,298.1516663656234
5.797332485029726,1.5,301.5915147780031,298.32112442432896,298.151672840464
5.80095808383212,1.5,301.5927567697273,298.3213739200123,298.15167933355275
5.804583682634515,1.5,301.59399847471093,298.32162355191315,298.1516858449189
5.80820928143691,1.5,301.59523989318313,298.321873319935,298.15169237459213
5.811834880239305,1.5,301.59648102537244,298.3221232239815,298.1516989226018
5.8154604790416995,1.5,301.59772187150713,298.3223732639566,298.1517054889774
5.819086077844094,1.5,301.598962431815,298.3226234397639,298.15171207374846
5.822711676646489,1.5,301.6002027065233,298.3228737513074,298.1517186769445
5.826337275448884,1.5,301.60144269585925,298.3231241984909,298.1517252985948
5.829962874251279,1.5,301.60268240004933,298.32337478121855,298.15173193872903
5.833588473053673,1.5,301.60392181931974,298.3236254993942,298.15173859737666
5.837214071856068,1.5,301.60516095389625,298.32387635292207,298.1517452745671
5.840839670658463,1.5,301.60639980400435,298.3241273417064,298.1517519703298
5.844465269460858,1.5,301.60763836986894,298.32437846565125,298.1517586846944
5.848090868263252,1.5,301.6088766517146,298.324629724661,298.1517654176903
5.851716467065647,1.5,301.61011464976553,298.32488111863995,298.15177216934694
5.855342065868042,1.5,301.6113523642456,298.3251326474926,298.1517789396937
5.858967664670437,1.5,301.6125897953782,298.3253843111233,298.1517857287603
5.8625932634728315,1.5,301.6138269433863,298.32563610943663,298.151792536576
5.866218862275226,1.5,301.6150638084925,298.32588804233717,298.1517993631704
5.869844461077621,1.5,301.6163003909191,298.3261401097296,298.151806208573
5.873470059880016,1.5,301.6175366908879,298.3263923115186,298.15181307281324
5.877095658682411,1.5,301.6187727086203,298.32664464760893,298.15181995592053
5.880721257484805,1.5,301.6200084443375,298.32689711790545,298.15182685792445
5.8843468562872,1.5,301.6212438982601,298.327149722313,298.1518337788543
5.887972455089595,1.5,301.6224790706082,298.3274024607365,298.1518407187398
5.89159805389199,1.5,301.623713961602,298.3276553330811,298.15184767761025
5.895223652694384,1.5,301.6249485714608,298.32790833925174,298.15185465549513
5.898849251496779,1.5,301.62618290040376,298.3281614791536,298.151861652424
5.902474850299174,1.5,301.6274169486497,298.32841475269186,298.1518686684262
5.906100449101569,1.5,301.62865071641687,298.3286681597718,298.15187570353123
5.9097260479039635,1.5,301.6298842039233,298.3289217002987,298.1518827577687
5.913351646706358,1.5,301.6311174113867,298.32917537417785,298.1518898311679
5.916977245508753,1.5,301.63235033902413,298.32942918131477,298.1518969237584
5.920602844311148,1.5,301.63358298705253,298.3296831216149,298.15190403556954
5.924228443113543,1.5,301.63481535568826,298.3299371949838,298.1519111666309
5.927854041915937,1.5,301.63604744514754,298.33019140132706,298.1519183169719
5.931479640718332,1.5,301.63727925564604,298.33044574055043,298.151925486622
5.935105239520727,1.5,301.63851078739896,298.3307002125595,298.1519326756107
5.938730838323122,1.5,301.6397420406215,298.33095481726014,298.15193988396726
5.942356437125516,1.5,301.6409730155281,298.33120955455814,298.15194711172137
5.945982035927911,1.5,301.642203712333,298.3314644243594,298.15195435890234
5.949607634730306,1.5,301.6434341312501,298.33171942657,298.1519616255397
5.953233233532701,1.5,301.6446642724928,298.3319745610958,298.1519689116629
5.9568588323350955,1.5,301.64589413627425,298.332229827843,298.1519762173012
5.96048443113749,1.5,301.64712372280724,298.33248522671755,298.15198354248423
5.964110029939885,1.5,301.6483530323041,298.33274075762586,298.1519908872414
5.96773562874228,1.5,301.6495820649768,298.33299642047405,298.1519982516022
5.971361227544675,1.5,301.65081082103706,298.33325221516856,298.1520056355959
5.974986826347069,1.5,301.65203930069606,298.3335081416157,298.15201303925204
5.978612425149464,1.5,301.65326750416483,298.3337641997219,298.1520204626001
5.982238023951859,1.5,301.6544954316539,298.3340203893935,298.1520279056694
5.985863622754254,1.5,301.6557230833734,298.3342767105373,298.15203536848935
5.989489221556648,1.5,301.6569504595332,298.33453316305975,298.1520428510895
5.993114820359043,1.5,301.65817756034284,298.3347897468676,298.1520503534992
5.996740419161438,1.5,301.65940438601126,298.33504646186753,298.1520578757479
6.000366017963833,1.5,301.6606309367474,298.33530330796634,298.1520654178649
6.0039916167662275,1.5,301.6618572127595,298.33556028507076,298.1520729798798
6.007617215568622,1.5,301.6630832142557,298.3358173930879,298.1520805618219
6.011242814371017,1.5,301.66430894144366,298.3360746319246,298.1520881637206
6.014868413173412,1.5,301.6655343945307,298.33633200148785,298.15209578560535
6.018494011975807,1.5,301.6667595737238,298.3365895016848,298.1521034275055
6.022119610778201,1.5,301.6679844792297,298.3368471324226,298.1521110894505
6.025745209580596,1.5,301.6692091112545,298.3371048936083,298.1521187714697
6.029370808382991,1.5,301.6704334700041,298.33736278514925,298.1521264735925
6.032996407185386,1.5,301.67165755568425,298.3376208069528,298.1521341958483
6.03662200598778,1.5,301.67288136850004,298.33787895892624,298.15214193826654
6.040247604790175,1.5,301.67410490865643,298.33813724097706,298.1521497008766
6.04387320359257,1.5,301.6753281763579,298.3383956530127,298.1521574837077
6.047498802394965,1.5,301.67655117180857,298.33865419494066,298.15216528678945
6.0511244011973595,1.5,301.6777738952124,298.33891286666864,298.152173110151
6.054749999999754,1.5,301.6789963467728,298.33917166810426,298.152180953822
6.058375598802149,1.5,301.68021852669295,298.3394305991552,298.15218881783153
6.062001197604544,1.5,301.6814404351756,298.33968965972923,298.1521967022091
6.065626796406939,1.5,301.6826620724233,298.3399488497342,298.15220460698396
6.069252395209333,1.5,301.6838834386381,298.34020816907804,298.15221253218556
6.072877994011728,1.5,301.6851045340218,298.3404676176686,298.1522204778433
6.076503592814123,1.5,301.68632535877583,298.340727195414,298.1522284439865
6.080129191616518,1.5,301.6875459131013,298.3409869022222,298.15223643064445
6.083754790418912,1.5,301.68876619719896,298.34124673800136,298.1522444378465
6.087380389221307,1.5,301.6899862112692,298.3415067026597,298.152252465622
6.091005988023702,1.5,301.69120595551215,298.34176679610533,298.1522605140003
6.094631586826097,1.5,301.6924254301275,298.3420270182467,298.1522685830107
6.0982571856284915,1.5,301.6936446353148,298.34228736899206,298.1522766726826
6.101882784430886,1.5,301.694863571273,298.34254784824986,298.1522847830452
6.105508383233281,1.5,301.696082238201,298.3428084559285,298.152292914128
6.109133982035676,1.5,301.69730063629703,298.34306919193654,298.1523010659601
6.112759580838071,1.5,301.6985187657593,298.34333005618265,298.1523092385709
6.116385179640465,1.5,301.6997366267855,298.3435910485753,298.1523174319898
6.12001077844286,1.5,301.700954219573,298.34385216902336,298.15232564624597
6.123636377245255,1.5,301.7021715443191,298.3441134174353,298.15233388136875
6.12726197604765,1.5,301.7033886012204,298.34437479372025,298.1523421373874
6.130887574850044,1.5,301.70460539047343,298.3446362977869,298.1523504143313
6.134513173652439,1.5,301.7058219122742,298.3448979295442,298.1523587122297
6.138138772454834,1.5,301.7070381668186,298.34515968890116,298.15236703111185
6.141764371257229,1.5,301.70825415430204,298.34542157576675,298.152375371007
6.1453899700596235,1.5,301.7094698749197,298.3456835900501,298.15238373194444
6.149015568862018,1.5,301.7106853288663,298.3459457316604,298.1523921139535
6.152641167664413,1.5,301.7119005163364,298.34620800050675,298.15240051706337
6.156266766466808,1.5,301.7131154375242,298.3464703964985,298.1524089413033
6.159892365269203,1.5,301.7143300926236,298.34673291954493,298.1524173867026
6.163517964071597,1.5,301.71554448182786,298.3469955695555,298.1524258532905
6.167143562873992,1.5,301.7167586053304,298.3472583464395,298.15243434109624
6.170769161676387,1.5,301.71797246332414,298.3475212501065,298.152442850149
6.174394760478782,1.5,301.7191860560016,298.3477842804661,298.15245138047806
6.178020359281176,1.5,301.720399383555,298.34804743742774,298.15245993211266
6.181645958083571,1.5,301.7216124461763,298.3483107209013,298.152468505082
6.185271556885966,1.5,301.7228252440571,298.3485741307963,298.15247709941536
6.188897155688361,1.5,301.7240377773888,298.34883766702256,298.1524857151418
6.1925227544907555,1.5,301.72525004636225,298.34910132949,298.1524943522906
6.19614835329315,1.5,301.7264620511683,298.34936511810844,298.152503010891
6.199773952095545,1.5,301.7276737919972,298.34962903278773,298.15251169097223
6.20339955089794,1.5,301.728885269039,298.34989307343807,298.1525203925634
6.207025149700335,1.5,301.7300964824835,298.3501572399693,298.1525291156937
6.210650748502729,1.5,301.73130743252005,298.3504215322917,298.15253786039233
6.214276347305124,1.5,301.7325181193379,298.3506859503153,298.1525466266885
6.217901946107519,1.5,301.7337285431258,298.3509504939505,298.15255541461136
6.221527544909914,1.5,301.73493870407225,298.3512151631073,298.15256422419003
6.225153143712308,1.5,301.7361486023654,298.35147995769637,298.1525730554537
6.228778742514703,1.5,301.7373582381933,298.3517448776278,298.1525819084315
6.232404341317098,1.5,301.7385676117434,298.3520099228122,298.1525907831526
6.236029940119493,1.5,301.739776723203,298.35227509316013,298.1525996796461
6.2396555389218875,1.5,301.74098557275914,298.35254038858193,298.15260859794114
6.243281137724282,1.5,301.74219416059844,298.3528058089884,298.152617538067
6.246906736526677,1.5,301.7434024869073,298.35307135429014,298.15262650005263
6.250532335329072,1.5,301.7446105518718,298.3533370243979,298.15263548392716
6.254157934131467,1.5,301.74581835567767,298.35360281922243,298.1526444897197
6.257783532933861,1.5,301.74702589851046,298.3538687386746,298.15265351745944
6.261409131736256,1.5,301.7482331805552,298.35413478266514,298.15266256717547
6.265034730538651,1.5,301.7494402019968,298.3544009511053,298.1526716388968
6.268660329341046,1.5,301.75064696301996,298.35466724390585,298.1526807326525
6.27228592814344,1.5,301.7518534638088,298.35493366097796,298.1526898484718
6.275911526945835,1.5,301.75305970454735,298.3552002022327,298.15269898638365
6.27953712574823,1.5,301.75426568541934,298.35546686758124,298.1527081464171
6.283162724550625,1.5,301.7554714066081,298.3557336569348,298.1527173286014
6.2867883233530195,1.5,301.75667686829667,298.3560005702047,298.15272653296535
6.290413922155414,1.5,301.7578820706679,298.35626760730213,298.15273575953813
6.294039520957809,1.5,301.7590870139043,298.3565347681387,298.1527450083488
6.297665119760204,1.5,301.7602916981881,298.35680205262577,298.1527542794264
6.301290718562599,1.5,301.76149612370114,298.3570694606748,298.1527635727998
6.304916317364993,1.5,301.76270029062505,298.35733699219736,298.15277288849825
6.308541916167388,1.5,301.7639041991413,298.35760464710506,298.1527822265507
6.312167514969783,1.5,301.76510784943076,298.3578724253096,298.15279158698604
6.315793113772178,1.5,301.76631124167426,298.35814032672266,298.1528009698334
6.319418712574572,1.5,301.7675143760523,298.3584083512561,298.1528103751217
6.323044311376967,1.5,301.76871725274503,298.35867649882164,298.15281980287995
6.326669910179362,1.5,301.76991987193225,298.35894476933123,298.1528292531372
6.330295508981757,1.5,301.7711222337937,298.35921316269685,298.1528387259223
6.3339211077841515,1.5,301.77232433850855,298.35948167883043,298.1528482212644
6.337546706586546,1.5,301.77352618625605,298.35975031764406,298.15285773919226
6.341172305388941,1.5,301.7747277772147,298.3600190790498,298.1528672797349
6.344797904191336,1.5,301.77592911156324,298.36028796295983,298.1528768429214
6.348423502993731,1.5,301.7771301894796,298.3605569692864,298.1528864287805
6.352049101796125,1.5,301.77833101114174,298.36082609794175,298.15289603734124
6.35567470059852,1.5,301.7795315767274,298.3610953488382,298.15290566863257
6.359300299400915,1.5,301.7807318864138,298.36136472188815,298.1529153226834
6.36292589820331,1.5,301.781931940378,298.361634217004,298.15292499952255
6.366551497005704,1.5,301.7831317387968,298.36190383409837,298.152934699179
6.370177095808099,1.5,301.78433128184673,298.3621735730836,298.15294442168164
6.373802694610494,1.5,301.7855305697039,298.3624434338725,298.15295416705936
6.377428293412889,1.5,301.78672960254437,298.3627134163775,298.152963935341
6.3810538922152835,1.5,301.7879283805438,298.36298352051153,298.1529737265555
6.384679491017678,1.5,301.7891269038775,298.3632537461872,298.15298354073167
6.388305089820073,1.5,301.79032517272066,298.3635240933173,298.1529933778985
6.391930688622468,1.5,301.791523187248,298.36379456181487,298.15300323808464
6.395556287424863,1.5,301.7927209476342,298.3640651515927,298.1530131213191
6.399181886227257,1.5,301.7939184540535,298.3643358625638,298.15302302763064
6.402807485029652,1.5,301.7951157066799,298.3646066946412,298.153032957048
6.406433083832047,1.5,301.7963127056871,298.36487764773796,298.15304290960023
6.410058682634442,1.5,301.7975094512487,298.3651487217673,298.153052885316
6.413684281436836,1.5,301.7987059435378,298.36541991664234,298.15306288422414
6.417309880239231,1.5,301.79990218272735,298.3656912322764,298.15307290635343
6.420935479041626,1.5,301.80109816899,298.3659626685827,298.1530829517327
6.424561077844021,1.5,301.8022939024982,298.36623422547467,298.1530930203907
6.4281866766464155,1.5,301.80348938342394,298.3665059028657,298.1531031123562
6.43181227544881,1.5,301.80468461193925,298.3667777006692,298.15311322765797
6.435437874251205,1.5,301.80587958821553,298.36704961879883,298.1531233663248
6.4390634730536,1.5,301.8070743124243,298.36732165716796,298.1531335283854
6.442689071855995,1.5,301.80826878473636,298.3675938156904,298.1531437138686
6.446314670658389,1.5,301.8094630053227,298.36786609427975,298.1531539228029
6.449940269460784,1.5,301.8106569743537,298.36813849284977,298.1531641552173
6.453565868263179,1.5,301.8118506919998,298.3684110113142,298.15317441114036
6.457191467065574,1.5,301.8130441584308,298.3686836495869,298.1531846906008
6.4608170658679684,1.5,301.8142373738165,298.3689564075818,298.1531949936275
6.464442664670363,1.5,301.8154303383264,298.3692292852128,298.1532053202489
6.468068263472758,1.5,301.8166230521297,298.36950228239397,298.1532156704938
6.471693862275153,1.5,301.81781551539535,298.36977539903927,298.1532260443909
6.4753194610775475,1.5,301.81900772829204,298.3700486350629,298.15323644196883
6.478945059879942,1.5,301.8201996909881,298.37032199037895,298.15324686325624
6.482570658682337,1.5,301.8213914036518,298.3705954649017,298.1532573082818
6.486196257484732,1.5,301.82258286645094,298.3708690585454,298.1532677770742
6.489821856287127,1.5,301.82377407955335,298.3711427712244,298.1532782696619
6.493447455089521,1.5,301.8249650431262,298.371416602853,298.15328878607374
6.497073053891916,1.5,301.82615575733683,298.3716905533457,298.1532993263382
6.500698652694311,1.5,301.82734622235193,298.37196462261693,298.1533098904839
6.504324251496706,1.5,301.82853643833823,298.3722388105813,298.1533204785395
6.5079498502991004,1.5,301.8297264054621,298.3725131171533,298.1533310905335
6.511575449101495,1.5,301.83091612388966,298.37278754224764,298.15334172649466
6.51520104790389,1.5,301.8321055937867,298.37306208577894,298.1533523864513
6.518826646706285,1.5,301.8332948153188,298.37333674766205,298.15336307043214
6.5224522455086795,1.5,301.8344837886515,298.37361152781176,298.1533737784658
6.526077844311074,1.5,301.83567251394965,298.37388642614286,298.1533845105806
6.529703443113469,1.5,301.83686099137833,298.37416144257037,298.15339526680526
6.533329041915864,1.5,301.8380492211019,298.37443657700913,298.15340604716823
6.536954640718259,1.5,301.83923720328494,298.37471182937423,298.15341685169807
6.540580239520653,1.5,301.8404249380914,298.37498719958063,298.15342768042325
6.544205838323048,1.5,301.8416124256852,298.3752626875435,298.15343853337225
6.547831437125443,1.5,301.8427996662299,298.3755382931781,298.15344941057367
6.551457035927838,1.5,301.84398665988886,298.3758140163996,298.15346031205587
6.5550826347302324,1.5,301.84517340682515,298.3760898571232,298.1534712378474
6.558708233532627,1.5,301.84635990720165,298.37636581526436,298.15348218797664
6.562333832335022,1.5,301.847546161181,298.3766418907383,298.1534931624721
6.565959431137417,1.5,301.8487321689256,298.37691808346074,298.1535041613622
6.5695850299398115,1.5,301.8499179305975,298.3771943933469,298.1535151846754
6.573210628742206,1.5,301.85110344635854,298.3774708203123,298.15352623244013
6.576836227544601,1.5,301.8522887163704,298.3777473642727,298.15353730468473
6.580461826346996,1.5,301.8534737407945,298.3780240251437,298.15354840143766
6.584087425149391,1.5,301.854658519792,298.37830080284095,298.15355952272733
6.587713023951785,1.5,301.8558430535237,298.3785776972803,298.1535706685821
6.59133862275418,1.5,301.8570273421503,298.37885470837745,298.15358183903044
6.594964221556575,1.5,301.8582113858323,298.3791318360483,298.1535930341006
6.59858982035897,1.5,301.85939518472975,298.3794090802087,298.15360425382096
6.6022154191613645,1.5,301.8605787390026,298.3796864407746,298.1536154982199
6.605841017963759,1.5,301.8617620488107,298.37996391766217,298.1536267673257
6.609466616766154,1.5,301.86294511431333,298.38024151078736,298.15363806116676
6.613092215568549,1.5,301.8641279356699,298.3805192200663,298.15364937977137
6.6167178143709435,1.5,301.86531051303916,298.3807970454152,298.15366072316783
6.620343413173338,1.5,301.86649284658006,298.38107498675015,298.1536720913844
6.623969011975733,1.5,301.867674936451,298.38135304398753,298.15368348444946
6.627594610778128,1.5,301.8688567828104,298.3816312170437,298.1536949023912
6.631220209580523,1.5,301.87003838581603,298.3819095058349,298.15370634523794
6.634845808382917,1.5,301.8712197456259,298.38218791027776,298.15371781301786
6.638471407185312,1.5,301.8724008623975,298.38246643028856,298.1537293057593
6.642097005987707,1.5,301.8735817362882,298.382745065784,298.1537408234906
6.645722604790102,1.5,301.8747623674551,298.3830238166805,298.1537523662397
6.6493482035924965,1.5,301.87594275605505,298.38330268289485,298.153763934035
6.652973802394891,1.5,301.8771229022446,298.38358166434364,298.15377552690467
6.656599401197286,1.5,301.87830280618033,298.3838607609436,298.1537871448769
6.660224999999681,1.5,301.8794824680183,298.38413997261154,298.15379878797995
6.6638505988020755,1.5,301.8806618879144,298.38441929926444,298.1538104562419
6.66747619760447,1.5,301.88184106602455,298.384698740819,298.153822149691
6.671101796406865,1.5,301.883020002504,298.3849782971923,298.1538338683554
6.67472739520926,1.5,301.88419869750817,298.38525796830123,298.1538456122631
6.678352994011655,1.5,301.8853771511919,298.3855377540629,298.1538573814423
6.681978592814049,1.5,301.88655536371016,298.3858176543944,298.1538691759213
6.685604191616444,1.5,301.8877333352174,298.3860976692129,298.153880995728
6.689229790418839,1.5,301.888911065868,298.3863777984356,298.1538928408906
6.692855389221234,1.5,301.8900885558161,298.3866580419798,298.1539047114372
6.6964809880236285,1.5,301.89126580521554,298.3869383997627,298.15391660739584
6.700106586826023,1.5,301.89244281422,298.3872188717018,298.1539285287946
6.703732185628418,1.5,301.8936195829829,298.3874994577144,298.15394047566156
6.707357784430813,1.5,301.8947961116575,298.38778015771794,298.1539524480247
6.7109833832332075,1.5,301.8959724003968,298.38806097163007,298.15396444591215
6.714608982035602,1.5,301.89714844935344,298.38834189936824,298.15397646935185
6.718234580837997,1.5,301.8983242586801,298.3886229408501,298.15398851837193
6.721860179640392,1.5,301.899499828529,298.3889040959933,298.1540005930003
6.725485778442787,1.5,301.90067515905224,298.3891853647157,298.15401269326503
6.729111377245181,1.5,301.90185025040176,298.38946674693483,298.15402481919403
6.732736976047576,1.5,301.9030251027292,298.3897482425686,298.15403697081535
6.736362574849971,1.5,301.90419971618593,298.39002985153496,298.1540491481569
6.739988173652366,1.5,301.9053740909232,298.3903115737518,298.1540613512467
6.7436137724547605,1.5,301.90654822709206,298.390593409137,298.1540735801126
6.747239371257155,1.5,301.9077221248432,298.3908753576087,298.1540858347825
6.75086497005955,1.5,301.90889578432717,298.39115741908495,298.15409811528446
6.754490568861945,1.5,301.9100692056943,298.3914395934839,298.15411042164635
6.7581161676643395,1.5,301.9112423890948,298.39172188072365,298.15412275389593
6.761741766466734,1.5,301.91241533467854,298.3920042807225,298.1541351120613
6.765367365269129,1.5,301.91358804259517,298.3922867933987,298.15414749617014
6.768992964071524,1.5,301.9147605129942,298.3925694186705,298.15415990625036
6.772618562873919,1.5,301.91593274602485,298.39285215645646,298.15417234232984
6.776244161676313,1.5,301.91710474183617,298.3931350066749,298.15418480443645
6.779869760478708,1.5,301.91827650057695,298.39341796924424,298.15419729259804
6.783495359281103,1.5,301.91944802239584,298.3937010440832,298.15420980684235
6.787120958083498,1.5,301.9206193074413,298.3939842311102,298.1542223471972
6.7907465568858925,1.5,301.9217903558614,298.3942675302439,298.1542349136904
6.794372155688287,1.5,301.92296116780415,298.39455094140305,298.1542475063498
6.797997754490682,1.5,301.9241317434173,298.3948344645064,298.154260125203
6.801623353293077,1.5,301.9253020828485,298.3951180994726,298.1542727702779
6.8052489520954715,1.5,301.92647218624495,298.39540184622064,298.1542854416022
6.808874550897866,1.5,301.9276420537538,298.3956857046693,298.1542981392037
6.812500149700261,1.5,301.928811685522,298.39596967473756,298.15431086311
6.816125748502656,1.5,301.92998108169627,298.39625375634444,298.15432361334894
6.819751347305051,1.5,301.93115024242303,298.396537949409,298.1543363899481
6.823376946107445,1.5,301.9323191678487,298.3968222538502,298.1543491929353
6.82700254490984,1.5,301.9334878581191,298.39710666958723,298.15436202233815
6.830628143712235,1.5,301.93465631338046,298.3973911965394,298.15437487818434
6.83425374251463,1.5,301.93582453377815,298.39767583462583,298.15438776050144
6.8378793413170245,1.5,301.93699251945776,298.3979605837658,298.1544006693172
6.841504940119419,1.5,301.9381602705645,298.3982454438787,298.1544136046593
6.845130538921814,1.5,301.9393277872434,298.39853041488385,298.1544265665552
6.848756137724209,1.5,301.94049506963944,298.3988154967008,298.1544395550325
6.8523817365266035,1.5,301.94166211789707,298.39910068924905,298.154452570119
6.856007335328998,1.5,301.9428289321608,298.399385992448,298.15446561184206
6.859632934131393,1.5,301.94399551257476,298.3996714062174,298.15447868022943
6.863258532933788,1.5,301.9451618592831,298.3999569304768,298.1544917753086
6.866884131736183,1.5,301.9463279724295,298.40024256514585,298.1545048971071
6.870509730538577,1.5,301.9474938521578,298.4005283101444,298.15451804565237
6.874135329340972,1.5,301.9486594986112,298.40081416539215,298.15453122097216
6.877760928143367,1.5,301.949824911933,298.401100130809,298.1545444230938
6.881386526945762,1.5,301.9509900922661,298.40138620631484,298.15455765204484
6.8850121257481565,1.5,301.9521550397535,298.40167239182955,298.1545709078528
6.888637724550551,1.5,301.9533197545377,298.4019586872732,298.15458419054505
6.892263323352946,1.5,301.954484236761,298.40224509256575,298.1545975001493
6.895888922155341,1.5,301.9556484865658,298.40253160762734,298.1546108366927
6.8995145209577355,1.5,301.956812504094,298.4028182323781,298.1546242002029
6.90314011976013,1.5,301.95797628948736,298.4031049667382,298.1546375907071
6.906765718562525,1.5,301.9591398428876,298.40339181062797,298.154651008233
6.91039131736492,1.5,301.9603031644361,298.4036787639676,298.15466445280776
6.914016916167315,1.5,301.961466254274,298.40396582667745,298.1546779244589
6.917642514969709,1.5,301.96262911254234,298.404252998678,298.1546914232138
6.921268113772104,1.5,301.9637917393821,298.4045402798895,298.15470494909977
6.924893712574499,1.5,301.9649541349337,298.4048276702326,298.1547185021442
6.928519311376894,1.5,301.96611629933767,298.40511516962766,298.1547320823744
6.9321449101792885,1.5,301.9672782327342,298.4054027779955,298.1547456898176
6.935770508981683,1.5,301.9684399352634,298.4056904952566,298.1547593245013
6.939396107784078,1.5,301.96960140706506,298.4059783213317,298.1547729864527
6.943021706586473,1.5,301.9707626482788,298.4062662561415,298.15478667569914
6.9466473053888675,1.5,301.97192365904414,298.40655429960685,298.15480039226776
6.950272904191262,1.5,301.9730844395002,298.4068424516486,298.154814136186
6.953898502993657,1.5,301.97424498978626,298.4071307121874,298.154827907481
6.957524101796052,1.5,301.9754053100411,298.40741908114444,298.15484170618004
6.961149700598447,1.5,301.9765654004034,298.4077075584406,298.1548555323103
6.964775299400841,1.5,301.97772526101164,298.40799614399697,298.154869385899
6.968400898203236,1.5,301.9788848920041,298.4082848377345,298.15488326697346
6.972026497005631,1.5,301.98004429351903,298.40857363957446,298.15489717556073
6.975652095808026,1.5,301.9812034656942,298.40886254943797,298.154911111688
6.9792776946104205,1.5,301.9823624086674,298.4091515672463,298.15492507538244
6.982903293412815,1.5,301.9835211225762,298.40944069292055,298.15493906667126
6.98652889221521,1.5,301.98467960755795,298.4097299263823,298.1549530855815
6.990154491017605,1.5,301.98583786374974,298.41001926755274,298.1549671321403
6.9937800898199995,1.5,301.98699589128864,298.4103087163534,298.1549812063748
6.997405688622394,1.5,301.9881536903113,298.41059827270567,298.1549953083121
7.001031287424789,1.5,301.9893112609546,298.41088793653114,298.15500943797934
7.004656886227184,1.5,301.9904686033547,298.4111777077513,298.15502359540346
7.008282485029579,1.5,301.9916257176479,298.41146758628787,298.1550377806116
7.011908083831973,1.5,301.9927826039702,298.4117575720624,298.1550519936308
7.015533682634368,1.5,301.9939392624576,298.4120476649967,298.155066234488
7.019159281436763,1.5,301.9950956932457,298.41233786501255,298.15508050321034
7.022784880239158,1.5,301.99625189646986,298.4126281720317,298.1550947998248
7.0264104790415525,1.5,301.9974078722655,298.412918585976,298.1551091243583
7.030036077843947,1.5,301.99856362076787,298.4132091067674,298.15512347683784
7.033661676646342,1.5,301.99971914211164,298.4134997343279,298.1551378572904
7.037287275448737,1.5,302.00087443643173,298.4137904685794,298.15515226574297
7.0409128742511315,1.5,302.0020295038627,298.41408130944404,298.15516670222246
7.044538473053526,1.5,302.0031843445389,298.4143722568438,298.1551811667557
7.048164071855921,1.5,302.0043389585945,298.4146633107011,298.1551956593698
7.051789670658316,1.5,302.0054933461636,298.4149544709379,298.15521018009144
7.055415269460711,1.5,302.00664750737997,298.41524573747654,298.15522472894764
7.059040868263105,1.5,302.0078014423773,298.41553711023937,298.15523930596527
7.0626664670655,1.5,302.00895515128906,298.4158285891486,298.15525391117114
7.066292065867895,1.5,302.01010863424864,298.4161201741268,298.1552685445921
7.06991766467029,1.5,302.01126189138904,298.4164118650963,298.155283206255
7.0735432634726845,1.5,302.0124149228433,298.41670366197957,298.15529789618654
7.077168862275079,1.5,302.0135677287441,298.4169955646992,298.15531261441373
7.080794461077474,1.5,302.014720309224,298.4172875731778,298.1553273609632
7.084420059879869,1.5,302.01587266441555,298.41757968733805,298.1553421358618
7.0880456586822636,1.5,302.01702479445083,298.4178719071025,298.1553569391363
7.091671257484658,1.5,302.01817669946206,298.418164232394,298.1553717708134
7.095296856287053,1.5,302.0193283795808,298.41845666313526,298.1553866309199
7.098922455089448,1.5,302.0204798349391,298.4187491992492,298.1554015194824
7.102548053891843,1.5,302.0216310656683,298.41904184065856,298.15541643652773
7.106173652694237,1.5,302.0227820718998,298.41933458728647,298.15543138208255
7.109799251496632,1.5,302.02393285376473,298.41962743905566,298.1554463561735
7.113424850299027,1.5,302.02508341139406,298.4199203958894,298.1554613588273
7.117050449101422,1.5,302.0262337449188,298.4202134577106,298.15547639007053
7.1206760479038165,1.5,302.0273838544693,298.4205066244424,298.15549144992985
7.124301646706211,1.5,302.0285337401762,298.420799896008,298.155506538432
7.127927245508606,1.5,302.02968340216984,298.42109327233067,298.1555216556034
7.131552844311001,1.5,302.0308328405803,298.42138675333354,298.1555368014708
7.1351784431133956,1.5,302.03198205553747,298.42168033894006,298.1555519760608
7.13880404191579,1.5,302.03313104717114,298.4219740290735,298.15556717939984
7.142429640718185,1.5,302.03427981561094,298.4222678236573,298.15558241151456
7.14605523952058,1.5,302.0354283609864,298.4225617226149,298.1555976724314
7.149680838322975,1.5,302.03657668342663,298.4228557258698,298.155612962177
7.153306437125369,1.5,302.0377247830609,298.4231498333456,298.15562828077776
7.156932035927764,1.5,302.03887266001794,298.42344404496583,298.15564362826035
7.160557634730159,1.5,302.04002031442667,298.42373836065417,298.15565900465117
7.164183233532554,1.5,302.0411677464155,298.42403278033424,298.15567440997665
7.1678088323349485,1.5,302.04231495611305,298.42432730392994,298.15568984426324
7.171434431137343,1.5,302.0434619436474,298.424621931365,298.15570530753746
7.175060029939738,1.5,302.0446087091467,298.4249166625632,298.1557207998256
7.178685628742133,1.5,302.04575525273884,298.42521149744846,298.1557363211542
7.1823112275445276,1.5,302.04690157455155,298.4255064359447,298.1557518715497
7.185936826346922,1.5,302.0480476747124,298.4258014779759,298.15576745103834
7.189562425149317,1.5,302.0491935533488,298.4260966234661,298.1557830596466
7.193188023951712,1.5,302.050339210588,298.42639187233937,298.15579869740077
7.196813622754107,1.5,302.05148464655707,298.42668722451987,298.1558143643272
7.200439221556501,1.5,302.0526298613829,298.4269826799317,298.15583006045233
7.204064820358896,1.5,302.0537748551923,298.4272782384992,298.15584578580234
7.207690419161291,1.5,302.0549196281117,298.42757390014646,298.1558615404036
7.211316017963686,1.5,302.05606418026764,298.42786966479787,298.15587732428236
7.2149416167660805,1.5,302.05720851178626,298.4281655323778,298.15589313746483
7.218567215568475,1.5,302.05835262279373,298.42846150281065,298.1559089799775
7.22219281437087,1.5,302.059496513416,298.4287575760209,298.1559248518463
7.225818413173265,1.5,302.06064018377856,298.429053751933,298.15594075309764
7.22944401197566,1.5,302.0617836340073,298.4293500304716,298.1559566837577
7.233069610778054,1.5,302.0629268642275,298.42964641156107,298.15597264385275
7.236695209580449,1.5,302.06406987456444,298.4299428951264,298.1559886334089
7.240320808382844,1.5,302.06521266514324,298.43023948109186,298.1560046524523
7.243946407185239,1.5,302.0663552360888,298.43053616938255,298.15602070100914
7.247572005987633,1.5,302.0674975875259,298.4308329599231,298.1560367791055
7.251197604790028,1.5,302.06863971957915,298.4311298526384,298.15605288676755
7.254823203592423,1.5,302.0697816323731,298.43142684745317,298.15606902402146
7.258448802394818,1.5,302.070923326032,298.4317239442925,298.15608519089324
7.2620744011972125,1.5,302.07206480067987,298.43202114308133,298.156101387409
7.265699999999607,1.5,302.07320605644077,298.43231844374463,298.1561176135948
7.269325598802002,1.5,302.07434709343846,298.4326158462075,298.1561338694767
7.272951197604397,1.5,302.0754879117967,298.4329133503951,298.1561501550808
7.276576796406792,1.5,302.07662851163883,298.4332109562325,298.15616647043305
7.280202395209186,1.5,302.0777688930884,298.4335086636449,298.1561828155595
7.283827994011581,1.5,302.07890905626834,298.43380647255765,298.15619919048606
7.287453592813976,1.5,302.08004900130186,298.43410438289595,298.15621559523873
7.291079191616371,1.5,302.0811887283117,298.4344023945852,298.1562320298436
7.294704790418765,1.5,302.08232823742065,298.4347005075508,298.15624849432646
7.29833038922116,1.5,302.0834675287512,298.4349987217182,298.15626498871336
7.301955988023555,1.5,302.0846066024258,298.43529703701296,298.15628151303014
7.30558158682595,1.5,302.08574545856663,298.4355954533604,298.15629806730277
7.3092071856283445,1.5,302.0868840972958,298.43589397068627,298.15631465155707
7.312832784430739,1.5,302.08802251873516,298.43619258891613,298.156331265819
7.316458383233134,1.5,302.08916072300656,298.4364913079757,298.1563479101143
7.320083982035529,1.5,302.0902987102316,298.43679012779063,298.15636458446886
7.323709580837924,1.5,302.0914364805317,298.4370890482868,298.1563812889086
7.327335179640318,1.5,302.0925740340282,298.4373880693899,298.1563980234593
7.330960778442713,1.5,302.09371137084213,298.4376871910258,298.1564147881466
7.334586377245108,1.5,302.09484849109464,298.43798641312054,298.15643158299656
7.338211976047503,1.5,302.09598539490656,298.43828573559995,298.1564484080347
7.341837574849897,1.5,302.09712208239847,298.43858515839,298.15646526328686
7.345463173652292,1.5,302.098258553691,298.4388846814168,298.1564821487788
7.349088772454687,1.5,302.0993948089045,298.43918430460656,298.1564990645363
7.352714371257082,1.5,302.10053084815917,298.43948402788516,298.156516010585
7.3563399700594765,1.5,302.10166667157523,298.439783851179,298.1565329869506
7.359965568861871,1.5,302.10280227927245,298.44008377441423,298.15654999365876
7.363591167664266,1.5,302.10393767137066,298.4403837975171,298.1565670307352
7.367216766466661,1.5,302.1050728479895,298.440683920414,298.15658409820554
7.370842365269056,1.5,302.10620780924836,298.4409841430313,298.1566011960953
7.37446796407145,1.5,302.10734255526665,298.4412844652953,298.15661832443027
7.378093562873845,1.5,302.1084770861636,298.4415848871326,298.1566354832361
7.38171916167624,1.5,302.1096114020581,298.4418854084696,298.1566526725381
7.385344760478635,1.5,302.1107455030691,298.44218602923297,298.15666989236206
7.388970359281029,1.5,302.1118793893153,298.4424867493492,298.15668714273346
7.392595958083424,1.5,302.1130130609153,298.44278756874496,298.15670442367787
7.396221556885819,1.5,302.11414651798754,298.443088487347,298.1567217352208
7.399847155688214,1.5,302.11527976065025,298.44338950508205,298.1567390773877
7.4034727544906085,1.5,302.1164127890216,298.4436906218769,298.1567564502042
7.407098353293003,1.5,302.11754560321964,298.4439918376583,298.15677385369577
7.410723952095398,1.5,302.1186782033621,298.44429315235317,298.1567912878878
7.414349550897793,1.5,302.1198105895667,298.44459456588845,298.1568087528058
7.417975149700188,1.5,302.120942761951,298.4448960781911,298.156826248475
7.421600748502582,1.5,302.1220747206325,298.44519768918815,298.1568437749211
7.425226347304977,1.5,302.1232064657283,298.4454993988066,298.1568613321693
7.428851946107372,1.5,302.12433799735555,298.4458012069736,298.1568789202451
7.432477544909767,1.5,302.1254693156313,298.4461031136163,298.1568965391739
7.436103143712161,1.5,302.1266004206722,298.4464051186619,298.1569141889809
7.439728742514556,1.5,302.12773131259513,298.4467072220376,298.1569318696916
7.443354341316951,1.5,302.1288619915165,298.44700942367075,298.1569495813313
7.446979940119346,1.5,302.1299924575526,298.4473117234888,298.15696732392513
7.4506055389217405,1.5,302.13112271081985,298.44761412141884,298.15698509749865
7.454231137724135,1.5,302.13225275143424,298.44791661738856,298.15700290207695
7.45785673652653,1.5,302.1333825795118,298.44821921132524,298.15702073768534
7.461482335328925,1.5,302.1345121951682,298.4485219031565,298.157038604349
7.46510793413132,1.5,302.1356415985194,298.4488246928099,298.1570565020934
7.468733532933714,1.5,302.13677078968055,298.44912758021303,298.1570744309435
7.472359131736109,1.5,302.1378997687673,298.44943056529354,298.1570923909246
7.475984730538504,1.5,302.1390285358948,298.44973364797914,298.1571103820619
7.479610329340899,1.5,302.1401570911782,298.45003682819754,298.15712840438056
7.483235928143293,1.5,302.14128543473237,298.45034010587653,298.1571464579057
7.486861526945688,1.5,302.14241356667213,298.45064348094405,298.15716454266243
7.490487125748083,1.5,302.1435414871123,298.4509469533279,298.157182658676
7.494112724550478,1.5,302.14466919616734,298.451250522956,298.1572008059714
7.4977383233528725,1.5,302.1457966939516,298.45155418975634,298.1572189845737
7.501363922155267,1.5,302.14692398057934,298.45185795365694,298.1572371945081
7.504989520957662,1.5,302.1480510561647,298.4521618145858,298.1572554357995
7.508615119760057,1.5,302.14917792082167,298.45246577247116,298.1572737084731
7.512240718562452,1.5,302.1503045746641,298.452769827241,298.1572920125538
7.515866317364846,1.5,302.15143101780575,298.45307397882374,298.1573103480667
7.519491916167241,1.5,302.15255725036,298.4533782271475,298.15732871503667
7.523117514969636,1.5,302.15368327244045,298.4536825721404,298.1573471134888
7.526743113772031,1.5,302.1548090841604,298.4539870137311,298.15736554344807
7.530368712574425,1.5,302.1559346856328,298.45429155184775,298.15738400493933
7.53399431137682,1.5,302.1570600769709,298.45459618641894,298.15740249798756
7.537619910179215,1.5,302.1581852582874,298.454900917373,298.1574210226177
7.54124550898161,1.5,302.15931022969517,298.4552057446384,298.1574395788546
7.5448711077840045,1.5,302.16043499130666,298.4555106681439,298.15745816672313
7.548496706586399,1.5,302.1615595432345,298.45581568781796,298.1574767862482
7.552122305388794,1.5,302.16268388559087,298.4561208035893,298.15749543745466
7.555747904191189,1.5,302.1638080184881,298.45642601538646,298.1575141203674
7.559373502993584,1.5,302.16493194203815,298.4567313231384,298.15753283501107
7.562999101795978,1.5,302.166055656353,298.45703672677377,298.1575515814106
7.566624700598373,1.5,302.1671791615444,298.45734222622144,298.15757035959075
7.570250299400768,1.5,302.1683024577241,298.45764782141026,298.15758916957634
7.573875898203163,1.5,302.1694255450035,298.45795351226917,298.157608011392
7.577501497005557,1.5,302.17054842349404,298.45825929872717,298.1576268850626
7.581127095807952,1.5,302.171671093307,298.4585651807132,298.1576457906127
7.584752694610347,1.5,302.1727935545535,298.45887115815634,298.1576647280672
7.588378293412742,1.5,302.17391580734443,298.4591772309857,298.15768369745064
7.5920038922151365,1.5,302.17503785179076,298.45948339913036,298.1577026987878
7.595629491017531,1.5,302.17615968800317,298.4597896625196,298.1577217321032
7.599255089819926,1.5,302.17728131609226,298.4600960210826,298.1577407974216
7.602880688622321,1.5,302.17840273616844,298.4604024747487,298.1577598947676
7.606506287424716,1.5,302.17952394834214,298.4607090234471,298.15777902416573
7.61013188622711,1.5,302.18064495272347,298.4610156671073,298.1577981856408
7.613757485029505,1.5,302.1817657494225,298.4613224056586,298.1578173792171
7.6173830838319,1.5,302.18288633854917,298.4616292390306,298.15783660491934
7.621008682634295,1.5,302.1840067202133,298.4619361671526,298.157855862772
7.624634281436689,1.5,302.18512689452456,298.4622431899542,298.1578751527997
7.628259880239084,1.5,302.18624686159245,298.4625503073652,298.15789447502686
7.631885479041479,1.5,302.18736662152645,298.46285751931487,298.15791382947805
7.635511077843874,1.5,302.18848617443575,298.46316482573326,298.15793321617775
7.6391366766462685,1.5,302.1896055204296,298.46347222654987,298.1579526351503
7.642762275448663,1.5,302.19072465961693,298.4637797216945,298.1579720864202
7.646387874251058,1.5,302.1918435921067,298.464087311097,298.157991570012
7.650013473053453,1.5,302.1929623180077,298.46439499468715,298.15801108594997
7.653639071855848,1.5,302.19408083742843,298.46470277239496,298.1580306342586
7.657264670658242,1.5,302.19519915047755,298.46501064415025,298.1580502149621
7.660890269460637,1.5,302.19631725726333,298.4653186098832,298.158069828085
7.664515868263032,1.5,302.1974351578941,298.46562666952366,298.1580894736516
7.668141467065427,1.5,302.198552852478,298.46593482300176,298.1581091516862
7.671767065867821,1.5,302.19967034112295,298.46624307024763,298.1581288622131
7.675392664670216,1.5,302.2007876239369,298.46655141119146,298.1581486052567
7.679018263472611,1.5,302.20190470102756,298.4668598457634,298.15816838084123
7.682643862275006,1.5,302.2030215725025,298.4671683738938,298.15818818899095
7.6862694610774005,1.5,302.2041382384693,298.4674769955128,298.15820802973
7.689895059879795,1.5,302.2052546990352,298.4677857105509,298.1582279030828
7.69352065868219,1.5,302.20637095430766,298.4680945189384,298.1582478090734
7.697146257484585,1.5,302.2074870043935,298.4684034206058,298.1582677477261
7.70077185628698,1.5,302.20860284940005,298.4687124154835,298.158287719065
7.704397455089374,1.5,302.2097184894339,298.469021503502,298.1583077231143
7.708023053891769,1.5,302.2108339246019,298.46933068459197,298.1583277598982
7.711648652694164,1.5,302.2119491550107,298.46963995868396,298.1583478294408
7.715274251496559,1.5,302.2130641807667,298.46994932570857,298.1583679317662
7.718899850298953,1.5,302.21417900197633,298.47025878559657,298.15838806689845
7.722525449101348,1.5,302.2152936187459,298.4705683382786,298.15840823486167
7.726151047903743,1.5,302.2164080311814,298.4708779836856,298.15842843568
7.729776646706138,1.5,302.2175222393888,298.4711877217483,298.1584486693773
7.7334022455085325,1.5,302.2186362434742,298.4714975523976,298.1584689359778
7.737027844310927,1.5,302.2197500435431,298.47180747556433,298.15848923550544
7.740653443113322,1.5,302.22086363970135,298.4721174911795,298.1585095679842
7.744279041915717,1.5,302.2219770320543,298.4724275991741,298.15852993343805
7.747904640718112,1.5,302.2230902207075,298.47273779947926,298.158550331891
7.751530239520506,1.5,302.224203205766,298.473048092026,298.158570763367
7.755155838322901,1.5,302.2253159873351,298.4733584767454,298.1585912278899
7.758781437125296,1.5,302.2264285655197,298.47366895356873,298.1586117254837
7.762407035927691,1.5,302.22754094042483,298.4739795224271,298.15863225617215
7.766032634730085,1.5,302.22865311215526,298.4742901832519,298.1586528199793
7.76965823353248,1.5,302.2297650808156,298.4746009359743,298.15867341692905
7.773283832334875,1.5,302.23087684651034,298.4749117805258,298.158694047045
7.77690943113727,1.5,302.23198840934396,298.4752227168377,298.1587147103512
7.7805350299396645,1.5,302.2330997694208,298.4755337448414,298.15873540687136
7.784160628742059,1.5,302.234210926845,298.4758448644685,298.15875613662934
7.787786227544454,1.5,302.2353218817206,298.47615607565047,298.1587768996489
7.791411826346849,1.5,302.2364326341516,298.47646737831883,298.1587976959537
7.795037425149244,1.5,302.23754318424176,298.4767787724052,298.1588185255676
7.798663023951638,1.5,302.2386535320948,298.4770902578414,298.1588393885143
7.802288622754033,1.5,302.2397636778144,298.47740183455886,298.15886028481754
7.805914221556428,1.5,302.24087362150374,298.4777135024895,298.158881214501
7.809539820358823,1.5,302.24198336326657,298.47802526156505,298.1589021775883
7.813165419161217,1.5,302.2430929032059,298.47833711171734,298.1589231741031
7.816791017963612,1.5,302.24420224142483,298.4786490528783,298.1589442040691
7.820416616766007,1.5,302.24531137802643,298.47896108497974,298.15896526751
7.824042215568402,1.5,302.2464203131135,298.47927320795367,298.1589863644492
7.8276678143707965,1.5,302.24752904678894,298.47958542173217,298.15900749491044
7.831293413173191,1.5,302.24863757915523,298.47989772624715,298.15902865891735
7.834919011975586,1.5,302.2497459103151,298.48021012143073,298.1590498564933
7.838544610777981,1.5,302.25085404037077,298.48052260721505,298.15907108766197
7.842170209580376,1.5,302.25196196942466,298.48083518353235,298.15909235244686
7.84579580838277,1.5,302.2530696975789,298.4811478503148,298.15911365087146
7.849421407185165,1.5,302.2541772249356,298.4814606074946,298.15913498295924
7.85304700598756,1.5,302.2552845515966,298.4817734550042,298.15915634873375
7.856672604789955,1.5,302.2563916776639,298.4820863927758,298.1591777482183
7.860298203592349,1.5,302.2574986032391,298.4823994207418,298.1591991814365
7.863923802394744,1.5,302.25860532842387,298.48271253883473,298.15922064841175
7.867549401197139,1.5,302.25971185331974,298.483025746987,298.1592421491673
7.871174999999534,1.5,302.260818178028,298.4833390451311,298.1592636837267
7.8748005988019285,1.5,302.26192430264996,298.4836524331997,298.1592852521132
7.878426197604323,1.5,302.2630302272868,298.48396591112527,298.1593068543503
7.882051796406718,1.5,302.26413595203945,298.4842794788406,298.1593284904612
7.885677395209113,1.5,302.26524147700894,298.4845931362782,298.1593501604692
7.889302994011508,1.5,302.2663468022961,298.48490688337097,298.15937186439777
7.892928592813902,1.5,302.26745192800155,298.4852207200516,298.15939360227003
7.896554191616297,1.5,302.2685568542259,298.4855346462529,298.1594153741093
7.900179790418692,1.5,302.26966158106967,298.4858486619078,298.1594371799389
7.903805389221087,1.5,302.2707661086332,298.4861627669492,298.159459019782
7.907430988023481,1.5,302.2718704370167,298.48647696130996,298.15948089366174
7.911056586825876,1.5,302.27297456632033,298.4867912449231,298.1595028016015
7.914682185628271,1.5,302.2740784966442,298.4871056177217,298.15952474362433
7.918307784430666,1.5,302.2751822280881,298.4874200796388,298.1595467197534
7.9219333832330605,1.5,302.2762857607519,298.4877346306075,298.15956873001187
7.925558982035455,1.5,302.2773890947353,298.488049270561,298.1595907744229
7.92918458083785,1.5,302.27849223013783,298.4883639994325,298.15961285300955
7.932810179640245,1.5,302.27959516705903,298.48867881715523,298.159634965795
7.93643577844264,1.5,302.2806979055983,298.4889937236624,298.1596571128022
7.940061377245034,1.5,302.28180044585474,298.48930871888757,298.1596792940544
7.943686976047429,1.5,302.28290278792764,298.48962380276384,298.15970150957446
7.947312574849824,1.5,302.284004931916,298.4899389752248,298.15972375938554
7.950938173652219,1.5,302.2851068779187,298.49025423620384,298.15974604351055
7.954563772454613,1.5,302.2862086260345,298.4905695856345,298.1597683619725
7.958189371257008,1.5,302.2873101763623,298.49088502345023,298.1597907147944
7.961814970059403,1.5,302.2884115290006,298.49120054958473,298.1598131019992
7.965440568861798,1.5,302.28951268404774,298.4915161639716,298.1598355236098
7.9690661676641925,1.5,302.2906136416023,298.4918318665445,298.15985797964913
7.972691766466587,1.5,302.29171440176253,298.4921476572371,298.1598804701401
7.976317365268982,1.5,302.2928149646265,298.4924635359832,298.1599029951057
7.979942964071377,1.5,302.29391533029224,298.4927795027166,298.15992555456864
7.983568562873772,1.5,302.2950154988579,298.4930955573711,298.1599481485519
7.987194161676166,1.5,302.2961154704211,298.4934116998806,298.1599707770782
7.990819760478561,1.5,302.29721524507977,298.49372793017903,298.1599934401704
7.994445359280956,1.5,302.29831482293145,298.4940442482004,298.16001613785136
7.998070958083351,1.5,302.29941420407357,298.4943606538786,298.16003887014386
8.001696556885745,1.5,302.30051338860363,298.49467714714774,298.1600616370705
8.005322155688141,1.5,302.30161237661895,298.494993727942,298.1600844386542
8.008947754490537,1.5,302.3027111682167,298.4953103961954,298.1601072749177
8.012573353292932,1.5,302.30380976349403,298.49562715184226,298.1601301458836
8.016198952095328,1.5,302.3049081625479,298.49594399481657,298.1601530515747
8.019824550897724,1.5,302.3060063654752,298.49626092505275,298.1601759920136
8.02345014970012,1.5,302.30710437237263,298.4965779424851,298.16019896722304
8.027075748502515,1.5,302.30820218333696,298.49689504704793,298.16022197722555
8.03070134730491,1.5,302.30929979846474,298.49721223867556,298.1602450220438
8.034326946107306,1.5,302.31039721785237,298.49752951730255,298.1602681017004
8.037952544909702,1.5,302.3114944415963,298.49784688286326,298.160291216218
8.041578143712098,1.5,302.3125914697929,298.49816433529236,298.16031436561923
8.045203742514493,1.5,302.313688302538,298.49848187452426,298.16033754992645
8.048829341316889,1.5,302.3147849399279,298.49879950049353,298.1603607691623
8.052454940119285,1.5,302.3158813820585,298.4991172131349,298.1603840233493
8.05608053892168,1.5,302.31697762902553,298.4994350123831,298.16040731250996
8.059706137724076,1.5,302.31807368092484,298.49975289817274,298.1604306366667
8.063331736526472,1.5,302.319169537852,298.50007087043855,298.1604539958421
8.066957335328867,1.5,302.32026519990256,298.5003889291155,298.16047739005853
8.070582934131263,1.5,302.32136066717203,298.5007070741383,298.1605008193385
8.074208532933659,1.5,302.3224559397556,298.5010253054419,298.16052428370426
8.077834131736054,1.5,302.3235510177486,298.5013436229612,298.16054778317846
8.08145973053845,1.5,302.3246459012462,298.50166202663115,298.1605713177832
8.085085329340846,1.5,302.3257405903432,298.5019805163869,298.16059488754104
8.088710928143241,1.5,302.3268350851347,298.5022990921633,298.16061849247427
8.092336526945637,1.5,302.32792938571544,298.5026177538956,298.16064213260523
8.095962125748033,1.5,302.3290234921801,298.5029365015189,298.16066580795626
8.099587724550428,1.5,302.33011740462354,298.50325533496834,298.1606895185495
8.103213323352824,1.5,302.33121112313995,298.5035742541793,298.1607132644073
8.10683892215522,1.5,302.3323046478239,298.5038932590868,298.1607370455521
8.110464520957615,1.5,302.3333979787696,298.5042123496263,298.1607608620058
8.11409011976001,1.5,302.3344911160714,298.5045315257331,298.1607847137909
8.117715718562406,1.5,302.3355840598233,298.5048507873426,298.16080860092956
8.121341317364802,1.5,302.3366768101194,298.5051701343902,298.16083252344384
8.124966916167198,1.5,302.33776936705357,298.50548956681143,298.160856481356
8.128592514969593,1.5,302.33886173071954,298.5058090845418,298.16088047468816
8.132218113771989,1.5,302.3399539012111,298.5061286875168,298.1609045034625
8.135843712574385,1.5,302.3410458786219,298.50644837567205,298.1609285677011
8.13946931137678,1.5,302.34213766304543,298.50676814894325,298.16095266742605
8.143094910179176,1.5,302.3432292545751,298.507088007266,298.1609768026594
8.146720508981572,1.5,302.3443206533041,298.5074079505761,298.1610009734233
8.150346107783967,1.5,302.34541185932585,298.5077279788092,298.1610251797397
8.153971706586363,1.5,302.34650287273325,298.5080480919012,298.1610494216307
8.157597305388759,1.5,302.34759369361956,298.5083682897878,298.1610736991183
8.161222904191154,1.5,302.3486843220775,298.50868857240516,298.16109801222444
8.16484850299355,1.5,302.34977475819994,298.5090089396889,298.16112236097115
8.168474101795946,1.5,302.3508650020797,298.50932939157514,298.16114674538034
8.172099700598341,1.5,302.35195505380926,298.50964992799993,298.16117116547395
8.175725299400737,1.5,302.35304491348126,298.5099705488992,298.161195621274
8.179350898203133,1.5,302.3541345811881,298.51029125420916,298.1612201128022
8.182976497005528,1.5,302.35522405702204,298.5106120438658,298.1612446400806
8.186602095807924,1.5,302.35631334107546,298.51093291780546,298.16126920313104
8.19022769461032,1.5,302.35740243344037,298.51125387596426,298.1612938019754
8.193853293412715,1.5,302.35849133420896,298.51157491827837,298.1613184366353
8.197478892215111,1.5,302.35958004347304,298.51189604468425,298.16134310713284
8.201104491017507,1.5,302.36066856132453,298.5122172551181,298.16136781348956
8.204730089819902,1.5,302.3617568878551,298.5125385495164,298.1613925557275
8.208355688622298,1.5,302.3628450231566,298.51285992781555,298.1614173338682
8.211981287424694,1.5,302.3639329673204,298.51318138995197,298.16144214793354
8.21560688622709,1.5,302.36502072043805,298.5135029358622,298.1614669979451
8.219232485029485,1.5,302.366108282601,298.51382456548276,298.1614918839247
8.22285808383188,1.5,302.36719565390035,298.5141462787502,298.1615168058941
8.226483682634276,1.5,302.3682828344275,298.5144680756012,298.16154176387477
8.230109281436672,1.5,302.36936982427335,298.5147899559724,298.16156675788847
8.233734880239068,1.5,302.3704566235289,298.5151119198005,298.16159178795687
8.237360479041463,1.5,302.37154323228526,298.5154339670222,298.1616168541015
8.240986077843859,1.5,302.372629650633,298.5157560975744,298.16164195634406
8.244611676646254,1.5,302.37371587866295,298.5160783113938,298.1616670947061
8.24823727544865,1.5,302.3748019164657,298.5164006084174,298.16169226920914
8.251862874251046,1.5,302.37588776413185,298.516722988582,298.16171747987477
8.255488473053441,1.5,302.3769734217517,298.5170454518246,298.16174272672447
8.259114071855837,1.5,302.3780588894156,298.5173679980821,298.1617680097798
8.262739670658233,1.5,302.37914416721395,298.51769062729164,298.1617933290622
8.266365269460628,1.5,302.38022925523677,298.5180133393903,298.1618186845932
8.269990868263024,1.5,302.3813141535741,298.5183361343151,298.16184407639423
8.27361646706542,1.5,302.382398862316,298.51865901200324,298.16186950448673
8.277242065867815,1.5,302.3834833815523,298.51898197239194,298.16189496889217
8.280867664670211,1.5,302.38456771137277,298.51930501541835,298.1619204696318
8.284493263472607,1.5,302.385651851867,298.51962814101984,298.1619460067272
8.288118862275002,1.5,302.38673580312474,298.51995134913363,298.1619715801996
8.291744461077398,1.5,302.3878195652355,298.5202746396972,298.1619971900704
8.295370059879794,1.5,302.3889031382886,298.52059801264784,298.1620228363609
8.29899565868219,1.5,302.38998652237336,298.520921467923,298.1620485190925
8.302621257484585,1.5,302.39106971757906,298.5212450054602,298.1620742382864
8.30624685628698,1.5,302.39215272399485,298.5215686251969,298.16209999396386
8.309872455089376,1.5,302.3932355417097,298.5218923270707,298.16212578614625
8.313498053891772,1.5,302.3943181708127,298.5222161110192,298.1621516148548
8.317123652694168,1.5,302.3954006113926,298.52253997697994,298.1621774801106
8.320749251496563,1.5,302.3964828635382,298.52286392489077,298.16220338193494
8.324374850298959,1.5,302.3975649273382,298.52318795468926,298.16222932034907
8.328000449101355,1.5,302.3986468028812,298.52351206631323,298.16225529537405
8.33162604790375,1.5,302.39972849025565,298.52383625970043,298.1622813070311
8.335251646706146,1.5,302.40080998955005,298.5241605347888,298.16230735534134
8.338877245508542,1.5,302.40189130085264,298.52448489151607,298.16233344032594
8.342502844310937,1.5,302.40297242425174,298.5248093298203,298.16235956200586
8.346128443113333,1.5,302.4040533598354,298.52513384963936,298.1623857204022
8.349754041915729,1.5,302.4051341076918,298.52545845091134,298.16241191553615
8.353379640718124,1.5,302.4062146679088,298.5257831335742,298.1624381474287
8.35700523952052,1.5,302.4072950405743,298.526107897566,298.16246441610076
8.360630838322916,1.5,302.4083752257761,298.52643274282497,298.1624907215735
8.364256437125311,1.5,302.4094552236019,298.5267576692891,298.1625170638678
8.367882035927707,1.5,302.4105350341394,298.5270826768967,298.1625434430047
8.371507634730103,1.5,302.411614657476,298.5274077655861,298.1625698590052
8.375133233532498,1.5,302.4126940936991,298.5277329352954,298.16259631189007
8.378758832334894,1.5,302.4137733428962,298.52805818596295,298.16262280168036
8.38238443113729,1.5,302.4148524051544,298.5283835175272,298.1626493283969
8.386010029939685,1.5,302.4159312805611,298.5287089299265,298.1626758920607
8.38963562874208,1.5,302.4170099692031,298.52903442309923,298.1627024926924
8.393261227544476,1.5,302.4180884711676,298.529359996984,298.162729130313
8.396886826346872,1.5,302.41916678654144,298.5296856515193,298.1627558049433
8.400512425149268,1.5,302.42024491541144,298.53001138664354,298.1627825166041
8.404138023951663,1.5,302.42132285786437,298.5303372022954,298.1628092653163
8.407763622754059,1.5,302.42240061398684,298.5306630984137,298.1628360511005
8.411389221556455,1.5,302.4234781838654,298.5309890749368,298.1628628739775
8.41501482035885,1.5,302.4245555675866,298.5313151318037,298.16288973396803
8.418640419161246,1.5,302.42563276523674,298.53164126895297,298.1629166310929
8.422266017963642,1.5,302.4267097769022,298.5319674863234,298.1629435653727
8.425891616766037,1.5,302.42778660266913,298.5322937838541,298.1629705368283
8.429517215568433,1.5,302.4288632426238,298.5326201614836,298.16299754548015
8.433142814370829,1.5,302.42993969685205,298.53294661915095,298.163024591349
8.436768413173224,1.5,302.43101596543994,298.53327315679513,298.1630516744554
8.44039401197562,1.5,302.43209204847335,298.53359977435514,298.16307879482
8.444019610778016,1.5,302.43316794603805,298.5339264717701,298.1631059524635
8.447645209580411,1.5,302.4342436582198,298.53425324897887,298.16313314740626
8.451270808382807,1.5,302.4353191851042,298.53458010592067,298.163160379669
8.454896407185203,1.5,302.4363945267767,298.5349070425347,298.16318764927223
8.458522005987598,1.5,302.43746968332283,298.5352340587601,298.1632149562365
8.462147604789994,1.5,302.4385446548279,298.5355611545361,298.1632423005822
8.46577320359239,1.5,302.4396194413773,298.535888329802,298.16326968232994
8.469398802394785,1.5,302.4406940430561,298.53621558449703,298.1632971015001
8.473024401197181,1.5,302.4417684599495,298.53654291856066,298.16332455811323
8.476649999999577,1.5,302.44284269214245,298.5368703319322,298.16335205218957
8.480275598801972,1.5,302.44391673972,298.5371978245512,298.16337958374976
8.483901197604368,1.5,302.44499060276695,298.53752539635695,298.163407152814
8.487526796406764,1.5,302.446064281368,298.5378530472891,298.1634347594028
8.49115239520916,1.5,302.447137775608,298.5381807772871,298.1634624035364
8.494777994011555,1.5,302.4482110855715,298.5385085862906,298.16349008523525
8.49840359281395,1.5,302.44928421134296,298.5388364742392,298.1635178045196
8.502029191616346,1.5,302.45035715300685,298.5391644410726,298.16354556140976
8.505654790418742,1.5,302.4514299106476,298.53949248673047,298.163573355926
8.509280389221137,1.5,302.45250248434945,298.53982061115255,298.16360118808876
8.512905988023533,1.5,302.45357487419653,298.5401488142786,298.16362905791806
8.516531586825929,1.5,302.45464708027305,298.5404770960485,298.16365696543414
8.520157185628324,1.5,302.45571910266307,298.54080545640204,298.16368491065737
8.52378278443072,1.5,302.45679094145044,298.54113389527924,298.16371289360785
8.527408383233116,1.5,302.45786259671905,298.5414624126199,298.1637409143057
8.531033982035511,1.5,302.45893406855276,298.54179100836416,298.16376897277127
8.534659580837907,1.5,302.4600053570352,298.5421196824518,298.16379706902455
8.538285179640303,1.5,302.46107646225,298.5424484348232,298.1638252030856
8.541910778442698,1.5,302.46214738428074,298.5427772654182,298.1638533749747
8.545536377245094,1.5,302.4632181232109,298.54310617417696,298.1638815847117
8.54916197604749,1.5,302.46428867912374,298.5434351610397,298.16390983231696
8.552787574849885,1.5,302.46535905210266,298.54376422594675,298.1639381178103
8.556413173652281,1.5,302.46642924223084,298.54409336883816,298.16396644121187
8.560038772454677,1.5,302.46749924959147,298.5444225896543,298.1639948025416
8.563664371257072,1.5,302.4685690742675,298.54475188833555,298.16402320181953
8.567289970059468,1.5,302.46963871634205,298.5450812648223,298.16405163906563
8.570915568861864,1.5,302.4707081758979,298.54541071905476,298.1640801142999
8.57454116766426,1.5,302.4717774530179,298.5457402509736,298.16410862754225
8.578166766466655,1.5,302.47284654778485,298.54606986051914,298.1641371788125
8.58179236526905,1.5,302.4739154602813,298.5463995476321,298.1641657681307
8.585417964071446,1.5,302.47498419058985,298.54672931225286,298.1641943955167
8.589043562873842,1.5,302.4760527387931,298.5470591543221,298.1642230609903
8.592669161676238,1.5,302.4771211049734,298.5473890737804,298.1642517645715
8.596294760478633,1.5,302.478189289213,298.5477190705685,298.1642805062799
8.599920359281029,1.5,302.4792572915943,298.5480491446272,298.16430928613545
8.603545958083425,1.5,302.4803251121994,298.54837929589706,298.16433810415805
8.60717155688582,1.5,302.4813927511104,298.548709524319,298.16436696036726
8.610797155688216,1.5,302.48246020840935,298.54903982983376,298.1643958547829
8.614422754490612,1.5,302.48352748417824,298.54937021238237,298.1644247874248
8.618048353293007,1.5,302.48459457849884,298.54970067190567,298.1644537583127
8.621673952095403,1.5,302.485661491453,298.55003120834454,298.16448276746615
8.625299550897799,1.5,302.4867282231223,298.55036182164,298.164511814905
8.628925149700194,1.5,302.48779477358863,298.55069251173313,298.1645409006487
8.63255074850259,1.5,302.48886114293333,298.55102327856497,298.1645700247171
8.636176347304986,1.5,302.48992733123794,298.55135412207653,298.16459918712974
8.639801946107381,1.5,302.49099333858385,298.5516850422091,298.16462838790636
8.643427544909777,1.5,302.49205916505235,298.55201603890384,298.1646576270664
8.647053143712172,1.5,302.49312481072474,298.55234711210187,298.16468690462943
8.650678742514568,1.5,302.4941902756822,298.5526782617445,298.1647162206151
8.654304341316964,1.5,302.49525556000566,298.55300948777307,298.1647455750429
8.65792994011936,1.5,302.4963206637763,298.55334079012886,298.1647749679324
8.661555538921755,1.5,302.4973855870751,298.5536721687532,298.164804399303
8.66518113772415,1.5,302.49845032998275,298.55400362358756,298.1648338691743
8.668806736526546,1.5,302.49951489258007,298.5543351545735,298.1648633775657
8.672432335328942,1.5,302.50057927494777,298.5546667616523,298.1648929244967
8.676057934131338,1.5,302.50164347716657,298.5549984447656,298.1649225099867
8.679683532933733,1.5,302.5027074993169,298.5553302038549,298.16495213405506
8.683309131736129,1.5,302.50377134147925,298.55566203886184,298.1649817967213
8.686934730538525,1.5,302.50483500373406,298.55599394972813,298.1650114980047
8.69056032934092,1.5,302.5058984861617,298.55632593639535,298.1650412379246
8.694185928143316,1.5,302.5069617888423,298.55665799880524,298.1650710165004
8.697811526945712,1.5,302.5080249118562,298.5569901368996,298.16510083375147
8.701437125748107,1.5,302.5090878552833,298.5573223506202,298.165130689697
8.705062724550503,1.5,302.5101506192038,298.55765463990883,298.1651605843563
8.708688323352899,1.5,302.51121320369754,298.5579870047074,298.16519051774867
8.712313922155294,1.5,302.5122756088444,298.5583194449579,298.16522048989333
8.71593952095769,1.5,302.51333783472415,298.55865196060205,298.1652505008095
8.719565119760086,1.5,302.5143998814165,298.558984551582,298.1652805505165
8.723190718562481,1.5,302.5154617490012,298.5593172178397,298.1653106390334
8.726816317364877,1.5,302.51652343755774,298.5596499593173,298.1653407663794
8.730441916167273,1.5,302.51758494716563,298.5599827759569,298.1653709325737
8.734067514969668,1.5,302.51864627790434,298.5603156677005,298.1654011376354
8.737693113772064,1.5,302.5197074298531,298.56064863449035,298.16543138158363
8.74131871257446,1.5,302.5207684030914,298.5609816762687,298.1654616644375
8.744944311376855,1.5,302.5218291976982,298.5613147929777,298.16549198621607
8.748569910179251,1.5,302.5228898137527,298.5616479845598,298.1655223469384
8.752195508981647,1.5,302.5239502513341,298.5619812509572,298.16555274662363
8.755821107784042,1.5,302.5250105105212,298.5623145921123,298.1655831852907
8.759446706586438,1.5,302.526070591393,298.5626480079674,298.16561366295866
8.763072305388834,1.5,302.52713049402826,298.5629814984652,298.16564417964645
8.76669790419123,1.5,302.52819021850576,298.56331506354786,298.16567473537316
8.770323502993625,1.5,302.52924976490425,298.5636487031581,298.16570533015766
8.77394910179602,1.5,302.53030913330224,298.5639824172384,298.1657359640189
8.777574700598416,1.5,302.53136832377834,298.56431620573136,298.1657666369757
8.781200299400812,1.5,302.53242733641105,298.5646500685796,298.16579734904724
8.784825898203207,1.5,302.53348617127864,298.56498400572576,298.1658281002521
8.788451497005603,1.5,302.5345448284595,298.56531801711265,298.16585889060934
8.792077095807999,1.5,302.53560330803197,298.56565210268286,298.16588972013767
8.795702694610394,1.5,302.5366616100741,298.56598626237934,298.16592058885607
8.79932829341279,1.5,302.537719734664,298.5663204961448,298.16595149678324
8.802953892215186,1.5,302.53877768187976,298.56665480392206,298.165982443938
8.806579491017581,1.5,302.5398354517993,298.566989185654,298.16601343033915
8.810205089819977,1.5,302.5408930445006,298.5673236412837,298.1660444560054
8.813830688622373,1.5,302.5419504600613,298.56765817075393,298.16607552095553
8.817456287424768,1.5,302.5430076985593,298.56799277400785,298.16610662520833
8.821081886227164,1.5,302.5440647600722,298.5683274509884,298.1661377687823
8.82470748502956,1.5,302.5451216446777,298.56866220163874,298.1661689516963
8.828333083831955,1.5,302.5461783524531,298.568997025902,298.166200173969
8.831958682634351,1.5,302.54723488347616,298.56933192372117,298.1662314356189
8.835584281436747,1.5,302.5482912378241,298.5696668950396,298.1662627366648
8.839209880239142,1.5,302.5493474155743,298.5700019398004,298.16629407712514
8.842835479041538,1.5,302.5504034168039,298.5703370579469,298.1663254570186
8.846461077843934,1.5,302.5514592415901,298.5706722494225,298.1663568763638
8.85008667664633,1.5,302.5525148900102,298.57100751417033,298.16638833517925
8.853712275448725,1.5,302.553570362141,298.57134285213397,298.1664198334835
8.85733787425112,1.5,302.5546256580596,298.57167826325673,298.166451371295
8.860963473053516,1.5,302.5556807778428,298.572013747482,298.1664829486324
8.864589071855912,1.5,302.5567357215675,298.57234930475346,298.1665145655141
8.868214670658308,1.5,302.5577904893105,298.5726849350144,298.16654622195847
8.871840269460703,1.5,302.5588450811484,298.5730206382086,298.1665779179841
8.875465868263099,1.5,302.55989949715774,298.57335641427954,298.1666096536093
8.879091467065495,1.5,302.5609537374152,298.57369226317087,298.1666414288527
8.88271706586789,1.5,302.56200780199725,298.57402818482626,298.1666732437324
8.886342664670286,1.5,302.56306169098025,298.57436417918944,298.166705098267
8.889968263472682,1.5,302.56411540444054,298.57470024620415,298.1667369924748
8.893593862275077,1.5,302.5651689424544,298.5750363858142,298.1667689263741
8.897219461077473,1.5,302.56622230509805,298.5753725979634,298.1668008999832
8.900845059879869,1.5,302.5672754924476,298.5757088825956,298.16683291332043
8.904470658682264,1.5,302.5683285045791,298.5760452396547,298.16686496640403
8.90809625748466,1.5,302.5693813415686,298.5763816690846,298.1668970592524
8.911721856287055,1.5,302.5704340034919,298.57671817082934,298.1669291918836
8.915347455089451,1.5,302.571486490425,298.5770547448329,298.166961364316
8.918973053891847,1.5,302.5725388024436,298.5773913910393,298.1669935765678
8.922598652694242,1.5,302.57359093962344,298.57772810939264,298.16702582865713
8.926224251496638,1.5,302.57464290204024,298.578064899837,298.16705812060223
8.929849850299034,1.5,302.5756946897695,298.5784017623167,298.1670904524212
8.93347544910143,1.5,302.57674630288665,298.5787386967757,298.16712282413226
8.937101047903825,1.5,302.5777977414673,298.5790757031584,298.1671552357534
8.94072664670622,1.5,302.5788490055868,298.57941278140896,298.16718768730277
8.944352245508616,1.5,302.5799000953204,298.5797499314717,298.1672201787985
8.947977844311012,1.5,302.5809510107434,298.5800871532911,298.16725271025865
8.951603443113408,1.5,302.58200175193093,298.5804244468114,298.1672852817013
8.955229041915803,1.5,302.5830523189581,298.58076181197697,298.16731789314434
8.958854640718199,1.5,302.5841027119,298.58109924873236,298.16735054460594
8.962480239520595,1.5,302.58515293083155,298.581436757022,298.16738323610394
8.96610583832299,1.5,302.5862029758277,298.5817743367904,298.16741596765644
8.969731437125386,1.5,302.58725284696334,298.58211198798216,298.1674487392813
8.973357035927782,1.5,302.5883025443131,298.58244971054194,298.16748155099657
8.976982634730177,1.5,302.58935206795184,298.5827875044143,298.16751440282013
8.980608233532573,1.5,302.59040141795407,298.5831253695439,298.16754729476986
8.984233832334969,1.5,302.5914505943944,298.58346330587545,298.1675802268636
8.987859431137364,1.5,302.59249959734746,298.5838013133537,298.1676131991192
8.99148502993976,1.5,302.5935484268876,298.5841393919235,298.16764621155465
8.995110628742156,1.5,302.5945970830891,298.58447754152957,298.1676792641877
8.998736227544551,1.5,302.5956455660264,298.58481576211676,298.1677123570362
9.002361826346947,1.5,302.5966938757738,298.58515405363,298.16774549011785
9.005987425149343,1.5,302.59774201240526,298.5854924160143,298.1677786634504
9.009613023951738,1.5,302.5987899759951,298.5858308492144,298.1678118770518
9.013238622754134,1.5,302.5998377666172,298.5861693531755,298.1678451309396
9.01686422155653,1.5,302.6008853843457,298.58650792784255,298.1678784251317
9.020489820358925,1.5,302.60193282925445,298.5868465731607,298.16791175964556
9.02411541916132,1.5,302.6029801014173,298.58718528907497,298.16794513449906
9.027741017963717,1.5,302.60402720090804,298.5875240755305,298.16797854970974
9.031366616766112,1.5,302.6050741278003,298.58786293247243,298.16801200529534
9.034992215568508,1.5,302.6061208821679,298.58820185984615,298.16804550127347
9.038617814370904,1.5,302.6071674640843,298.58854085759674,298.16807903766176
9.0422434131733,1.5,302.6082138736231,298.58887992566963,298.1681126144777
9.045869011975695,1.5,302.6092601108577,298.58921906401,298.168146231739
9.04949461077809,1.5,302.6103061758615,298.5895582725634,298.16817988946315
9.053120209580486,1.5,302.6113520687079,298.58989755127504,298.1682135876677
9.056745808382882,1.5,302.6123977894702,298.5902369000904,298.1682473263702
9.060371407185277,1.5,302.61344333822143,298.590576318955,298.1682811055881
9.063997005987673,1.5,302.61448871503484,298.5909158078144,298.16831492533885
9.067622604790069,1.5,302.61553391998353,298.59125536661395,298.16834878564
9.071248203592464,1.5,302.61657895314056,298.59159499529943,298.16838268650895
9.07487380239486,1.5,302.61762381457874,298.5919346938163,298.16841662796315
9.078499401197256,1.5,302.618668504371,298.59227446211025,298.16845061002
9.082124999999651,1.5,302.61971302259013,298.59261430012714,298.16848463269696
9.085750598802047,1.5,302.620757369309,298.5929542078125,298.1685186960113
9.089376197604443,1.5,302.62180154460015,298.59329418511214,298.16855279998043
9.093001796406838,1.5,302.62284554853636,298.5936342319718,298.16858694462167
9.096627395209234,1.5,302.6238893811901,298.59397434833744,298.16862112995244
9.10025299401163,1.5,302.62493304263387,298.59431453415476,298.1686553559899
9.103878592814025,1.5,302.6259765329402,298.5946547893699,298.16868962275146
9.107504191616421,1.5,302.62701985218126,298.5949951139285,298.16872393025426
9.111129790418817,1.5,302.6280630004296,298.59533550777684,298.16875827851567
9.114755389221212,1.5,302.6291059777574,298.59567597086067,298.1687926675528
9.118380988023608,1.5,302.63014878423684,298.5960165031262,298.168827097383
9.122006586826004,1.5,302.6311914199399,298.5963571045194,298.16886156802326
9.1256321856284,1.5,302.63223388493896,298.5966977749865,298.168896079491
9.129257784430795,1.5,302.6332761793057,298.59703851447364,298.1689306318032
9.13288338323319,1.5,302.63431830311225,298.5973793229269,298.1689652249771
9.136508982035586,1.5,302.63536025643043,298.5977202002926,298.16899985902984
9.140134580837982,1.5,302.6364020393321,298.598061146517,298.1690345339784
9.143760179640378,1.5,302.63744365188893,298.59840216154635,298.16906924984
9.147385778442773,1.5,302.6384850941726,298.598743245327,298.16910400663164
9.151011377245169,1.5,302.6395263662548,298.59908439780537,298.16913880437033
9.154636976047565,1.5,302.6405674682071,298.5994256189278,298.16917364307324
9.15826257484996,1.5,302.64160840010106,298.5997669086408,298.16920852275723
9.161888173652356,1.5,302.642649162008,298.60010826689074,298.1692434434394
9.165513772454752,1.5,302.64368975399935,298.60044969362417,298.1692784051367
9.169139371257147,1.5,302.6447301761464,298.6007911887877,298.16931340786607
9.172764970059543,1.5,302.6457704285205,298.60113275232777,298.16934845164445
9.176390568861938,1.5,302.6468105111928,298.6014743841912,298.16938353648874
9.180016167664334,1.5,302.64785042423443,298.6018160843245,298.16941866241586
9.18364176646673,1.5,302.64889016771644,298.6021578526744,298.16945382944283
9.187267365269125,1.5,302.64992974170985,298.60249968918765,298.16948903758635
9.190892964071521,1.5,302.65096914628566,298.6028415938109,298.16952428686335
9.194518562873917,1.5,302.65200838151475,298.6031835664911,298.16955957729067
9.198144161676312,1.5,302.6530474474679,298.603525607175,298.169594908885
9.201769760478708,1.5,302.654086344216,298.6038677158095,298.16963028166333
9.205395359281104,1.5,302.6551250718296,298.6042098923414,298.1696656956423
9.2090209580835,1.5,302.65616363037947,298.6045521367177,298.1697011508388
9.212646556885895,1.5,302.6572020199362,298.60489444888543,298.1697366472695
9.21627215568829,1.5,302.6582402405703,298.60523682879153,298.16977218495106
9.219897754490686,1.5,302.6592782923522,298.6055792763831,298.16980776390017
9.223523353293082,1.5,302.6603161753524,298.60592179160716,298.16984338413374
9.227148952095478,1.5,302.66135388964125,298.60626437441084,298.1698790456682
9.230774550897873,1.5,302.66239143528884,298.60660702474127,298.16991474852034
9.234400149700269,1.5,302.6634288123657,298.6069497425457,298.1699504927068
9.238025748502665,1.5,302.6644660209418,298.6072925277712,298.1699862782441
9.24165134730506,1.5,302.6655030610873,298.60763538036525,298.17002210514886
9.245276946107456,1.5,302.66653993287224,298.607978300275,298.1700579734378
9.248902544909852,1.5,302.6675766363666,298.6083212874477,298.17009388312727
9.252528143712247,1.5,302.66861317164046,298.60866434183094,298.170129834234
9.256153742514643,1.5,302.66964953876357,298.6090074633719,298.17016582677445
9.259779341317039,1.5,302.6706857378057,298.60935065201807,298.1702018607651
9.263404940119434,1.5,302.6717217688368,298.609693907717,298.1702379362224
9.26703053892183,1.5,302.67275763192634,298.610037230416,298.170274053163
9.270656137724226,1.5,302.6737933271441,298.61038062006287,298.1703102116032
9.274281736526621,1.5,302.6748288545596,298.610724076605,298.1703464115595
9.277907335329017,1.5,302.67586421424244,298.61106759999,298.17038265304825
9.281532934131413,1.5,302.67689940626207,298.6114111901656,298.1704189360859
9.285158532933808,1.5,302.67793443068774,298.6117548470794,298.1704552606889
9.288784131736204,1.5,302.67896928758904,298.6120985706791,298.1704916268735
9.2924097305386,1.5,302.680003977035,298.61244236091244,298.1705280346562
9.296035329340995,1.5,302.6810384990951,298.61278621772726,298.17056448405316
9.29966092814339,1.5,302.6820728538384,298.6131301410714,298.17060097508073
9.303286526945787,1.5,302.683107041334,298.6134741308926,298.17063750775526
9.306912125748182,1.5,302.684141061651,298.61381818713886,298.170674082093
9.310537724550578,1.5,302.6851749148584,298.61416230975806,298.1707106981102
9.314163323352973,1.5,302.68620860102504,298.61450649869806,298.17074735582315
9.31778892215537,1.5,302.68724212021993,298.614850753907,298.170784055248
9.321414520957765,1.5,302.68827547251186,298.61519507533274,298.1708207964011
9.32504011976016,1.5,302.6893086579695,298.61553946292355,298.1708575792984
9.328665718562556,1.5,302.6903416766618,298.61588391662735,298.1708944039562
9.332291317364952,1.5,302.69137452865715,298.6162284363923,298.1709312703907
9.335916916167347,1.5,302.69240721402434,298.6165730221666,298.170968178618
9.339542514969743,1.5,302.6934397328318,298.61691767389846,298.1710051286542
9.343168113772139,1.5,302.694472085148,298.61726239153603,298.1710421205153
9.346793712574534,1.5,302.69550427104144,298.6176071750277,298.1710791542176
9.35041931137693,1.5,302.69653629058047,298.61795202432165,298.1711162297769
9.354044910179326,1.5,302.69756814383345,298.6182969393663,298.17115334720944
9.357670508981721,1.5,302.6985998308685,298.61864192011,298.1711905065312
9.361296107784117,1.5,302.69963135175396,298.6189869665011,298.1712277077582
9.364921706586513,1.5,302.7006627065579,298.6193320784881,298.17126495090633
9.368547305388908,1.5,302.7016938953484,298.61967725601943,298.1713022359917
9.372172904191304,1.5,302.70272491819355,298.62002249904367,298.17133956303013
9.3757985029937,1.5,302.70375577516126,298.6203678075093,298.1713769320377
9.379424101796095,1.5,302.7047864663195,298.620713181365,298.17141434303016
9.383049700598491,1.5,302.705816991736,298.62105862055915,298.1714517960236
9.386675299400887,1.5,302.70684735147876,298.6214041250406,298.1714892910337
9.390300898203282,1.5,302.7078775456154,298.621749694758,298.1715268280765
9.393926497005678,1.5,302.70890757421364,298.6220953296601,298.1715644071678
9.397552095808074,1.5,302.7099374373412,298.62244102969555,298.1716020283234
9.40117769461047,1.5,302.7109671350656,298.6227867948132,298.17163969155905
9.404803293412865,1.5,302.71199666745423,298.6231326249618,298.17167739689063
9.40842889221526,1.5,302.71302603457474,298.62347852009026,298.171715144334
9.412054491017656,1.5,302.7140552364945,298.6238244801475,298.1717529339047
9.415680089820052,1.5,302.71508427328087,298.6241705050823,298.17179076561865
9.419305688622448,1.5,302.71611314500115,298.62451659484384,298.17182863949154
9.422931287424843,1.5,302.7171418517226,298.6248627493809,298.171866555539
9.426556886227239,1.5,302.71817039351237,298.6252089686426,298.17190451377667
9.430182485029635,1.5,302.7191987704377,298.625555252578,298.1719425142204
9.43380808383203,1.5,302.7202269825655,298.6259016011362,298.1719805568857
9.437433682634426,1.5,302.72125502996295,298.62624801426625,298.17201864178827
9.441059281436821,1.5,302.722282912697,298.62659449191744,298.1720567689438
9.444684880239217,1.5,302.7233106308345,298.62694103403885,298.1720949383677
9.448310479041613,1.5,302.7243381844424,298.62728764057977,298.17213315007564
9.451936077844008,1.5,302.72536557358745,298.6276343114894,298.17217140408326
9.455561676646404,1.5,302.72639279833646,298.6279810467171,298.172209700406
9.4591872754488,1.5,302.72741985875604,298.62832784621224,298.1722480390594
9.462812874251195,1.5,302.7284467549129,298.62867470992404,298.172286420059
9.466438473053591,1.5,302.7294734868737,298.62902163780205,298.1723248434203
9.470064071855987,1.5,302.7305000547049,298.62936862979564,298.1723633091587
9.473689670658382,1.5,302.731526458473,298.62971568585425,298.17240181728977
9.477315269460778,1.5,302.73255269824443,298.6300628059274,298.17244036782887
9.480940868263174,1.5,302.7335787740855,298.6304099899647,298.17247896079147
9.48456646706557,1.5,302.73460468606265,298.6307572379156,298.17251759619285
9.488192065867965,1.5,302.73563043424207,298.63110454972974,298.1725562740486
9.49181766467036,1.5,302.73665601869,298.63145192535677,298.1725949943739
9.495443263472756,1.5,302.7376814394726,298.63179936474637,298.17263375718426
9.499068862275152,1.5,302.73870669665604,298.63214686784835,298.1726725624948
9.502694461077548,1.5,302.73973179030617,298.6324944346122,298.172711410321
9.506320059879943,1.5,302.74075672048923,298.6328420649879,298.17275030067816
9.509945658682339,1.5,302.7417814872711,298.6331897589252,298.1727892335815
9.513571257484735,1.5,302.7428060907176,298.6335375163739,298.1728282090463
9.51719685628713,1.5,302.74383053089474,298.63388533728397,298.1728672270878
9.520822455089526,1.5,302.7448548078681,298.63423322160514,298.17290628772116
9.524448053891922,1.5,302.7458789217035,298.6345811692875,298.17294539096173
9.528073652694317,1.5,302.74690287246665,298.634929180281,298.1729845368246
9.531699251496713,1.5,302.74792666022313,298.63527725453565,298.1730237253249
9.535324850299109,1.5,302.7489502850386,298.63562539200143,298.1730629564779
9.538950449101504,1.5,302.74997374697847,298.6359735926285,298.1731022302987
9.5425760479039,1.5,302.7509970461083,298.63632185636686,298.17314154680236
9.546201646706296,1.5,302.7520201824934,298.63667018316687,298.17318090600406
9.549827245508691,1.5,302.75304315619934,298.63701857297843,298.1732203079188
9.553452844311087,1.5,302.7540659672913,298.6373670257519,298.17325975256176
9.557078443113483,1.5,302.7550886158345,298.63771554143756,298.1732992399479
9.560704041915878,1.5,302.75611110189425,298.6380641199856,298.1733387700923
9.564329640718274,1.5,302.75713342553564,298.63841276134633,298.1733783430099
9.56795523952067,1.5,302.75815558682376,298.63876146547017,298.17341795871585
9.571580838323065,1.5,302.7591775858238,298.6391102323074,298.1734576172249
9.57520643712546,1.5,302.76019942260064,298.6394590618085,298.1734973185522
9.578832035927856,1.5,302.76122109721916,298.63980795392393,298.1735370627126
9.582457634730252,1.5,302.7622426097444,298.6401569086041,298.17357684972114
9.586083233532648,1.5,302.7632639602412,298.64050592579963,298.17361667959256
9.589708832335043,1.5,302.76428514877426,298.64085500546093,298.17365655234187
9.593334431137439,1.5,302.7653061754084,298.64120414753864,298.17369646798386
9.596960029939835,1.5,302.7663270402083,298.6415533519834,298.1737364265335
9.60058562874223,1.5,302.76734774323853,298.6419026187458,298.1737764280055
9.604211227544626,1.5,302.7683682845637,298.6422519477766,298.1738164724147
9.607836826347022,1.5,302.7693886642484,298.6426013390264,298.173856559776
9.611462425149417,1.5,302.7704088823571,298.642950792446,298.1738966901042
9.615088023951813,1.5,302.77142893895433,298.64330030798624,298.17393686341387
9.618713622754209,1.5,302.77244883410424,298.6436498855978,298.1739770797199
9.622339221556604,1.5,302.7734685678714,298.64399952523166,298.17401733903705
9.625964820359,1.5,302.77448814032,298.64434922683864,298.17405764138
9.629590419161396,1.5,302.7755075515141,298.64469899036953,298.1740979867634
9.633216017963791,1.5,302.7765268015182,298.64504881577545,298.174138375202
9.636841616766187,1.5,302.77754589039625,298.64539870300734,298.1741788067104
9.640467215568583,1.5,302.7785648182123,298.64574865201615,298.1742192813033
9.644092814370978,1.5,302.7795835850304,298.646098662753,298.17425979899537
9.647718413173374,1.5,302.7806021909147,298.6464487351688,298.174300359801
9.65134401197577,1.5,302.78162063592885,298.64679886921493,298.17434096373506
9.654969610778165,1.5,302.7826389201369,298.6471490648423,298.1743816108119
9.658595209580561,1.5,302.7836570436026,298.6474993220022,298.17442230104626
9.662220808382957,1.5,302.7846750063898,298.6478496406458,298.1744630344525
9.665846407185352,1.5,302.78569280856215,298.64820002072435,298.17450381104527
9.669472005987748,1.5,302.78671045018336,298.6485504621891,298.1745446308391
9.673097604790144,1.5,302.7877279313171,298.64890096499147,298.1745854938483
9.67672320359254,1.5,302.7887452520269,298.6492515290826,298.17462640008756
9.680348802394935,1.5,302.78976241237626,298.64960215441397,298.17466734957117
9.68397440119733,1.5,302.7907794124287,298.6499528409371,298.17470834231364
9.687599999999726,1.5,302.79179625224765,298.6503035886032,298.17474937832935
9.691225598802122,1.5,302.7928129318965,298.6506543973639,298.1747904576328
9.694851197604518,1.5,302.79382945143857,298.65100526717066,298.1748315802383
9.698476796406913,1.5,302.79484581093703,298.651356197975,298.1748727461602
9.702102395209309,1.5,302.7958620104552,298.65170718972854,298.1749139554128
9.705727994011704,1.5,302.7968780500564,298.65205824238285,298.1749552080105
9.7093535928141,1.5,302.79789392980354,298.6524093558895,298.1749965039675
9.712979191616496,1.5,302.79890964975976,298.65276053020034,298.17503784329836
9.716604790418891,1.5,302.7999252099881,298.6531117652669,298.17507922601703
9.720230389221287,1.5,302.80094061055155,298.65346306104095,298.1751206521381
9.723855988023683,1.5,302.80195585151307,298.65381441747434,298.1751621216755
9.727481586826078,1.5,302.8029709329355,298.6541658345188,298.1752036346437
9.731107185628474,1.5,302.8039858548817,298.6545173121261,298.1752451910568
9.73473278443087,1.5,302.80500061741446,298.6548688502482,298.17528679092896
9.738358383233265,1.5,302.8060152205965,298.655220448837,298.1753284342744
9.741983982035661,1.5,302.8070296644905,298.65557210784436,298.1753701211073
9.745609580838057,1.5,302.8080439491592,298.6559238272223,298.1754118514417
9.749235179640452,1.5,302.8090580746651,298.65627560692275,298.1754536252918
9.752860778442848,1.5,302.81007204107067,298.65662744689786,298.1754954426718
9.756486377245244,1.5,302.8110858484385,298.6569793470996,298.1755373035956
9.76011197604764,1.5,302.8120994968311,298.65733130748004,298.1755792080773
9.763737574850035,1.5,302.8131129863107,298.6576833279914,298.17562115613106
9.76736317365243,1.5,302.81412631693985,298.65803540858565,298.1756631477709
9.770988772454826,1.5,302.8151394887807,298.65838754921515,298.1757051830107
9.774614371257222,1.5,302.81615250189554,298.65873974983214,298.1757472618646
9.778239970059618,1.5,302.8171653563466,298.6590920103888,298.1757893843465
9.781865568862013,1.5,302.81817805219606,298.6594443308374,298.1758315504705
9.785491167664409,1.5,302.819190589506,298.6597967111303,298.1758737602503
9.789116766466805,1.5,302.8202029683384,298.6601491512198,298.17591601370015
9.7927423652692,1.5,302.8212151887554,298.6605016510584,298.17595831083366
9.796367964071596,1.5,302.8222272508189,298.66085421059836,298.17600065166494
9.799993562873992,1.5,302.8232391545909,298.6612068297922,298.1760430362077
9.803619161676387,1.5,302.8242509001331,298.66155950859246,298.17608546447593
9.807244760478783,1.5,302.82526248750753,298.6619122469516,298.17612793648345
9.810870359281179,1.5,302.82627391677585,298.6622650448221,298.1761704522441
9.814495958083574,1.5,302.82728518799985,298.6626179021567,298.17621301177167
9.81812155688597,1.5,302.82829630124115,298.66297081890787,298.1762556150798
9.821747155688366,1.5,302.8293072565614,298.66332379502825,298.17629826218257
9.825372754490761,1.5,302.83031805402214,298.6636768304706,298.1763409530935
9.828998353293157,1.5,302.831328693685,298.66402992518755,298.1763836878264
9.832623952095553,1.5,302.8323391756115,298.66438307913194,298.176426466395
9.836249550897948,1.5,302.833349499863,298.6647362922564,298.176469288813
9.839875149700344,1.5,302.83435966650086,298.66508956451383,298.17651215509414
9.84350074850274,1.5,302.8353696755865,298.665442895857,298.17655506525205
9.847126347305135,1.5,302.8363795271813,298.66579628623884,298.1765980193004
9.85075194610753,1.5,302.83738922134637,298.6661497356122,298.17664101725273
9.854377544909926,1.5,302.838398758143,298.6665032439301,298.17668405912275
9.858003143712322,1.5,302.8394081376324,298.66685681114535,298.1767271449241
9.861628742514718,1.5,302.84041735987563,298.6672104372111,298.1767702746703
9.865254341317113,1.5,302.84142642493373,298.66756412208025,298.176813448375
9.868879940119509,1.5,302.84243533286775,298.667917865706,298.17685666605166
9.872505538921905,1.5,302.8434440837388,298.66827166804126,298.1768999277138
9.8761311377243,1.5,302.84445267760765,298.66862552903933,298.176943233375
9.879756736526696,1.5,302.8454611145352,298.6689794486532,298.1769865830488
9.883382335329092,1.5,302.84646939458236,298.6693334268362,298.1770299767486
9.887007934131487,1.5,302.84747751780986,298.66968746354144,298.17707341448784
9.890633532933883,1.5,302.84848548427857,298.67004155872223,298.1771168962801
9.894259131736279,1.5,302.849493294049,298.6703957123318,298.1771604221387
9.897884730538674,1.5,302.85050094718196,298.67074992432356,298.17720399207707
9.90151032934107,1.5,302.851508443738,298.6711041946507,298.17724760610866
9.905135928143466,1.5,302.85251578377773,298.6714585232668,298.1772912642467
9.908761526945861,1.5,302.85352296736164,298.6718129101251,298.17733496650476
9.912387125748257,1.5,302.8545299945502,298.6721673551791,298.17737871289614
9.916012724550653,1.5,302.85553686540385,298.6725218583823,298.177422503434
9.919638323353048,1.5,302.85654357998294,298.6728764196882,298.17746633813186
9.923263922155444,1.5,302.85755013834785,298.6732310390503,298.17751021700286
9.92688952095784,1.5,302.8585565405589,298.67358571642205,298.1775541400604
9.930515119760235,1.5,302.8595627866762,298.6739404517573,298.17759810731775
9.934140718562631,1.5,302.8605688767601,298.6742952450095,298.177642118788
9.937766317365027,1.5,302.86157481087065,298.6746500961324,298.1776861744845
9.941391916167422,1.5,302.86258058906805,298.6750050050796,298.1777302744204
9.945017514969818,1.5,302.86358621141227,298.67535997180494,298.1777744186089
9.948643113772214,1.5,302.8645916779635,298.6757149962621,298.1778186070633
9.95226871257461,1.5,302.86559698878153,298.6760700784049,298.1778628397965
9.955894311377005,1.5,302.8666021439264,298.67642521818715,298.1779071168219
9.9595199101794,1.5,302.8676071434579,298.67678041556263,298.1779514381525
9.963145508981796,1.5,302.868611987436,298.67713567048537,298.1779958038014
9.966771107784192,1.5,302.8696166759203,298.67749098290915,298.1780402137818
9.970396706586587,1.5,302.8706212089709,298.677846352788,298.1780846681066
9.974022305388983,1.5,302.87162558664716,298.6782017800759,298.178129166789
9.977647904191379,1.5,302.87262980900886,298.67855726472675,298.178173709842
9.981273502993774,1.5,302.8736338761156,298.67891280669465,298.1782182972786
9.98489910179617,1.5,302.87463778802703,298.6792684059337,298.1782629291117
9.988524700598566,1.5,302.87564154480265,298.67962406239803,298.1783076053545
9.992150299400961,1.5,302.8766451465018,298.6799797760417,298.1783523260199
9.995775898203357,1.5,302.8776485931842,298.68033554681887,298.17839709112076
9.999401497005753,1.5,302.87865188490895,298.6806913746838,298.1784419006702
10.003027095808148,1.5,302.8796550217356,298.68104725959074,298.17848675468093
10.006652694610544,1.5,302.8806580037234,298.6814032014938,298.1785316531659
10.01027829341294,1.5,302.8816608309316,298.6817592003474,298.17857659613816
10.013903892215335,1.5,302.88266350341945,298.6821152561059,298.17862158361044
10.017529491017731,1.5,302.8836660212461,298.68247136872344,298.1786666155956
10.021155089820127,1.5,302.8846683844707,298.68282753815464,298.1787116921065
10.024780688622522,1.5,302.88567059315227,298.68318376435377,298.178756813156
10.028406287424918,1.5,302.88667264735,298.6835400472753,298.17880197875684
10.032031886227314,1.5,302.88767454712274,298.6838963868737,298.17884718892174
10.03565748502971,1.5,302.88867629252957,298.6842527831036,298.17889244366364
10.039283083832105,1.5,302.8896778835742,298.68460923591937,298.1789377429952
10.0429086826345,1.5,302.8906793199916,298.6849657452757,298.1789830869291
10.046534281436896,1.5,302.89168060076196,298.68532231112715,298.17902847547816
10.050159880239292,1.5,302.8926817232752,298.68567893342833,298.179073908655
10.053785479041688,1.5,302.893682682116,298.6860356121338,298.1791193864724
10.057411077844083,1.5,302.8946834676107,298.6863923471985,298.1791649089429
10.061036676646479,1.5,302.8956840641669,298.68674913857694,298.1792104760792
10.064662275448875,1.5,302.89668444859973,298.687105986224,298.17925608789403
10.06828787425127,1.5,302.8976845885188,298.6874628900944,298.1793017444
10.071913473053666,1.5,302.898684440911,298.68781985014306,298.1793474456096
10.075539071856062,1.5,302.89968395097685,298.68817686632474,298.1793931915354
10.079164670658457,1.5,302.9006830512809,298.6885339385943,298.17943898219005
10.082790269460853,1.5,302.90168166123084,298.68889106690665,298.17948481758606
10.086415868263249,1.5,302.90267968688926,298.6892482512168,298.17953069773597
10.090041467065644,1.5,302.903677021097,298.68960549147965,298.1795766226523
10.09366706586804,1.5,302.90467354387823,298.6899627876503,298.1796225923475
10.097292664670436,1.5,302.90566912308697,298.69032013968365,298.1796686068342
10.100918263472831,1.5,302.90666361525393,298.6906775475349,298.17971466612465
10.104543862275227,1.5,302.9076568665882,298.69103501115904,298.17976077023155
10.108169461077622,1.5,302.9086487140931,298.6913925305112,298.1798069191671
10.111795059880018,1.5,302.9096389867565,298.69175010554665,298.1798531129439
10.115420658682414,1.5,302.9106275067816,298.69210773622046,298.1798993515742
10.11904625748481,1.5,302.9116140908278,298.6924654224879,298.17994563507045
10.122671856287205,1.5,302.91259855123684,298.6928231643042,298.17999196344505
10.1262974550896,1.5,302.91358069722423,298.6931809616246,298.18003833671025
10.129923053891996,1.5,302.91456033601906,298.6935388144045,298.18008475487846
10.133548652694392,1.5,302.91553727394125,298.6938967225992,298.180131217962
10.137174251496788,1.5,302.91651131740684,298.6942546861641,298.1801777259731
10.140799850299183,1.5,302.91748227385614,298.6946127050545,298.1802242789242
10.144425449101579,1.5,302.91844995260175,298.6949707792259,298.18027087682736
10.148051047903975,1.5,302.91941416559547,298.69532890863377,298.18031751969494
10.15167664670637,1.5,302.9203747281144,298.6956870932337,298.1803642075391
10.155302245508766,1.5,302.92133145936856,298.69604533298093,298.1804109403722
10.158927844311162,1.5,302.9222841830331,298.69640362783133,298.1804577182063
10.162553443113557,1.5,302.9232327277082,298.69676197774027,298.1805045410536
10.166179041915953,1.5,302.92417692731135,298.6971203826635,298.18055140892636
10.169804640718349,1.5,302.9251166214061,298.6974788425565,298.18059832183656
10.173430239520744,1.5,302.9260516554727,298.69783735737514,298.1806452797966
10.17705583832314,1.5,302.9269818811234,298.698195927075,298.18069228281826
10.180681437125536,1.5,302.92790715627,298.6985545516119,298.1807393309139
10.184307035927931,1.5,302.9288273452447,298.69891323094157,298.1807864240955
10.187932634730327,1.5,302.92974231888223,298.69927196501976,298.18083356237514
10.191558233532723,1.5,302.93065195456353,298.69963075380235,298.18088074576485
10.195183832335118,1.5,302.93155613622844,298.69998959724524,298.1809279742767
10.198809431137514,1.5,302.9324547543587,298.7003484953042,298.18097524792273
10.20243502993991,1.5,302.93334770593526,298.7007074479352,298.1810225667149
10.206060628742305,1.5,302.93423489437384,298.70106645509424,298.18106993066516
10.209686227544701,1.5,302.93511622944027,298.70142551673723,298.1811173397855
10.213311826347097,1.5,302.93599162714924,298.7017846328202,298.1811647940878
10.216937425149492,1.5,302.93686100964874,298.70214380329924,298.1812122935841
10.220563023951888,1.5,302.93772430509193,298.7025030281303,298.18125983828634
10.224188622754284,1.5,302.93858144749913,298.7028623072696,298.1813074282063
10.22781422155668,1.5,302.9394323766105,298.7032216406733,298.18135506335597
10.231439820359075,1.5,302.9402770377333,298.7035810282974,298.1814027437472
10.23506541916147,1.5,302.94111538158205,298.70394047009813,298.18145046939173
10.238691017963866,1.5,302.9419473641156,298.70429996603184,298.1814982403015
10.242316616766262,1.5,302.94277294637146,298.7046595160547,298.1815460564883
10.245942215568657,1.5,302.9435920942967,298.7050191201229,298.181593917964
10.249567814371053,1.5,302.9444047785798,298.705378778193,298.18164182474027
10.253193413173449,1.5,302.9452109744805,298.705738490221,298.18168977682893
10.256819011975844,1.5,302.94601066166115,298.70609825616356,298.18173777424175
10.26044461077824,1.5,302.9468038240185,298.7064580759769,298.18178581699044
10.264070209580636,1.5,302.9475904495176,298.7068179496176,298.18183390508676
10.267695808383031,1.5,302.948370530027,298.707177877042,298.1818820385423
10.271321407185427,1.5,302.9491440611571,298.7075378582066,298.18193021736886
10.274947005987823,1.5,302.94991104210095,298.707897893068,298.1819784415781
10.278572604790218,1.5,302.9506714754778,298.7082579815826,298.1820267111816
10.282198203592614,1.5,302.95142536718026,298.7086181237071,298.1820750261911
10.28582380239501,1.5,302.95217272622494,298.7089783193981,298.1821233866182
10.289449401197405,1.5,302.95291356460626,298.7093385686122,298.1821717924744
10.293074999999801,1.5,302.9536478971548,298.70969887130616,298.1822202437714
10.296700598802197,1.5,302.9543757413982,298.7100592274366,298.18226874052067
10.300326197604592,1.5,302.95509711742767,298.71041963696024,298.18231728273383
10.303951796406988,1.5,302.9558120477664,298.7107800998338,298.1823658704224
10.307577395209384,1.5,302.9565205572438,298.71114061601423,298.1824145035979
10.31120299401178,1.5,302.9572226728723,298.7115011854582,298.18246318227193
10.314828592814175,1.5,302.9579184237293,298.71186180812253,298.18251190645583
10.31845419161657,1.5,302.95860784084175,298.71222248396424,298.1825606761612
10.322079790418966,1.5,302.9592909570756,298.71258321294016,298.1826094913994
10.325705389221362,1.5,302.9599678070287,298.71294399500715,298.1826583521819
10.329330988023758,1.5,302.9606384269277,298.7133048301223,298.1827072585201
10.332956586826153,1.5,302.9613028545282,298.7136657182425,298.1827562104255
10.336582185628549,1.5,302.9619611290193,298.71402665932476,298.1828052079094
10.340207784430945,1.5,302.96261329093096,298.71438765332624,298.1828542509832
10.34383338323334,1.5,302.96325938204546,298.7147487002039,298.18290333965825
10.347458982035736,1.5,302.963899445312,298.7151097999149,298.18295247394593
10.351084580838132,1.5,302.96453352476476,298.71547095241624,298.1830016538575
10.354710179640527,1.5,302.96516166544416,298.71583215766526,298.18305087940433
10.358335778442923,1.5,302.9657839133213,298.716193415619,298.1831001505977
10.361961377245319,1.5,302.9664003152255,298.7165547262346,298.1831494674489
10.365586976047714,1.5,302.967010918775,298.7169160894694,298.18319882996923
10.36921257485011,1.5,302.9676157723103,298.71727750528066,298.1832482381698
10.372838173652505,1.5,302.96821492483036,298.7176389736256,298.18329769206196
10.376463772454901,1.5,302.9688084259321,298.71800049446136,298.1833471916569
10.380089371257297,1.5,302.9693963257515,298.7183620677454,298.1833967369657
10.383714970059692,1.5,302.96997867490836,298.7187236934349,298.18344632799966
10.387340568862088,1.5,302.9705555244527,298.7190853714873,298.18349596477
10.390966167664484,1.5,302.9711269258144,298.7194471018598,298.18354564728776
10.39459176646688,1.5,302.971692930754,298.7198088845098,298.18359537556404
10.398217365269275,1.5,302.9722535913171,298.7201707193946,298.1836451496101
10.40184296407167,1.5,302.9728089597898,298.7205326064716,298.1836949694369
10.405468562874066,1.5,302.97335908865693,298.720894545698,298.18374483505556
10.409094161676462,1.5,302.9739040305618,298.7212565370312,298.18379474647725
10.412719760478858,1.5,302.9744438382685,298.7216185804286,298.1838447037128
10.416345359281253,1.5,302.97497856462513,298.7219806758473,298.1838947067735
10.419970958083649,1.5,302.97550826253007,298.72234282324473,298.1839447556702
10.423596556886045,1.5,302.97603298489867,298.7227050225781,298.18399485041397
10.42722215568844,1.5,302.97655278463264,298.7230672738046,298.18404499101575
10.430847754490836,1.5,302.9770677145904,298.72342957688136,298.1840951774866
10.434473353293232,1.5,302.97757782755934,298.7237919317656,298.18414540983736
10.438098952095627,1.5,302.97808317622946,298.72415433841445,298.18419568807906
10.441724550898023,1.5,302.97858381316814,298.72451679678477,298.18424601222256
10.445350149700419,1.5,302.9790797907966,298.7248793068336,298.1842963822788
10.448975748502814,1.5,302.9795711613681,298.7252418685179,298.18434679825856
10.45260134730521,1.5,302.98005797694594,298.7256044817943,298.1843972601729
10.456226946107606,1.5,302.9805402893844,298.7259671466196,298.18444776803256
10.459852544910001,1.5,302.9810181503097,298.72632986295037,298.1844983218484
10.463478143712397,1.5,302.9814916111024,298.726692630743,298.1845489216313
10.467103742514793,1.5,302.98196072288107,298.727055449954,298.184599567392
10.470729341317188,1.5,302.9824255364866,298.7274183205394,298.18465025914134
10.474354940119584,1.5,302.9828861024677,298.7277812424554,298.18470099689006
10.47798053892198,1.5,302.98334247106743,298.72814421565784,298.1847517806489
10.481606137724375,1.5,302.9837946922101,298.72850724010243,298.1848026104287
10.48523173652677,1.5,302.98424281548995,298.7288703157447,298.1848534862401
10.488857335329167,1.5,302.98468689015976,298.72923344253996,298.1849044080938
10.492482934131562,1.5,302.98512696512074,298.72959662044326,298.18495537600063
10.496108532933958,1.5,302.9855630889127,298.7299598494095,298.18500638997114
10.499734131736354,1.5,302.98599530970586,298.7303231293933,298.185057450016
10.50335973053875,1.5,302.98642367529214,298.73068646034886,298.18510855614596
10.506985329341145,1.5,302.98684823307786,298.73104984223033,298.1851597083716
10.51061092814354,1.5,302.98726903007724,298.7314132749914,298.1852109067035
10.514236526945936,1.5,302.98768611290564,298.7317767585854,298.1852621511523
10.517862125748332,1.5,302.98809952777407,298.7321402929654,298.18531344172857
10.521487724550727,1.5,302.9885093204843,298.7325038780842,298.18536477844293
10.525113323353123,1.5,302.98891553642363,298.7328675138939,298.18541616130585
10.528738922155519,1.5,302.9893182205615,298.7332312003463,298.18546759032796
10.532364520957914,1.5,302.9897174174451,298.7335949373931,298.1855190655197
10.53599011976031,1.5,302.99011317119664,298.73395872498503,298.1855705868916
10.539615718562706,1.5,302.99050552551023,298.73432256307274,298.18562215445417
10.543241317365101,1.5,302.9908945236498,298.7346864516061,298.18567376821784
10.546866916167497,1.5,302.9912802084464,298.7350503905346,298.1857254281931
10.550492514969893,1.5,302.99166262229755,298.7354143798071,298.18577713439043
10.554118113772288,1.5,302.9920418071649,298.73577841937197,298.1858288868202
10.557743712574684,1.5,302.992417804574,298.73614250917683,298.18588068549286
10.56136931137708,1.5,302.9927906556132,298.7365066491689,298.1859325304188
10.564994910179475,1.5,302.9931604009333,298.7368708392945,298.1859844216084
10.568620508981871,1.5,302.9935270807476,298.7372350794993,298.186036359072
10.572246107784267,1.5,302.993890734832,298.7375993697284,298.1860883428199
10.575871706586662,1.5,302.9942514025253,298.7379637099261,298.18614037286255
10.579497305389058,1.5,302.9946091227299,298.7383281000357,298.1861924492101
10.583122904191454,1.5,302.9949639339128,298.7386925400001,298.18624457187315
10.58674850299385,1.5,302.9953158741065,298.739057029761,298.1862967408616
10.590374101796245,1.5,302.9956649809102,298.7394215692594,298.186348956186
10.59399970059864,1.5,302.9960112914915,298.73978615843544,298.18640121785654
10.597625299401036,1.5,302.9963548425882,298.74015079722835,298.1864535258834
10.601250898203432,1.5,302.9966956705092,298.7405154855762,298.18650588027685
10.604876497005828,1.5,302.9970338111377,298.74088022341647,298.1865582810471
10.608502095808223,1.5,302.9973692999325,298.741245010685,298.18661072820424
10.612127694610619,1.5,302.9977021719303,298.7416098473173,298.1866632217585
10.615753293413015,1.5,302.9980324617486,298.7419747332473,298.1867157617202
10.61937889221541,1.5,302.99836020358754,298.74233966840796,298.1867683480993
10.623004491017806,1.5,302.9986854312329,298.7427046527313,298.18682098090596
10.626630089820202,1.5,302.9990081780587,298.7430696861478,298.1868736601503
10.630255688622597,1.5,302.9993284770301,298.74343476858684,298.18692638584236
10.633881287424993,1.5,302.9996463607062,298.7437998999769,298.1869791579923
10.637506886227388,1.5,302.99996186124304,298.7441650802447,298.1870319766102
10.641132485029784,1.5,303.00027501039676,298.744530309316,298.1870848417061
10.64475808383218,1.5,303.00058583952654,298.7448955871151,298.18713775329
10.648383682634575,1.5,303.00089437959815,298.7452609135649,298.1871907113719
10.652009281436971,1.5,303.00120066118683,298.74562628858695,298.1872437159618
10.655634880239367,1.5,303.00150471448086,298.74599171210133,298.18729676706977
10.659260479041762,1.5,303.0018065692848,298.7463571840268,298.1873498647057
10.662886077844158,1.5,303.0021062550231,298.74672270428033,298.1874030088795
10.666511676646554,1.5,303.0024038007432,298.7470882727777,298.1874561996013
10.67013727544895,1.5,303.0026992351194,298.74745388943296,298.1875094368808
10.673762874251345,1.5,303.0029925864562,298.7478195541586,298.18756272072807
10.67738847305374,1.5,303.00328388269185,298.74818526686533,298.18761605115293
10.681014071856136,1.5,303.0035731514022,298.74855102746255,298.1876694281653
10.684639670658532,1.5,303.00386041980363,298.74891683585776,298.187722851775
10.688265269460928,1.5,303.0041457147575,298.7492826919567,298.18777632199186
10.691890868263323,1.5,303.0044290627732,298.7496485956635,298.18782983882573
10.695516467065719,1.5,303.0047104900122,298.7500145468804,298.18788340228645
10.699142065868115,1.5,303.0049900222913,298.7503805455081,298.1879370123838
10.70276766467051,1.5,303.0052676850866,298.7507465914451,298.1879906691276
10.706393263472906,1.5,303.0055435035371,298.75111268458835,298.18804437252754
10.710018862275302,1.5,303.0058175024484,298.75147882483276,298.1880981225934
10.713644461077697,1.5,303.00608970629605,298.7518450120713,298.188151919335
10.717270059880093,1.5,303.00636013922986,298.7522112461952,298.18820576276187
10.720895658682489,1.5,303.00662882507686,298.7525775270936,298.18825965288397
10.724521257484884,1.5,303.0068957873455,298.75294385465344,298.1883135897108
10.72814685628728,1.5,303.00716104922907,298.75331022876014,298.1883675732521
10.731772455089676,1.5,303.00742463360916,298.7536766492966,298.18842160351755
10.735398053892071,1.5,303.0076865630596,298.75404311614386,298.18847568051683
10.739023652694467,1.5,303.00794685984994,298.75440962918094,298.1885298042594
10.742649251496863,1.5,303.008205545949,298.75477618828455,298.1885839747551
10.746274850299258,1.5,303.00846264302857,298.7551427933295,298.18863819201334
10.749900449101654,1.5,303.0087181724669,298.75550944418825,298.18869245604384
10.75352604790405,1.5,303.008972155352,298.7558761407311,298.188746766856
10.757151646706445,1.5,303.00922461248575,298.75624288282637,298.1888011244596
10.76077724550884,1.5,303.00947556438683,298.7566096703398,298.18885552886394
10.764402844311237,1.5,303.0097250312944,298.75697650313515,298.1889099800787
10.768028443113632,1.5,303.0099730331717,298.7573433810738,298.18896447811335
10.771654041916028,1.5,303.0102195897094,298.75771030401495,298.18901902297733
10.775279640718423,1.5,303.0104647203287,298.75807727181535,298.1890736146802
10.77890523952082,1.5,303.01070844418535,298.7584442843295,298.1891282532314
10.782530838323215,1.5,303.0109507801723,298.75881134140974,298.1891829386403
10.78615643712561,1.5,303.01119174692354,298.7591784429058,298.1892376709164
10.789782035928006,1.5,303.0114313628173,298.7595455886652,298.18929245006905
10.793407634730402,1.5,303.01166964597894,298.759912778533,298.1893472761077
10.797033233532797,1.5,303.01190661428495,298.76028001235187,298.18940214904177
10.800658832335193,1.5,303.01214228536537,298.7606472899622,298.18945706888053
10.804284431137589,1.5,303.0123766766076,298.7610146112017,298.18951203563347
10.807910029939984,1.5,303.012609805159,298.76138197590586,298.18956704930974
10.81153562874238,1.5,303.01284168793075,298.7617493839078,298.1896221099188
10.815161227544776,1.5,303.0130723416001,298.7621168350378,298.18967721746986
10.818786826347171,1.5,303.01330178261406,298.7624843291241,298.18973237197235
10.822412425149567,1.5,303.0135300271923,298.76285186599216,298.1897875734354
10.826038023951963,1.5,303.0137570913301,298.7632194454652,298.1898428218684
10.829663622754358,1.5,303.01398299080114,298.7635870673638,298.18989811728045
10.833289221556754,1.5,303.0142077411609,298.7639547315059,298.1899534596809
10.83691482035915,1.5,303.01443135774906,298.7643224377073,298.19000884907894
10.840540419161545,1.5,303.0146538556929,298.7646901857809,298.19006428548374
10.844166017963941,1.5,303.0148752499098,298.7650579755374,298.19011976890454
10.847791616766337,1.5,303.01509555511007,298.7654258067847,298.1901752993504
10.851417215568732,1.5,303.0153147858,298.76579367932845,298.1902308768306
10.855042814371128,1.5,303.01553295628435,298.76616159297146,298.1902865013542
10.858668413173524,1.5,303.0157500806692,298.76652954751415,298.19034217293034
10.86229401197592,1.5,303.0159661728647,298.7668975427546,298.1903978915681
10.865919610778315,1.5,303.0161812465876,298.7672655784879,298.1904536572767
10.86954520958071,1.5,303.01639531536415,298.767633654507,298.1905094700651
10.873170808383106,1.5,303.01660839253225,298.76800177060215,298.19056532994233
10.876796407185502,1.5,303.0168204912445,298.768369926561,298.1906212369175
10.880422005987898,1.5,303.0170316244705,298.7687381221688,298.1906771909997
10.884047604790293,1.5,303.01724180499946,298.76910635720816,298.1907331921978
10.887673203592689,1.5,303.01745104544244,298.76947463145916,298.190789240521
10.891298802395085,1.5,303.0176593582353,298.76984294469923,298.1908453359781
10.89492440119748,1.5,303.01786675564057,298.7702112967036,298.1909014785782
10.898549999999876,1.5,303.0180732497502,298.7705796872447,298.19095766833016
10.902175598802271,1.5,303.0182788524879,298.7709481160924,298.19101390524304
10.905801197604667,1.5,303.01848357561136,298.77131658301437,298.19107018932567
10.909426796407063,1.5,303.01868743071446,298.7716850877754,298.191126520587
10.913052395209458,1.5,303.0188904292298,298.7720536301378,298.1911828990358
10.916677994011854,1.5,303.0190925824309,298.77242220986176,298.1912393246812
10.92030359281425,1.5,303.0192939014343,298.7727908267045,298.1912957975319
10.923929191616645,1.5,303.01949439720175,298.7731594804211,298.1913523175968
10.927554790419041,1.5,303.01969408054254,298.773528170764,298.1914088848847
10.931180389221437,1.5,303.01989296211536,298.7738968974832,298.19146549940444
10.934805988023832,1.5,303.0200910524308,298.77426566032625,298.1915221611648
10.938431586826228,1.5,303.020288361853,298.7746344590383,298.1915788701746
10.942057185628624,1.5,303.02048490060196,298.77500329336186,298.1916356264427
10.94568278443102,1.5,303.0206806787555,298.77537216303733,298.1916924299777
10.949308383233415,1.5,303.0208757062515,298.7757410678024,298.19174928078854
10.95293398203581,1.5,303.0210699928893,298.77611000739256,298.1918061788838
10.956559580838206,1.5,303.0212635483322,298.7764789815408,298.1918631242722
10.960185179640602,1.5,303.021456382109,298.7768479899777,298.19192011696254
10.963810778442998,1.5,303.0216485036164,298.7772170324316,298.19197715696333
10.967436377245393,1.5,303.0218399221201,298.7775861086284,298.19203424428343
10.971061976047789,1.5,303.02203064675734,298.7779552182917,298.1920913789314
10.974687574850185,1.5,303.02222068653856,298.77832436114284,298.192148560916
10.97831317365258,1.5,303.0224100503488,298.7786935369006,298.1922057902457
10.981938772454976,1.5,303.02259874695,298.7790627452817,298.1922630669292
10.985564371257372,1.5,303.02278678498243,298.77943198600065,298.19232039097506
10.989189970059767,1.5,303.0229741729664,298.77980125876934,298.19237776239186
10.992815568862163,1.5,303.02316091930436,298.7801705632978,298.19243518118816
10.996441167664559,1.5,303.0233470322818,298.7805398992937,298.1924926473726
11.000066766466954,1.5,303.02353252006975,298.7809092664624,298.1925501609537
11.00369236526935,1.5,303.02371739072595,298.7812786645071,298.1926077219399
11.007317964071746,1.5,303.0239016521964,298.7816480931291,298.19266533033976
11.010943562874141,1.5,303.0240853123172,298.78201755202707,298.19272298616175
11.014569161676537,1.5,303.0242683788161,298.78238704089785,298.19278068941435
11.018194760478933,1.5,303.0244508593136,298.7827565594361,298.192838440106
11.021820359281328,1.5,303.0246327613253,298.78312610733445,298.1928962382453
11.025445958083724,1.5,303.0248140922624,298.78349568428325,298.19295408384045
11.02907155688612,1.5,303.024994859434,298.78386528997106,298.19301197690004
11.032697155688515,1.5,303.0251750700482,298.7842349240841,298.19306991743247
11.03632275449091,1.5,303.02535473121344,298.78460458630684,298.19312790544603
11.039948353293306,1.5,303.02553384994025,298.7849742763217,298.19318594094915
11.043573952095702,1.5,303.0257124331423,298.7853439938089,298.1932440239502
11.047199550898098,1.5,303.0258904876379,298.78571373844693,298.19330215445746
11.050825149700493,1.5,303.0260680201517,298.7860835099123,298.19336033247936
11.05445074850289,1.5,303.02624503731533,298.7864533078795,298.1934185580242
11.058076347305285,1.5,303.02642154566934,298.7868231320213,298.1934768311002
11.06170194610768,1.5,303.0265975516641,298.7871929820085,298.1935351517157
11.065327544910076,1.5,303.0267730616614,298.78756285751,298.193593519879
11.068953143712472,1.5,303.0269480819355,298.787932758193,298.1936519355983
11.072578742514867,1.5,303.02712261867435,298.7883026837228,298.19371039888193
11.076204341317263,1.5,303.0272966779811,298.7886726337629,298.193768909738
11.079829940119659,1.5,303.0274702658751,298.7890426079751,298.19382746817485
11.083455538922054,1.5,303.0276433882928,298.78941260601954,298.1938860742006
11.08708113772445,1.5,303.02781605108964,298.78978262755453,298.1939447278234
11.090706736526846,1.5,303.02798826004056,298.79015267223673,298.1940034290515
11.094332335329241,1.5,303.02816002084154,298.79052273972104,298.194062177893
11.097957934131637,1.5,303.02833133911054,298.79089282966095,298.19412097435605
11.101583532934033,1.5,303.02850222038853,298.79126294170806,298.19417981844873
11.105209131736428,1.5,303.02867267014085,298.7916330755126,298.19423871017926
11.108834730538824,1.5,303.0288426937581,298.792003230723,298.1942976495557
11.11246032934122,1.5,303.0290122965573,298.7923734069865,298.1943566365862
11.116085928143615,1.5,303.0291814837828,298.7927436039484,298.1944156712786
11.119711526946011,1.5,303.0293502606075,298.79311382125286,298.19447475364115
11.123337125748407,1.5,303.0295186321336,298.7934840585423,298.1945338836818
11.126962724550802,1.5,303.029686603394,298.79385431545774,298.19459306140857
11.130588323353198,1.5,303.029854179353,298.79422459163897,298.1946522868296
11.134213922155594,1.5,303.03002136490716,298.79459488672416,298.19471155995274
11.13783952095799,1.5,303.0301881648868,298.7949652003502,298.194770880786
11.141465119760385,1.5,303.03035458405634,298.79533553215265,298.1948302493374
11.14509071856278,1.5,303.03052062711544,298.7957058817656,298.19488966561477
11.148716317365176,1.5,303.03068629870006,298.7960762488221,298.1949491296262
11.152341916167572,1.5,303.0308516033833,298.79644663295363,298.1950086413795
11.155967514969968,1.5,303.03101654567644,298.7968170337906,298.19506820088264
11.159593113772363,1.5,303.03118113002915,298.7971874509622,298.19512780814347
11.163218712574759,1.5,303.0313453608314,298.7975578840963,298.19518746316993
11.166844311377154,1.5,303.03150924241345,298.7979283328196,298.19524716596976
11.17046991017955,1.5,303.0316727790472,298.79829879675776,298.195306916551
11.174095508981946,1.5,303.03183597494666,298.79866927553525,298.19536671492125
11.177721107784341,1.5,303.03199883426913,298.7990397687754,298.1954265610885
11.181346706586737,1.5,303.03216136111575,298.79941027610045,298.1954864550605
11.184972305389133,1.5,303.0323235595323,298.7997807971317,298.19554639684503
11.188597904191528,1.5,303.03248543351026,298.80015133148925,298.1956063864499
11.192223502993924,1.5,303.03264698698723,298.80052187879244,298.1956664238829
11.19584910179632,1.5,303.03280822384784,298.8008924386593,298.1957265091517
11.199474700598715,1.5,303.03296914792463,298.8012630107071,298.195786642264
11.203100299401111,1.5,303.0331297629986,298.80163359455224,298.1958468232277
11.206725898203507,1.5,303.0332900727999,298.80200418981,298.1959070520503
11.210351497005902,1.5,303.0334500810089,298.802374796095,298.19596732873964
11.213977095808298,1.5,303.03360979125637,298.8027454130208,298.19602765330336
11.217602694610694,1.5,303.0337692071248,298.8031160402001,298.1960880257491
11.22122829341309,1.5,303.0339283321484,298.8034866772452,298.1961484460844
11.224853892215485,1.5,303.0340871698145,298.803857323767,298.1962089143171
11.22847949101788,1.5,303.0342457235634,298.80422797937604,298.1962694304547
11.232105089820276,1.5,303.03440399679,298.8045986436821,298.1963299945049
11.235730688622672,1.5,303.0345619928436,298.8049693162941,298.19639060647506
11.239356287425068,1.5,303.0347197150288,298.8053399968203,298.196451266373
11.242981886227463,1.5,303.03487716660646,298.8057106848683,298.1965119742061
11.246607485029859,1.5,303.0350343507941,298.80608138004516,298.1965727299821
11.250233083832255,1.5,303.0351912707661,298.8064520819571,298.1966335337084
11.25385868263465,1.5,303.03534792965496,298.80682279020994,298.1966943853925
11.257484281437046,1.5,303.0355043305517,298.80719350440876,298.196755285042
11.261109880239442,1.5,303.03566047650605,298.8075642241582,298.1968162326643
11.264735479041837,1.5,303.03581637052764,298.80793494906237,298.19687722826694
11.268361077844233,1.5,303.0359720155862,298.8083056787248,298.19693827185733
11.271986676646629,1.5,303.036127414612,298.8086764127486,298.196999363443
11.275612275449024,1.5,303.03628257049695,298.80904715073626,298.19706050303137
11.27923787425142,1.5,303.0364374860944,298.80941789229007,298.1971216906297
11.282863473053816,1.5,303.03659216422045,298.8097886370117,298.1971829262455
11.286489071856211,1.5,303.03674660765375,298.8101593845025,298.1972442098862
11.290114670658607,1.5,303.03690081913663,298.8105301343635,298.19730554155916
11.293740269461003,1.5,303.0370548013753,298.81090088619527,298.19736692127174
11.297365868263398,1.5,303.03720855704034,298.8112716395981,298.1974283490312
11.300991467065794,1.5,303.03736208876734,298.81164239417194,298.197489824845
11.30461706586819,1.5,303.03751539915737,298.81201314951653,298.1975513487204
11.308242664670585,1.5,303.03766849077726,298.81238390523123,298.19761292066465
11.31186826347298,1.5,303.0378213661605,298.8127546609153,298.1976745406852
11.315493862275376,1.5,303.0379740278071,298.81312541616757,298.1977362087892
11.319119461077772,1.5,303.0381264781849,298.81349617058686,298.1977979249839
11.322745059880168,1.5,303.038278719729,298.8138669237716,298.19785968927664
11.326370658682563,1.5,303.03843075484326,298.8142376753204,298.1979215016745
11.329996257484959,1.5,303.03858258589986,298.8146084248313,298.19798336218486
11.333621856287355,1.5,303.0387342152403,298.8149791719025,298.1980452708149
11.33724745508975,1.5,303.03888564517564,298.81534991613205,298.19810722757165
11.340873053892146,1.5,303.0390368779868,298.8157206571179,298.19816923246253
11.344498652694542,1.5,303.0391879159253,298.8160913944579,298.1982312854946
11.348124251496937,1.5,303.03933876121346,298.81646212774984,298.19829338667495
11.351749850299333,1.5,303.0394894160446,298.81683285659153,298.19835553601075
11.355375449101729,1.5,303.03963988258414,298.81720358058084,298.19841773350913
11.359001047904124,1.5,303.03979016296915,298.81757429931554,298.1984799791772
11.36262664670652,1.5,303.03994025930916,298.81794501239347,298.1985422730221
11.366252245508916,1.5,303.0400901736868,298.81831571941257,298.1986046150508
11.369877844311311,1.5,303.04023990815756,298.8186864199708,298.19866700527047
11.373503443113707,1.5,303.0403894647508,298.8190571136662,298.1987294436881
11.377129041916103,1.5,303.0405388454695,298.819427800097,298.1987919303107
11.380754640718498,1.5,303.0406880522913,298.81979847886146,298.1988544651453
11.384380239520894,1.5,303.0408370871682,298.820169149558,298.198917048199
11.38800583832329,1.5,303.04098595202737,298.82053981178535,298.1989796794787
11.391631437125685,1.5,303.04113464877133,298.82091046514216,298.1990423589915
11.395257035928081,1.5,303.04128317927825,298.8212811092274,298.1991050867442
11.398882634730477,1.5,303.0414315454025,298.8216517436403,298.1991678627439
11.402508233532872,1.5,303.0415797489746,298.82202236798037,298.19923068699745
11.406133832335268,1.5,303.0417277918019,298.82239298184714,298.19929355951166
11.409759431137664,1.5,303.04187567566896,298.8227635848407,298.1993564802938
11.41338502994006,1.5,303.0420234023373,298.82313417656115,298.1994194493504
11.417010628742455,1.5,303.04217097354643,298.8235047566091,298.1994824666885
11.42063622754485,1.5,303.0423183910138,298.82387532458534,298.19954553231497
11.424261826347246,1.5,303.042465656435,298.8242458800911,298.1996086462366
11.427887425149642,1.5,303.0426127714844,298.8246164227278,298.1996718084602
11.431513023952037,1.5,303.04275973781506,298.8249869520974,298.1997350189928
11.435138622754433,1.5,303.04290655705944,298.8253574678021,298.19979827784107
11.438764221556829,1.5,303.0430532308292,298.8257279694446,298.1998615850118
11.442389820359224,1.5,303.04319976071594,298.8260984566279,298.1999249405118
11.44601541916162,1.5,303.04334614829133,298.8264689289556,298.19998834434773
11.449641017964016,1.5,303.04349239510725,298.82683938603157,298.2000517965266
11.453266616766411,1.5,303.04363850269624,298.82720982746014,298.20011529705494
11.456892215568807,1.5,303.0437844725716,298.8275802528462,298.2001788459395
11.460517814371203,1.5,303.0439303062277,298.82795066179506,298.20024244318705
11.464143413173598,1.5,303.0440760051406,298.8283210539126,298.20030608880427
11.467769011975994,1.5,303.0442215707677,298.82869142880514,298.20036978279785
11.47139461077839,1.5,303.04436700454835,298.8290617860795,298.2004335251745
11.475020209580785,1.5,303.04451230790414,298.82943212534315,298.20049731594077
11.478645808383181,1.5,303.04465748223896,298.82980244620404,298.2005611551034
11.482271407185577,1.5,303.0448025289394,298.8301727482707,298.200625042669
11.485897005987972,1.5,303.04494744937483,298.8305430311522,298.20068897864417
11.489522604790368,1.5,303.04509224489794,298.83091329445836,298.2007529630355
11.493148203592764,1.5,303.0452369168445,298.8312835377994,298.2008169958496
11.49677380239516,1.5,303.045381466534,298.83165376078614,298.200881077093
11.500399401197555,1.5,303.0455258952698,298.83202396303045,298.2009452067724
11.50402499999995,1.5,303.04567020433916,298.8323941441442,298.20100938489423
11.507650598802346,1.5,303.04581439501356,298.83276430374036,298.20107361146506
11.511276197604742,1.5,303.04595846854914,298.83313444143255,298.20113788649127
11.514901796407138,1.5,303.04610242618656,298.8335045568349,298.20120220997956
11.518527395209533,1.5,303.04624626915137,298.83387464956235,298.20126658193635
11.522152994011929,1.5,303.04638999865426,298.83424471923047,298.2013310023681
11.525778592814325,1.5,303.04653361589124,298.83461476545557,298.2013954712813
11.52940419161672,1.5,303.0466771220438,298.8349847878547,298.20145998868236
11.533029790419116,1.5,303.04682051827905,298.83535478604574,298.20152455457765
11.536655389221512,1.5,303.04696380575024,298.8357247596471,298.20158916897384
11.540280988023907,1.5,303.0471069855965,298.8360947082782,298.2016538318771
11.543906586826303,1.5,303.04725005894335,298.83646463155895,298.20171854329385
11.547532185628699,1.5,303.04739302690274,298.8368345291103,298.20178330323057
11.551157784431094,1.5,303.04753589057333,298.8372044005539,298.20184811169355
11.55478338323349,1.5,303.0476786510406,298.8375742455122,298.20191296868916
11.558408982035886,1.5,303.0478213093769,298.8379440636083,298.2019778742238
11.562034580838281,1.5,303.0479638666422,298.8383138544664,298.2020428283036
11.565660179640677,1.5,303.0481063238834,298.83868361771147,298.2021078309351
11.569285778443072,1.5,303.0482486821352,298.83905335296913,298.2021728821245
11.572911377245468,1.5,303.04839094242,298.8394230598661,298.202237981878
11.576536976047864,1.5,303.04853310574794,298.83979273802964,298.202303130202
11.58016257485026,1.5,303.0486751731175,298.84016238708836,298.2023683271027
11.583788173652655,1.5,303.04881714551516,298.8405320066712,298.2024335725863
11.58741377245505,1.5,303.0489590239158,298.8409015964084,298.2024988666591
11.591039371257446,1.5,303.04910080928295,298.841271155931,298.2025642093272
11.594664970059842,1.5,303.04924250256886,298.84164068487075,298.20262960059694
11.598290568862238,1.5,303.0493841047144,298.84201018286046,298.20269504047445
11.601916167664633,1.5,303.04952561664976,298.842379649534,298.2027605289658
11.605541766467029,1.5,303.0496670392941,298.8427490845259,298.20282606607725
11.609167365269425,1.5,303.0498083735559,298.8431184874719,298.2028916518149
11.61279296407182,1.5,303.049949620333,298.8434878580083,298.202957286185
11.616418562874216,1.5,303.05009078051313,298.84385719577284,298.20302296919346
11.620044161676612,1.5,303.05023185497345,298.8442265004039,298.2030887008464
11.623669760479007,1.5,303.0503728445812,298.84459577154087,298.20315448115014
11.627295359281403,1.5,303.0505137501936,298.8449650088242,298.20322031011045
11.630920958083799,1.5,303.05065457265795,298.84533421189525,298.2032861877337
11.634546556886194,1.5,303.0507953128119,298.8457033803964,298.2033521140257
11.63817215568859,1.5,303.0509359714835,298.846072513971,298.20341808899246
11.641797754490986,1.5,303.0510765494913,298.84644161226345,298.20348411264007
11.645423353293381,1.5,303.0512170476447,298.84681067491914,298.20355018497463
11.649048952095777,1.5,303.0513574667437,298.84717970158454,298.20361630600195
11.652674550898173,1.5,303.0514978075793,298.847548691907,298.2036824757281
11.656300149700568,1.5,303.05163807093373,298.8479176455349,298.203748694159
11.659925748502964,1.5,303.05177825758005,298.8482865621179,298.2038149613007
11.66355134730536,1.5,303.051918368283,298.84865544130645,298.2038812771589
11.667176946107755,1.5,303.0520584037984,298.84902428275217,298.2039476417398
11.670802544910151,1.5,303.05219836487385,298.8493930861077,298.20401405504913
11.674428143712547,1.5,303.05233825224843,298.84976185102676,298.20408051709285
11.678053742514942,1.5,303.0524780666531,298.850130577164,298.20414702787673
11.681679341317338,1.5,303.05261780881074,298.8504992641754,298.2042135874067
11.685304940119734,1.5,303.05275747943597,298.85086791171784,298.2042801956887
11.68893053892213,1.5,303.0528970792357,298.8512365194493,298.2043468527283
11.692556137724525,1.5,303.05303660890905,298.85160508702876,298.20441355853154
11.69618173652692,1.5,303.05317606914736,298.85197361411656,298.20448031310417
11.699807335329316,1.5,303.0533154606344,298.85234210037396,298.2045471164519
11.703432934131712,1.5,303.0534547840465,298.8527105454633,298.20461396858065
11.707058532934107,1.5,303.05359404005253,298.8530789490479,298.2046808694961
11.710684131736503,1.5,303.0537332293141,298.85344731079266,298.20474781920393
11.714309730538899,1.5,303.0538723524857,298.85381563036293,298.20481481771
11.717935329341294,1.5,303.05401141021474,298.85418390742586,298.2048818650199
11.72156092814369,1.5,303.05415040314136,298.85455214164915,298.2049489611394
11.725186526946086,1.5,303.0542893318992,298.85492033270197,298.2050161060742
11.728812125748481,1.5,303.0544281971148,298.85528848025456,298.20508329983
11.732437724550877,1.5,303.0545669994083,298.85565658397826,298.20515054241235
11.736063323353273,1.5,303.0547057393927,298.8560246435455,298.205217833827
11.739688922155668,1.5,303.0548444176751,298.85639265862994,298.2052851740795
11.743314520958064,1.5,303.0549830348556,298.85676062890633,298.20535256317555
11.74694011976046,1.5,303.0551215915283,298.8571285540506,298.20542000112073
11.750565718562855,1.5,303.0552600882809,298.85749643373975,298.20548748792055
11.754191317365251,1.5,303.0553985256948,298.8578642676522,298.20555502358064
11.757816916167647,1.5,303.0555369043455,298.8582320554671,298.2056226081066
11.761442514970042,1.5,303.0556752248024,298.8585997968652,298.2056902415039
11.765068113772438,1.5,303.05581348762905,298.85896749152806,298.2057579237781
11.768693712574834,1.5,303.05595169338284,298.8593351391387,298.2058256549347
11.77231931137723,1.5,303.0560898426157,298.8597027393811,298.20589343497926
11.775944910179625,1.5,303.05622793587366,298.86007029194053,298.2059612639172
11.77957050898202,1.5,303.05636597369727,298.86043779650333,298.20602914175396
11.783196107784416,1.5,303.05650395662144,298.86080525275725,298.2060970684951
11.786821706586812,1.5,303.0566418851755,298.8611726603909,298.20616504414596
11.790447305389208,1.5,303.0567797598837,298.8615400190943,298.2062330687121
11.794072904191603,1.5,303.05691758126454,298.86190732855863,298.2063011421988
11.797698502993999,1.5,303.05705534983167,298.8622745884761,298.20636926461157
11.801324101796395,1.5,303.05719306609313,298.8626417985404,298.20643743595565
11.80494970059879,1.5,303.0573307305522,298.8630089584461,298.2065056562366
11.808575299401186,1.5,303.057468343707,298.86337606788913,298.20657392545957
11.812200898203582,1.5,303.0576059060505,298.8637431265667,298.20664224363
11.815826497005977,1.5,303.05774341807097,298.864110134177,298.2067106107532
11.819452095808373,1.5,303.0578808802518,298.8644770904196,298.2067790268345
11.823077694610769,1.5,303.0580182930714,298.86484399499517,298.2068474918792
11.826703293413164,1.5,303.0581556570037,298.8652108476056,298.2069160058925
11.83032889221556,1.5,303.0582929725178,298.8655776479541,298.2069845688798
11.833954491017955,1.5,303.0584302400784,298.8659443957449,298.20705318084623
11.837580089820351,1.5,303.05856746014535,298.8663110906836,298.20712184179706
11.841205688622747,1.5,303.05870463317433,298.8666777324769,298.20719055173754
11.844831287425142,1.5,303.0588417596165,298.86704432083263,298.20725931067284
11.848456886227538,1.5,303.0589788399186,298.86741085546004,298.2073281186082
11.852082485029934,1.5,303.0591158745231,298.86777733606954,298.2073969755487
11.85570808383233,1.5,303.05925286386827,298.8681437623726,298.20746588149956
11.859333682634725,1.5,303.0593898083882,298.86851013408216,298.207534836466
11.86295928143712,1.5,303.05952670851275,298.868876450912,298.207603840453
11.866584880239516,1.5,303.0596635646679,298.8692427125776,298.2076728934657
11.870210479041912,1.5,303.05980037727534,298.8696089187953,298.2077419955093
11.873836077844308,1.5,303.05993714675304,298.86997506928253,298.2078111465888
11.877461676646703,1.5,303.0600738735149,298.8703411637585,298.2078803467094
11.881087275449099,1.5,303.060210557971,298.8707072019431,298.20794959587596
11.884712874251495,1.5,303.0603472005277,298.8710731835576,298.2080188940935
11.88833847305389,1.5,303.06048380158745,298.87143910832464,298.2080882413673
11.891964071856286,1.5,303.06062036154907,298.87180497596785,298.2081576377022
11.895589670658682,1.5,303.06075688080773,298.8721707862122,298.2082270831032
11.899215269461077,1.5,303.06089335975486,298.87253653878395,298.2082965775753
11.902840868263473,1.5,303.0610297987786,298.87290223341034,298.20836612112345
11.906466467065869,1.5,303.0611661982632,298.87326786982004,298.2084357137526
11.910092065868264,1.5,303.0613025585897,298.8736334477429,298.2085053554676
11.91371766467066,1.5,303.0614388801357,298.87399896690994,298.2085750462735
11.917343263473056,1.5,303.06157516327534,298.87436442705337,298.2086447861751
11.920968862275451,1.5,303.0617114083794,298.8747298279067,298.20871457517734
11.924594461077847,1.5,303.0618476158154,298.8750951692047,298.20878441328506
11.928220059880243,1.5,303.0619837859477,298.8754604506832,298.20885430050316
11.931845658682638,1.5,303.0621199191373,298.8758256720792,298.20892423683637
11.935471257485034,1.5,303.06225601574204,298.8761908331312,298.2089942222897
11.93909685628743,1.5,303.0623920761169,298.8765559335787,298.2090642568677
11.942722455089825,1.5,303.0625281006134,298.87692097316244,298.2091343405753
11.94634805389222,1.5,303.06266408958027,298.8772859516244,298.2092044734173
11.949973652694617,1.5,303.0628000433631,298.87765086870775,298.2092746553984
11.953599251497012,1.5,303.0629359623046,298.87801572415697,298.20934488652335
11.957224850299408,1.5,303.06307184674455,298.8783805177176,298.2094151667969
11.960850449101804,1.5,303.0632076970199,298.87874524913644,298.20948549622375
11.9644760479042,1.5,303.06334351346453,298.87910991816176,298.20955587480853
11.968101646706595,1.5,303.06347929640975,298.8794745245424,298.209626302556
11.97172724550899,1.5,303.0636150461838,298.87983906802907,298.20969677947085
11.975352844311386,1.5,303.0637507631127,298.8802035483734,298.20976730555765
11.978978443113782,1.5,303.06388644751917,298.88056796532817,298.209837880821
11.982604041916177,1.5,303.0640220997237,298.8809323186475,298.2099085052656
11.986229640718573,1.5,303.0641577200438,298.8812966080867,298.209979178896
11.989855239520969,1.5,303.06429330879473,298.8816608334022,298.2100499017168
11.993480838323364,1.5,303.06442886628895,298.8820249943516,298.21012067373255
11.99710643712576,1.5,303.06456439283636,298.8823890906937,298.2101914949478
12.000732035928156,1.5,303.0646998887444,298.88275312218883,298.21026236536704
12.004357634730551,1.5,303.0648353543183,298.88311708859806,298.2103332849948
12.007983233532947,1.5,303.0649707898605,298.88348098968385,298.2104042538357
12.011608832335343,1.5,303.06510619567115,298.8838448252099,298.210475271894
12.015234431137738,1.5,303.06524157204814,298.884208594941,298.21054633917436
12.018860029940134,1.5,303.06537691928685,298.88457229864326,298.21061745568113
12.02248562874253,1.5,303.06551223768037,298.8849359360838,298.2106886214188
12.026111227544925,1.5,303.0656475275196,298.88529950703105,298.2107598363917
12.029736826347321,1.5,303.06578278909325,298.88566301125456,298.21083110060425
12.033362425149717,1.5,303.06591802268747,298.88602644852523,298.2109024140609
12.036988023952112,1.5,303.0660532285866,298.886389818615,298.21097377676597
12.040613622754508,1.5,303.06618840707256,298.88675312129686,298.2110451887238
12.044239221556904,1.5,303.0663235584252,298.8871163563452,298.2111166499386
12.0478648203593,1.5,303.0664586829223,298.88747952353555,298.21118816041496
12.051490419161695,1.5,303.0665937808395,298.88784262264454,298.21125972015693
12.05511601796409,1.5,303.06672885245035,298.88820565345,298.21133132916896
12.058741616766486,1.5,303.06686389802644,298.8885686157309,298.2114029874552
12.062367215568882,1.5,303.06699891783734,298.8889315092675,298.2114746950199
12.065992814371278,1.5,303.06713391215055,298.88929433384106,298.21154645186726
12.069618413173673,1.5,303.06726888123177,298.88965708923416,298.21161825800164
12.073244011976069,1.5,303.0674038253445,298.89001977523037,298.2116901134271
12.076869610778465,1.5,303.06753874475066,298.8903823916146,298.2117620181478
12.08049520958086,1.5,303.06767363970994,298.89074493817276,298.211833972168
12.084120808383256,1.5,303.0678085104806,298.89110741469204,298.21190597549173
12.087746407185652,1.5,303.0679433573185,298.89146982096076,298.21197802812327
12.091372005988047,1.5,303.0680781804782,298.8918321567683,298.21205013006653
12.094997604790443,1.5,303.0682129802122,298.89219442190534,298.2121222813258
12.098623203592838,1.5,303.06834775677123,298.8925566161635,298.21219448190493
12.102248802395234,1.5,303.06848251040435,298.89291873933576,298.2122667318081
12.10587440119763,1.5,303.06861724135894,298.8932807912161,298.21233903103933
12.109500000000025,1.5,303.0687519498805,298.89364277159973,298.21241137960266
12.113125598802421,1.5,303.06888663621294,298.8940046802829,298.21248377750203
12.116751197604817,1.5,303.0690213005986,298.89436651706313,298.2125562247415
12.120376796407212,1.5,303.06915594327796,298.8947282817389,298.2126287213249
12.124002395209608,1.5,303.0692905644901,298.8950899741099,298.2127012672563
12.127627994012004,1.5,303.06942516447225,298.8954515939771,298.21277386253956
12.1312535928144,1.5,303.0695597434604,298.89581314114224,298.2128465071786
12.134879191616795,1.5,303.0696943016887,298.89617461540854,298.21291920117733
12.13850479041919,1.5,303.06982883938974,298.89653601658017,298.2129919445396
12.142130389221586,1.5,303.06996335679474,298.89689734446245,298.2130647372693
12.145755988023982,1.5,303.0700978541334,298.8972585988618,298.21313757937025
12.149381586826378,1.5,303.07023233163375,298.8976197795858,298.2132104708462
12.153007185628773,1.5,303.0703667895226,298.89798088644295,298.2132834117011
12.156632784431169,1.5,303.0705012280252,298.8983419192432,298.2133564019386
12.160258383233565,1.5,303.0706356473652,298.89870287779723,298.2134294415625
12.16388398203596,1.5,303.07077004776505,298.89906376191715,298.2135025305765
12.167509580838356,1.5,303.0709044294457,298.8994245714159,298.21357566898433
12.171135179640752,1.5,303.07103879262684,298.89978530610773,298.2136488567898
12.174760778443147,1.5,303.0711731375266,298.90014596580784,298.21372209399647
12.178386377245543,1.5,303.07130746436184,298.9005065503326,298.2137953806081
12.182011976047939,1.5,303.0714417733481,298.9008670594993,298.2138687166282
12.185637574850334,1.5,303.0715760646996,298.90122749312667,298.21394210206057
12.18926317365273,1.5,303.0717103386294,298.90158785103415,298.2140155369087
12.192888772455126,1.5,303.07184459534886,298.90194813304237,298.2140890211763
12.196514371257521,1.5,303.0719788350685,298.9023083389732,298.21416255486673
12.200139970059917,1.5,303.07211305799734,298.90266846864944,298.2142361379838
12.203765568862313,1.5,303.0722472643432,298.9030285218949,298.21430977053086
12.207391167664708,1.5,303.0723814543128,298.9033884985346,298.2143834525116
12.211016766467104,1.5,303.07251562811155,298.90374839839455,298.21445718392926
12.2146423652695,1.5,303.0726497859435,298.90410822130184,298.21453096478746
12.218267964071895,1.5,303.07278392801186,298.9044679670846,298.2146047950897
12.22189356287429,1.5,303.07291805451825,298.90482763557196,298.2146786748394
12.225519161676687,1.5,303.0730521656635,298.9051872265943,298.21475260403986
12.229144760479082,1.5,303.07318626164715,298.9055467399828,298.2148265826946
12.232770359281478,1.5,303.07332034266756,298.9059061755699,298.214900610807
12.236395958083873,1.5,303.0734544089221,298.906265533189,298.2149746883803
12.24002155688627,1.5,303.0735884606068,298.9066248126744,298.21504881541796
12.243647155688665,1.5,303.0737224979169,298.90698401386163,298.2151229919233
12.24727275449106,1.5,303.0738565210463,298.90734313658726,298.2151972178995
12.250898353293456,1.5,303.07399053018804,298.9077021806888,298.2152714933499
12.254523952095852,1.5,303.0741245255339,298.90806114600474,298.2153458182778
12.258149550898247,1.5,303.07425850727475,298.9084200323747,298.21542019268634
12.261775149700643,1.5,303.0743924756004,298.9087788396393,298.2154946165789
12.265400748503039,1.5,303.0745264306997,298.9091375676402,298.2155690899585
12.269026347305434,1.5,303.07466037276026,298.90949621622,298.2156436128284
12.27265194610783,1.5,303.074794301969,298.90985478522236,298.21571818519175
12.276277544910226,1.5,303.0749282185117,298.910213274492,298.2157928070517
12.279903143712621,1.5,303.07506212257306,298.9105716838745,298.21586747841127
12.283528742515017,1.5,303.075196014337,298.9109300132166,298.2159421992737
12.287154341317413,1.5,303.07532989398635,298.91128826236604,298.216016969642
12.290779940119808,1.5,303.07546376170313,298.9116464311713,298.2160917895191
12.294405538922204,1.5,303.07559761766834,298.91200451948225,298.21616665890826
12.2980311377246,1.5,303.07573146206204,298.9123625271494,298.2162415778124
12.301656736526995,1.5,303.07586529506335,298.91272045402457,298.21631654623445
12.305282335329391,1.5,303.07599911685065,298.9130782999602,298.2163915641774
12.308907934131787,1.5,303.0761329276013,298.91343606481007,298.21646663164427
12.312533532934182,1.5,303.07626672749166,298.91379374842865,298.2165417486379
12.316159131736578,1.5,303.07640051669745,298.91415135067155,298.21661691516124
12.319784730538974,1.5,303.07653429539334,298.91450887139536,298.2166921312172
12.32341032934137,1.5,303.0766680637534,298.9148663104575,298.21676739680856
12.327035928143765,1.5,303.0768018219505,298.9152236677165,298.2168427119382
12.33066152694616,1.5,303.0769355701569,298.9155809430317,298.216918076609
12.334287125748556,1.5,303.077069308544,298.91593813626366,298.21699349082365
12.337912724550952,1.5,303.0772030372824,298.9162952472735,298.21706895458505
12.341538323353348,1.5,303.0773367565417,298.9166522759238,298.2171444678959
12.345163922155743,1.5,303.0774704664909,298.9170092220776,298.2172200307589
12.348789520958139,1.5,303.07760416729815,298.9173660855992,298.2172956431768
12.352415119760535,1.5,303.0777378591309,298.9177228663537,298.21737130515226
12.35604071856293,1.5,303.0778715421556,298.9180795642072,298.21744701668797
12.359666317365326,1.5,303.0780052165381,298.9184361790266,298.2175227777866
12.363291916167721,1.5,303.0781388824434,298.91879271067995,298.21759858845076
12.366917514970117,1.5,303.0782725400359,298.9191491590362,298.21767444868306
12.370543113772513,1.5,303.07840618947915,298.91950552396503,298.217750358486
12.374168712574908,1.5,303.07853983093577,298.91986180533723,298.21782631786226
12.377794311377304,1.5,303.07867346456794,298.92021800302444,298.21790232681434
12.3814199101797,1.5,303.07880709053705,298.92057411689916,298.21797838534474
12.385045508982095,1.5,303.0789407090036,298.92093014683496,298.21805449345595
12.388671107784491,1.5,303.0790743201276,298.92128609270617,298.21813065115043
12.392296706586887,1.5,303.0792079240682,298.92164195438806,298.2182068584307
12.395922305389282,1.5,303.0793415209839,298.9219977317569,298.218283115299
12.399547904191678,1.5,303.0794751110327,298.92235342468973,298.21835942175795
12.403173502994074,1.5,303.0796086943715,298.92270903306456,298.2184357778097
12.40679910179647,1.5,303.0797422711568,298.92306455676027,298.21851218345677
12.410424700598865,1.5,303.0798758415445,298.9234199956567,298.2185886387016
12.41405029940126,1.5,303.0800094056896,298.9237753496344,298.2186651435463
12.417675898203656,1.5,303.08014296374665,298.924130618575,298.21874169799315
12.421301497006052,1.5,303.08027651586946,298.9244858023609,298.2188183020445
12.424927095808448,1.5,303.0804100622111,298.9248409008755,298.2188949557025
12.428552694610843,1.5,303.08054360292425,298.92519591400287,298.21897165896956
12.432178293413239,1.5,303.08067713816064,298.9255508416281,298.2190484118477
12.435803892215635,1.5,303.08081066807165,298.92590568363704,298.21912521433916
12.43942949101803,1.5,303.08094419280786,298.9262604399166,298.21920206644603
12.443055089820426,1.5,303.0810777125194,298.92661511035436,298.2192789681705
12.446680688622822,1.5,303.08121122735554,298.9269696948389,298.21935591951467
12.450306287425217,1.5,303.08134473746526,298.9273241932594,298.21943292048053
12.453931886227613,1.5,303.0814782429966,298.9276786055062,298.2195099710703
12.457557485030009,1.5,303.0816117440973,298.92803293147034,298.21958707128584
12.461183083832404,1.5,303.0817452409143,298.92838717104377,298.2196642211292
12.4648086826348,1.5,303.08187873359407,298.9287413241192,298.2197414206024
12.468434281437196,1.5,303.0820122222826,298.92909539059013,298.2198186697074
12.472059880239591,1.5,303.08214570712494,298.92944937035105,298.21989596844617
12.475685479041987,1.5,303.082279188266,298.92980326329723,298.2199733168205
12.479311077844383,1.5,303.08241266584986,298.93015706932465,298.2200507148323
12.482936676646778,1.5,303.0825461400202,298.9305107883303,298.22012816248355
12.486562275449174,1.5,303.08267961092,298.9308644202119,298.22020565977596
12.49018787425157,1.5,303.0828130786918,298.931217964868,298.22028320671143
12.493813473053965,1.5,303.0829465434774,298.9315714221979,298.2203608032917
12.49743907185636,1.5,303.0830800054185,298.9319247921018,298.2204384495186
12.501064670658756,1.5,303.0832134646557,298.93227807448073,298.22051614539384
12.504690269461152,1.5,303.08334692132956,298.9326312692364,298.220593890919
12.508315868263548,1.5,303.08348037557977,298.9329843762714,298.2206716860959
12.511941467065943,1.5,303.0836138275456,298.9333373954892,298.2207495309263
12.51556706586834,1.5,303.08374727736594,298.933690326794,298.22082742541164
12.519192664670735,1.5,303.083880725179,298.9340431700906,298.2209053695537
12.52281826347313,1.5,303.0840141711225,298.93439592528495,298.220983363354
12.526443862275526,1.5,303.0841476153337,298.9347485922835,298.22106140681404
12.530069461077922,1.5,303.0842810579494,298.9351011709936,298.2211394999354
12.533695059880317,1.5,303.08441449910583,298.93545366132344,298.2212176427197
12.537320658682713,1.5,303.0845479389387,298.9358060631818,298.2212958351683
12.540946257485109,1.5,303.0846813775833,298.9361583764785,298.22137407728275
12.544571856287504,1.5,303.0848148151744,298.93651060112376,298.2214523690645
12.5481974550899,1.5,303.08494825184636,298.936862737029,298.22153071051486
12.551823053892296,1.5,303.0850816877329,298.93721478410606,298.2216091016353
12.555448652694691,1.5,303.0852151229673,298.93756674226773,298.22168754242716
12.559074251497087,1.5,303.0853485576827,298.9379186114275,298.2217660328918
12.562699850299483,1.5,303.0854819920113,298.9382703914996,298.2218445730306
12.566325449101878,1.5,303.085615426085,298.93862208239904,298.22192316284463
12.569951047904274,1.5,303.0857488600353,298.9389736840415,298.22200180233534
12.57357664670667,1.5,303.08588229399334,298.93932519634353,298.22208049150396
12.577202245509065,1.5,303.08601572808954,298.9396766192224,298.2221592303517
12.580827844311461,1.5,303.0861491624541,298.94002795259604,298.2222380188795
12.584453443113857,1.5,303.08628259721655,298.9403791963831,298.22231685708886
12.588079041916252,1.5,303.08641603250624,298.9407303505031,298.22239574498076
12.591704640718648,1.5,303.0865494684519,298.94108141487624,298.2224746825563
12.595330239521044,1.5,303.0866829051818,298.94143238942326,298.2225536698166
12.59895583832344,1.5,303.0868163428239,298.9417832740659,298.2226327067626
12.602581437125835,1.5,303.0869497815057,298.94213406872655,298.22271179339555
12.60620703592823,1.5,303.08708322135413,298.9424847733282,298.2227909297162
12.609832634730626,1.5,303.0872166624959,298.94283538779456,298.2228701157257
12.613458233533022,1.5,303.0873501050571,298.94318591205024,298.2229493514249
12.617083832335418,1.5,303.08748354916355,298.9435363460203,298.22302863681483
12.620709431137813,1.5,303.08761699494056,298.94388668963086,298.22310797189624
12.624335029940209,1.5,303.087750442513,298.94423694280823,298.22318735667005
12.627960628742604,1.5,303.0878838920055,298.9445871054799,298.2232667911372
12.631586227545,1.5,303.0880173435421,298.9449371775738,298.22334627529835
12.635211826347396,1.5,303.0881507972465,298.9452871590187,298.2234258091544
12.638837425149791,1.5,303.08828425324197,298.9456370497438,298.223505392706
12.642463023952187,1.5,303.08841771165146,298.9459868496794,298.223585025954
12.646088622754583,1.5,303.08855117259725,298.94633655875606,298.22366470889904
12.649714221556978,1.5,303.08868463620166,298.9466861769052,298.2237444415418
12.653339820359374,1.5,303.08881810258623,298.94703570405915,298.22382422388296
12.65696541916177,1.5,303.08895157187237,298.94738514015035,298.22390405592313
12.660591017964165,1.5,303.0890850441808,298.9477344851126,298.22398393766287
12.664216616766561,1.5,303.08921851963225,298.9480837388798,298.22406386910285
12.667842215568957,1.5,303.0893519983467,298.9484329013868,298.22414385024354
12.671467814371352,1.5,303.0894854804439,298.9487819725691,298.22422388108544
12.675093413173748,1.5,303.0896189660433,298.94913095236285,298.224303961629
12.678719011976144,1.5,303.08975245526375,298.9494798407046,298.2243840918748
12.68234461077854,1.5,303.0898859482239,298.949828637532,298.2244642718232
12.685970209580935,1.5,303.0900194450421,298.9501773427831,298.2245445014746
12.68959580838333,1.5,303.09015294583605,298.95052595639646,298.2246247808294
12.693221407185726,1.5,303.0902864507233,298.9508744783116,298.2247051098879
12.696847005988122,1.5,303.0904199598209,298.9512229084684,298.22478548865047
12.700472604790518,1.5,303.0905534732456,298.95157124680765,298.22486591711737
12.704098203592913,1.5,303.0906869911139,298.95191949327057,298.2249463952889
12.707723802395309,1.5,303.0908205135417,298.9522676477991,298.2250269231653
12.711349401197705,1.5,303.09095404064465,298.95261571033575,298.22510750074673
12.7149750000001,1.5,303.09108757253813,298.9529636808237,298.2251881280334
12.718600598802496,1.5,303.09122110933697,298.9533115592069,298.2252688050254
12.722226197604892,1.5,303.0913546511558,298.9536593454296,298.22534953172294
12.725851796407287,1.5,303.09148819810883,298.95400703943693,298.2254303081261
12.729477395209683,1.5,303.0916217503099,298.9543546411745,298.2255111342348
12.733102994012079,1.5,303.09175530787263,298.9547021505886,298.2255920100493
12.736728592814474,1.5,303.09188887091005,298.9550495676262,298.2256729355695
12.74035419161687,1.5,303.09202243953507,298.95539689223466,298.22575391079533
12.743979790419266,1.5,303.0921560138602,298.9557441243622,298.2258349357269
12.747605389221661,1.5,303.0922895939975,298.95609126395743,298.225916010364
12.751230988024057,1.5,303.0924231800588,298.9564383109697,298.22599713470646
12.754856586826453,1.5,303.09255677215555,298.9567852653489,298.2260783087544
12.758482185628848,1.5,303.09269037039877,298.95713212704555,298.2261595325073
12.762107784431244,1.5,303.0928239748993,298.9574788960107,298.2262408059653
12.76573338323364,1.5,303.0929575857677,298.95782557219604,298.226322129128
12.769358982036035,1.5,303.09309120311383,298.9581721555538,298.22640350199515
12.77298458083843,1.5,303.09322482704766,298.9585186460369,298.2264849245666
12.776610179640826,1.5,303.0933584576785,298.9588650435987,298.2265663968418
12.780235778443222,1.5,303.0934920951155,298.95921134819315,298.2266479188206
12.783861377245618,1.5,303.0936257394674,298.95955755977496,298.22672949050263
12.787486976048013,1.5,303.0937593908427,298.95990367829916,298.22681111188746
12.791112574850409,1.5,303.0938930493495,298.9602497037215,298.22689278297463
12.794738173652805,1.5,303.0940267150956,298.9605956359983,298.2269745037637
12.7983637724552,1.5,303.09416038818847,298.9609414750864,298.22705627425415
12.801989371257596,1.5,303.09429406873517,298.9612872209432,298.2271380944456
12.805614970059992,1.5,303.0944277568428,298.9616328735265,298.22721996433734
12.809240568862387,1.5,303.0945614526175,298.96197843279515,298.2273018839288
12.812866167664783,1.5,303.09469515616576,298.962323898708,298.2273838532195
12.816491766467179,1.5,303.09482886759326,298.96266927122474,298.2274658722087
12.820117365269574,1.5,303.0949625870057,298.96301455030545,298.2275479408959
12.82374296407197,1.5,303.0950963145082,298.963359735911,298.2276300592801
12.827368562874366,1.5,303.09523005020577,298.9637048280026,298.2277122273608
12.830994161676761,1.5,303.095363794203,298.96404982654207,298.22779444513725
12.834619760479157,1.5,303.09549754660424,298.96439473149167,298.22787671260863
12.838245359281553,1.5,303.0956313075135,298.9647395428143,298.22795902977407
12.841870958083948,1.5,303.09576507703434,298.9650842604735,298.22804139663276
12.845496556886344,1.5,303.0958988552702,298.96542888443304,298.22812381318386
12.84912215568874,1.5,303.09603264232425,298.96577341465746,298.2282062794264
12.852747754491135,1.5,303.0961664382992,298.96611785111173,298.2282887953595
12.856373353293531,1.5,303.0963002432973,298.9664621937614,298.2283713609821
12.859998952095927,1.5,303.0964340574211,298.9668064425725,298.2284539762934
12.863624550898322,1.5,303.09656788077217,298.9671505975115,298.2285366412922
12.867250149700718,1.5,303.0967017134522,298.9674946585455,298.22861935597746
12.870875748503114,1.5,303.0968355555624,298.9678386256421,298.2287021203481
12.87450134730551,1.5,303.0969694072037,298.9681824987694,298.22878493440305
12.878126946107905,1.5,303.09710326847676,298.968526277896,298.22886779814115
12.8817525449103,1.5,303.097237139482,298.96886996299094,298.22895071156125
12.885378143712696,1.5,303.09737102031943,298.96921355402384,298.229033674662
12.889003742515092,1.5,303.09750491108883,298.9695570509648,298.22911668744234
12.892629341317488,1.5,303.09763881188974,298.9699004537845,298.22919974990083
12.896254940119883,1.5,303.09777272282116,298.9702437624538,298.2292828620363
12.899880538922279,1.5,303.0979066439822,298.9705869769445,298.2293660238473
12.903506137724674,1.5,303.09804057547126,298.9709300972286,298.22944923533265
12.90713173652707,1.5,303.0981745173868,298.97127312327865,298.2295324964908
12.910757335329466,1.5,303.09830846982675,298.97161605506767,298.2296158073203
12.914382934131861,1.5,303.0984424328888,298.97195889256926,298.2296991678197
12.918008532934257,1.5,303.0985764066705,298.97230163575733,298.22978257798763
12.921634131736653,1.5,303.09871039126887,298.9726442846064,298.22986603782255
12.925259730539048,1.5,303.09884438678085,298.9729868390915,298.22994954732275
12.928885329341444,1.5,303.09897839330307,298.97332929918804,298.23003310648676
12.93251092814384,1.5,303.09911241093175,298.97367166487174,298.230116715313
12.936136526946235,1.5,303.09924643976285,298.9740139361192,298.2302003737997
12.939762125748631,1.5,303.09938047989215,298.9743561129072,298.23028408194534
12.943387724551027,1.5,303.0995145314151,298.97469819521285,298.23036783974817
12.947013323353422,1.5,303.0996485944268,298.9750401830142,298.2304516472063
12.950638922155818,1.5,303.09978266902226,298.97538207628924,298.2305355043181
12.954264520958214,1.5,303.09991675529596,298.9757238750168,298.23061941108176
12.95789011976061,1.5,303.1000508533422,298.97606557917584,298.2307033674955
12.961515718563005,1.5,303.1001849632551,298.9764071887461,298.2307873735573
12.9651413173654,1.5,303.1003190851284,298.9767487037076,298.2308714292653
12.968766916167796,1.5,303.10045321905557,298.9770901240407,298.23095553461764
12.972392514970192,1.5,303.1005873651298,298.97743144972645,298.2310396896124
12.976018113772588,1.5,303.100721523444,298.9777726807461,298.23112389424745
12.979643712574983,1.5,303.1008556940909,298.9781138170815,298.23120814852086
12.983269311377379,1.5,303.1009898771629,298.97845485871494,298.23129245243047
12.986894910179775,1.5,303.1011240727519,298.9787958056289,298.2313768059744
12.99052050898217,1.5,303.1012582809499,298.97913665780675,298.2314612091502
12.994146107784566,1.5,303.10139250184847,298.97947741523194,298.23154566195603
12.997771706586962,1.5,303.1015267355388,298.9798180778884,298.23163016438957
13.001397305389357,1.5,303.10166098211204,298.9801586457606,298.2317147164486
13.005022904191753,1.5,303.1017952416589,298.9804991188332,298.23179931813087
13.008648502994149,1.5,303.1019295142698,298.98083949709167,298.2318839694342
13.012274101796544,1.5,303.1020638000349,298.98117978052153,298.23196867035614
13.01589970059894,1.5,303.10219809904424,298.98151996910894,298.2320534208944
13.019525299401336,1.5,303.10233241138747,298.9818600628403,298.23213822104657
13.023150898203731,1.5,303.10246673715386,298.98220006170266,298.2322230708103
13.026776497006127,1.5,303.1026010764327,298.9825399656832,298.2323079701831
13.030402095808522,1.5,303.1027354293128,298.9828797747697,298.2323929191625
13.034027694610918,1.5,303.1028697958828,298.98321948895034,298.232477917746
13.037653293413314,1.5,303.10300417623097,298.9835591082137,298.2325629659311
13.04127889221571,1.5,303.1031385704454,298.98389863254863,298.23264806371515
13.044904491018105,1.5,303.1032729786139,298.98423806194455,298.2327332110956
13.0485300898205,1.5,303.10340740082404,298.9845773963912,298.2328184080698
13.052155688622896,1.5,303.1035418371631,298.98491663587873,298.23290365463504
13.055781287425292,1.5,303.10367628771803,298.98525578039767,298.2329889507887
13.059406886227688,1.5,303.10381075257567,298.9855948299389,298.23307429652795
13.063032485030083,1.5,303.1039452318225,298.9859337844939,298.2331596918501
13.066658083832479,1.5,303.10407972554464,298.9862726440542,298.2332451367523
13.070283682634875,1.5,303.10421423382815,298.986611408612,298.2333306312318
13.07390928143727,1.5,303.1043487567588,298.98695007815974,298.23341617528564
13.077534880239666,1.5,303.10448329442187,298.9872886526903,298.233501768911
13.081160479042062,1.5,303.10461784690267,298.98762713219696,298.2335874121049
13.084786077844457,1.5,303.1047524142862,298.98796551667334,298.2336731048644
13.088411676646853,1.5,303.10488699665706,298.98830380611344,298.23375884718644
13.092037275449249,1.5,303.10502159409964,298.9886420005115,298.2338446390681
13.095662874251644,1.5,303.1051562066981,298.9889800998625,298.23393048050616
13.09928847305404,1.5,303.1052908345364,298.9893181041613,298.2340163714976
13.102914071856436,1.5,303.1054254776982,298.98965601340365,298.23410231203934
13.106539670658831,1.5,303.1055601362668,298.98999382758524,298.23418830212825
13.110165269461227,1.5,303.1056948103255,298.9903315467023,298.234274341761
13.113790868263623,1.5,303.105829499957,298.9906691707514,298.2343604309345
13.117416467066018,1.5,303.105964205244,298.99100669972955,298.2344465696454
13.121042065868414,1.5,303.10609892626894,298.99134413363396,298.2345327578904
13.12466766467081,1.5,303.10623366311387,298.99168147246235,298.2346189956663
13.128293263473205,1.5,303.1063684158607,298.99201871621267,298.23470528296957
13.131918862275601,1.5,303.106503184591,298.9923558648834,298.2347916197969
13.135544461077997,1.5,303.1066379693862,298.9926929184731,298.23487800614487
13.139170059880392,1.5,303.1067727703273,298.99302987698087,298.23496444201004
13.142795658682788,1.5,303.1069075874954,298.9933667404062,298.2350509273888
13.146421257485184,1.5,303.1070424209709,298.99370350874875,298.23513746227775
13.15004685628758,1.5,303.10717727083426,298.99404018200863,298.2352240466733
13.153672455089975,1.5,303.1073121371655,298.99437676018636,298.23531068057184
13.15729805389237,1.5,303.1074470200445,298.99471324328266,298.23539736396975
13.160923652694766,1.5,303.1075819195511,298.9950496312986,298.23548409686344
13.164549251497162,1.5,303.1077168357644,298.9953859242357,298.23557087924905
13.168174850299557,1.5,303.1078517687636,298.9957221220957,298.235657711123
13.171800449101953,1.5,303.10798671862767,298.9960582248807,298.23574459248147
13.175426047904349,1.5,303.1081216854351,298.9963942325932,298.2358315233207
13.179051646706744,1.5,303.1082566692643,298.99673014523586,298.23591850363687
13.18267724550914,1.5,303.10839167019344,298.997065962812,298.236005533426
13.186302844311536,1.5,303.1085266883004,298.99740168532486,298.2360926126844
13.189928443113931,1.5,303.10866172366286,298.99773731277827,298.236179741408
13.193554041916327,1.5,303.1087967763582,298.99807284517624,298.2362669195929
13.197179640718723,1.5,303.10893184646346,298.9984082825232,298.2363541472351
13.200805239521118,1.5,303.10906693405565,298.9987436248238,298.2364414243305
13.204430838323514,1.5,303.1092020392114,298.9990788720832,298.2365287508751
13.20805643712591,1.5,303.10933716200725,298.99941402430665,298.2366161268649
13.211682035928305,1.5,303.10947230251924,298.9997490814998,298.2367035522956
13.215307634730701,1.5,303.1096074608233,299.00008404366855,298.23679102716306
13.218933233533097,1.5,303.10974263699524,299.0004189108193,298.23687855146323
13.222558832335492,1.5,303.1098778311104,299.00075368295853,298.23696612519177
13.226184431137888,1.5,303.11001304324407,299.0010883600931,298.2370537483445
13.229810029940284,1.5,303.1101482734711,299.0014229422303,298.237141420917
13.23343562874268,1.5,303.11028352186634,299.00175742937756,298.23722914290505
13.237061227545075,1.5,303.1104187885042,299.0020918215427,298.23731691430424
13.24068682634747,1.5,303.110554073459,299.0024261187338,298.23740473511015
13.244312425149866,1.5,303.1106893768047,299.0027603209592,298.2374926053184
13.247938023952262,1.5,303.11082469861503,299.0030944282276,298.23758052492445
13.251563622754658,1.5,303.1109600389636,299.0034284405481,298.2376684939239
13.255189221557053,1.5,303.1110953979237,299.0037623579297,298.23775651231216
13.258814820359449,1.5,303.1112307755683,299.0040961803822,298.2378445800847
13.262440419161845,1.5,303.11136617197025,299.00442990791527,298.2379326972369
13.26606601796424,1.5,303.1115015872022,299.00476354053916,298.23802086376406
13.269691616766636,1.5,303.11163702133643,299.0050970782643,298.2381090796616
13.273317215569032,1.5,303.111772474445,299.0054305211013,298.2381973449249
13.276942814371427,1.5,303.11190794659984,299.0057638690612,298.23828565954904
13.280568413173823,1.5,303.11204343787256,299.00609712215515,298.23837402352933
13.284194011976219,1.5,303.1121789483346,299.0064302803949,298.23846243686097
13.287819610778614,1.5,303.11231447805704,299.0067633437922,298.2385508995391
13.29144520958101,1.5,303.11245002711087,299.00709631235907,298.2386394115589
13.295070808383405,1.5,303.1125855955668,299.00742918610786,298.2387279729155
13.298696407185801,1.5,303.1127211834952,299.0077619650514,298.23881658360386
13.302322005988197,1.5,303.11285679096636,299.00809464920235,298.2389052436191
13.305947604790592,1.5,303.1129924180502,299.00842723857414,298.2389939529561
13.309573203592988,1.5,303.11312806481664,299.0087597331801,298.23908271160985
13.313198802395384,1.5,303.113263731335,299.0090921330339,298.23917151957545
13.31682440119778,1.5,303.11339941767477,299.00942443814967,298.2392603768476
13.320450000000175,1.5,303.1135351239048,299.0097566485415,298.2393492834212
13.32407559880257,1.5,303.1136708500941,299.010088764224,298.23943823929113
13.327701197604966,1.5,303.1138065963112,299.01042078521186,298.2395272444521
13.331326796407362,1.5,303.1139423626244,299.01075271152024,298.2396162988989
13.334952395209758,1.5,303.11407814910194,299.0110845431643,298.2397054026263
13.338577994012153,1.5,303.11421395581164,299.01141628015966,298.239794555629
13.342203592814549,1.5,303.11434978282125,299.01174792252203,298.23988375790157
13.345829191616945,1.5,303.11448563019815,299.01207947026757,298.23997300943864
13.34945479041934,1.5,303.11462149800957,299.01241092341246,298.24006231023486
13.353080389221736,1.5,303.11475738632254,299.0127422819734,298.2401516602847
13.356705988024132,1.5,303.1148932952038,299.013073545967,298.2402410595828
13.360331586826527,1.5,303.11502922471976,299.0134047154105,298.2403305081236
13.363957185628923,1.5,303.115165174937,299.0137357903211,298.2404200059014
13.367582784431319,1.5,303.1153011459213,299.0140667707163,298.24050955291085
13.371208383233714,1.5,303.11543713773864,299.01439765661394,298.2405991491462
13.37483398203611,1.5,303.1155731504547,299.014728448032,298.24068879460185
13.378459580838506,1.5,303.11570918413474,299.01505914498875,298.2407784892721
13.382085179640901,1.5,303.115845238844,299.01538974750275,298.2408682331512
13.385710778443297,1.5,303.11598131464746,299.01572025559267,298.2409580262335
13.389336377245693,1.5,303.11611741160976,299.0160506692775,298.241047868513
13.392961976048088,1.5,303.1162535297954,299.0163809885764,298.2411377599841
13.396587574850484,1.5,303.1163896692687,299.01671121350887,298.24122770064093
13.40021317365288,1.5,303.1165258300936,299.01704134409454,298.2413176904775
13.403838772455275,1.5,303.116662012334,299.0173713803533,298.24140772948795
13.40746437125767,1.5,303.1167982160535,299.0177013223054,298.24149781766624
13.411089970060067,1.5,303.1169344413154,299.0180311699711,298.2415879550065
13.414715568862462,1.5,303.1170706881829,299.0183609233709,298.2416781415025
13.418341167664858,1.5,303.117206956719,299.0186905825258,298.2417683771485
13.421966766467254,1.5,303.1173432469862,299.0190201474566,298.2418586619382
13.42559236526965,1.5,303.1174795590471,299.0193496181847,298.2419489958655
13.429217964072045,1.5,303.11761589296395,299.0196789947316,298.24203937892423
13.43284356287444,1.5,303.1177522487988,299.0200082771189,298.24212981110827
13.436469161676836,1.5,303.1178886266134,299.0203374653685,298.2422202924113
13.440094760479232,1.5,303.11802502646947,299.0206665595026,298.2423108228271
13.443720359281627,1.5,303.1181614484282,299.02099555954356,298.2424014023494
13.447345958084023,1.5,303.11829789255086,299.0213244655138,298.24249203097185
13.450971556886419,1.5,303.11843435889836,299.02165327743626,298.2425827086881
13.454597155688814,1.5,303.11857084753143,299.0219819953338,298.2426734354918
13.45822275449121,1.5,303.11870735851045,299.02231061922964,298.24276421137637
13.461848353293606,1.5,303.11884389189584,299.0226391491472,298.2428550363354
13.465473952096001,1.5,303.1189804477476,299.0229675851101,298.2429459103625
13.469099550898397,1.5,303.11911702612554,299.0232959271421,298.243036833451
13.472725149700793,1.5,303.11925362708934,299.02362417526723,298.24312780559444
13.476350748503188,1.5,303.1193902506983,299.02395232950977,298.2432188267861
13.479976347305584,1.5,303.1195268970117,299.02428038989405,298.24330989701957
13.48360194610798,1.5,303.1196635660885,299.02460835644473,298.2434010162879
13.487227544910375,1.5,303.1198002579874,299.0249362291867,298.2434921845846
13.490853143712771,1.5,303.119936972767,299.0252640081449,298.24358340190287
13.494478742515167,1.5,303.1200737104855,299.0255916933446,298.2436746682359
13.498104341317562,1.5,303.1202104712011,299.0259192848112,298.2437659835769
13.501729940119958,1.5,303.12034725497165,299.0262467825703,298.24385734791906
13.505355538922354,1.5,303.1204840618548,299.0265741866478,298.2439487612555
13.50898113772475,1.5,303.12062089190806,299.0269014970695,298.2440402235793
13.512606736527145,1.5,303.1207577451887,299.0272287138618,298.2441317348836
13.51623233532954,1.5,303.1208946217537,299.027555837051,298.2442232951613
13.519857934131936,1.5,303.1210315216598,299.0278828666637,298.2443149044054
13.523483532934332,1.5,303.1211684449637,299.0282098027266,298.2444065626091
13.527109131736728,1.5,303.12130539172176,299.0285366452667,298.24449826976496
13.530734730539123,1.5,303.12144236199015,299.02886339431114,298.24459002586616
13.534360329341519,1.5,303.12157935582485,299.0291900498872,298.24468183090545
13.537985928143915,1.5,303.12171637328163,299.0295166120224,298.2447736848757
13.54161152694631,1.5,303.12185341441597,299.0298430807444,298.24486558776965
13.545237125748706,1.5,303.12199047928317,299.03016945608107,298.24495753958007
13.548862724551102,1.5,303.1221275679385,299.0304957380605,298.2450495402997
13.552488323353497,1.5,303.1222646804367,299.03082192671087,298.2451415899212
13.556113922155893,1.5,303.12240181683256,299.03114802206056,298.2452336884373
13.559739520958288,1.5,303.1225389771806,299.0314740241382,298.2453258358405
13.563365119760684,1.5,303.122676161535,299.03179993297255,298.24541803212355
13.56699071856308,1.5,303.1228133699499,299.0321257485924,298.24551027727887
13.570616317365475,1.5,303.1229506024791,299.0324514710271,298.24560257129906
13.574241916167871,1.5,303.12308785917634,299.03277710030574,298.2456949141766
13.577867514970267,1.5,303.1232251400949,299.0331026364578,298.245787305904
13.581493113772662,1.5,303.1233624452882,299.0334280795128,298.2458797464735
13.585118712575058,1.5,303.1234997748091,299.03375342950073,298.2459722358777
13.588744311377454,1.5,303.1236371287105,299.03407868645144,298.24606477410873
13.59236991017985,1.5,303.1237745070451,299.03440385039494,298.2461573611592
13.595995508982245,1.5,303.1239119098651,299.0347289213617,298.2462499970212
13.59962110778464,1.5,303.1240493372228,299.03505389938204,298.246342681687
13.603246706587036,1.5,303.1241867891702,299.0353787844866,298.24643541514894
13.606872305389432,1.5,303.1243242657592,299.03570357670617,298.2465281973991
13.610497904191828,1.5,303.1244617670411,299.03602827607165,298.2466210284296
13.614123502994223,1.5,303.1245992930676,299.03635288261415,298.24671390823266
13.617749101796619,1.5,303.12473684388954,299.036677396365,298.2468068368004
13.621374700599015,1.5,303.1248744195582,299.03700181735553,298.2468998141247
13.62500029940141,1.5,303.12501202012413,299.03732614561727,298.2469928401977
13.628625898203806,1.5,303.1251496456379,299.03765038118206,298.2470859150115
13.632251497006202,1.5,303.12528729615,299.0379745240817,298.2471790385579
13.635877095808597,1.5,303.1254249717106,299.03829857434823,298.2472722108288
13.639502694610993,1.5,303.1255626723694,299.03862253201385,298.2473654318162
13.643128293413389,1.5,303.1257003981763,299.0389463971109,298.24745870151185
13.646753892215784,1.5,303.12583814918094,299.03927016967197,298.24755201990774
13.65037949101818,1.5,303.1259759254325,299.0395938497295,298.2476453869955
13.654005089820576,1.5,303.12611372698024,299.0399174373165,298.24773880276695
13.657630688622971,1.5,303.12625155387303,299.04024093246574,298.24783226721377
13.661256287425367,1.5,303.12638940615966,299.0405643352104,298.24792578032776
13.664881886227763,1.5,303.1265272838886,299.0408876455836,298.24801934210046
13.668507485030158,1.5,303.12666518710824,299.0412108636189,298.2481129525235
13.672133083832554,1.5,303.1268031158668,299.0415339893497,298.24820661158856
13.67575868263495,1.5,303.12694107021207,299.0418570228096,298.2483003192872
13.679384281437345,1.5,303.1270790501919,299.04217996403264,298.2483940756108
13.68300988023974,1.5,303.1272170558538,299.0425028130525,298.24848788055107
13.686635479042137,1.5,303.12735508724506,299.0428255699034,298.2485817340993
13.690261077844532,1.5,303.12749314441294,299.04314823461965,298.24867563624696
13.693886676646928,1.5,303.12763122740427,299.0434708072355,298.24876958698553
13.697512275449323,1.5,303.1277693362659,299.04379328778555,298.24886358630624
13.70113787425172,1.5,303.1279074710443,299.04411567630433,298.2489576342005
13.704763473054115,1.5,303.12804563178594,299.04443797282664,298.2490517306596
13.70838907185651,1.5,303.12818381853685,299.04476017738756,298.2491458756748
13.712014670658906,1.5,303.12832203134315,299.04508229002187,298.2492400692373
13.715640269461302,1.5,303.1284602702505,299.045404310765,298.24933431133826
13.719265868263697,1.5,303.12859853530455,299.0457262396521,298.24942860196904
13.722891467066093,1.5,303.12873682655055,299.04604807671865,298.2495229411206
13.726517065868489,1.5,303.1288751440339,299.04636982200026,298.24961732878404
13.730142664670884,1.5,303.1290134877994,299.04669147553267,298.2497117649505
13.73376826347328,1.5,303.12915185789194,299.0470130373515,298.24980624961097
13.737393862275676,1.5,303.1292902543561,299.0473345074931,298.2499007827565
13.741019461078071,1.5,303.12942867723626,299.0476558859932,298.249995364378
13.744645059880467,1.5,303.12956712657666,299.0479771728882,298.25008999446646
13.748270658682863,1.5,303.1297056024214,299.0482983682143,298.25018467301277
13.751896257485258,1.5,303.12984410481425,299.04861947200817,298.2502794000078
13.755521856287654,1.5,303.1299826337988,299.0489404843062,298.2503741754424
13.75914745509005,1.5,303.1301211894187,299.0492614051452,298.2504689993074
13.762773053892445,1.5,303.130259771717,299.04958223456197,298.2505638715935
13.766398652694841,1.5,303.13039838073684,299.04990297259343,298.25065879229146
13.770024251497237,1.5,303.13053701652115,299.0502236192767,298.25075376139205
13.773649850299632,1.5,303.1306756791125,299.050544174649,298.25084877888594
13.777275449102028,1.5,303.13081436855356,299.05086463874767,298.25094384476375
13.780901047904424,1.5,303.13095308488647,299.05118501160996,298.25103895901606
13.78452664670682,1.5,303.1310918281535,299.0515052932736,298.2511341216336
13.788152245509215,1.5,303.1312305983965,299.0518254837761,298.2512293326068
13.79177784431161,1.5,303.1313693956572,299.0521455831553,298.25132459192616
13.795403443114006,1.5,303.1315082199772,299.05246559144916,298.25141989958223
13.799029041916402,1.5,303.1316470713978,299.0527855086956,298.25151525556544
13.802654640718798,1.5,303.1317859499603,299.05310533493275,298.2516106598662
13.806280239521193,1.5,303.1319248557057,299.0534250701989,298.2517061124749
13.809905838323589,1.5,303.13206378867466,299.0537447145323,298.251801613382
13.813531437125985,1.5,303.13220274890784,299.0540642679714,298.2518971625777
13.81715703592838,1.5,303.1323417364458,299.0543837305547,298.25199276005236
13.820782634730776,1.5,303.13248075132867,299.05470310232107,298.2520884057962
13.824408233533171,1.5,303.1326197935965,299.05502238330916,298.2521840997995
13.828033832335567,1.5,303.1327588632893,299.0553415735578,298.25227984205236
13.831659431137963,1.5,303.13289796044677,299.0556606731061,298.2523756325451
13.835285029940358,1.5,303.1330370851083,299.0559796819931,298.25247147126777
13.838910628742754,1.5,303.13317623731314,299.056298600258,298.2525673582105
13.84253622754515,1.5,303.13331541710073,299.05661742794007,298.2526632933633
13.846161826347545,1.5,303.13345462450974,299.05693616507875,298.25275927671635
13.849787425149941,1.5,303.13359385957915,299.0572548117135,298.2528553082595
13.853413023952337,1.5,303.13373312234745,299.05757336788395,298.2529513879828
13.857038622754732,1.5,303.1338724128531,299.05789183362987,298.25304751587623
13.860664221557128,1.5,303.1340117311343,299.058210208991,298.2531436919297
13.864289820359524,1.5,303.1341510772292,299.0585284940073,298.2532399161331
13.86791541916192,1.5,303.1342904511755,299.05884668871875,298.25333618847617
13.871541017964315,1.5,303.13442985301106,299.0591647931654,298.2534325089489
13.87516661676671,1.5,303.13456928277327,299.0594828073876,298.253528877541
13.878792215569106,1.5,303.1347087404995,299.0598007314255,298.2536252942421
13.882417814371502,1.5,303.13484822622695,299.0601185653196,298.25372175904215
13.886043413173898,1.5,303.13498773999254,299.0604363091104,298.25381827193075
13.889669011976293,1.5,303.13512728183304,299.0607539628384,298.25391483289764
13.893294610778689,1.5,303.13526685178516,299.06107152654437,298.2540114419323
13.896920209581085,1.5,303.13540644988524,299.06138900026906,298.2541080990245
13.90054580838348,1.5,303.13554607616953,299.06170638405325,298.2542048041637
13.904171407185876,1.5,303.13568573067414,299.06202367793804,298.25430155733943
13.907797005988272,1.5,303.13582541343504,299.06234088196436,298.25439835854127
13.911422604790667,1.5,303.1359651244879,299.0626579961734,298.2544952077587
13.915048203593063,1.5,303.1361048638683,299.0629750206064,298.2545921049811
13.918673802395459,1.5,303.13624463161153,299.06329195530463,298.25468905019795
13.922299401197854,1.5,303.1363844277529,299.06360880030957,298.25478604339867
13.92592500000025,1.5,303.1365242523273,299.06392555566265,298.2548830845726
13.929550598802646,1.5,303.1366641053697,299.06424222140544,298.25498017370893
13.933176197605041,1.5,303.1368039869148,299.0645587975797,298.25507731079716
13.936801796407437,1.5,303.13694389699697,299.0648752842272,298.2551744958264
13.940427395209833,1.5,303.1370838356507,299.0651916813896,298.25527172878594
13.944052994012228,1.5,303.13722380290994,299.06550798910894,298.255369009665
13.947678592814624,1.5,303.1373637988088,299.0658242074272,298.2554663384527
13.95130419161702,1.5,303.13750382338105,299.0661403363865,298.2555637151383
13.954929790419415,1.5,303.1376438766604,299.066456376029,298.2556611397108
13.95855538922181,1.5,303.1377839586802,299.0667723263969,298.2557586121593
13.962180988024206,1.5,303.1379240694738,299.06708818753265,298.25585613247284
13.965806586826602,1.5,303.1380642090743,299.0674039594785,298.2559537006405
13.969432185628998,1.5,303.1382043775147,299.06771964227704,298.2560513166512
13.973057784431393,1.5,303.1383445748277,299.06803523597085,298.25614898049395
13.97668338323379,1.5,303.13848480104593,299.06835074060257,298.25624669215773
13.980308982036185,1.5,303.1386250562018,299.06866615621493,298.2563444516313
13.98393458083858,1.5,303.13876534032767,299.06898148285075,298.2564422589037
13.987560179640976,1.5,303.1389056534556,299.0692967205528,298.25654011396364
13.991185778443372,1.5,303.13904599561744,299.0696118693642,298.25663801679997
13.994811377245767,1.5,303.1391863668451,299.0699269293279,298.2567359674014
13.998436976048163,1.5,303.13932676717,299.070241900487,298.25683396575687
14.002062574850559,1.5,303.1394671966237,299.07055678288475,298.25693201185493
14.005688173652954,1.5,303.1396076552374,299.0708715765643,298.2570301056843
14.00931377245535,1.5,303.13974814304214,299.0711862815691,298.25712824723365
14.012939371257746,1.5,303.13988866006895,299.0715008979425,298.25722643649164
14.016564970060141,1.5,303.1400292063485,299.07181542572795,298.2573246734469
14.020190568862537,1.5,303.1401697819115,299.072129864969,298.2574229580879
14.023816167664933,1.5,303.1403103867882,299.07244421570925,298.25752129040325
14.027441766467328,1.5,303.14045102100897,299.07275847799247,298.2576196703814
14.031067365269724,1.5,303.14059168460386,299.0730726518623,298.25771809801097
14.03469296407212,1.5,303.14073237760294,299.07338673736274,298.2578165732803
14.038318562874515,1.5,303.1408731000357,299.07370073453745,298.2579150961778
14.041944161676911,1.5,303.141013851932,299.0740146434306,298.2580136666919
14.045569760479307,1.5,303.14115463332115,299.074328464086,298.2581122848109
14.049195359281702,1.5,303.14129544423247,299.074642196548,298.2582109505234
14.052820958084098,1.5,303.141436284695,299.07495584086047,298.25830966381733
14.056446556886494,1.5,303.1415771547378,299.07526939706787,298.2584084246812
14.06007215568889,1.5,303.1417180543895,299.07558286521436,298.2585072331032
14.063697754491285,1.5,303.14185898367896,299.0758962453444,298.2586060890716
14.06732335329368,1.5,303.1419999426344,299.07620953750234,298.25870499257445
14.070948952096076,1.5,303.1421409312843,299.0765227417326,298.25880394360007
14.074574550898472,1.5,303.1422819496567,299.07683585807985,298.25890294213644
14.078200149700868,1.5,303.14242299777965,299.0771488865887,298.25900198817186
14.081825748503263,1.5,303.1425640756809,299.07746182730364,298.2591010816942
14.085451347305659,1.5,303.14270518338816,299.0777746802696,298.2592002226916
14.089076946108054,1.5,303.142846320929,299.0780874455313,298.2592994111521
14.09270254491045,1.5,303.14298748833056,299.0784001231335,298.25939864706356
14.096328143712846,1.5,303.1431286856202,299.07871271312126,298.2594979304141
14.099953742515241,1.5,303.1432699128249,299.07902521553945,298.2595972611915
14.103579341317637,1.5,303.14341116997156,299.07933763043314,298.25969663938383
14.107204940120033,1.5,303.1435524570868,299.0796499578474,298.25979606497884
14.110830538922428,1.5,303.1436937741973,299.0799621978273,298.2598955379644
14.114456137724824,1.5,303.14383512132923,299.08027435041816,298.2599950583283
14.11808173652722,1.5,303.1439764985091,299.08058641566515,298.26009462605833
14.121707335329615,1.5,303.1441179057629,299.08089839361367,298.2601942411423
14.125332934132011,1.5,303.1442593431165,299.081210284309,298.2602939035679
14.128958532934407,1.5,303.1444008105957,299.08152208779654,298.26039361332283
14.132584131736802,1.5,303.14454230822616,299.08183380412186,298.26049337039484
14.136209730539198,1.5,303.14468383603327,299.0821454333304,298.26059317477143
14.139835329341594,1.5,303.1448253940424,299.08245697546795,298.2606930264404
14.14346092814399,1.5,303.14496698227873,299.0827684305798,298.26079292538907
14.147086526946385,1.5,303.14510860076723,299.0830797987118,298.2608928716053
14.15071212574878,1.5,303.14525024953264,299.0833910799098,298.26099286507645
14.154337724551176,1.5,303.14539192859985,299.08370227421955,298.26109290579
14.157963323353572,1.5,303.14553363799325,299.08401338168676,298.26119299373346
14.161588922155968,1.5,303.1456753777373,299.0843244023575,298.26129312889435
14.165214520958363,1.5,303.14581714785623,299.08463533627753,298.26139331126
14.168840119760759,1.5,303.14595894837413,299.0849461834929,298.2614935408179
14.172465718563155,1.5,303.14610077931496,299.08525694404983,298.26159381755525
14.17609131736555,1.5,303.14624264070244,299.0855676179941,298.26169414145966
14.179716916167946,1.5,303.14638453256026,299.08587820537207,298.2617945125181
14.183342514970342,1.5,303.14652645491185,299.0861887062299,298.2618949307182
14.186968113772737,1.5,303.14666840778057,299.0864991206138,298.26199539604687
14.190593712575133,1.5,303.14681039118966,299.08680944857,298.2620959084916
14.194219311377529,1.5,303.1469524051621,299.0871196901449,298.2621964680394
14.197844910179924,1.5,303.1470944497207,299.08742984538486,298.2622970746776
14.20147050898232,1.5,303.14723652488834,299.0877399143362,298.26239772839324
14.205096107784716,1.5,303.14737863068757,299.0880498970456,298.2624984291735
14.208721706587111,1.5,303.14752076714075,299.08835979355933,298.2625991770054
14.212347305389507,1.5,303.14766293427033,299.088669603924,298.26269997187603
14.215972904191903,1.5,303.14780513209826,299.0889793281864,298.26280081377246
14.219598502994298,1.5,303.1479473606467,299.0892889663929,298.2629017026817
14.223224101796694,1.5,303.1480896199375,299.0895985185903,298.26300263859065
14.22684970059909,1.5,303.1482319099923,299.08990798482535,298.2631036214864
14.230475299401485,1.5,303.1483742308327,299.09021736514467,298.2632046513557
14.23410089820388,1.5,303.1485165824801,299.0905266595953,298.2633057281855
14.237726497006276,1.5,303.14865896495587,299.0908358682239,298.26340685196277
14.241352095808672,1.5,303.148801378281,299.0911449910774,298.26350802267433
14.244977694611068,1.5,303.1489438224765,299.0914540282028,298.263609240307
14.248603293413463,1.5,303.1490862975633,299.09176297964694,298.2637105048475
14.252228892215859,1.5,303.14922880356204,299.092071845457,298.2638118162826
14.255854491018255,1.5,303.1493713404933,299.0923806256798,298.2639131745991
14.25948008982065,1.5,303.1495139083774,299.0926893203626,298.26401457978363
14.263105688623046,1.5,303.14965650723474,299.0929979295525,298.264116031823
14.266731287425442,1.5,303.1497991370854,299.0933064532966,298.2642175307037
14.270356886227837,1.5,303.14994179794934,299.0936148916421,298.26431907641256
14.273982485030233,1.5,303.15008448984645,299.09392324463624,298.264420668936
14.277608083832629,1.5,303.1502272127964,299.0942315123264,298.2645223082608
14.281233682635024,1.5,303.1503699668187,299.09453969475976,298.2646239943733
14.28485928143742,1.5,303.1505127519329,299.09484779198374,298.2647257272602
14.288484880239816,1.5,303.1506555681582,299.09515580404565,298.26482750690786
14.292110479042211,1.5,303.15079841551375,299.09546373099295,298.26492933330286
14.295736077844607,1.5,303.1509412940186,299.095771572873,298.2650312064316
14.299361676647003,1.5,303.1510842036916,299.09607932973336,298.26513312628055
14.302987275449398,1.5,303.1512271445514,299.09638700162157,298.265235092836
14.306612874251794,1.5,303.1513701166167,299.09669458858514,298.2653371060844
14.31023847305419,1.5,303.1515131199059,299.0970020906716,298.26543916601213
14.313864071856585,1.5,303.15165615443726,299.0973095079287,298.2655412726054
14.317489670658981,1.5,303.1517992202291,299.09761684040393,298.26564342585067
14.321115269461377,1.5,303.1519423172993,299.0979240881451,298.26574562573404
14.324740868263772,1.5,303.1520854456658,299.0982312511997,298.26584787224175
14.328366467066168,1.5,303.15222860534647,299.09853832961574,298.2659501653602
14.331992065868564,1.5,303.1523717963588,299.09884532344086,298.2660525050754
14.33561766467096,1.5,303.1525150187204,299.0991522327229,298.26615489137356
14.339243263473355,1.5,303.1526582724485,299.0994590575096,298.2662573242409
14.34286886227575,1.5,303.15280155756045,299.0997657978489,298.2663598036634
14.346494461078146,1.5,303.1529448740733,299.10007245378864,298.26646232962725
14.350120059880542,1.5,303.15308822200404,299.10037902537687,298.26656490211843
14.353745658682938,1.5,303.15323160136944,299.10068551266136,298.2666675211231
14.357371257485333,1.5,303.1533750121862,299.1009919156902,298.2667701866272
14.360996856287729,1.5,303.1535184544709,299.1012982345113,298.26687289861667
14.364622455090124,1.5,303.15366192823984,299.10160446917274,298.2669756570775
14.36824805389252,1.5,303.1538054335095,299.1019106197227,298.26707846199565
14.371873652694916,1.5,303.1539489702959,299.10221668620903,298.26718131335707
14.375499251497311,1.5,303.1540925386152,299.10252266868,298.26728421114757
14.379124850299707,1.5,303.1542361384831,299.10282856718374,298.26738715535305
14.382750449102103,1.5,303.1543797699156,299.1031343817683,298.2674901459594
14.386376047904498,1.5,303.15452343292816,299.103440112482,298.26759318295234
14.390001646706894,1.5,303.15466712753636,299.1037457593729,298.26769626631767
14.39362724550929,1.5,303.1548108537555,299.1040513224894,298.2677993960412
14.397252844311685,1.5,303.15495461160094,299.10435680187965,298.26790257210865
14.400878443114081,1.5,303.1550984010877,299.104662197592,298.26800579450577
14.404504041916477,1.5,303.1552422222308,299.10496750967474,298.26810906321816
14.408129640718872,1.5,303.15538607504504,299.1052727381762,298.2682123782315
14.411755239521268,1.5,303.1555299595453,299.1055778831448,298.26831573953154
14.415380838323664,1.5,303.15567387574595,299.1058829446287,298.2684191471038
14.41900643712606,1.5,303.15581782366166,299.1061879226766,298.26852260093386
14.422632035928455,1.5,303.15596180330664,299.1064928173367,298.2686261010073
14.42625763473085,1.5,303.15610581469525,299.10679762865755,298.2687296473098
14.429883233533246,1.5,303.1562498578415,299.10710235668756,298.2688332398266
14.433508832335642,1.5,303.1563939327594,299.1074070014752,298.2689368785435
14.437134431138038,1.5,303.15653803946265,299.1077115630691,298.2690405634458
14.440760029940433,1.5,303.15668217796514,299.10801604151766,298.269144294519
14.444385628742829,1.5,303.15682634828033,299.1083204368694,298.2692480717484
14.448011227545225,1.5,303.15697055042176,299.10862474917303,298.2693518951195
14.45163682634762,1.5,303.1571147844027,299.1089289784771,298.2694557646177
14.455262425150016,1.5,303.15725905023646,299.10923312483015,298.26955968022827
14.458888023952412,1.5,303.15740334793605,299.10953718828085,298.26966364193663
14.462513622754807,1.5,303.1575476775145,299.10984116887784,298.269767649728
14.466139221557203,1.5,303.1576920389846,299.1101450666698,298.2698717035878
14.469764820359599,1.5,303.1578364323591,299.1104488817054,298.2699758035011
14.473390419161994,1.5,303.15798085765056,299.11075261403323,298.27007994945325
14.47701601796439,1.5,303.1581253148715,299.11105626370215,298.27018414142947
14.480641616766786,1.5,303.1582698040342,299.1113598307609,298.27028837941486
14.484267215569181,1.5,303.158414325151,299.1116633152581,298.2703926633946
14.487892814371577,1.5,303.158558878234,299.11196671724264,298.2704969933539
14.491518413173972,1.5,303.158703463295,299.1122700367632,298.2706013692778
14.495144011976368,1.5,303.1588480803461,299.1125732738687,298.27070579115144
14.498769610778764,1.5,303.15899272939896,299.1128764286078,298.27081025895984
14.50239520958116,1.5,303.1591374104652,299.1131795010295,298.2709147726881
14.506020808383555,1.5,303.1592821235563,299.11348249118254,298.2710193323212
14.50964640718595,1.5,303.1594268686837,299.1137853991158,298.27112393784415
14.513272005988346,1.5,303.15957164585865,299.1140882248782,298.271228589242
14.516897604790742,1.5,303.1597164550923,299.1143909685185,298.2713332864996
14.520523203593138,1.5,303.1598612963956,299.1146936300857,298.27143802960194
14.524148802395533,1.5,303.16000616977965,299.1149962096287,298.27154281853393
14.527774401197929,1.5,303.16015107525516,299.1152987071965,298.2716476532804
14.531400000000325,1.5,303.1602960128327,299.1156011228379,298.2717525338263
14.53502559880272,1.5,303.16044098252297,299.115903456602,298.2718574601564
14.538651197605116,1.5,303.1605859843364,299.1162057085377,298.2719624322556
14.542276796407512,1.5,303.1607310182833,299.1165078786939,298.2720674501085
14.545902395209907,1.5,303.16087608437385,299.11680996711965,298.2721725137001
14.549527994012303,1.5,303.16102118261813,299.1171119738641,298.27227762301504
14.553153592814699,1.5,303.1611663130262,299.11741389897605,298.27238277803804
14.556779191617094,1.5,303.1613114756078,299.11771574250463,298.2724879787538
14.56040479041949,1.5,303.1614566703729,299.1180175044989,298.27259322514715
14.564030389221886,1.5,303.16160189733097,299.11831918500786,298.27269851720257
14.567655988024281,1.5,303.1617471564915,299.11862078408063,298.2728038549048
14.571281586826677,1.5,303.161892447864,299.1189223017662,298.27290923823836
14.574907185629073,1.5,303.1620377714577,299.1192237381137,298.27301466718797
14.578532784431468,1.5,303.16218312728176,299.1195250931722,298.2731201417381
14.582158383233864,1.5,303.1623285153454,299.1198263669908,298.27322566187337
14.58578398203626,1.5,303.16247393565743,299.12012755961865,298.27333122757824
14.589409580838655,1.5,303.16261938822674,299.12042867110483,298.27343683883726
14.593035179641051,1.5,303.1627648730621,299.1207297014985,298.273542495635
14.596660778443447,1.5,303.16291039017204,299.1210306508487,298.2736481979557
14.600286377245842,1.5,303.16305593956514,299.12133151920466,298.27375394578405
14.603911976048238,1.5,303.1632015212497,299.1216323066156,298.27385973910435
14.607537574850634,1.5,303.16334713523406,299.12193301313056,298.273965577901
14.61116317365303,1.5,303.1634927815265,299.1222336387987,298.2740714621583
14.614788772455425,1.5,303.163638460135,299.12253418366925,298.2741773918608
14.61841437125782,1.5,303.1637841710675,299.1228346477914,298.2742833669927
14.622039970060216,1.5,303.1639299143319,299.1231350312143,298.27438938753835
14.625665568862612,1.5,303.1640756899358,299.1234353339872,298.274495453482
14.629291167665007,1.5,303.164221497887,299.12373555615915,298.274601564808
14.632916766467403,1.5,303.16436733819296,299.12403569777956,298.27470772150053
14.636542365269799,1.5,303.16451321086106,299.12433575889753,298.27481392354383
14.640167964072194,1.5,303.1646591158986,299.12463573956234,298.2749201709221
14.64379356287459,1.5,303.1648050533128,299.12493563982315,298.27502646361955
14.647419161676986,1.5,303.1649510231108,299.1252354597292,298.2751328016203
14.651044760479381,1.5,303.1650970252995,299.1255351993298,298.2752391849086
14.654670359281777,1.5,303.1652430598858,299.12583485867407,298.27534561346846
14.658295958084173,1.5,303.1653891268765,299.12613443781134,298.27545208728407
14.661921556886568,1.5,303.1655352262783,299.1264339367908,298.2755586063395
14.665547155688964,1.5,303.16568135809763,299.1267333556618,298.2756651706187
14.66917275449136,1.5,303.165827522341,299.12703269447354,298.27577178010586
14.672798353293755,1.5,303.1659737190148,299.12733195327525,298.27587843478483
14.676423952096151,1.5,303.1661199481252,299.1276311321163,298.2759851346398
14.680049550898547,1.5,303.16626620967844,299.12793023104575,298.27609187965464
14.683675149700942,1.5,303.1664125036804,299.12822925011307,298.2761986698133
14.687300748503338,1.5,303.1665588301371,299.1285281893675,298.2763055050998
14.690926347305734,1.5,303.1667051890544,299.1288270488583,298.276412385498
14.69455194610813,1.5,303.166851580438,299.12912582863464,298.2765193109918
14.698177544910525,1.5,303.1669980042935,299.1294245287459,298.276626281565
14.70180314371292,1.5,303.1671444606264,299.12972314924144,298.2767332972016
14.705428742515316,1.5,303.16729094944213,299.13002169017034,298.27684035788536
14.709054341317712,1.5,303.167437470746,299.13032015158205,298.2769474636001
14.712679940120108,1.5,303.1675840245432,299.1306185335259,298.27705461432964
14.716305538922503,1.5,303.167730610839,299.130916836051,298.27716181005775
14.719931137724899,1.5,303.1678772296382,299.13121505920674,298.27726905076815
14.723556736527295,1.5,303.1680238809457,299.1315132030424,298.2773763364446
14.72718233532969,1.5,303.16817056476646,299.1318112676073,298.27748366707084
14.730807934132086,1.5,303.1683172811051,299.13210925295067,298.2775910426306
14.734433532934482,1.5,303.16846402996623,299.1324071591219,298.27769846310747
14.738059131736877,1.5,303.16861081135437,299.13270498617015,298.2778059284851
14.741684730539273,1.5,303.16875762527394,299.1330027341448,298.2779134387473
14.745310329341669,1.5,303.1689044717292,299.1333004030951,298.27802099387753
14.748935928144064,1.5,303.1690513507244,299.1335979930704,298.2781285938594
14.75256152694646,1.5,303.1691982622636,299.13389550412,298.27823623867647
14.756187125748855,1.5,303.1693452063509,299.13419293629306,298.2783439283123
14.759812724551251,1.5,303.16949218299015,299.134490289639,298.2784516627507
14.763438323353647,1.5,303.1696391921852,299.13478756420704,298.27855944197483
14.767063922156042,1.5,303.1697862339397,299.1350847600465,298.2786672659683
14.770689520958438,1.5,303.1699333082574,299.1353818772066,298.2787751347147
14.774315119760834,1.5,303.1700804151416,299.1356789157367,298.27888304819743
14.77794071856323,1.5,303.17022755459595,299.1359758756861,298.2789910063999
14.781566317365625,1.5,303.1703747266237,299.13627275710394,298.2790990093056
14.78519191616802,1.5,303.1705219312281,299.1365695600396,298.27920705689786
14.788817514970416,1.5,303.1706691684123,299.13686628454235,298.27931514916014
14.792443113772812,1.5,303.1708164381793,299.1371629306614,298.27942328607577
14.796068712575208,1.5,303.1709637405321,299.1374594984461,298.2795314676281
14.799694311377603,1.5,303.1711110754735,299.1377559879457,298.27963969380045
14.803319910179999,1.5,303.17125844300637,299.1380523992094,298.27974796457625
14.806945508982395,1.5,303.17140584313324,299.13834873228654,298.27985627993866
14.81057110778479,1.5,303.1715532758568,299.13864498722626,298.27996463987097
14.814196706587186,1.5,303.1717007411794,299.13894116407795,298.2800730443565
14.817822305389582,1.5,303.17184823910355,299.13923726289073,298.2801814933785
14.821447904191977,1.5,303.1719957696315,299.13953328371383,298.28028998692014
14.825073502994373,1.5,303.1721433327655,299.1398292265967,298.2803985249646
14.828699101796769,1.5,303.1722909285075,299.1401250915883,298.28050710749517
14.832324700599164,1.5,303.17243855685973,299.140420878738,298.2806157344949
14.83595029940156,1.5,303.17258621782395,299.140716588095,298.280724405947
14.839575898203956,1.5,303.1727339114021,299.1410122197085,298.2808331218347
14.843201497006351,1.5,303.1728816375958,299.1413077736278,298.28094188214084
14.846827095808747,1.5,303.1730293964069,299.141603249902,298.2810506868487
14.850452694611143,1.5,303.1731771878368,299.14189864858037,298.2811595359414
14.854078293413538,1.5,303.17332501188696,299.142193969712,298.2812684294019
14.857703892215934,1.5,303.17347286855886,299.1424892133462,298.2813773672132
14.86132949101833,1.5,303.17362075785377,299.1427843795322,298.28148634935854
14.864955089820725,1.5,303.1737686797728,299.143079468319,298.2815953758207
14.86858068862312,1.5,303.17391663431715,299.14337447975583,298.28170444658275
14.872206287425517,1.5,303.1740646214878,299.1436694138919,298.28181356162764
14.875831886227912,1.5,303.1742126412857,299.1439642707765,298.28192272093844
14.879457485030308,1.5,303.17436069371166,299.1442590504586,298.2820319244979
14.883083083832704,1.5,303.17450877876655,299.1445537529873,298.28214117228896
14.8867086826351,1.5,303.17465689645087,299.14484837841184,298.2822504642947
14.890334281437495,1.5,303.1748050467653,299.1451429267814,298.28235980049783
14.89395988023989,1.5,303.17495322971035,299.14543739814496,298.2824691808812
14.897585479042286,1.5,303.1751014452864,299.14573179255177,298.28257860542783
14.901211077844682,1.5,303.1752496934938,299.1460261100509,298.28268807412036
14.904836676647077,1.5,303.1753979743327,299.1463203506914,298.2827975869418
14.908462275449473,1.5,303.17554628780334,299.1466145145224,298.28290714387475
14.912087874251869,1.5,303.1756946339058,299.146908601593,298.2830167449021
14.915713473054264,1.5,303.17584301263986,299.1472026119523,298.28312639000654
14.91933907185666,1.5,303.17599142400564,299.14749654564935,298.2832360791709
14.922964670659056,1.5,303.1761398680028,299.1477904027331,298.2833458123778
14.926590269461451,1.5,303.17628834463113,299.14808418325276,298.28345558961007
14.930215868263847,1.5,303.1764368538903,299.1483778872573,298.2835654108504
14.933841467066243,1.5,303.17658539577974,299.14867151479575,298.28367527608134
14.937467065868638,1.5,303.1767339702991,299.1489650659172,298.2837851852857
14.941092664671034,1.5,303.17688257744754,299.14925854067053,298.283895138446
14.94471826347343,1.5,303.17703121722445,299.1495519391048,298.28400513554493
14.948343862275825,1.5,303.17717988962914,299.1498452612691,298.28411517656514
14.951969461078221,1.5,303.1773285946606,299.1501385072124,298.2842252614891
14.955595059880617,1.5,303.17747733231806,299.15043167698354,298.28433539029953
14.959220658683012,1.5,303.1776261026003,299.1507247706316,298.28444556297893
14.962846257485408,1.5,303.17777490550634,299.15101778820554,298.28455577950984
14.966471856287804,1.5,303.1779237410349,299.15131072975424,298.28466603987476
14.9700974550902,1.5,303.17807260918465,299.1516035953267,298.28477634405624
14.973723053892595,1.5,303.17822150995437,299.1518963849718,298.28488669203676
14.97734865269499,1.5,303.1783704433426,299.1521890987385,298.2849970837989
14.980974251497386,1.5,303.1785194093478,299.15248173667567,298.285107519325
14.984599850299782,1.5,303.1786684079683,299.15277429883224,298.2852179985975
14.988225449102178,1.5,303.17881743920253,299.15306678525707,298.2853285215989
14.991851047904573,1.5,303.1789665030486,299.153359195999,298.2854390883116
14.995476646706969,1.5,303.1791155995047,299.1536515311069,298.285549698718
14.999102245509365,1.5,303.1792647285691,299.1539437906296,298.2856603528005
15.00272784431176,1.5,303.17941389023946,299.15423597461603,298.2857710505414
15.006353443114156,1.5,303.17956308451403,299.154528083115,298.28588179192315
15.009979041916552,1.5,303.1797123113904,299.1548201161753,298.28599257692804
15.013604640718947,1.5,303.1798615708665,299.15511207384577,298.28610340553837
15.017230239521343,1.5,303.1800108629399,299.15540395617506,298.28621427773646
15.020855838323738,1.5,303.1801601876083,299.15569576321207,298.28632519350464
15.024481437126134,1.5,303.18030954486915,299.15598749500555,298.28643615282516
15.02810703592853,1.5,303.18045893472,299.1562791516042,298.28654715568024
15.031732634730925,1.5,303.1806083571581,299.15657073305687,298.2866582020522
15.035358233533321,1.5,303.1807578121809,299.1568622394122,298.28676929192324
15.038983832335717,1.5,303.1809072997855,299.1571536707189,298.2868804252755
15.042609431138112,1.5,303.18105681996906,299.1574450270258,298.2869916020913
15.046235029940508,1.5,303.1812063727287,299.15773630838146,298.2871028223527
15.049860628742904,1.5,303.1813559580614,299.1580275148346,298.287214086042
15.0534862275453,1.5,303.18150557596397,299.1583186464339,298.28732539314126
15.057111826347695,1.5,303.18165522643335,299.15860970322797,298.28743674363267
15.06073742515009,1.5,303.18180490946634,299.1589006852654,298.2875481374983
15.064363023952486,1.5,303.1819546250595,299.159191592595,298.28765957472035
15.067988622754882,1.5,303.1821043732096,299.1594824252652,298.2877710552808
15.071614221557278,1.5,303.1822541539131,299.1597731833248,298.2878825791618
15.075239820359673,1.5,303.1824039671664,299.1600638668221,298.2879941463454
15.078865419162069,1.5,303.1825538129661,299.1603544758059,298.28810575681365
15.082491017964465,1.5,303.18270369130835,299.1606450103247,298.28821741054855
15.08611661676686,1.5,303.18285360218937,299.1609354704269,298.28832910753215
15.089742215569256,1.5,303.1830035456054,299.16122585616125,298.2884408477465
15.093367814371652,1.5,303.1831535215526,299.1615161675762,298.2885526311735
15.096993413174047,1.5,303.18330353002693,299.1618064047202,298.2886644577953
15.100619011976443,1.5,303.1834535710243,299.1620965676417,298.2887763275936
15.104244610778839,1.5,303.1836036445407,299.16238665638923,298.28888824055053
15.107870209581234,1.5,303.18375375057184,299.1626766710112,298.289000196648
15.11149580838363,1.5,303.18390388911354,299.1629666115561,298.2891121958679
15.115121407186026,1.5,303.18405406016143,299.16325647807236,298.28922423819216
15.118747005988421,1.5,303.1842042637111,299.1635462706084,298.28933632360264
15.122372604790817,1.5,303.1843544997581,299.16383598921254,298.2894484520813
15.125998203593213,1.5,303.18450476829776,299.1641256339332,298.2895606236098
15.129623802395608,1.5,303.1846550693257,299.1644152048188,298.28967283817025
15.133249401198004,1.5,303.1848054028371,299.1647047019176,298.2897850957443
15.1368750000004,1.5,303.18495576882714,299.16499412527793,298.2898973963139
15.140500598802795,1.5,303.1851061672911,299.16528347494824,298.29000973986075
15.14412619760519,1.5,303.18525659822404,299.16557275097665,298.29012212636667
15.147751796407587,1.5,303.18540706162105,299.16586195341165,298.29023455581347
15.151377395209982,1.5,303.185557557477,299.16615108230127,298.2903470281829
15.155002994012378,1.5,303.18570808578687,299.16644013769394,298.2904595434567
15.158628592814773,1.5,303.18585864654546,299.1667291196379,298.29057210161665
15.16225419161717,1.5,303.18600923974753,299.1670180281813,298.29068470264446
15.165879790419565,1.5,303.18615986538776,299.1673068633724,298.2907973465218
15.16950538922196,1.5,303.1863105234608,299.16759562525925,298.29091003323043
15.173130988024356,1.5,303.1864612139612,299.16788431389017,298.29102276275194
15.176756586826752,1.5,303.18661193688337,299.1681729293133,298.29113553506807
15.180382185629147,1.5,303.1867626922218,299.1684614715768,298.2912483501605
15.184007784431543,1.5,303.18691347997094,299.1687499407287,298.29136120801087
15.187633383233939,1.5,303.1870643001249,299.16903833681715,298.29147410860077
15.191258982036334,1.5,303.187215152678,299.1693266598903,298.29158705191185
15.19488458083873,1.5,303.18736603762443,299.16961490999614,298.2917000379257
15.198510179641126,1.5,303.1875169549582,299.1699030871828,298.29181306662394
15.202135778443521,1.5,303.1876679046734,299.1701911914982,298.29192613798807
15.205761377245917,1.5,303.1878188867639,299.17047922299054,298.29203925199977
15.209386976048313,1.5,303.1879699012237,299.17076718170756,298.29215240864056
15.213012574850708,1.5,303.18812094804656,299.1710550676975,298.292265607892
15.216638173653104,1.5,303.1882720272263,299.1713428810082,298.29237884973537
15.2202637724555,1.5,303.18842313875655,299.1716306216876,298.2924921341526
15.223889371257895,1.5,303.188574282631,299.17191828978366,298.2926054611249
15.227514970060291,1.5,303.1887254588432,299.1722058853444,298.2927188306339
15.231140568862687,1.5,303.1888766673866,299.17249340841755,298.29283224266095
15.234766167665082,1.5,303.1890279082547,299.1727808590511,298.29294569718763
15.238391766467478,1.5,303.1891791814408,299.1730682372929,298.29305919419534
15.242017365269874,1.5,303.18933048693845,299.1733555431907,298.29317273366553
15.24564296407227,1.5,303.1894818247407,299.17364277679246,298.2932863155796
15.249268562874665,1.5,303.1896331948407,299.1739299381458,298.2933999399191
15.25289416167706,1.5,303.1897845972317,299.1742170272987,298.2935136066653
15.256519760479456,1.5,303.1899360319067,299.1745040442989,298.29362731579954
15.260145359281852,1.5,303.1900874988588,299.17479098919404,298.29374106730324
15.263770958084248,1.5,303.1902389980809,299.17507786203197,298.2938548611579
15.267396556886643,1.5,303.1903905295657,299.1753646628603,298.2939686973447
15.271022155689039,1.5,303.19054209330625,299.1756513917268,298.2940825758451
15.274647754491435,1.5,303.1906936892952,299.1759380486791,298.2941964966404
15.27827335329383,1.5,303.1908453175253,299.17622463376495,298.2943104597118
15.281898952096226,1.5,303.19099697798913,299.1765111470319,298.2944244650409
15.285524550898621,1.5,303.19114867067935,299.1767975885275,298.29453851260865
15.289150149701017,1.5,303.1913003955883,299.1770839582995,298.2946526023965
15.292775748503413,1.5,303.1914521527086,299.1773702563954,298.29476673438575
15.296401347305808,1.5,303.19160394203266,299.1776564828628,298.29488090855756
15.300026946108204,1.5,303.1917557635526,299.1779426377492,298.2949951248933
15.3036525449106,1.5,303.19190761726094,299.1782287211022,298.2951093833741
15.307278143712995,1.5,303.1920595031497,299.1785147329692,298.2952236839812
15.310903742515391,1.5,303.19221142121125,299.17880067339775,298.2953380266959
15.314529341317787,1.5,303.19236337143747,299.1790865424353,298.29545241149924
15.318154940120182,1.5,303.1925153538205,299.1793723401293,298.29556683837257
15.321780538922578,1.5,303.1926673683524,299.17965806652717,298.29568130729695
15.325406137724974,1.5,303.1928194150249,299.1799437216763,298.2957958182536
15.32903173652737,1.5,303.19297149383004,299.1802293056241,298.2959103712237
15.332657335329765,1.5,303.1931236047596,299.18051481841786,298.2960249661883
15.33628293413216,1.5,303.1932757478053,299.18080026010506,298.2961396031287
15.339908532934556,1.5,303.1934279229587,299.18108563073287,298.29625428202587
15.343534131736952,1.5,303.19358013021156,299.18137093034875,298.2963690028609
15.347159730539348,1.5,303.1937323695555,299.1816561589999,298.29648376561505
15.350785329341743,1.5,303.193884640982,299.1819413167336,298.2965985702693
15.354410928144139,1.5,303.1940369444825,299.18222640359704,298.29671341680466
15.358036526946535,1.5,303.1941892800484,299.18251141963754,298.2968283052024
15.36166212574893,1.5,303.1943416476711,299.18279636490223,298.2969432354433
15.365287724551326,1.5,303.1944940473419,299.1830812394383,298.29705820750866
15.368913323353722,1.5,303.194646479052,299.183366043293,298.2971732213793
15.372538922156117,1.5,303.19479894279254,299.1836507765133,298.29728827703644
15.376164520958513,1.5,303.19495143855477,299.1839354391465,298.297403374461
15.379790119760909,1.5,303.19510396632967,299.1842200312396,298.2975185136339
15.383415718563304,1.5,303.1952565261082,299.1845045528397,298.29763369453633
15.3870413173657,1.5,303.1954091178816,299.18478900399384,298.29774891714914
15.390666916168096,1.5,303.19556174164046,299.18507338474905,298.2978641814532
15.394292514970491,1.5,303.1957143973758,299.18535769515245,298.29797948742964
15.397918113772887,1.5,303.1958670850784,299.1856419352509,298.2980948350594
15.401543712575283,1.5,303.1960198047391,299.1859261050914,298.29821022432327
15.405169311377678,1.5,303.19617255634836,299.186210204721,298.29832565520235
15.408794910180074,1.5,303.19632533989704,299.18649423418645,298.29844112767745
15.41242050898247,1.5,303.19647815537564,299.18677819353485,298.2985566417295
15.416046107784865,1.5,303.19663100277467,299.187062082813,298.2986721973394
15.41967170658726,1.5,303.1967838820846,299.1873459020677,298.298787794488
15.423297305389656,1.5,303.196936793296,299.1876296513459,298.2989034331563
15.426922904192052,1.5,303.1970897363991,299.1879133306944,298.2990191133251
15.430548502994448,1.5,303.1972427113843,299.18819694016,298.2991348349751
15.434174101796843,1.5,303.1973957182419,299.18848047978946,298.2992505980874
15.43779970059924,1.5,303.1975487569621,299.1887639496296,298.2993664026427
15.441425299401635,1.5,303.1977018275349,299.1890473497271,298.29948224862187
15.44505089820403,1.5,303.1978549299506,299.1893306801286,298.29959813600567
15.448676497006426,1.5,303.19800806419937,299.189613940881,298.299714064775
15.452302095808822,1.5,303.198161230271,299.1898971320307,298.29983003491054
15.455927694611217,1.5,303.1983144281555,299.19018025362465,298.29994604639313
15.459553293413613,1.5,303.1984676578429,299.19046330570916,298.30006209920356
15.463178892216009,1.5,303.19862091932293,299.19074628833107,298.3001781933226
15.466804491018404,1.5,303.19877421258553,299.19102920153694,298.300294328731
15.4704300898208,1.5,303.1989275376204,299.1913120453732,298.3004105054095
15.474055688623196,1.5,303.19908089441725,299.1915948198865,298.30052672333886
15.477681287425591,1.5,303.1992342829657,299.1918775251233,298.30064298249977
15.481306886227987,1.5,303.19938770325547,299.1921601611301,298.30075928287295
15.484932485030383,1.5,303.19954115527605,299.1924427279535,298.30087562443924
15.488558083832778,1.5,303.19969463901697,299.1927252256398,298.30099200717916
15.492183682635174,1.5,303.1998481544677,299.1930076542354,298.30110843107354
15.49580928143757,1.5,303.2000017016177,299.1932900137868,298.30122489610295
15.499434880239965,1.5,303.2001552804562,299.1935723043403,298.3013414022482
15.503060479042361,1.5,303.2003088909728,299.1938545259423,298.3014579494898
15.506686077844757,1.5,303.2004625331565,299.19413667863915,298.3015745378085
15.510311676647152,1.5,303.20061620699664,299.19441876247714,298.3016911671849
15.513937275449548,1.5,303.2007699124824,299.1947007775026,298.30180783759965
15.517562874251944,1.5,303.2009236496028,299.19498272376177,298.3019245490334
15.52118847305434,1.5,303.20107741834715,299.19526460130095,298.3020413014668
15.524814071856735,1.5,303.2012312187043,299.1955464101663,298.3021580948803
15.52843967065913,1.5,303.20138505066336,299.19582815040394,298.3022749292548
15.532065269461526,1.5,303.2015389142132,299.1961098220601,298.3023918045706
15.535690868263922,1.5,303.2016928093427,299.19639142518105,298.3025087208084
15.539316467066318,1.5,303.20184673604075,299.1966729598128,298.30262567794887
15.542942065868713,1.5,303.20200069429615,299.1969544260015,298.30274267597235
15.546567664671109,1.5,303.2021546840976,299.1972358237932,298.3028597148596
15.550193263473505,1.5,303.20230870543395,299.19751715323406,298.3029767945911
15.5538188622759,1.5,303.20246275829373,299.19779841436997,298.30309391514743
15.557444461078296,1.5,303.20261684266563,299.198079607247,298.303211076509
15.561070059880691,1.5,303.20277095853817,299.1983607319111,298.3033282786564
15.564695658683087,1.5,303.2029251058999,299.19864178840834,298.3034455215702
15.568321257485483,1.5,303.2030792847393,299.19892277678457,298.3035628052309
15.571946856287878,1.5,303.2032334950449,299.19920369708575,298.30368012961895
15.575572455090274,1.5,303.20338773680504,299.19948454935775,298.30379749471484
15.57919805389267,1.5,303.203542010008,299.1997653336465,298.30391490049914
15.582823652695065,1.5,303.2036963146422,299.2000460499978,298.3040323469522
15.586449251497461,1.5,303.2038506506958,299.2003266984575,298.3041498340545
15.590074850299857,1.5,303.20400501815703,299.20060727907133,298.3042673617866
15.593700449102252,1.5,303.2041594170142,299.2008877918852,298.30438493012883
15.597326047904648,1.5,303.20431384725526,299.2011682369447,298.30450253906173
15.600951646707044,1.5,303.20446830886834,299.20144861429566,298.30462018856565
15.60457724550944,1.5,303.2046228018416,299.20172892398375,298.3047378786211
15.608202844311835,1.5,303.2047773261629,299.2020091660548,298.30485560920846
15.61182844311423,1.5,303.20493188182036,299.2022893405542,298.3049733803081
15.615454041916626,1.5,303.2050864688017,299.2025694475278,298.30509119190054
15.619079640719022,1.5,303.20524108709503,299.2028494870211,298.30520904396604
15.622705239521418,1.5,303.20539573668793,299.2031294590798,298.305326936485
15.626330838323813,1.5,303.2055504175684,299.20340936374936,298.3054448694379
15.629956437126209,1.5,303.20570512972404,299.2036892010753,298.30556284280505
15.633582035928605,1.5,303.2058598731426,299.20396897110317,298.3056808565667
15.637207634731,1.5,303.20601464781174,299.20424867387845,298.3057989107034
15.640833233533396,1.5,303.20616945371916,299.2045283094467,298.3059170051954
15.644458832335792,1.5,303.2063242908523,299.2048078778532,298.30603514002314
15.648084431138187,1.5,303.20647915919886,299.20508737914355,298.3061533151668
15.651710029940583,1.5,303.2066340587462,299.205366813363,298.3062715306067
15.655335628742979,1.5,303.2067889894818,299.2056461805569,298.30638978632334
15.658961227545374,1.5,303.2069439513932,299.20592548077076,298.3065080822969
15.66258682634777,1.5,303.20709894446765,299.2062047140497,298.3066264185077
15.666212425150166,1.5,303.20725396869256,299.2064838804392,298.306744794936
15.669838023952561,1.5,303.20740902405515,299.2067629799844,298.3068632115622
15.673463622754957,1.5,303.2075641105428,299.20704201273054,298.3069816683665
15.677089221557353,1.5,303.2077192281426,299.20732097872286,298.3071001653292
15.680714820359748,1.5,303.2078743768418,299.20759987800665,298.30721870243053
15.684340419162144,1.5,303.2080295566276,299.207878710627,298.3073372796508
15.68796601796454,1.5,303.20818476748696,299.2081574766291,298.3074558969702
15.691591616766935,1.5,303.208340009407,299.208436176058,298.30757455436907
15.69521721556933,1.5,303.20849528237477,299.20871480895886,298.30769325182763
15.698842814371726,1.5,303.2086505863772,299.2089933753768,298.30781198932607
15.702468413174122,1.5,303.2088059214012,299.20927187535676,298.30793076684455
15.706094011976518,1.5,303.20896128743385,299.2095503089438,298.3080495843634
15.709719610778913,1.5,303.20911668446183,299.20982867618295,298.3081684418629
15.713345209581309,1.5,303.20927211247215,299.21010697711915,298.30828733932304
15.716970808383705,1.5,303.2094275714514,299.2103852117973,298.30840627672416
15.7205964071861,1.5,303.2095830613864,299.2106633802625,298.30852525404646
15.724222005988496,1.5,303.209738582264,299.21094148255946,298.3086442712701
15.727847604790892,1.5,303.2098941340706,299.2112195187332,298.3087633283753
15.731473203593287,1.5,303.2100497167932,299.21149748882846,298.30888242534206
15.735098802395683,1.5,303.2102053304181,299.2117753928901,298.3090015621508
15.738724401198079,1.5,303.2103609749321,299.212053230963,298.30912073878153
15.742350000000474,1.5,303.2105166503216,299.21233100309183,298.3092399552144
15.74597559880287,1.5,303.21067235657307,299.2126087093214,298.30935921142964
15.749601197605266,1.5,303.21082809367294,299.21288634969636,298.3094785074072
15.753226796407661,1.5,303.2109838616079,299.2131639242615,298.3095978431275
15.756852395210057,1.5,303.2111396603639,299.2134414330614,298.3097172185705
15.760477994012453,1.5,303.2112954899277,299.2137188761408,298.3098366337162
15.764103592814848,1.5,303.21145135028536,299.2139962535442,298.30995608854494
15.767729191617244,1.5,303.2116072414233,299.2142735653164,298.3100755830368
15.77135479041964,1.5,303.2117631633277,299.2145508115018,298.3101951171717
15.774980389222035,1.5,303.2119191159847,299.214827992145,298.31031469092994
15.778605988024431,1.5,303.2120750993805,299.2151051072906,298.3104343042915
15.782231586826827,1.5,303.2122311135014,299.2153821569829,298.31055395723655
15.785857185629222,1.5,303.21238715833334,299.21565914126654,298.31067364974507
15.789482784431618,1.5,303.2125432338624,299.215936060186,298.3107933817972
15.793108383234014,1.5,303.2126993400746,299.2162129137855,298.310913153373
15.79673398203641,1.5,303.212855476956,299.21648970210964,298.3110329644526
15.800359580838805,1.5,303.21301164449255,299.2167664252027,298.3111528150159
15.8039851796412,1.5,303.2131678426702,299.21704308310905,298.31127270504305
15.807610778443596,1.5,303.21332407147474,299.21731967587294,298.31139263451405
15.811236377245992,1.5,303.21348033089214,299.2175962035388,298.31151260340897
15.814861976048388,1.5,303.2136366209082,299.21787266615075,298.3116326117078
15.818487574850783,1.5,303.2137929415087,299.2181490637531,298.31175265939066
15.822113173653179,1.5,303.2139492926794,299.21842539639016,298.3118727464375
15.825738772455574,1.5,303.214105674406,299.21870166410594,298.3119928728283
15.82936437125797,1.5,303.21426208667424,299.21897786694467,298.3121130385432
15.832989970060366,1.5,303.2144185294698,299.2192540049506,298.3122332435621
15.836615568862761,1.5,303.21457500277825,299.2195300781677,298.312353487865
15.840241167665157,1.5,303.21473150658517,299.2198060866401,298.31247377143194
15.843866766467553,1.5,303.21488804087625,299.22008203041196,298.3125940942429
15.847492365269948,1.5,303.2150446056369,299.2203579095272,298.3127144562779
15.851117964072344,1.5,303.2152012008526,299.22063372402994,298.3128348575168
15.85474356287474,1.5,303.215357826509,299.220909473964,298.3129552979396
15.858369161677135,1.5,303.2155144825913,299.2211851593735,298.31307577752636
15.861994760479531,1.5,303.215671169085,299.22146078030215,298.31319629625705
15.865620359281927,1.5,303.21582788597556,299.22173633679415,298.3133168541115
15.869245958084322,1.5,303.2159846332482,299.22201182889324,298.3134374510698
15.872871556886718,1.5,303.2161414108882,299.22228725664326,298.3135580871118
15.876497155689114,1.5,303.21629821888104,299.2225626200881,298.3136787622175
15.88012275449151,1.5,303.21645505721176,299.22283791927157,298.3137994763668
15.883748353293905,1.5,303.2166119258657,299.2231131542374,298.3139202295396
15.8873739520963,1.5,303.216768824828,299.2233883250293,298.314041021716
15.890999550898696,1.5,303.2169257540838,299.22366343169114,298.3141618528757
15.894625149701092,1.5,303.2170827136182,299.2239384742665,298.3142827229987
15.898250748503488,1.5,303.21723970341634,299.22421345279906,298.314403632065
15.901876347305883,1.5,303.21739672346325,299.22448836733247,298.31452458005447
15.905501946108279,1.5,303.217553773744,299.22476321791044,298.31464556694687
15.909127544910675,1.5,303.2177108542436,299.2250380045765,298.31476659272226
15.91275314371307,1.5,303.21786796494695,299.22531272737416,298.3148876573605
15.916378742515466,1.5,303.21802510583916,299.2255873863471,298.3150087608414
15.920004341317862,1.5,303.21818227690494,299.2258619815388,298.31512990314496
15.923629940120257,1.5,303.2183394781293,299.2261365129927,298.31525108425103
15.927255538922653,1.5,303.218496709497,299.2264109807523,298.31537230413943
15.930881137725049,1.5,303.218653970993,299.226685384861,298.3154935627901
15.934506736527444,1.5,303.218811262602,299.2269597253623,298.31561486018285
15.93813233532984,1.5,303.21896858430875,299.2272340022995,298.3157361962976
15.941757934132236,1.5,303.21912593609807,299.227508215716,298.3158575711142
15.945383532934631,1.5,303.2192833179547,299.22778236565523,298.3159789846124
15.949009131737027,1.5,303.2194407298632,299.2280564521603,298.31610043677216
15.952634730539422,1.5,303.2195981718083,299.2283304752747,298.31622192757334
15.956260329341818,1.5,303.21975564377465,299.2286044350414,298.31634345699564
15.959885928144214,1.5,303.2199131457468,299.228878331504,298.3164650250191
15.96351152694661,1.5,303.2200706777093,299.2291521647054,298.3165866316234
15.967137125749005,1.5,303.22022823964676,299.229425934689,298.31670827678846
15.9707627245514,1.5,303.22038583154364,299.22969964149786,298.316829960494
15.974388323353796,1.5,303.2205434533845,299.22997328517505,298.31695168271995
15.978013922156192,1.5,303.2207011051537,299.23024686576366,298.317073443446
15.981639520958588,1.5,303.2208587868358,299.2305203833069,298.31719524265213
15.985265119760983,1.5,303.22101649841505,299.2307938378477,298.31731708031805
15.988890718563379,1.5,303.22117423987595,299.2310672294292,298.3174389564236
15.992516317365775,1.5,303.2213320112029,299.2313405580942,298.3175608709485
15.99614191616817,1.5,303.22148981238007,299.2316138238859,298.3176828238726
15.999767514970566,1.5,303.22164764339186,299.231887026847,298.31780481517575
16.00339311377296,1.5,303.2218055042226,299.23216016702065,298.3179268448376
16.007018712575356,1.5,303.2219633948564,299.23243324444957,298.31804891283815
16.01064431137775,1.5,303.2221213152775,299.23270625917667,298.3181710191569
16.014269910180143,1.5,303.2222792654702,299.23297921124487,298.3182931637739
16.017895508982537,1.5,303.2224372454186,299.23325210069686,298.31841534666876
16.02152110778493,1.5,303.2225952551068,299.23352492757544,298.3185375678213
16.025146706587325,1.5,303.22275329451907,299.2337976919235,298.31865982721126
16.02877230538972,1.5,303.2229113636393,299.2340703937835,298.3187821248185
16.032397904192113,1.5,303.22306946245175,299.23434303319846,298.31890446062266
16.036023502994507,1.5,303.2232275909403,299.2346156102108,298.31902683460356
16.0396491017969,1.5,303.2233857490892,299.2348881248634,298.3191492467409
16.043274700599294,1.5,303.22354393688215,299.23516057719866,298.31927169701447
16.04690029940169,1.5,303.2237021543033,299.2354329672593,298.3193941854041
16.050525898204082,1.5,303.22386040133654,299.2357052950879,298.31951671188943
16.054151497006476,1.5,303.2240186779658,299.23597756072695,298.3196392764502
16.05777709580887,1.5,303.22417698417496,299.23624976421905,298.31976187906616
16.061402694611264,1.5,303.22433531994795,299.2365219056066,298.31988451971705
16.065028293413658,1.5,303.22449368526856,299.23679398493204,298.32000719838265
16.06865389221605,1.5,303.22465208012056,299.23706600223795,298.32012991504257
16.072279491018445,1.5,303.22481050448783,299.2373379575666,298.3202526696767
16.07590508982084,1.5,303.2249689583541,299.23760985096044,298.3203754622645
16.079530688623233,1.5,303.2251274417032,299.2378816824619,298.320498292786
16.083156287425627,1.5,303.22528595451877,299.2381534521132,298.3206211612207
16.08678188622802,1.5,303.22544449678446,299.2384251599567,298.3207440675484
16.090407485030415,1.5,303.22560306848413,299.2386968060346,298.32086701174876
16.09403308383281,1.5,303.22576166960124,299.2389683903893,298.32098999380156
16.097658682635203,1.5,303.2259203001196,299.2392399130628,298.32111301368644
16.101284281437596,1.5,303.2260789600227,299.23951137409756,298.3212360713831
16.10490988023999,1.5,303.22623764929415,299.2397827735356,298.32135916687133
16.108535479042384,1.5,303.2263963679176,299.24005411141906,298.32148230013064
16.112161077844778,1.5,303.2265551158764,299.24032538779016,298.3216054711409
16.115786676647172,1.5,303.2267138931542,299.24059660269086,298.32172867988174
16.119412275449566,1.5,303.22687269973454,299.2408677561633,298.3218519263328
16.12303787425196,1.5,303.2270315356009,299.2411388482496,298.3219752104738
16.126663473054354,1.5,303.22719040073656,299.2414098789916,298.32209853228443
16.130289071856748,1.5,303.2273492951251,299.2416808484314,298.32222189174433
16.13391467065914,1.5,303.2275082187499,299.24195175661094,298.3223452888332
16.137540269461535,1.5,303.22766717159436,299.24222260357215,298.3224687235308
16.14116586826393,1.5,303.2278261536418,299.24249338935687,298.32259219581664
16.144791467066323,1.5,303.2279851648756,299.24276411400706,298.3227157056705
16.148417065868717,1.5,303.228144205279,299.2430347775646,298.322839253072
16.15204266467111,1.5,303.22830327483547,299.24330538007115,298.3229628380008
16.155668263473505,1.5,303.22846237352815,299.2435759215687,298.3230864604366
16.1592938622759,1.5,303.22862150134034,299.243846402099,298.3232101203591
16.162919461078292,1.5,303.2287806582553,299.2441168217037,298.3233338177478
16.166545059880686,1.5,303.22893984425616,299.2443871804246,298.32345755258245
16.17017065868308,1.5,303.2290990593262,299.2446574783032,298.32358132484273
16.173796257485474,1.5,303.2292583034486,299.2449277153815,298.3237051345082
16.177421856287868,1.5,303.22941757660647,299.2451978917009,298.3238289815586
16.181047455090262,1.5,303.22957687878295,299.24546800730303,298.3239528659736
16.184673053892656,1.5,303.2297362099612,299.2457380622296,298.32407678773274
16.18829865269505,1.5,303.2298955701242,299.246008056522,298.3242007468156
16.191924251497444,1.5,303.23005495925514,299.2462779902218,298.324324743202
16.195549850299837,1.5,303.230214377337,299.2465478633706,298.3244487768716
16.19917544910223,1.5,303.2303738243529,299.2468176760098,298.3245728478038
16.202801047904625,1.5,303.23053330028586,299.2470874281809,298.32469695597837
16.20642664670702,1.5,303.2306928051188,299.2473571199253,298.32482110137494
16.210052245509413,1.5,303.23085233883467,299.2476267512844,298.3249452839732
16.213677844311807,1.5,303.2310119014165,299.2478963222996,298.3250695037526
16.2173034431142,1.5,303.2311714928471,299.24816583301214,298.32519376069297
16.220929041916595,1.5,303.2313311131096,299.24843528346344,298.3253180547738
16.22455464071899,1.5,303.23149076218675,299.24870467369476,298.3254423859747
16.228180239521382,1.5,303.2316504400614,299.2489740037474,298.3255667542754
16.231805838323776,1.5,303.2318101467165,299.2492432736625,298.32569115965543
16.23543143712617,1.5,303.2319698821349,299.24951248348134,298.3258156020945
16.239057035928564,1.5,303.23212964629937,299.2497816332451,298.3259400815721
16.242682634730958,1.5,303.2322894391927,299.250050722995,298.3260645980679
16.24630823353335,1.5,303.2324492607977,299.250319752772,298.3261891515615
16.249933832335746,1.5,303.2326091110972,299.25058872261735,298.32631374203254
16.25355943113814,1.5,303.23276899007385,299.2508576325721,298.32643836946056
16.257185029940533,1.5,303.2329288977104,299.2511264826772,298.32656303382527
16.260810628742927,1.5,303.2330888339896,299.2513952729738,298.32668773510625
16.26443622754532,1.5,303.2332487988941,299.25166400350287,298.326812473283
16.268061826347715,1.5,303.23340879240664,299.25193267430535,298.3269372483352
16.27168742515011,1.5,303.2335688145098,299.25220128542213,298.32706206024244
16.275313023952503,1.5,303.2337288651863,299.2524698368942,298.3271869089843
16.278938622754897,1.5,303.23388894441877,299.25273832876246,298.32731179454044
16.28256422155729,1.5,303.2340490521897,299.2530067610677,298.32743671689036
16.286189820359684,1.5,303.2342091884818,299.2532751338508,298.3275616760138
16.28981541916208,1.5,303.2343693532776,299.2535434471526,298.3276866718902
16.293441017964472,1.5,303.2345295465597,299.25381170101383,298.32781170449925
16.297066616766866,1.5,303.23468976831055,299.25407989547523,298.32793677382045
16.30069221556926,1.5,303.2348500185127,299.2543480305776,298.3280618798335
16.304317814371654,1.5,303.23501029714873,299.2546161063616,298.32818702251785
16.307943413174048,1.5,303.235170604201,299.25488412286785,298.3283122018533
16.31156901197644,1.5,303.2353309396521,299.2551520801371,298.32843741781926
16.315194610778835,1.5,303.2354913034844,299.2554199782099,298.32856267039534
16.31882020958123,1.5,303.2356516956805,299.25568781712684,298.32868795956114
16.322445808383623,1.5,303.2358121162226,299.25595559692846,298.3288132852963
16.326071407186017,1.5,303.2359725650931,299.2562233176555,298.32893864758034
16.32969700598841,1.5,303.2361330422746,299.2564909793482,298.32906404639283
16.333322604790805,1.5,303.23629354774937,299.25675858204727,298.3291894817134
16.3369482035932,1.5,303.2364540814998,299.257026125793,298.32931495352165
16.340573802395593,1.5,303.2366146435081,299.25729361062594,298.32944046179705
16.344199401197987,1.5,303.2367752337568,299.2575610365864,298.3295660065193
16.34782500000038,1.5,303.23693585222804,299.2578284037148,298.3296915876679
16.351450598802774,1.5,303.23709649890424,299.2580957120515,298.32981720522247
16.355076197605168,1.5,303.23725717376755,299.25836296163686,298.32994285916254
16.358701796407562,1.5,303.2374178768004,299.2586301525111,298.33006854946774
16.362327395209956,1.5,303.2375786079849,299.2588972847145,298.33019427611754
16.36595299401235,1.5,303.2377393673034,299.2591643582874,298.33032003909165
16.369578592814744,1.5,303.23790015473804,299.25943137327,298.3304458383695
16.373204191617138,1.5,303.238060970271,299.2596983297024,298.3305716739308
16.37682979041953,1.5,303.23822181388454,299.25996522762483,298.3306975457551
16.380455389221925,1.5,303.2383826855608,299.26023206707737,298.3308234538219
16.38408098802432,1.5,303.238543585282,299.2604988481002,298.33094939811076
16.387706586826713,1.5,303.23870451303014,299.26076557073344,298.3310753786013
16.391332185629107,1.5,303.23886546878754,299.26103223501696,298.3312013952731
16.3949577844315,1.5,303.2390264525362,299.26129884099095,298.3313274481057
16.398583383233895,1.5,303.2391874642583,299.26156538869543,298.3314535370787
16.40220898203629,1.5,303.2393485039358,299.2618318781703,298.3315796621717
16.405834580838683,1.5,303.2395095715509,299.2620983094555,298.33170582336413
16.409460179641076,1.5,303.23967066708565,299.26236468259106,298.3318320206357
16.41308577844347,1.5,303.23983179052203,299.2626309976167,298.3319582539659
16.416711377245864,1.5,303.23999294184216,299.2628972545725,298.3320845233343
16.420336976048258,1.5,303.24015412102796,299.26316345349824,298.33221082872046
16.423962574850652,1.5,303.24031532806157,299.26342959443366,298.33233717010404
16.427588173653046,1.5,303.2404765629248,299.2636956774185,298.33246354746444
16.43121377245544,1.5,303.2406378255998,299.2639617024927,298.33258996078143
16.434839371257834,1.5,303.24079911606844,299.26422766969586,298.33271641003444
16.438464970060227,1.5,303.24096043431274,299.26449357906773,298.33284289520304
16.44209056886262,1.5,303.2411217803146,299.26475943064804,298.33296941626685
16.445716167665015,1.5,303.24128315405596,299.2650252244764,298.33309597320533
16.44934176646741,1.5,303.24144455551874,299.2652909605925,298.3332225659982
16.452967365269803,1.5,303.2416059846848,299.2655566390358,298.3333491946249
16.456592964072197,1.5,303.241767441536,299.26582225984606,298.333475859065
16.46021856287459,1.5,303.2419289260543,299.2660878230627,298.33360255929813
16.463844161676985,1.5,303.2420904382216,299.26635332872524,298.3337292953039
16.46746976047938,1.5,303.2422519780196,299.2666187768733,298.33385606706173
16.471095359281772,1.5,303.24241354543034,299.2668841675462,298.33398287455134
16.474720958084166,1.5,303.2425751404355,299.26714950078343,298.33410971775214
16.47834655688656,1.5,303.2427367630169,299.26741477662443,298.3342365966438
16.481972155688954,1.5,303.2428984131564,299.2676799951086,298.3343635112059
16.485597754491348,1.5,303.24306009083574,299.26794515627523,298.3344904614179
16.489223353293742,1.5,303.2432217960367,299.2682102601638,298.33461744725946
16.492848952096136,1.5,303.2433835287411,299.2684753068135,298.33474446871014
16.49647455089853,1.5,303.2435452889307,299.2687402962637,298.3348715257494
16.500100149700923,1.5,303.24370707658716,299.2690052285535,298.3349986183569
16.503725748503317,1.5,303.2438688916923,299.26927010372225,298.33512574651223
16.50735134730571,1.5,303.24403073422775,299.26953492180917,298.335252910195
16.510976946108105,1.5,303.2441926041753,299.2697996828533,298.33538010938463
16.5146025449105,1.5,303.24435450151657,299.27006438689403,298.3355073440608
16.518228143712893,1.5,303.2445164262333,299.2703290339702,298.33563461420295
16.521853742515287,1.5,303.2446783783071,299.27059362412115,298.3357619197908
16.52547934131768,1.5,303.2448403577198,299.2708581573858,298.3358892608039
16.529104940120074,1.5,303.2450023644529,299.27112263380326,298.33601663722175
16.53273053892247,1.5,303.24516439848804,299.2713870534125,298.33614404902397
16.536356137724862,1.5,303.24532645980685,299.27165141625255,298.3362714961901
16.539981736527256,1.5,303.24548854839105,299.27191572236234,298.3363989786997
16.54360733532965,1.5,303.2456506642222,299.2721799717808,298.33652649653243
16.547232934132044,1.5,303.2458128072818,299.2724441645469,298.3366540496677
16.550858532934438,1.5,303.2459749775516,299.2727083006995,298.33678163808526
16.55448413173683,1.5,303.24613717501313,299.27297238027745,298.3369092617646
16.558109730539226,1.5,303.2462993996479,299.2732364033195,298.33703692068536
16.56173532934162,1.5,303.2464616514375,299.2735003698646,298.337164614827
16.565360928144013,1.5,303.24662393036346,299.2737642799515,298.33729234416916
16.568986526946407,1.5,303.24678623640733,299.2740281336188,298.33742010869145
16.5726121257488,1.5,303.2469485695506,299.27429193090535,298.3375479083734
16.576237724551195,1.5,303.2471109297749,299.2745556718498,298.33767574319467
16.57986332335359,1.5,303.2472733170617,299.2748193564909,298.33780361313467
16.583488922155983,1.5,303.24743573139233,299.27508298486725,298.33793151817315
16.587114520958377,1.5,303.2475981727485,299.27534655701743,298.33805945828954
16.59074011976077,1.5,303.2477606411116,299.27561007298004,298.33818743346364
16.594365718563164,1.5,303.2479231364631,299.2758735327937,298.33831544367484
16.597991317365558,1.5,303.24808565878436,299.2761369364969,298.33844348890284
16.601616916167952,1.5,303.24824820805696,299.27640028412816,298.33857156912705
16.605242514970346,1.5,303.2484107842624,299.27666357572605,298.33869968432725
16.60886811377274,1.5,303.24857338738184,299.27692681132885,298.33882783448297
16.612493712575134,1.5,303.24873601739705,299.27718999097516,298.33895601957386
16.616119311377528,1.5,303.2488986742892,299.27745311470323,298.3390842395794
16.61974491017992,1.5,303.2490613580396,299.2777161825516,298.33921249447917
16.623370508982315,1.5,303.24922406863004,299.2779791945585,298.3393407842529
16.62699610778471,1.5,303.24938680604157,299.27824215076237,298.33946910887994
16.630621706587103,1.5,303.2495495702556,299.27850505120136,298.3395974683402
16.634247305389497,1.5,303.24971236125367,299.278767895914,298.339725862613
16.63787290419189,1.5,303.24987517901695,299.2790306849382,298.3398542916782
16.641498502994285,1.5,303.250038023527,299.27929341831236,298.33998275551517
16.64512410179668,1.5,303.250200894765,299.2795560960747,298.34011125410353
16.648749700599073,1.5,303.2503637927123,299.2798187182634,298.340239787423
16.652375299401466,1.5,303.2505267173502,299.2800812849165,298.34036835545317
16.65600089820386,1.5,303.2506896686601,299.28034379607226,298.34049695817356
16.659626497006254,1.5,303.2508526466233,299.2806062517686,298.34062559556384
16.663252095808648,1.5,303.2510156512211,299.2808686520437,298.34075426760353
16.666877694611042,1.5,303.2511786824347,299.2811309969355,298.3408829742724
16.670503293413436,1.5,303.25134174024555,299.2813932864821,298.3410117155499
16.67412889221583,1.5,303.25150482463476,299.2816555207214,298.3411404914157
16.677754491018224,1.5,303.25166793558367,299.2819176996916,298.34126930184937
16.681380089820617,1.5,303.2518310730736,299.2821798234302,298.34139814683056
16.68500568862301,1.5,303.25199423708574,299.2824418919754,298.34152702633895
16.688631287425405,1.5,303.25215742760133,299.2827039053651,298.3416559403541
16.6922568862278,1.5,303.2523206446017,299.2829658636371,298.34178488885556
16.695882485030193,1.5,303.25248388806796,299.28322776682916,298.34191387182307
16.699508083832587,1.5,303.2526471579814,299.2834896149791,298.34204288923615
16.70313368263498,1.5,303.25281045432325,299.2837514081247,298.3421719410745
16.706759281437375,1.5,303.25297377707466,299.2840131463037,298.3423010273178
16.71038488023977,1.5,303.25313712621687,299.2842748295539,298.34243014794544
16.714010479042162,1.5,303.2533005017311,299.2845364579129,298.3425593029372
16.717636077844556,1.5,303.25346390359846,299.28479803141846,298.3426884922728
16.72126167664695,1.5,303.2536273318002,299.28505955010814,298.34281771593174
16.724887275449344,1.5,303.2537907863175,299.2853210140196,298.34294697389373
16.728512874251738,1.5,303.2539542671315,299.2855824231904,298.3430762661384
16.732138473054132,1.5,303.2541177742234,299.2858437776581,298.3432055926453
16.735764071856526,1.5,303.25428130757433,299.28610507746026,298.3433349533941
16.73938967065892,1.5,303.25444486716543,299.28636632263436,298.3434643483645
16.743015269461313,1.5,303.25460845297783,299.2866275132179,298.34359377753606
16.746640868263707,1.5,303.25477206499266,299.2868886492484,298.3437232408885
16.7502664670661,1.5,303.25493570319117,299.2871497307632,298.3438527384015
16.753892065868495,1.5,303.2550993675543,299.2874107577998,298.34398227005465
16.75751766467089,1.5,303.2552630580633,299.2876717303955,298.3441118358275
16.761143263473283,1.5,303.2554267746992,299.28793264858774,298.34424143569987
16.764768862275677,1.5,303.2555905174431,299.2881935124137,298.34437106965134
16.76839446107807,1.5,303.2557542862762,299.2884543219108,298.3445007376616
16.772020059880465,1.5,303.2559180811796,299.2887150771163,298.3446304397102
16.77564565868286,1.5,303.2560819021342,299.2889757780674,298.34476017577697
16.779271257485252,1.5,303.2562457491212,299.2892364248015,298.34488994584143
16.782896856287646,1.5,303.25640962212174,299.28949701735553,298.3450197498833
16.78652245509004,1.5,303.25657352111676,299.2897575557668,298.3451495878823
16.790148053892434,1.5,303.2567374460874,299.2900180400725,298.34527945981796
16.793773652694828,1.5,303.2569013970147,299.2902784703096,298.3454093656701
16.79739925149722,1.5,303.2570653738798,299.29053884651546,298.3455393054183
16.801024850299616,1.5,303.25722937666353,299.2907991687269,298.3456692790423
16.80465044910201,1.5,303.25739340534716,299.291059436981,298.3457992865217
16.808276047904403,1.5,303.2575574599116,299.29131965131484,298.3459293278363
16.811901646706797,1.5,303.2577215403379,299.29157981176536,298.34605940296564
16.81552724550919,1.5,303.2578856466072,299.2918399183696,298.34618951188946
16.819152844311585,1.5,303.2580497787003,299.29209997116436,298.34631965458755
16.82277844311398,1.5,303.25821393659845,299.29235997018674,298.3464498310394
16.826404041916373,1.5,303.2583781202825,299.2926199154735,298.3465800412249
16.830029640718767,1.5,303.25854232973353,299.2928798070615,298.34671028512366
16.83365523952116,1.5,303.2587065649324,299.29313964498766,298.34684056271533
16.837280838323554,1.5,303.25887082586036,299.2933994292886,298.34697087397967
16.84090643712595,1.5,303.2590351124982,299.29365916000137,298.34710121889634
16.844532035928342,1.5,303.25919942482705,299.29391883716255,298.34723159744505
16.848157634730736,1.5,303.2593637628277,299.2941784608089,298.34736200960555
16.85178323353313,1.5,303.2595281264813,299.29443803097706,298.34749245535755
16.855408832335524,1.5,303.2596925157688,299.29469754770383,298.3476229346807
16.859034431137918,1.5,303.2598569306711,299.2949570110258,298.3477534475548
16.86266002994031,1.5,303.26002137116916,299.2952164209796,298.3478839939595
16.866285628742705,1.5,303.260185837244,299.2954757776019,298.3480145738745
16.8699112275451,1.5,303.2603503288766,299.29573508092915,298.34814518727956
16.873536826347493,1.5,303.26051484604784,299.295994330998,298.3482758341544
16.877162425149887,1.5,303.26067938873877,299.2962535278449,298.34840651447877
16.88078802395228,1.5,303.2608439569302,299.29651267150643,298.3485372282324
16.884413622754675,1.5,303.26100855060315,299.29677176201903,298.348667975395
16.88803922155707,1.5,303.2611731697386,299.2970307994191,298.34879875594623
16.891664820359463,1.5,303.26133781431736,299.29728978374305,298.34892956986596
16.895290419161856,1.5,303.26150248432043,299.2975487150274,298.34906041713384
16.89891601796425,1.5,303.2616671797287,299.2978075933084,298.34919129772976
16.902541616766644,1.5,303.26183190052313,299.29806641862245,298.3493222116333
16.906167215569038,1.5,303.2619966466846,299.29832519100586,298.3494531588242
16.909792814371432,1.5,303.26216141819407,299.29858391049487,298.34958413928234
16.913418413173826,1.5,303.2623262150325,299.2988425771258,298.3497151529874
16.91704401197622,1.5,303.26249103718067,299.2991011909349,298.34984619991917
16.920669610778614,1.5,303.26265588461956,299.2993597519583,298.34997728005743
16.924295209581008,1.5,303.2628207573301,299.2996182602324,298.35010839338184
16.9279208083834,1.5,303.26298565529305,299.2998767157931,298.35023953987223
16.931546407185795,1.5,303.26315057848944,299.30013511867674,298.3503707195084
16.93517200598819,1.5,303.26331552690004,299.3003934689193,298.3505019322701
16.938797604790583,1.5,303.26348050050586,299.30065176655694,298.35063317813706
16.942423203592977,1.5,303.2636454992878,299.30091001162566,298.35076445708916
16.94604880239537,1.5,303.2638105232267,299.3011682041615,298.35089576910605
16.949674401197765,1.5,303.2639755723033,299.30142634420054,298.3510271141676
16.95330000000016,1.5,303.2641406464986,299.3016844317787,298.3511584922536
16.956925598802552,1.5,303.26430574579354,299.3019424669321,298.3512899033438
16.960551197604946,1.5,303.26447087016885,299.30220044969644,298.351421347418
16.96417679640734,1.5,303.2646360196056,299.3024583801077,298.3515528244561
16.967802395209734,1.5,303.2648011940844,299.30271625820177,298.3516843344377
16.971427994012128,1.5,303.26496639358623,299.30297408401464,298.3518158773428
16.975053592814522,1.5,303.265131618092,299.3032318575819,298.3519474531511
16.978679191616916,1.5,303.26529686758255,299.3034895789396,298.35207906184246
16.98230479041931,1.5,303.26546214203864,299.3037472481234,298.3522107033966
16.985930389221704,1.5,303.2656274414412,299.304004865169,298.3523423777935
16.989555988024097,1.5,303.2657927657711,299.30426243011226,298.35247408501283
16.99318158682649,1.5,303.2659581150091,299.3045199429888,298.3526058250344
16.996807185628885,1.5,303.26612348913613,299.3047774038343,298.35273759783814
17.00043278443128,1.5,303.26628888813303,299.3050348126844,298.3528694034039
17.004058383233673,1.5,303.2664543119806,299.3052921695748,298.35300124171135
17.007683982036067,1.5,303.2666197606597,299.305549474541,298.35313311274047
17.01130958083846,1.5,303.26678523415114,299.3058067276187,298.353265016471
17.014935179640855,1.5,303.2669507324359,299.30606392884334,298.3533969528829
17.01856077844325,1.5,303.2671162554946,299.30632107825056,298.35352892195596
17.022186377245642,1.5,303.2672818033082,299.3065781758757,298.35366092367
17.025811976048036,1.5,303.2674473758575,299.3068352217544,298.35379295800493
17.02943757485043,1.5,303.26761297312333,299.307092215922,298.3539250249405
17.033063173652824,1.5,303.2677785950865,299.30734915841407,298.3540571244567
17.036688772455218,1.5,303.26794424172783,299.3076060492658,298.3541892565333
17.04031437125761,1.5,303.26810991302824,299.3078628885128,298.3543214211502
17.043939970060006,1.5,303.26827560896845,299.3081196761902,298.35445361828727
17.0475655688624,1.5,303.2684413295293,299.3083764123335,298.35458584792434
17.051191167664793,1.5,303.26860707469166,299.3086330969778,298.3547181100414
17.054816766467187,1.5,303.2687728444363,299.3088897301585,298.3548504046182
17.05844236526958,1.5,303.268938638744,299.30914631191087,298.3549827316347
17.062067964071975,1.5,303.26910445759563,299.3094028422702,298.3551150910708
17.06569356287437,1.5,303.26927030097204,299.3096593212714,298.35524748290635
17.069319161676763,1.5,303.269436168854,299.30991574895,298.3553799071213
17.072944760479157,1.5,303.26960206122226,299.3101721253409,298.3555123636954
17.07657035928155,1.5,303.26976797805776,299.3104284504793,298.3556448526088
17.080195958083944,1.5,303.26993391934116,299.31068472440035,298.35577737384114
17.08382155688634,1.5,303.27009988505347,299.3109409471391,298.3559099273725
17.087447155688732,1.5,303.27026587517537,299.3111971187306,298.3560425131828
17.091072754491126,1.5,303.27043188968764,299.31145323920975,298.35617513125186
17.09469835329352,1.5,303.27059792857114,299.31170930861174,298.3563077815597
17.098323952095914,1.5,303.27076399180663,299.3119653269714,298.3564404640862
17.101949550898308,1.5,303.270930079375,299.31222129432376,298.3565731788111
17.1055751497007,1.5,303.27109619125696,299.3124772107036,298.35670592571466
17.109200748503095,1.5,303.2712623274334,299.31273307614595,298.35683870477664
17.11282634730549,1.5,303.2714284878851,299.3129888906857,298.356971515977
17.116451946107883,1.5,303.2715946725928,299.3132446543576,298.35710435929576
17.120077544910277,1.5,303.2717608815374,299.3135003671966,298.3572372347128
17.12370314371267,1.5,303.27192711469957,299.31375602923737,298.357370142208
17.127328742515065,1.5,303.2720933720603,299.31401164051476,298.3575030817615
17.13095434131746,1.5,303.2722596536002,299.3142672010635,298.357636053353
17.134579940119853,1.5,303.27242595930016,299.3145227109183,298.3577690569627
17.138205538922247,1.5,303.2725922891411,299.31477817011387,298.3579020925704
17.14183113772464,1.5,303.2727586431036,299.31503357868485,298.3580351601562
17.145456736527034,1.5,303.2729250211686,299.3152889366659,298.3581682597
17.149082335329428,1.5,303.2730914233169,299.31554424409165,298.35830139118184
17.152707934131822,1.5,303.27325784952916,299.3157995009968,298.35843455458166
17.156333532934216,1.5,303.27342429978637,299.3160547074157,298.3585677498794
17.15995913173661,1.5,303.27359077406913,299.316309863383,298.35870097705526
17.163584730539004,1.5,303.2737572723585,299.31656496893333,298.35883423608897
17.167210329341398,1.5,303.2739237946351,299.3168200241011,298.3589675269606
17.17083592814379,1.5,303.2740903408798,299.3170750289208,298.3591008496503
17.174461526946185,1.5,303.27425691107334,299.3173299834268,298.3592342041379
17.17808712574858,1.5,303.2744235051966,299.3175848876537,298.35936759040356
17.181712724550973,1.5,303.27459012323027,299.31783974163574,298.3595010084272
17.185338323353367,1.5,303.2747567651553,299.31809454540735,298.35963445818885
17.18896392215576,1.5,303.2749234309524,299.3183492990028,298.35976793966853
17.192589520958155,1.5,303.2750901206024,299.3186040024566,298.3599014528463
17.19621511976055,1.5,303.275256834086,299.31885865580296,298.36003499770214
17.199840718562942,1.5,303.2754235713842,299.319113259076,298.3601685742162
17.203466317365336,1.5,303.2755903324776,299.3193678123102,298.3603021823683
17.20709191616773,1.5,303.2757571173472,299.31962231553973,298.3604358221387
17.210717514970124,1.5,303.27592392597376,299.3198767687987,298.3605694935074
17.214343113772518,1.5,303.27609075833794,299.3201311721213,298.3607031964545
17.217968712574912,1.5,303.2762576144208,299.3203855255418,298.3608369309599
17.221594311377306,1.5,303.2764244942029,299.3206398290942,298.36097069700384
17.2252199101797,1.5,303.2765913976652,299.3208940828127,298.3611044945663
17.228845508982094,1.5,303.27675832478843,299.32114828673133,298.3612383236273
17.232471107784487,1.5,303.2769252755535,299.32140244088407,298.36137218416695
17.23609670658688,1.5,303.2770922499411,299.32165654530513,298.3615060761654
17.239722305389275,1.5,303.2772592479322,299.3219106000284,298.3616399996027
17.24334790419167,1.5,303.2774262695075,299.3221646050879,298.3617739544589
17.246973502994063,1.5,303.2775933146478,299.32241856051746,298.36190794071405
17.250599101796457,1.5,303.27776038333394,299.32267246635115,298.3620419583484
17.25422470059885,1.5,303.2779274755468,299.3229263226229,298.362176007342
17.257850299401245,1.5,303.2780945912671,299.32318012936645,298.3623100876748
17.26147589820364,1.5,303.27826173047583,299.32343388661576,298.3624441993272
17.265101497006032,1.5,303.2784288931537,299.32368759440465,298.36257834227905
17.268727095808426,1.5,303.2785960792815,299.32394125276693,298.36271251651056
17.27235269461082,1.5,303.27876328884014,299.3241948617364,298.3628467220019
17.275978293413214,1.5,303.2789305218103,299.32444842134674,298.36298095873315
17.279603892215608,1.5,303.27909777817297,299.32470193163175,298.3631152266845
17.283229491018,1.5,303.27926505790896,299.32495539262516,298.36324952583595
17.286855089820396,1.5,303.27943236099895,299.3252088043606,298.36338385616784
17.29048068862279,1.5,303.279599687424,299.32546216687183,298.36351821766016
17.294106287425183,1.5,303.27976703716485,299.32571548019234,298.3636526102932
17.297731886227577,1.5,303.27993441020226,299.3259687443558,298.36378703404694
17.30135748502997,1.5,303.28010180651717,299.3262219593959,298.3639214889017
17.304983083832365,1.5,303.2802692260904,299.3264751253462,298.3640559748376
17.30860868263476,1.5,303.2804366689027,299.32672824224,298.3641904918348
17.312234281437153,1.5,303.28060413493506,299.3269813101111,298.36432503987345
17.315859880239547,1.5,303.28077162416827,299.3272343289928,298.3644596189337
17.31948547904194,1.5,303.2809391365831,299.3274872989187,298.3645942289959
17.323111077844334,1.5,303.2811066721605,299.3277402199222,298.36472887004004
17.32673667664673,1.5,303.28127423088125,299.32799309203665,298.3648635420464
17.330362275449122,1.5,303.28144181272626,299.32824591529555,298.3649982449952
17.333987874251516,1.5,303.2816094176764,299.3284986897322,298.3651329788667
17.33761347305391,1.5,303.2817770457125,299.32875141538,298.3652677436409
17.341239071856304,1.5,303.2819446968154,299.32900409227227,298.3654025392983
17.344864670658698,1.5,303.28211237096593,299.32925672044223,298.36553736581885
17.34849026946109,1.5,303.2822800681451,299.32950929992325,298.36567222318297
17.352115868263486,1.5,303.2824477883336,299.32976183074857,298.3658071113707
17.35574146706588,1.5,303.2826155315125,299.33001431295133,298.3659420303625
17.359367065868273,1.5,303.2827832976625,299.33026674656486,298.36607698013836
17.362992664670667,1.5,303.2829510867645,299.3305191316222,298.36621196067875
17.36661826347306,1.5,303.28311889879944,299.3307714681567,298.3663469719639
17.370243862275455,1.5,303.2832867337482,299.3310237562012,298.3664820139738
17.37386946107785,1.5,303.28345459159164,299.33127599578904,298.36661708668896
17.377495059880243,1.5,303.2836224723106,299.3315281869532,298.3667521900895
17.381120658682637,1.5,303.283790375886,299.3317803297269,298.3668873241559
17.38474625748503,1.5,303.2839583022988,299.33203242414294,298.36702248886826
17.388371856287424,1.5,303.28412625152976,299.3322844702344,298.3671576842068
17.391997455089818,1.5,303.2842942235599,299.3325364680343,298.36729291015195
17.395623053892212,1.5,303.28446221837004,299.33278841757567,298.36742816668396
17.399248652694606,1.5,303.28463023594117,299.3330403188914,298.3675634537831
17.402874251497,1.5,303.2847982762541,299.33329217201424,298.3676987714296
17.406499850299394,1.5,303.2849663392898,299.3335439769774,298.3678341196039
17.410125449101788,1.5,303.28513442502907,299.33379573381353,298.36796949828624
17.41375104790418,1.5,303.285302533453,299.33404744255546,298.3681049074569
17.417376646706575,1.5,303.2854706645423,299.33429910323605,298.36824034709616
17.42100224550897,1.5,303.285638818278,299.33455071588816,298.36837581718447
17.424627844311363,1.5,303.2858069946411,299.33480228054447,298.36851131770214
17.428253443113757,1.5,303.2859751936124,299.3350537972378,298.36864684862945
17.43187904191615,1.5,303.28614341517294,299.33530526600083,298.36878240994673
17.435504640718545,1.5,303.2863116593035,299.33555668686625,298.3689180016343
17.43913023952094,1.5,303.2864799259852,299.3358080598668,298.3690536236726
17.442755838323333,1.5,303.2866482151988,299.33605938503507,298.36918927604194
17.446381437125726,1.5,303.2868165269254,299.33631066240366,298.36932495872264
17.45000703592812,1.5,303.2869848611458,299.3365618920053,298.3694606716951
17.453632634730514,1.5,303.287153217841,299.33681307387246,298.3695964149397
17.457258233532908,1.5,303.287321596992,299.33706420803765,298.36973218843684
17.460883832335302,1.5,303.2874899985797,299.3373152945336,298.36986799216686
17.464509431137696,1.5,303.2876584225851,299.33756633339266,298.37000382611006
17.46813502994009,1.5,303.28782686898916,299.3378173246473,298.370139690247
17.471760628742484,1.5,303.2879953377727,299.33806826833006,298.370275584558
17.475386227544877,1.5,303.2881638289169,299.33831916447343,298.3704115090234
17.47901182634727,1.5,303.28833234240267,299.3385700131097,298.37054746362367
17.482637425149665,1.5,303.2885008782109,299.33882081427134,298.3706834483392
17.48626302395206,1.5,303.2886694363227,299.33907156799063,298.3708194631504
17.489888622754453,1.5,303.2888380167189,299.33932227430006,298.37095550803775
17.493514221556847,1.5,303.2890066193807,299.3395729332318,298.37109158298165
17.49713982035924,1.5,303.2891752442888,299.3398235448182,298.3712276879625
17.500765419161635,1.5,303.28934389142444,299.3400741090917,298.3713638229608
17.50439101796403,1.5,303.28951256076857,299.3403246260842,298.3714999879569
17.508016616766422,1.5,303.2896812523021,299.3405750958283,298.3716361829313
17.511642215568816,1.5,303.2898499660061,299.3408255183559,298.3717724078644
17.51526781437121,1.5,303.2900187018616,299.3410758936994,298.3719086627368
17.518893413173604,1.5,303.2901874598495,299.3413262218908,298.3720449475289
17.522519011975998,1.5,303.29035623995094,299.3415765029623,298.37218126222103
17.526144610778392,1.5,303.2905250421469,299.3418267369461,298.37231760679384
17.529770209580786,1.5,303.29069386641845,299.34207692387406,298.37245398122786
17.53339580838318,1.5,303.2908627127465,299.3423270637785,298.3725903855034
17.537021407185573,1.5,303.29103158111224,299.3425771566912,298.372726819601
17.540647005987967,1.5,303.29120047149655,299.34282720264446,298.3728632835012
17.54427260479036,1.5,303.29136938388064,299.34307720167,298.3729997771844
17.547898203592755,1.5,303.29153831824544,299.3433271538,298.37313630063136
17.55152380239515,1.5,303.291707274572,299.3435770590662,298.37327285382236
17.555149401197543,1.5,303.2918762528414,299.34382691750073,298.37340943673803
17.558774999999937,1.5,303.2920452530347,299.3440767291354,298.37354604935877
17.56240059880233,1.5,303.292214275133,299.344326494002,298.3736826916653
17.566026197604725,1.5,303.2923833191173,299.3445762121326,298.37381936363795
17.56965179640712,1.5,303.29255238496876,299.3448258835589,298.37395606525746
17.573277395209512,1.5,303.29272147266835,299.34507550831256,298.3740927965042
17.576902994011906,1.5,303.2928905821972,299.34532508642565,298.3742295573589
17.5805285928143,1.5,303.29305971353637,299.3455746179297,298.37436634780204
17.584154191616694,1.5,303.293228866667,299.3458241028565,298.3745031678141
17.587779790419088,1.5,303.2933980415702,299.3460735412378,298.37464001737584
17.59140538922148,1.5,303.2935672382269,299.3463229331053,298.3747768964676
17.595030988023876,1.5,303.29373645661843,299.34657227849067,298.3749138050702
17.59865658682627,1.5,303.29390569672574,299.3468215774255,298.3750507431641
17.602282185628663,1.5,303.2940749585301,299.3470708299415,298.3751877107298
17.605907784431057,1.5,303.2942442420125,299.3473200360702,298.37532470774806
17.60953338323345,1.5,303.294413547154,299.34756919584316,298.37546173419946
17.613158982035845,1.5,303.29458287393595,299.3478183092919,298.3755987900646
17.61678458083824,1.5,303.2947522223393,299.34806737644806,298.37573587532404
17.620410179640633,1.5,303.2949215923452,299.34831639734307,298.3758729899585
17.624035778443027,1.5,303.29509098393487,299.3485653720084,298.3760101339485
17.62766137724542,1.5,303.2952603970893,299.34881430047557,298.3761473072747
17.631286976047814,1.5,303.2954298317898,299.34906318277604,298.37628450991787
17.63491257485021,1.5,303.29559928801757,299.34931201894113,298.37642174185845
17.638538173652602,1.5,303.29576876575356,299.3495608090022,298.3765590030772
17.642163772454996,1.5,303.2959382649791,299.34980955299073,298.3766962935548
17.64578937125739,1.5,303.2961077856753,299.35005825093805,298.3768336132719
17.649414970059784,1.5,303.29627732782336,299.35030690287545,298.3769709622091
17.653040568862178,1.5,303.2964468914045,299.3505555088342,298.37710834034715
17.65666616766457,1.5,303.2966164763998,299.3508040688456,298.37724574766673
17.660291766466965,1.5,303.2967860827905,299.3510525829409,298.37738318414847
17.66391736526936,1.5,303.2969557105578,299.3513010511513,298.3775206497731
17.667542964071753,1.5,303.2971253596829,299.35154947350816,298.3776581445213
17.671168562874147,1.5,303.297295030147,299.35179785004243,298.3777956683738
17.67479416167654,1.5,303.2974647219313,299.3520461807854,298.3779332213113
17.678419760478935,1.5,303.297634435017,299.35229446576824,298.3780708033145
17.68204535928133,1.5,303.2978041693855,299.35254270502196,298.37820841436417
17.685670958083723,1.5,303.29797392501774,299.3527908985777,298.37834605444095
17.689296556886116,1.5,303.2981437018951,299.3530390464666,298.3784837235256
17.69292215568851,1.5,303.29831349999887,299.35328714871963,298.37862142159895
17.696547754490904,1.5,303.29848331931026,299.35353520536785,298.3787591486417
17.700173353293298,1.5,303.2986531598104,299.35378321644225,298.37889690463453
17.703798952095692,1.5,303.29882302148064,299.35403118197377,298.3790346895583
17.707424550898086,1.5,303.2989929043023,299.35427910199337,298.3791725033937
17.71105014970048,1.5,303.29916280825654,299.35452697653204,298.37931034612154
17.714675748502874,1.5,303.29933273332466,299.3547748056206,298.3794482177226
17.718301347305268,1.5,303.29950267948794,299.35502258929,298.3795861181776
17.72192694610766,1.5,303.2996726467277,299.35527032757113,298.3797240474674
17.725552544910055,1.5,303.29984263502513,299.35551802049486,298.3798620055727
17.72917814371245,1.5,303.3000126443616,299.355765668092,298.37999999247444
17.732803742514843,1.5,303.3001826747184,299.35601327039313,298.3801380081533
17.736429341317237,1.5,303.3003527260768,299.3562608274293,298.38027605259026
17.74005494011963,1.5,303.30052279841817,299.3565083392312,298.38041412576587
17.743680538922025,1.5,303.30069289172377,299.3567558058294,298.38055222766116
17.74730613772442,1.5,303.3008630059749,299.3570032272548,298.3806903582569
17.750931736526812,1.5,303.30103314115297,299.357250603538,298.38082851753404
17.754557335329206,1.5,303.3012032972392,299.35749793470967,298.38096670547327
17.7581829341316,1.5,303.30137347421504,299.35774522080044,298.38110492205544
17.761808532933994,1.5,303.30154367206177,299.3579924618409,298.3812431672615
17.765434131736388,1.5,303.30171389076077,299.3582396578617,298.3813814410722
17.769059730538782,1.5,303.30188413029333,299.3584868088935,298.3815197434685
17.772685329341176,1.5,303.30205439064093,299.3587339149666,298.38165807443124
17.77631092814357,1.5,303.3022246717848,299.35898097611175,298.38179643394136
17.779936526945963,1.5,303.3023949737064,299.35922799235937,298.3819348219797
17.783562125748357,1.5,303.30256529638706,299.3594749637399,298.3820732385271
17.78718772455075,1.5,303.3027356398082,299.3597218902839,298.38221168356455
17.790813323353145,1.5,303.3029060039512,299.3599687720217,298.38235015707284
17.79443892215554,1.5,303.3030763887975,299.3602156089838,298.38248865903296
17.798064520957933,1.5,303.3032467943284,299.36046240120055,298.3826271894258
17.801690119760327,1.5,303.3034172205254,299.36070914870237,298.3827657482324
17.80531571856272,1.5,303.3035876673699,299.3609558515196,298.3829043354335
17.808941317365115,1.5,303.3037581348433,299.36120250968247,298.3830429510102
17.81256691616751,1.5,303.303928622927,299.36144912322135,298.3831815949434
17.816192514969902,1.5,303.30409913160247,299.3616956921665,298.3833202672139
17.819818113772296,1.5,303.30426966085116,299.36194221654824,298.3834589678028
17.82344371257469,1.5,303.3044402106545,299.3621886963968,298.3835976966911
17.827069311377084,1.5,303.3046107809939,299.36243513174236,298.3837364538596
17.830694910179478,1.5,303.30478137185094,299.3626815226151,298.3838752392895
17.83432050898187,1.5,303.30495198320693,299.36292786904517,298.3840140529616
17.837946107784266,1.5,303.3051226150434,299.3631741710628,298.38415289485704
17.84157170658666,1.5,303.3052932673419,299.363420428698,298.38429176495663
17.845197305389053,1.5,303.3054639400838,299.363666641981,298.38443066324146
17.848822904191447,1.5,303.30563463325063,299.3639128109418,298.3845695896926
17.85244850299384,1.5,303.305805346824,299.3641589356106,298.38470854429096
17.856074101796235,1.5,303.3059760807852,299.3644050160172,298.38484752701766
17.85969970059863,1.5,303.3061468351159,299.36465105219173,298.3849865378536
17.863325299401023,1.5,303.30631760979753,299.36489704416425,298.3851255767799
17.866950898203417,1.5,303.30648840481166,299.36514299196466,298.38526464377753
17.87057649700581,1.5,303.3066592201398,299.3653888956229,298.3854037388276
17.874202095808204,1.5,303.30683005576356,299.3656347551689,298.3855428619112
17.8778276946106,1.5,303.3070009116644,299.3658805706326,298.38568201300933
17.881453293412992,1.5,303.3071717878238,299.36612634204386,298.385821192103
17.885078892215386,1.5,303.30734268422333,299.36637206943254,298.3859603991733
17.88870449101778,1.5,303.30751360084474,299.3666177528286,298.3860996342014
17.892330089820174,1.5,303.3076845376694,299.3668633922616,298.3862388971683
17.895955688622568,1.5,303.307855494679,299.3671089877615,298.3863781880552
17.89958128742496,1.5,303.30802647185504,299.3673545393581,298.386517506843
17.903206886227355,1.5,303.30819746917916,299.36760004708105,298.386656853513
17.90683248502975,1.5,303.3083684866329,299.3678455109601,298.38679622804614
17.910458083832143,1.5,303.30853952419795,299.36809093102505,298.3869356304237
17.914083682634537,1.5,303.30871058185585,299.3683363073055,298.38707506062667
17.91770928143693,1.5,303.30888165958817,299.3685816398312,298.38721451863626
17.921334880239325,1.5,303.3090527573766,299.3688269286317,298.3873540044336
17.92496047904172,1.5,303.3092238752028,299.36907217373664,298.3874935179998
17.928586077844113,1.5,303.30939501304834,299.3693173751757,298.38763305931604
17.932211676646507,1.5,303.30956617089487,299.36956253297825,298.38777262836345
17.9358372754489,1.5,303.30973734872407,299.369807647174,298.38791222512316
17.939462874251294,1.5,303.30990854651753,299.37005271779253,298.38805184957636
17.943088473053688,1.5,303.31007976425695,299.37029774486325,298.3881915017043
17.946714071856082,1.5,303.3102510019241,299.3705427284157,298.3883311814881
17.950339670658476,1.5,303.3104222595005,299.37078766847935,298.38847088890896
17.95396526946087,1.5,303.31059353696793,299.3710325650836,298.38861062394807
17.957590868263264,1.5,303.310764834308,299.3712774182579,298.3887503865867
17.961216467065658,1.5,303.31093615150246,299.37152222803167,298.3888901768059
17.96484206586805,1.5,303.311107488533,299.37176699443427,298.38902999458696
17.968467664670445,1.5,303.3112788453813,299.37201171749507,298.3891698399112
17.97209326347284,1.5,303.3114502220292,299.37225639724335,298.3893097127597
17.975718862275233,1.5,303.3116216184583,299.37250103370855,298.3894496131138
17.979344461077627,1.5,303.31179303465035,299.3727456269198,298.38958954095466
17.98297005988002,1.5,303.3119644705871,299.37299017690657,298.3897294962636
17.986595658682415,1.5,303.3121359262503,299.37323468369794,298.38986947902197
17.99022125748481,1.5,303.3123074016217,299.3734791473233,298.3900094892108
17.993846856287202,1.5,303.3124788966831,299.3737235678116,298.39014952681146
17.997472455089596,1.5,303.3126504114162,299.3739679451923,298.39028959180524
18.00109805389199,1.5,303.31282194580285,299.3742122794945,298.39042968417345
18.004723652694384,1.5,303.31299349982476,299.3744565707472,298.3905698038973
18.008349251496778,1.5,303.3131650734638,299.3747008189797,298.3907099509582
18.011974850299172,1.5,303.31333666670173,299.374945024221,298.39085012533735
18.015600449101566,1.5,303.3135082795202,299.37518918650017,298.39099032701614
18.01922604790396,1.5,303.31367991190126,299.3754333058463,298.3911305559758
18.022851646706354,1.5,303.31385156382663,299.3756773822885,298.3912708121977
18.026477245508747,1.5,303.3140232352781,299.3759214158556,298.3914110956632
18.03010284431114,1.5,303.3141949262376,299.3761654065768,298.39155140635364
18.033728443113535,1.5,303.3143666366868,299.3764093544809,298.3916917442503
18.03735404191593,1.5,303.3145383666078,299.376653259597,298.3918321093345
18.040979640718323,1.5,303.3147101159823,299.3768971219539,298.39197250158765
18.044605239520717,1.5,303.31488188479204,299.3771409415806,298.3921129209911
18.04823083832311,1.5,303.3150536730191,299.37738471850594,298.3922533675264
18.051856437125505,1.5,303.3152254806453,299.3776284527588,298.3923938411747
18.0554820359279,1.5,303.31539730765246,299.37787214436804,298.3925343419174
18.059107634730292,1.5,303.31556915402257,299.3781157933625,298.3926748697359
18.062733233532686,1.5,303.31574101973746,299.37835939977083,298.3928154246118
18.06635883233508,1.5,303.315912904779,299.37860296362203,298.3929560065262
18.069984431137474,1.5,303.3160848091292,299.37884648494475,298.39309661546076
18.073610029939868,1.5,303.31625673277,299.3790899637677,298.3932372513968
18.07723562874226,1.5,303.3164286756832,299.37933340011955,298.3933779143157
18.080861227544656,1.5,303.3166006378508,299.37957679402916,298.3935186041989
18.08448682634705,1.5,303.3167726192547,299.37982014552506,298.393659321028
18.088112425149443,1.5,303.31694461987706,299.38006345463606,298.3938000647842
18.091738023951837,1.5,303.3171166396996,299.3803067213906,298.39394083544914
18.09536362275423,1.5,303.3172886787043,299.3805499458175,298.39408163300425
18.098989221556625,1.5,303.3174607368733,299.38079312794514,298.39422245743094
18.10261482035902,1.5,303.31763281418847,299.38103626780224,298.39436330871064
18.106240419161413,1.5,303.3178049106318,299.38127936541724,298.394504186825
18.109866017963807,1.5,303.31797702618536,299.3815224208187,298.39464509175536
18.1134916167662,1.5,303.31814916083107,299.3817654340352,298.3947860234833
18.117117215568594,1.5,303.31832131455104,299.3820084050951,298.39492698199024
18.12074281437099,1.5,303.31849348732715,299.382251334027,298.39506796725783
18.124368413173382,1.5,303.31866567914153,299.3824942208592,298.39520897926747
18.127994011975776,1.5,303.31883788997624,299.38273706562023,298.39535001800067
18.13161961077817,1.5,303.31901011981324,299.3829798683385,298.3954910834389
18.135245209580564,1.5,303.3191823686346,299.3832226290423,298.395632175564
18.138870808382958,1.5,303.3193546364225,299.38346534775997,298.3957732943571
18.14249640718535,1.5,303.3195269231587,299.38370802451993,298.3959144398001
18.146122005987745,1.5,303.3196992288257,299.3839506593506,298.3960556118744
18.14974760479014,1.5,303.3198715534053,299.38419325228006,298.39619681056155
18.153373203592533,1.5,303.32004389687967,299.38443580333666,298.39633803584314
18.156998802394927,1.5,303.3202162592309,299.3846783125487,298.39647928770086
18.16062440119732,1.5,303.3203886404411,299.38492077994437,298.39662056611616
18.164249999999715,1.5,303.3205610404924,299.38516320555186,298.3967618710707
18.16787559880211,1.5,303.3207334593669,299.3854055893994,298.39690320254596
18.171501197604503,1.5,303.32090589704677,299.38564793151517,298.39704456052374
18.175126796406897,1.5,303.3210783535141,299.3858902319273,298.39718594498555
18.17875239520929,1.5,303.3212508287511,299.38613249066395,298.397327355913
18.182377994011684,1.5,303.3214233227398,299.38637470775313,298.39746879328777
18.186003592814078,1.5,303.32159583546246,299.38661688322304,298.3976102570914
18.189629191616472,1.5,303.32176836690127,299.3868590171017,298.3977517473056
18.193254790418866,1.5,303.3219409170384,299.3871011094172,298.3978932639121
18.19688038922126,1.5,303.322113485856,299.3873431601975,298.39803480689244
18.200505988023654,1.5,303.3222860733363,299.3875851694706,298.3981763762283
18.204131586826048,1.5,303.3224586794614,299.3878271372645,298.39831797190146
18.20775718562844,1.5,303.32263130421364,299.3880690636072,298.39845959389345
18.211382784430835,1.5,303.3228039475752,299.38831094852657,298.398601242186
18.21500838323323,1.5,303.3229766095283,299.38855279205063,298.39874291676085
18.218633982035623,1.5,303.3231492900552,299.3887945942072,298.39888461759966
18.222259580838017,1.5,303.3233219891381,299.3890363550242,298.39902634468416
18.22588517964041,1.5,303.32349470675933,299.38927807452944,298.3991680979961
18.229510778442805,1.5,303.323667442901,299.3895197527508,298.3993098775171
18.2331363772452,1.5,303.32384019754556,299.38976138971617,298.399451683229
18.236761976047593,1.5,303.3240129706752,299.39000298545324,298.3995935151134
18.240387574849986,1.5,303.3241857622722,299.3902445399898,298.39973537315217
18.24401317365238,1.5,303.32435857231883,299.39048605335364,298.3998772573271
18.247638772454774,1.5,303.3245314007974,299.39072752557246,298.40001916761975
18.251264371257168,1.5,303.3247042476903,299.390968956674,298.40016110401206
18.254889970059562,1.5,303.3248771129798,299.3912103466859,298.40030306648566
18.258515568861956,1.5,303.32504999664815,299.39145169563596,298.4004450550225
18.26214116766435,1.5,303.32522289867774,299.3916930035518,298.4005870696043
18.265766766466744,1.5,303.325395819051,299.3919342704609,298.40072911021275
18.269392365269137,1.5,303.32556875775015,299.39217549639113,298.4008711768298
18.27301796407153,1.5,303.3257417147576,299.39241668136987,298.40101326943716
18.276643562873925,1.5,303.3259146900557,299.3926578254247,298.40115538801666
18.28026916167632,1.5,303.3260876836269,299.3928989285833,298.4012975325502
18.283894760478713,1.5,303.32626069545347,299.3931399908731,298.4014397030195
18.287520359281107,1.5,303.3264337255179,299.3933810123217,298.40158189940644
18.2911459580835,1.5,303.32660677380255,299.39362199295647,298.40172412169295
18.294771556885895,1.5,303.3267798402899,299.393862932805,298.4018663698607
18.29839715568829,1.5,303.3269529249622,299.3941038318947,298.40200864389175
18.302022754490682,1.5,303.3271260278021,299.3943446902529,298.4021509437678
18.305648353293076,1.5,303.3272991487918,299.3945855079071,298.4022932694709
18.30927395209547,1.5,303.3274722879138,299.39482628488474,298.40243562098277
18.312899550897864,1.5,303.3276454451507,299.39506702121315,298.4025779982854
18.316525149700258,1.5,303.3278186204849,299.3953077169196,298.4027204013606
18.320150748502652,1.5,303.32799181389885,299.3955483720315,298.4028628301903
18.323776347305046,1.5,303.3281650253749,299.39578898657624,298.40300528475643
18.32740194610744,1.5,303.3283382548957,299.3960295605809,298.40314776504096
18.331027544909833,1.5,303.32851150244375,299.3962700940729,298.4032902710257
18.334653143712227,1.5,303.32868476800144,299.39651058707943,298.4034328026927
18.33827874251462,1.5,303.3288580515513,299.39675103962776,298.40357536002375
18.341904341317015,1.5,303.329031353076,299.396991451745,298.40371794300097
18.34552994011941,1.5,303.3292046725579,299.39723182345847,298.4038605516062
18.349155538921803,1.5,303.32937800997956,299.39747215479525,298.40400318582147
18.352781137724197,1.5,303.3295513653236,299.39771244578253,298.40414584562865
18.35640673652659,1.5,303.3297247385725,299.3979526964474,298.40428853100985
18.360032335328984,1.5,303.3298981297089,299.398192906817,298.404431241947
18.36365793413138,1.5,303.3300715387153,299.3984330769184,298.404573978422
18.367283532933772,1.5,303.3302449655743,299.3986732067786,298.404716740417
18.370909131736166,1.5,303.3304184102685,299.39891329642484,298.4048595279139
18.37453473053856,1.5,303.3305918727805,299.3991533458839,298.4050023408948
18.378160329340954,1.5,303.3307653530929,299.39939335518295,298.4051451793416
18.381785928143348,1.5,303.3309388511883,299.39963332434894,298.4052880432364
18.38541152694574,1.5,303.3311123670493,299.3998732534088,298.4054309325613
18.389037125748136,1.5,303.3312859006586,299.40011314238956,298.40557384729823
18.39266272455053,1.5,303.3314594519988,299.4003529913181,298.4057167874293
18.396288323352923,1.5,303.33163302105254,299.40059280022126,298.4058597529365
18.399913922155317,1.5,303.33180660780255,299.40083256912595,298.406002743802
18.40353952095771,1.5,303.3319802122314,299.40107229805915,298.4061457600079
18.407165119760105,1.5,303.3321538343218,299.4013119870476,298.40628880153616
18.4107907185625,1.5,303.3323274740564,299.4015516361182,298.40643186836894
18.414416317364893,1.5,303.3325011314179,299.40179124529766,298.40657496048823
18.418041916167287,1.5,303.3326748063891,299.4020308146129,298.4067180778763
18.42166751496968,1.5,303.33284849895267,299.40227034409054,298.4068612205151
18.425293113772074,1.5,303.33302220909127,299.4025098337574,298.40700438838684
18.42891871257447,1.5,303.33319593678766,299.4027492836403,298.40714758147357
18.432544311376862,1.5,303.3333696820246,299.4029886937657,298.4072907997576
18.436169910179256,1.5,303.3335434447848,299.40322806416054,298.40743404322086
18.43979550898165,1.5,303.33371722505103,299.40346739485136,298.4075773118456
18.443421107784044,1.5,303.33389102280603,299.4037066858648,298.40772060561403
18.447046706586438,1.5,303.33406483803265,299.4039459372275,298.40786392450815
18.45067230538883,1.5,303.33423867071355,299.4041851489662,298.4080072685103
18.454297904191225,1.5,303.3344125208316,299.40442432110734,298.40815063760255
18.45792350299362,1.5,303.3345863883696,299.40466345367753,298.4082940317671
18.461549101796013,1.5,303.3347602733103,299.40490254670334,298.40843745098624
18.465174700598407,1.5,303.3349341756366,299.40514160021127,298.40858089524204
18.4688002994008,1.5,303.33510809533124,299.40538061422785,298.4087243645168
18.472425898203195,1.5,303.3352820323771,299.4056195887796,298.40886785879263
18.47605149700559,1.5,303.33545598675704,299.4058585238929,298.40901137805184
18.479677095807983,1.5,303.33562995845386,299.40609741959435,298.4091549222766
18.483302694610376,1.5,303.3358039474505,299.4063362759102,298.40929849144925
18.48692829341277,1.5,303.3359779537297,299.40657509286694,298.409442085552
18.490553892215164,1.5,303.3361519772744,299.406813870491,298.409585704567
18.494179491017558,1.5,303.3363260180676,299.4070526088087,298.4097293484767
18.497805089819952,1.5,303.336500076092,299.4072913078465,298.40987301726324
18.501430688622346,1.5,303.3366741513307,299.40752996763064,298.4100167109088
18.50505628742474,1.5,303.3368482437665,299.4077685881874,298.41016042939583
18.508681886227134,1.5,303.3370223533824,299.4080071695433,298.4103041727066
18.512307485029527,1.5,303.3371964801612,299.40824571172425,298.4104479408233
18.51593308383192,1.5,303.33737062408596,299.4084842147568,298.4105917337284
18.519558682634315,1.5,303.3375447851396,299.408722678667,298.41073555140406
18.52318428143671,1.5,303.33771896330506,299.40896110348126,298.4108793938327
18.526809880239103,1.5,303.3378931585653,299.40919948922567,298.4110232609966
18.530435479041497,1.5,303.33806737090333,299.4094378359263,298.41116715287814
18.53406107784389,1.5,303.3382416003021,299.40967614360954,298.41131106945966
18.537686676646285,1.5,303.3384158467447,299.4099144123014,298.41145501072344
18.54131227544868,1.5,303.338590110214,299.41015264202804,298.41159897665193
18.544937874251072,1.5,303.33876439069303,299.41039083281544,298.4117429672274
18.548563473053466,1.5,303.33893868816494,299.4106289846898,298.41188698243224
18.55218907185586,1.5,303.33911300261263,299.41086709767717,298.412031022249
18.555814670658254,1.5,303.33928733401933,299.41110517180357,298.41217508665983
18.559440269460648,1.5,303.33946168236787,299.41134320709506,298.4123191756473
18.563065868263042,1.5,303.3396360476413,299.4115812035776,298.41246328919374
18.566691467065436,1.5,303.33981042982293,299.4118191612772,298.41260742728156
18.57031706586783,1.5,303.33998482889564,299.4120570802198,298.4127515898932
18.573942664670223,1.5,303.34015924484254,299.41229496043144,298.41289577701116
18.577568263472617,1.5,303.3403336776468,299.41253280193786,298.4130399886177
18.58119386227501,1.5,303.34050812729146,299.41277060476517,298.41318422469544
18.584819461077405,1.5,303.34068259375965,299.41300836893913,298.4133284852267
18.5884450598798,1.5,303.3408570770345,299.4132460944857,298.4134727701941
18.592070658682193,1.5,303.3410315770991,299.4134837814306,298.4136170795799
18.595696257484587,1.5,303.3412060939367,299.4137214297998,298.4137614133668
18.59932185628698,1.5,303.3413806275303,299.41395903961904,298.41390577153703
18.602947455089375,1.5,303.3415551778632,299.41419661091413,298.41405015407327
18.60657305389177,1.5,303.34172974491855,299.4144341437109,298.4141945609579
18.610198652694162,1.5,303.34190432867945,299.4146716380349,298.41433899217355
18.613824251496556,1.5,303.3420789291292,299.4149090939121,298.41448344770265
18.61744985029895,1.5,303.3422535462508,299.41514651136816,298.41462792752776
18.621075449101344,1.5,303.34242818002764,299.4153838904287,298.4147724316313
18.624701047903738,1.5,303.3426028304429,299.4156212311195,298.41491695999594
18.62832664670613,1.5,303.3427774974798,299.41585853346606,298.41506151260415
18.631952245508526,1.5,303.3429521811215,299.41609579749417,298.4152060894385
18.63557784431092,1.5,303.34312688135134,299.4163330232294,298.4153506904816
18.639203443113313,1.5,303.34330159815255,299.4165702106974,298.41549531571593
18.642829041915707,1.5,303.3434763315083,299.41680735992367,298.41563996512406
18.6464546407181,1.5,303.34365108140196,299.41704447093383,298.41578463868865
18.650080239520495,1.5,303.3438258478168,299.41728154375346,298.41592933639225
18.65370583832289,1.5,303.3440006307361,299.41751857840796,298.41607405821753
18.657331437125283,1.5,303.34417543014314,299.417755574923,298.416218804147
18.660957035927677,1.5,303.34435024602124,299.41799253332385,298.4163635741632
18.66458263473007,1.5,303.34452507835374,299.41822945363623,298.4165083682489
18.668208233532464,1.5,303.344699927124,299.4184663358854,298.4166531863867
18.67183383233486,1.5,303.3448747923152,299.4187031800969,298.41679802855924
18.675459431137252,1.5,303.3450496739108,299.4189399862961,298.4169428947491
18.679085029939646,1.5,303.3452245718942,299.4191767545084,298.417087784939
18.68271062874204,1.5,303.34539948624877,299.41941348475916,298.41723269911154
18.686336227544434,1.5,303.3455744169577,299.4196501770738,298.4173776372494
18.689961826346828,1.5,303.34574936400446,299.4198868314776,298.41752259933526
18.69358742514922,1.5,303.3459243273726,299.4201234479959,298.4176675853518
18.697213023951615,1.5,303.3460993070453,299.4203600266539,298.4178125952818
18.70083862275401,1.5,303.3462743030061,299.42059656747705,298.41795762910795
18.704464221556403,1.5,303.34644931523843,299.4208330704906,298.4181026868127
18.708089820358797,1.5,303.34662434372564,299.4210695357196,298.41824776837905
18.71171541916119,1.5,303.3467993884512,299.42130596318947,298.4183928737896
18.715341017963585,1.5,303.3469744493986,299.4215423529253,298.41853800302715
18.71896661676598,1.5,303.3471495265512,299.4217787049523,298.41868315607434
18.722592215568373,1.5,303.3473246198926,299.42201501929577,298.418828332914
18.726217814370766,1.5,303.34749972940614,299.4222512959807,298.41897353352886
18.72984341317316,1.5,303.34767485507547,299.4224875350323,298.4191187579017
18.733469011975554,1.5,303.3478499968839,299.42272373647563,298.41926400601517
18.737094610777948,1.5,303.34802515481505,299.42295990033585,298.4194092778522
18.740720209580342,1.5,303.34820032885244,299.423196026638,298.41955457339543
18.744345808382736,1.5,303.3483755189795,299.4234321154071,298.4196998926279
18.74797140718513,1.5,303.3485507251799,299.42366816666816,298.4198452355321
18.751597005987524,1.5,303.3487259474371,299.42390418044636,298.419990602091
18.755222604789918,1.5,303.34890118573463,299.4241401567666,298.4201359922874
18.75884820359231,1.5,303.3490764400561,299.4243760956539,298.42028140610415
18.762473802394705,1.5,303.349251710385,299.4246119971331,298.420426843524
18.7660994011971,1.5,303.349426996705,299.42484786122924,298.42057230452986
18.769724999999493,1.5,303.34960229899974,299.42508368796734,298.4207177891046
18.773350598801887,1.5,303.3497776172527,299.42531947737217,298.42086329723094
18.77697619760428,1.5,303.3499529514475,299.4255552294686,298.4210088288919
18.780601796406675,1.5,303.3501283015678,299.42579094428163,298.42115438407023
18.78422739520907,1.5,303.35030366759725,299.42602662183606,298.4212999627489
18.787852994011462,1.5,303.35047904951944,299.42626226215674,298.42144556491075
18.791478592813856,1.5,303.35065444731805,299.4264978652684,298.4215911905386
18.79510419161625,1.5,303.3508298609767,299.4267334311959,298.42173683961556
18.798729790418644,1.5,303.35100529047907,299.426968959964,298.42188251212434
18.802355389221038,1.5,303.35118073580884,299.4272044515975,298.4220282080479
18.805980988023432,1.5,303.35135619694967,299.4274399061211,298.4221739273692
18.809606586825826,1.5,303.35153167388535,299.4276753235595,298.4223196700712
18.81323218562822,1.5,303.35170716659945,299.4279107039375,298.42246543613686
18.816857784430614,1.5,303.3518826750758,299.4281460472798,298.422611225549
18.820483383233007,1.5,303.35205819929797,299.4283813536109,298.4227570382907
18.8241089820354,1.5,303.35223373924987,299.42861662295564,298.4229028743448
18.827734580837795,1.5,303.35240929491516,299.4288518553385,298.4230487336944
18.83136017964019,1.5,303.3525848662776,299.42908705078423,298.42319461632246
18.834985778442583,1.5,303.3527604533209,299.4293222093173,298.42334052221184
18.838611377244977,1.5,303.35293605602897,299.42955733096244,298.4234864513457
18.84223697604737,1.5,303.35311167438545,299.42979241574403,298.42363240370696
18.845862574849765,1.5,303.3532873083742,299.43002746368666,298.42377837927864
18.84948817365216,1.5,303.353462957979,299.43026247481504,298.42392437804375
18.853113772454552,1.5,303.35363862318366,299.4304974491534,298.4240703999854
18.856739371256946,1.5,303.35381430397194,299.4307323867264,298.42421644508653
18.86036497005934,1.5,303.3539900003277,299.4309672875584,298.4243625133302
18.863990568861734,1.5,303.35416571223493,299.431202151674,298.42450860469955
18.867616167664128,1.5,303.3543414396773,299.43143697909744,298.4246547191775
18.87124176646652,1.5,303.35451718263863,299.4316717698533,298.42480085674725
18.874867365268916,1.5,303.354692941103,299.4319065239659,298.42494701739173
18.87849296407131,1.5,303.35486871505407,299.43214124145965,298.4250932010941
18.882118562873703,1.5,303.35504450447587,299.43237592235886,298.4252394078375
18.885744161676097,1.5,303.35522030935215,299.4326105666879,298.425385637605
18.88936976047849,1.5,303.35539612966704,299.4328451744711,298.4255318903796
18.892995359280885,1.5,303.35557196540424,299.43307974573275,298.4256781661446
18.89662095808328,1.5,303.3557478165478,299.43331428049714,298.425824464883
18.900246556885673,1.5,303.3559236830816,299.4335487787886,298.425970786578
18.903872155688067,1.5,303.35609956498956,299.43378324063127,298.4261171312126
18.90749775449046,1.5,303.3562754622557,299.43401766604944,298.4262634987701
18.911123353292854,1.5,303.3564513748639,299.43425205506736,298.4264098892336
18.91474895209525,1.5,303.3566273027982,299.43448640770913,298.4265563025862
18.918374550897642,1.5,303.3568032460426,299.434720723999,298.4267027388112
18.922000149700036,1.5,303.356979204581,299.43495500396114,298.42684919789167
18.92562574850243,1.5,303.35715517839753,299.4351892476197,298.42699567981083
18.929251347304824,1.5,303.35733116747605,299.4354234549988,298.42714218455194
18.932876946107218,1.5,303.3575071718007,299.43565762612246,298.42728871209806
18.93650254490961,1.5,303.3576831913554,299.43589176101483,298.4274352624326
18.940128143712005,1.5,303.3578592261244,299.43612585970004,298.42758183553855
18.9437537425144,1.5,303.3580352760915,299.4363599222021,298.42772843139926
18.947379341316793,1.5,303.3582113412409,299.436593948545,298.42787504999797
18.951004940119187,1.5,303.35838742155664,299.4368279387528,298.42802169131784
18.95463053892158,1.5,303.3585635170228,299.43706189284944,298.4281683553423
18.958256137723975,1.5,303.35873962762344,299.43729581085904,298.4283150420544
18.96188173652637,1.5,303.35891575334267,299.43752969280547,298.4284617514375
18.965507335328763,1.5,303.35909189416464,299.43776353871266,298.4286084834748
18.969132934131157,1.5,303.35926805007347,299.4379973486046,298.4287552381498
18.97275853293355,1.5,303.35944422105314,299.43823112250516,298.42890201544554
18.976384131735944,1.5,303.35962040708796,299.43846486043816,298.4290488153455
18.980009730538338,1.5,303.35979660816207,299.43869856242765,298.42919563783283
18.983635329340732,1.5,303.3599728242595,299.4389322284974,298.42934248289095
18.987260928143126,1.5,303.36014905536456,299.43916585867123,298.42948935050305
18.99088652694552,1.5,303.3603253014613,299.4393994529729,298.42963624065266
18.994512125747914,1.5,303.36050156253395,299.4396330114264,298.429783153323
18.998137724550308,1.5,303.36067783856674,299.43986653405534,298.42993008849743
19.0017633233527,1.5,303.36085412954384,299.44010002088356,298.4300770461592
19.005388922155095,1.5,303.3610304354495,299.4403334719348,298.4302240262919
19.00901452095749,1.5,303.3612067562679,299.4405668872328,298.4303710288787
19.012640119759883,1.5,303.3613830919833,299.4408002668014,298.4305180539031
19.016265718562277,1.5,303.36155944257996,299.4410336106641,298.43066510134844
19.01989131736467,1.5,303.36173580804206,299.44126691884463,298.4308121711981
19.023516916167065,1.5,303.3619121883539,299.4415001913667,298.43095926343545
19.02714251496946,1.5,303.3620885834999,299.44173342825394,298.43110637804403
19.030768113771853,1.5,303.36226499346407,299.44196662953,298.4312535150071
19.034393712574246,1.5,303.3624414182309,299.4421997952184,298.4314006743082
19.03801931137664,1.5,303.3626178577846,299.44243292534287,298.4315478559307
19.041644910179034,1.5,303.3627943121095,299.44266601992683,298.43169505985804
19.045270508981428,1.5,303.36297078119003,299.442899078994,298.43184228607373
19.048896107783822,1.5,303.36314726501035,299.44313210256786,298.4319895345612
19.052521706586216,1.5,303.36332376355483,299.4433650906718,298.43213680530386
19.05614730538861,1.5,303.36350027680794,299.44359804332953,298.4322840982852
19.059772904191004,1.5,303.36367680475394,299.44383096056447,298.4324314134888
19.063398502993397,1.5,303.36385334737724,299.4440638424001,298.432578750898
19.06702410179579,1.5,303.3640299046622,299.4442966888598,298.4327261104965
19.070649700598185,1.5,303.3642064765932,299.4445294999671,298.4328734922676
19.07427529940058,1.5,303.36438306315466,299.44476227574523,298.4330208961949
19.077900898202973,1.5,303.364559664331,299.4449950162178,298.4331683222619
19.081526497005367,1.5,303.3647362801067,299.4452277214081,298.4333157704521
19.08515209580776,1.5,303.364912910466,299.4454603913396,298.4334632407492
19.088777694610155,1.5,303.36508955539347,299.44569302603554,298.43361073313656
19.09240329341255,1.5,303.36526621487354,299.4459256255193,298.43375824759784
19.096028892214942,1.5,303.36544288889064,299.4461581898142,298.4339057841165
19.099654491017336,1.5,303.3656195774294,299.4463907189434,298.4340533426763
19.10328008981973,1.5,303.36579628047406,299.4466232129304,298.4342009232606
19.106905688622124,1.5,303.3659729980092,299.44685567179823,298.4343485258531
19.110531287424518,1.5,303.3661497300194,299.44708809557034,298.4344961504374
19.114156886226912,1.5,303.36632647648906,299.4473204842698,298.434643796997
19.117782485029306,1.5,303.36650323740275,299.44755283792,298.4347914655156
19.1214080838317,1.5,303.36668001274495,299.447785156544,298.43493915597685
19.125033682634093,1.5,303.3668568025003,299.448017440165,298.4350868683643
19.128659281436487,1.5,303.3670336066532,299.4482496888062,298.43523460266164
19.13228488023888,1.5,303.3672104251882,299.44848190249064,298.4353823588525
19.135910479041275,1.5,303.36738725809005,299.4487140812415,298.43553013692053
19.13953607784367,1.5,303.3675641053432,299.448946225082,298.43567793684934
19.143161676646063,1.5,303.3677409669322,299.4491783340351,298.4358257586227
19.146787275448457,1.5,303.36791784284173,299.4494104081238,298.4359736022241
19.15041287425085,1.5,303.36809473305635,299.44964244737133,298.4361214676374
19.154038473053244,1.5,303.3682716375607,299.4498744518006,298.4362693548462
19.15766407185564,1.5,303.36844855633944,299.4501064214347,298.4364172638343
19.161289670658032,1.5,303.3686254893771,299.4503383562967,298.43656519458534
19.164915269460426,1.5,303.3688024366584,299.4505702564094,298.43671314708297
19.16854086826282,1.5,303.368979398168,299.4508021217959,298.436861121311
19.172166467065214,1.5,303.3691563738905,299.4510339524792,298.4370091172531
19.175792065867608,1.5,303.3693333638106,299.45126574848206,298.437157134893
19.17941766467,1.5,303.369510367913,299.45149750982756,298.4373051742146
19.183043263472396,1.5,303.36968738618236,299.45172923653854,298.4374532352015
19.18666886227479,1.5,303.3698644186035,299.4519609286379,298.4376013178375
19.190294461077183,1.5,303.370041465161,299.45219258614844,298.4377494221063
19.193920059879577,1.5,303.37021852583956,299.4524242090931,298.43789754799184
19.19754565868197,1.5,303.370395600624,299.4526557974947,298.43804569547785
19.201171257484365,1.5,303.37057268949906,299.45288735137603,298.4381938645481
19.20479685628676,1.5,303.37074979244943,299.45311887075985,298.43834205518635
19.208422455089153,1.5,303.37092690945997,299.45335035566904,298.4384902673765
19.212048053891547,1.5,303.37110404051526,299.4535818061263,298.43863850110233
19.21567365269394,1.5,303.3712811856003,299.4538132221544,298.4387867563476
19.219299251496334,1.5,303.3714583446998,299.4540446037761,298.43893503309624
19.222924850298728,1.5,303.37163551779855,299.454275951014,298.4390833313321
19.226550449101122,1.5,303.37181270488134,299.4545072638909,298.439231651039
19.230176047903516,1.5,303.37198990593305,299.4547385424295,298.4393799922007
19.23380164670591,1.5,303.37216712093846,299.4549697866524,298.43952835480127
19.237427245508304,1.5,303.3723443498824,299.4552009965823,298.4396767388244
19.241052844310698,1.5,303.37252159274976,299.4554321722418,298.4398251442541
19.24467844311309,1.5,303.37269884952536,299.4556633136535,298.43997357107423
19.248304041915485,1.5,303.3728761201941,299.45589442084,298.44012201926864
19.25192964071788,1.5,303.3730534047409,299.4561254938239,298.4402704888213
19.255555239520273,1.5,303.37323070315057,299.45635653262775,298.4404189797161
19.259180838322667,1.5,303.373408015408,299.45658753727406,298.440567491937
19.26280643712506,1.5,303.37358534149826,299.45681850778544,298.4407160254678
19.266432035927455,1.5,303.37376268140605,299.45704944418446,298.44086458029255
19.27005763472985,1.5,303.37394003511633,299.4572803464934,298.4410131563953
19.273683233532243,1.5,303.3741174026142,299.45751121473495,298.44116175375984
19.277308832334636,1.5,303.37429478388447,299.4577420489314,298.44131037237014
19.28093443113703,1.5,303.3744721789122,299.4579728491053,298.44145901221026
19.284560029939424,1.5,303.3746495876822,299.4582036152791,298.4416076732642
19.288185628741818,1.5,303.3748270101796,299.4584343474752,298.44175635551585
19.291811227544212,1.5,303.3750044463893,299.4586650457159,298.4419050589492
19.295436826346606,1.5,303.3751818962964,299.4588957100237,298.4420537835484
19.299062425149,1.5,303.37535935988575,299.45912634042094,298.4422025292973
19.302688023951394,1.5,303.37553683714253,299.4593569369299,298.44235129618005
19.306313622753787,1.5,303.3757143280516,299.45958749957293,298.44250008418055
19.30993922155618,1.5,303.37589183259814,299.45981802837235,298.442648893283
19.313564820358575,1.5,303.37606935076707,299.4600485233505,298.4427977234713
19.31719041916097,1.5,303.37624688254357,299.4602789845297,298.44294657472955
19.320816017963363,1.5,303.3764244279127,299.46050941193204,298.44309544704186
19.324441616765757,1.5,303.3766019868594,299.4607398055799,298.4432443403922
19.32806721556815,1.5,303.3767795593689,299.4609701654955,298.44339325476477
19.331692814370545,1.5,303.3769571454262,299.46120049170105,298.44354219014366
19.33531841317294,1.5,303.37713474501646,299.4614307842187,298.4436911465129
19.338944011975332,1.5,303.37731235812475,299.46166104307065,298.4438401238565
19.342569610777726,1.5,303.37748998473626,299.46189126827903,298.44398912215865
19.34619520958012,1.5,303.3776676248361,299.46212145986607,298.4441381414036
19.349820808382514,1.5,303.3778452784093,299.46235161785387,298.44428718157525
19.353446407184908,1.5,303.3780229454412,299.4625817422645,298.4444362426579
19.357072005987302,1.5,303.37820062591686,299.46281183312016,298.4445853246356
19.360697604789696,1.5,303.3783783198215,299.46304189044287,298.4447344274927
19.36432320359209,1.5,303.37855602714023,299.4632719142547,298.444883551213
19.367948802394483,1.5,303.3787337478583,299.46350190457764,298.445032695781
19.371574401196877,1.5,303.3789114819609,299.46373186143376,298.4451818611807
19.37519999999927,1.5,303.37908922943325,299.46396178484514,298.4453310473963
19.378825598801665,1.5,303.3792669902606,299.4641916748337,298.445480254412
19.38245119760406,1.5,303.3794447644281,299.4644215314215,298.4456294822121
19.386076796406453,1.5,303.37962255192105,299.4646513546304,298.4457787307808
19.389702395208847,1.5,303.3798003527247,299.46488114448243,298.4459280001021
19.39332799401124,1.5,303.3799781668243,299.46511090099955,298.4460772901604
19.396953592813635,1.5,303.3801559942051,299.4653406242036,298.4462266009399
19.40057919161603,1.5,303.3803338348524,299.4655703141165,298.4463759324249
19.404204790418422,1.5,303.38051168875154,299.4657999707602,298.44652528459955
19.407830389220816,1.5,303.38068955588784,299.4660295941565,298.44667465744817
19.41145598802321,1.5,303.3808674362465,299.4662591843272,298.446824050955
19.415081586825604,1.5,303.38104532981293,299.46648874129437,298.4469734651043
19.418707185627998,1.5,303.38122323657245,299.4667182650796,298.44712289988036
19.42233278443039,1.5,303.3814011565103,299.4669477557047,298.44727235526756
19.425958383232786,1.5,303.38157908961193,299.4671772131916,298.44742183125004
19.42958398203518,1.5,303.3817570358627,299.4674066375619,298.44757132781217
19.433209580837573,1.5,303.38193499524795,299.46763602883755,298.44772084493826
19.436835179639967,1.5,303.382112967753,299.46786538704015,298.4478703826127
19.44046077844236,1.5,303.38229095336334,299.4680947121915,298.44801994081973
19.444086377244755,1.5,303.38246895206436,299.4683240043132,298.44816951954374
19.44771197604715,1.5,303.3826469638414,299.46855326342705,298.44831911876906
19.451337574849543,1.5,303.38282498868,299.46878248955466,298.44846873848
19.454963173651937,1.5,303.38300302656546,299.46901168271773,298.448618378661
19.45858877245433,1.5,303.38318107748324,299.4692408429379,298.4487680392964
19.462214371256724,1.5,303.38335914141885,299.46946997023684,298.44891772037056
19.46583997005912,1.5,303.3835372183578,299.469699064636,298.44906742186794
19.469465568861512,1.5,303.3837153082854,299.4699281261572,298.4492171437728
19.473091167663906,1.5,303.3838934111872,299.47015715482183,298.44936688606964
19.4767167664663,1.5,303.3840715270487,299.4703861506515,298.4495166487428
19.480342365268694,1.5,303.3842496558554,299.4706151136678,298.44966643177685
19.483967964071088,1.5,303.38442779759276,299.4708440438922,298.44981623515605
19.48759356287348,1.5,303.3846059522463,299.4710729413463,298.4499660588649
19.491219161675875,1.5,303.3847841198017,299.4713018060515,298.4501159028879
19.49484476047827,1.5,303.38496230024435,299.47153063802926,298.4502657672094
19.498470359280663,1.5,303.3851404935598,299.4717594373012,298.45041565181396
19.502095958083057,1.5,303.38531869973355,299.4719882038887,298.4505655566859
19.50572155688545,1.5,303.3854969187513,299.4722169378132,298.4507154818098
19.509347155687845,1.5,303.38567515059856,299.472445639096,298.4508654271702
19.51297275449024,1.5,303.38585339526094,299.47267430775867,298.4510153927514
19.516598353292633,1.5,303.38603165272406,299.4729029438225,298.4511653785382
19.520223952095026,1.5,303.3862099229734,299.47313154730887,298.45131538451477
19.52384955089742,1.5,303.3863882059948,299.47336011823916,298.45146541066583
19.527475149699814,1.5,303.38656650177364,299.4735886566347,298.4516154569759
19.531100748502208,1.5,303.3867448102956,299.47381716251687,298.4517655234295
19.534726347304602,1.5,303.38692313154655,299.4740456359069,298.4519156100111
19.538351946106996,1.5,303.3871014655119,299.4742740768261,298.4520657167053
19.54197754490939,1.5,303.38727981217744,299.4745024852957,298.4522158434967
19.545603143711784,1.5,303.3874581715287,299.4747308613371,298.45236599036974
19.549228742514178,1.5,303.3876365435515,299.47495920497136,298.4525161573091
19.55285434131657,1.5,303.38781492823153,299.4751875162198,298.45266634429936
19.556479940118965,1.5,303.3879933255544,299.4754157951036,298.4528165513251
19.56010553892136,1.5,303.388171735506,299.475644041644,298.4529667783709
19.563731137723753,1.5,303.3883501580718,299.4758722558622,298.4531170254213
19.567356736526147,1.5,303.38852859323765,299.47610043777934,298.4532672924611
19.57098233532854,1.5,303.38870704098935,299.4763285874165,298.45341757947466
19.574607934130935,1.5,303.3888855013126,299.47655670479486,298.4535678864468
19.57823353293333,1.5,303.38906397419316,299.47678478993566,298.45371821336215
19.581859131735722,1.5,303.3892424596168,299.47701284285984,298.4538685602053
19.585484730538116,1.5,303.3894209575694,299.47724086358846,298.4540189269609
19.58911032934051,1.5,303.3895994680366,299.47746885214275,298.45416931361365
19.592735928142904,1.5,303.3897779910042,299.4776968085436,298.4543197201482
19.596361526945298,1.5,303.38995652645815,299.4779247328122,298.4544701465492
19.599987125747692,1.5,303.39013507438415,299.4781526249695,298.4546205928014
19.603612724550086,1.5,303.3903136347681,299.4783804850365,298.4547710588895
19.60723832335248,1.5,303.3904922075958,299.47860831303416,298.4549215447981
19.610863922154874,1.5,303.3906707928531,299.4788361089835,298.45507205051206
19.614489520957267,1.5,303.39084939052583,299.47906387290556,298.4552225760159
19.61811511975966,1.5,303.3910280006,299.4792916048211,298.45537312129454
19.621740718562055,1.5,303.39120662306135,299.47951930475125,298.45552368633264
19.62536631736445,1.5,303.39138525789576,299.4797469727168,298.4556742711149
19.628991916166843,1.5,303.39156390508924,299.47997460873864,298.4558248756262
19.632617514969237,1.5,303.3917425646276,299.48020221283775,298.4559754998511
19.63624311377163,1.5,303.3919212364968,299.4804297850349,298.4561261437746
19.639868712574025,1.5,303.3920999206827,299.480657325351,298.4562768073813
19.64349431137642,1.5,303.3922786171713,299.48088483380684,298.45642749065604
19.647119910178812,1.5,303.3924573259486,299.48111231042327,298.45657819358365
19.650745508981206,1.5,303.3926360470005,299.4813397552211,298.4567289161489
19.6543711077836,1.5,303.3928147803129,299.4815671682211,298.4568796583366
19.657996706585994,1.5,303.3929935258719,299.481794549444,298.4570304201315
19.661622305388388,1.5,303.39317228366343,299.4820218989107,298.4571812015185
19.66524790419078,1.5,303.39335105367337,299.48224921664183,298.4573320024825
19.668873502993176,1.5,303.3935298358879,299.48247650265813,298.45748282300815
19.67249910179557,1.5,303.39370863029296,299.4827037569803,298.45763366308046
19.676124700597963,1.5,303.3938874368746,299.4829309796291,298.4577845226842
19.679750299400357,1.5,303.39406625561884,299.48315817062525,298.4579354018044
19.68337589820275,1.5,303.3942450865117,299.4833853299893,298.4580863004257
19.687001497005145,1.5,303.3944239295393,299.48361245774186,298.4582372185331
19.69062709580754,1.5,303.3946027846876,299.48383955390375,298.4583881561115
19.694252694609933,1.5,303.39478165194276,299.48406661849543,298.4585391131458
19.697878293412327,1.5,303.39496053129085,299.4842936515376,298.45869008962075
19.70150389221472,1.5,303.3951394227179,299.48452065305077,298.4588410855215
19.705129491017114,1.5,303.3953183262101,299.4847476230556,298.45899210083286
19.70875508981951,1.5,303.3954972417535,299.4849745615726,298.45914313553976
19.712380688621902,1.5,303.39567616933425,299.48520146862234,298.45929418962714
19.716006287424296,1.5,303.39585510893846,299.4854283442252,298.45944526307994
19.71963188622669,1.5,303.3960340605523,299.485655188402,298.45959635588315
19.723257485029084,1.5,303.3962130241619,299.48588200117297,298.45974746802165
19.726883083831478,1.5,303.3963919997534,299.4861087825587,298.4598985994805
19.73050868263387,1.5,303.3965709873131,299.4863355325796,298.46004975024465
19.734134281436265,1.5,303.396749986827,299.48656225125615,298.46020092029914
19.73775988023866,1.5,303.39692899828134,299.48678893860887,298.4603521096289
19.741385479041053,1.5,303.39710802166235,299.4870155946581,298.4605033182189
19.745011077843447,1.5,303.39728705695626,299.4872422194242,298.46065454605423
19.74863667664584,1.5,303.39746610414926,299.48746881292766,298.46080579311985
19.752262275448235,1.5,303.39764516322754,299.4876953751888,298.4609570594008
19.75588787425063,1.5,303.3978242341774,299.48792190622805,298.4611083448821
19.759513473053023,1.5,303.39800331698507,299.48814840606565,298.4612596495488
19.763139071855417,1.5,303.3981824116368,299.488374874722,298.4614109733861
19.76676467065781,1.5,303.39836151811886,299.4886013122174,298.46156231637883
19.770390269460204,1.5,303.3985406364175,299.4888277185721,298.4617136785122
19.774015868262598,1.5,303.39871976651904,299.48905409380643,298.4618650597711
19.777641467064992,1.5,303.3988989084098,299.4892804379407,298.46201646014094
19.781267065867386,1.5,303.399078062076,299.48950675099513,298.46216787960657
19.78489266466978,1.5,303.399257227504,299.48973303298993,298.46231931815316
19.788518263472174,1.5,303.39943640468016,299.4899592839454,298.4624707757658
19.792143862274568,1.5,303.39961559359074,299.49018550388166,298.4626222524296
19.79576946107696,1.5,303.3997947942222,299.49041169281895,298.46277374812973
19.799395059879355,1.5,303.3999740065608,299.4906378507775,298.4629252628513
19.80302065868175,1.5,303.40015323059293,299.49086397777734,298.4630767965794
19.806646257484143,1.5,303.400332466305,299.49109007383873,298.46322834929924
19.810271856286537,1.5,303.4005117136832,299.4913161389818,298.4633799209959
19.81389745508893,1.5,303.4006909727142,299.4915421732266,298.4635315116547
19.817523053891325,1.5,303.4008702433842,299.49176817659327,298.46368312126066
19.82114865269372,1.5,303.4010495256797,299.49199414910197,298.4638347497991
19.824774251496112,1.5,303.4012288195872,299.49222009077266,298.46398639725504
19.828399850298506,1.5,303.401408125093,299.4924460016255,298.46413806361375
19.8320254491009,1.5,303.40158744218354,299.49267188168045,298.4642897488605
19.835651047903294,1.5,303.4017667708453,299.4928977309576,298.46444145298045
19.839276646705688,1.5,303.4019461110648,299.493123549477,298.4645931759587
19.842902245508082,1.5,303.40212546282834,299.4933493372585,298.46474491778076
19.846527844310476,1.5,303.4023048261226,299.49357509432224,298.4648966784317
19.85015344311287,1.5,303.40248420093394,299.4938008206881,298.4650484578967
19.853779041915264,1.5,303.40266358724887,299.49402651637604,298.46520025616115
19.857404640717657,1.5,303.40284298505406,299.49425218140607,298.4653520732102
19.86103023952005,1.5,303.4030223943358,299.49447781579806,298.4655039090293
19.864655838322445,1.5,303.40320181508076,299.4947034195719,298.4656557636034
19.86828143712484,1.5,303.4033812472754,299.49492899274765,298.4658076369181
19.871907035927233,1.5,303.40356069090626,299.49515453534497,298.4659595289586
19.875532634729627,1.5,303.40374014595994,299.49538004738383,298.4661114397102
19.87915823353202,1.5,303.40391961242307,299.4956055288841,298.46626336915807
19.882783832334415,1.5,303.40409909028205,299.4958309798655,298.4664153172877
19.88640943113681,1.5,303.4042785795237,299.496056400348,298.46656728408436
19.890035029939202,1.5,303.4044580801343,299.4962817903513,298.4667192695334
19.893660628741596,1.5,303.40463759210076,299.49650714989525,298.4668712736202
19.89728622754399,1.5,303.4048171154095,299.4967324789996,298.46702329633007
19.900911826346384,1.5,303.4049966500472,299.49695777768414,298.4671753376483
19.904537425148778,1.5,303.4051761960006,299.49718304596865,298.4673273975603
19.90816302395117,1.5,303.4053557532561,299.4974082838728,298.46747947605155
19.911788622753566,1.5,303.4055353218006,299.49763349141637,298.46763157310727
19.91541422155596,1.5,303.4057149016205,299.49785866861896,298.467783688713
19.919039820358353,1.5,303.4058944927027,299.4980838155003,298.46793582285403
19.922665419160747,1.5,303.40607409503394,299.4983089320802,298.46808797551574
19.92629101796314,1.5,303.4062537086006,299.49853401837817,298.46824014668374
19.929916616765535,1.5,303.40643333338954,299.49875907441384,298.46839233634324
19.93354221556793,1.5,303.40661296938754,299.4989841002069,298.46854454447976
19.937167814370323,1.5,303.40679261658124,299.499209095777,298.4686967710788
19.940793413172717,1.5,303.4069722749574,299.49943406114375,298.46884901612566
19.94441901197511,1.5,303.40715194450274,299.4996589963267,298.4690012796059
19.948044610777504,1.5,303.407331625204,299.4998839013453,298.4691535615049
19.9516702095799,1.5,303.40751131704786,299.5001087762193,298.46930586180827
19.955295808382292,1.5,303.4076910200213,299.5003336209682,298.46945818050136
19.958921407184686,1.5,303.40787073411093,299.5005584356115,298.4696105175698
19.96254700598708,1.5,303.4080504593035,299.5007832201687,298.4697628729989
19.966172604789474,1.5,303.40823019558593,299.5010079746593,298.4699152467743
19.969798203591868,1.5,303.4084099429449,299.5012326991028,298.47006763888146
19.97342380239426,1.5,303.40858970136736,299.50145739351865,298.47022004930585
19.977049401196656,1.5,303.40876947084,299.5016820579263,298.47037247803314
19.98067499999905,1.5,303.4089492513497,299.50190669234524,298.4705249250487
19.984300598801443,1.5,303.4091290428834,299.50213129679497,298.47067739033815
19.987926197603837,1.5,303.4093088454278,299.50235587129475,298.4708298738871
19.99155179640623,1.5,303.40948865896985,299.50258041586403,298.47098237568105
19.995177395208625,1.5,303.4096684834964,299.50280493052225,298.4711348957056
19.99880299401102,1.5,303.40984831899425,299.5030294152886,298.47128743394626
20.002428592813413,1.5,303.41002816545046,299.5032538701827,298.47143999038866
20.006054191615807,1.5,303.41020802285175,299.50347829522366,298.47159256501845
20.0096797904182,1.5,303.41038789118517,299.50370269043094,298.4717451578211
20.013305389220594,1.5,303.4105677704376,299.5039270558238,298.4718977687823
20.016930988022988,1.5,303.41074766059586,299.50415139142166,298.47205039788764
20.020556586825382,1.5,303.41092756164704,299.5043756972436,298.47220304512274
20.024182185627776,1.5,303.41110747357794,299.50459997330904,298.47235571047327
20.02780778443017,1.5,303.41128739637566,299.50482421963716,298.47250839392484
20.031433383232564,1.5,303.41146733002705,299.50504843624725,298.4726610954631
20.035058982034958,1.5,303.41164727451917,299.5052726231585,298.4728138150737
20.03868458083735,1.5,303.411827229839,299.50549678039005,298.4729665527423
20.042310179639745,1.5,303.41200719597344,299.5057209079613,298.47311930845467
20.04593577844214,1.5,303.4121871729095,299.50594500589125,298.4732720821964
20.049561377244533,1.5,303.4123671606343,299.50616907419914,298.47342487395315
20.053186976046927,1.5,303.4125471591348,299.50639311290405,298.4735776837107
20.05681257484932,1.5,303.412727168398,299.5066171220253,298.4737305114546
20.060438173651715,1.5,303.41290718841105,299.50684110158187,298.47388335717073
20.06406377245411,1.5,303.41308721916084,299.50706505159286,298.4740362208447
20.067689371256503,1.5,303.41326726063454,299.5072889720774,298.4741891024624
20.071314970058896,1.5,303.4134473128192,299.5075128630546,298.4743420020094
20.07494056886129,1.5,303.4136273757019,299.5077367245435,298.47449491947145
20.078566167663684,1.5,303.41380744926965,299.5079605565632,298.4746478548344
20.082191766466078,1.5,303.41398753350967,299.50818435913277,298.47480080808396
20.085817365268472,1.5,303.41416762840896,299.5084081322711,298.4749537792059
20.089442964070866,1.5,303.4143477339547,299.50863187599725,298.475106768186
20.09306856287326,1.5,303.414527850134,299.5088555903303,298.47525977501
20.096694161675654,1.5,303.41470797693404,299.5090792752892,298.47541279966373
20.100319760478047,1.5,303.41488811434186,299.50930293089283,298.4755658421331
20.10394535928044,1.5,303.41506826234473,299.5095265571603,298.4757189024037
20.107570958082835,1.5,303.41524842092974,299.5097501541104,298.47587198046153
20.11119655688523,1.5,303.41542859008405,299.5099737217621,298.4760250762923
20.114822155687623,1.5,303.41560876979486,299.5101972601344,298.476178189882
20.118447754490017,1.5,303.4157889600493,299.5104207692462,298.4763313212162
20.12207335329241,1.5,303.4159691608347,299.51064424911624,298.476484470281
20.125698952094805,1.5,303.41614937213825,299.51086769976354,298.4766376370621
20.1293245508972,1.5,303.41632959394707,299.5110911212068,298.4767908215454
20.132950149699592,1.5,303.4165098262485,299.511314513465,298.4769440237169
20.136575748501986,1.5,303.41669006902964,299.51153787655693,298.4770972435623
20.14020134730438,1.5,303.4168703222778,299.5117612105014,298.4772504810676
20.143826946106774,1.5,303.4170505859803,299.5119845153172,298.47740373621866
20.147452544909168,1.5,303.41723086012433,299.5122077910232,298.4775570090013
20.151078143711562,1.5,303.41741114469727,299.51243103763795,298.4777102994017
20.154703742513956,1.5,303.41759143968625,299.51265425518045,298.4778636074054
20.15832934131635,1.5,303.41777174507865,299.51287744366937,298.4780169329986
20.161954940118743,1.5,303.41795206086175,299.5131006031234,298.47817027616725
20.165580538921137,1.5,303.4181323870229,299.5133237335613,298.47832363689713
20.16920613772353,1.5,303.4183127235494,299.5135468350018,298.4784770151743
20.172831736525925,1.5,303.41849307042855,299.5137699074635,298.47863041098464
20.17645733532832,1.5,303.4186734276477,299.5139929509651,298.47878382431423
20.180082934130713,1.5,303.41885379519425,299.5142159655253,298.4789372551489
20.183708532933107,1.5,303.4190341730555,299.51443895116273,298.4790907034748
20.1873341317355,1.5,303.41921456121884,299.514661907896,298.47924416927776
20.190959730537895,1.5,303.41939495967165,299.5148848357439,298.4793976525439
20.19458532934029,1.5,303.4195753684013,299.5151077347247,298.47955115325925
20.198210928142682,1.5,303.4197557873952,299.51533060485735,298.4797046714097
20.201836526945076,1.5,303.4199362166408,299.5155534461602,298.47985820698136
20.20546212574747,1.5,303.42011665612546,299.51577625865184,298.48001175996023
20.209087724549864,1.5,303.42029710583654,299.5159990423509,298.48016533033234
20.212713323352258,1.5,303.42047756576164,299.5162217972759,298.48031891808375
20.21633892215465,1.5,303.42065803588804,299.5164445234453,298.4804725232005
20.219964520957046,1.5,303.4208385162033,299.5166672208776,298.48062614566874
20.22359011975944,1.5,303.42101900669473,299.5168898895914,298.48077978547445
20.227215718561833,1.5,303.42119950735,299.51711252960513,298.48093344260366
20.230841317364227,1.5,303.4213800181565,299.51733514093723,298.48108711704265
20.23446691616662,1.5,303.4215605391018,299.5175577236062,298.4812408087774
20.238092514969015,1.5,303.42174107017314,299.51778027763044,298.48139451779394
20.24171811377141,1.5,303.4219216113583,299.51800280302837,298.4815482440784
20.245343712573803,1.5,303.42210216264465,299.5182252998185,298.48170198761704
20.248969311376197,1.5,303.42228272401974,299.5184477680191,298.4818557483959
20.25259491017859,1.5,303.4224632954712,299.5186702076486,298.4820095264011
20.256220508980984,1.5,303.42264387698646,299.51889261872543,298.48216332161877
20.25984610778338,1.5,303.42282446855313,299.5191150012679,298.4823171340351
20.263471706585772,1.5,303.42300507015875,299.51933735529434,298.4824709636362
20.267097305388166,1.5,303.4231856817909,299.5195596808231,298.4826248104083
20.27072290419056,1.5,303.42336630343715,299.51978197787247,298.4827786743376
20.274348502992954,1.5,303.4235469350851,299.5200042464608,298.4829325554102
20.277974101795348,1.5,303.4237275767224,299.52022648660636,298.4830864536123
20.28159970059774,1.5,303.42390822833653,299.5204486983274,298.4832403689302
20.285225299400135,1.5,303.4240888899152,299.5206708816423,298.48339430134996
20.28885089820253,1.5,303.424269561446,299.52089303656913,298.48354825085784
20.292476497004923,1.5,303.42445024291663,299.52111516312624,298.48370221744005
20.296102095807317,1.5,303.4246309343147,299.5213372613318,298.483856201083
20.29972769460971,1.5,303.4248116356278,299.52155933120406,298.4840102017726
20.303353293412105,1.5,303.4249923468437,299.5217813727612,298.48416421949537
20.3069788922145,1.5,303.42517306794997,299.52200338602137,298.4843182542374
20.310604491016893,1.5,303.42535379893434,299.5222253710028,298.4844723059851
20.314230089819286,1.5,303.42553453978456,299.52244732772357,298.48462637472466
20.31785568862168,1.5,303.4257152904882,299.5226692562019,298.4847804604423
20.321481287424074,1.5,303.42589605103313,299.5228911564559,298.4849345631244
20.325106886226468,1.5,303.42607682140687,299.52311302850364,298.4850886827572
20.328732485028862,1.5,303.42625760159734,299.52333487236325,298.485242819327
20.332358083831256,1.5,303.42643839159217,299.5235566880528,298.4853969728202
20.33598368263365,1.5,303.4266191913792,299.52377847559035,298.485551143223
20.339609281436044,1.5,303.426800000946,299.524000234994,298.48570533052174
20.343234880238438,1.5,303.4269808202805,299.52422196628174,298.4858595347028
20.34686047904083,1.5,303.4271616493704,299.52444366947174,298.4860137557525
20.350486077843225,1.5,303.4273424882035,299.5246653445818,298.48616799365715
20.35411167664562,1.5,303.42752333676765,299.5248869916301,298.4863222484032
20.357737275448013,1.5,303.4277041950506,299.5251086106346,298.4864765199769
20.361362874250407,1.5,303.42788506304015,299.5253302016132,298.48663080836474
20.3649884730528,1.5,303.4280659407241,299.52555176458395,298.486785113553
20.368614071855195,1.5,303.42824682809027,299.5257732995648,298.48693943552814
20.37223967065759,1.5,303.42842772512654,299.52599480657364,298.48709377427656
20.375865269459982,1.5,303.42860863182074,299.5262162856284,298.4872481297846
20.379490868262376,1.5,303.42878954816075,299.5264377367471,298.4874025020387
20.38311646706477,1.5,303.4289704741344,299.5266591599474,298.48755689102524
20.386742065867164,1.5,303.42915140972957,299.5268805552475,298.48771129673077
20.390367664669558,1.5,303.4293323549342,299.527101922665,298.4878657191416
20.393993263471952,1.5,303.42951330973614,299.52732326221786,298.48802015824424
20.397618862274346,1.5,303.4296942741233,299.52754457392405,298.4881746140251
20.40124446107674,1.5,303.42987524808353,299.52776585780117,298.4883290864706
20.404870059879133,1.5,303.43005623160474,299.5279871138672,298.48848357556733
20.408495658681527,1.5,303.43023722467495,299.5282083421399,298.48863808130164
20.41212125748392,1.5,303.4304182272821,299.5284295426371,298.48879260366016
20.415746856286315,1.5,303.43059923941405,299.52865071537656,298.4889471426292
20.41937245508871,1.5,303.43078026105877,299.528871860376,298.4891016981954
20.422998053891103,1.5,303.4309612922043,299.5290929776532,298.4892562703452
20.426623652693497,1.5,303.43114233283853,299.5293140672258,298.4894108590651
20.43024925149589,1.5,303.4313233829495,299.5295351291117,298.4895654643417
20.433874850298285,1.5,303.4315044425251,299.52975616332856,298.48972008616147
20.43750044910068,1.5,303.4316855115535,299.52997716989404,298.4898747245109
20.441126047903072,1.5,303.4318665900226,299.5301981488259,298.4900293793766
20.444751646705466,1.5,303.4320476779204,299.5304191001417,298.49018405074514
20.44837724550786,1.5,303.43222877523493,299.5306400238592,298.49033873860304
20.452002844310254,1.5,303.4324098819543,299.530860919996,298.49049344293684
20.455628443112648,1.5,303.43259099806653,299.5310817885697,298.4906481637332
20.45925404191504,1.5,303.43277212355963,299.531302629598,298.49080290097874
20.462879640717436,1.5,303.4329532584217,299.5315234430985,298.4909576546599
20.46650523951983,1.5,303.43313440264075,299.5317442290887,298.4911124247633
20.470130838322223,1.5,303.433315556205,299.53196498758626,298.49126721127567
20.473756437124617,1.5,303.4334967191024,299.5321857186088,298.4914220141835
20.47738203592701,1.5,303.43367789132105,299.5324064221737,298.4915768334736
20.481007634729405,1.5,303.4338590728492,299.5326270982987,298.4917316691324
20.4846332335318,1.5,303.43404026367483,299.53284774700126,298.49188652114657
20.488258832334193,1.5,303.4342214637861,299.53306836829887,298.4920413895028
20.491884431136587,1.5,303.4344026731711,299.533288962209,298.4921962741878
20.49551002993898,1.5,303.43458389181814,299.5335095287492,298.49235117518805
20.499135628741374,1.5,303.43476511971517,299.5337300679369,298.4925060924905
20.50276122754377,1.5,303.4349463568505,299.5339505797897,298.4926610260816
20.506386826346162,1.5,303.4351276032122,299.53417106432494,298.4928159759481
20.510012425148556,1.5,303.4353088587886,299.53439152155994,298.4929709420767
20.51363802395095,1.5,303.43549012356766,299.5346119515123,298.4931259244541
20.517263622753344,1.5,303.4356713975377,299.53483235419947,298.493280923067
20.520889221555738,1.5,303.435852680687,299.53505272963866,298.4934359379022
20.52451482035813,1.5,303.43603397300365,299.53527307784736,298.49359096894625
20.528140419160525,1.5,303.4362152744759,299.535493398843,298.49374601618604
20.53176601796292,1.5,303.43639658509204,299.53571369264284,298.4939010796083
20.535391616765313,1.5,303.4365779048403,299.5359339592643,298.4940561591997
20.539017215567707,1.5,303.43675923370887,299.5361541987246,298.494211254947
20.5426428143701,1.5,303.4369405716861,299.5363744110412,298.494366366837
20.546268413172495,1.5,303.43712191876017,299.5365945962313,298.49452149485654
20.54989401197489,1.5,303.4373032749194,299.5368147543123,298.49467663899225
20.553519610777283,1.5,303.4374846401521,299.53703488530147,298.494831799231
20.557145209579677,1.5,303.43766601444645,299.53725498921597,298.49498697555964
20.56077080838207,1.5,303.4378473977909,299.5374750660732,298.4951421679649
20.564396407184464,1.5,303.4380287901737,299.53769511589024,298.49529737643354
20.568022005986858,1.5,303.4382101915832,299.5379151386844,298.49545260095243
20.571647604789252,1.5,303.4383916020077,299.53813513447295,298.49560784150844
20.575273203591646,1.5,303.4385730214355,299.5383551032731,298.49576309808833
20.57889880239404,1.5,303.43875444985497,299.538575045102,298.495918370679
20.582524401196434,1.5,303.43893588725456,299.53879495997677,298.4960736592673
20.586149999998828,1.5,303.43911733362256,299.5390148479147,298.49622896384005
20.58977559880122,1.5,303.4392987889474,299.53923470893284,298.49638428438413
20.593401197603615,1.5,303.43948025321737,299.5394545430484,298.4965396208864
20.59702679640601,1.5,303.43966172642087,299.53967435027846,298.4966949733337
20.600652395208403,1.5,303.4398432085464,299.53989413064016,298.496850341713
20.604277994010797,1.5,303.44002469958224,299.5401138841506,298.4970057260112
20.60790359281319,1.5,303.440206199517,299.5403336108269,298.49716112621513
20.611529191615585,1.5,303.4403877083389,299.54055331068605,298.4973165423118
20.61515479041798,1.5,303.4405692260364,299.5407729837452,298.497471974288
20.618780389220372,1.5,303.44075075259815,299.54099263002144,298.49762742213073
20.622405988022766,1.5,303.4409322880124,299.54121224953167,298.49778288582695
20.62603158682516,1.5,303.4411138322676,299.54143184229304,298.4979383653636
20.629657185627554,1.5,303.44129538535236,299.5416514083225,298.4980938607275
20.633282784429948,1.5,303.4414769472552,299.54187094763705,298.4982493719058
20.636908383232342,1.5,303.4416585179644,299.54209046025375,298.4984048988853
20.640533982034736,1.5,303.4418400974686,299.5423099461895,298.4985604416531
20.64415958083713,1.5,303.44202168575623,299.5425294054613,298.49871600019617
20.647785179639524,1.5,303.4422032828159,299.5427488380861,298.4988715745013
20.651410778441917,1.5,303.4423848886361,299.5429682440807,298.4990271645558
20.65503637724431,1.5,303.44256650320534,299.5431876234623,298.49918277034647
20.658661976046705,1.5,303.4427481265121,299.5434069762476,298.4993383918603
20.6622875748491,1.5,303.442929758545,299.5436263024536,298.4994940290844
20.665913173651493,1.5,303.4431113992927,299.5438456020972,298.49964968200584
20.669538772453887,1.5,303.4432930487436,299.5440648751952,298.49980535061155
20.67316437125628,1.5,303.4434747068864,299.5442841217644,298.4999610348886
20.676789970058675,1.5,303.4436563737096,299.5445033418219,298.5001167348241
20.68041556886107,1.5,303.44383804920176,299.54472253538427,298.50027245040496
20.684041167663462,1.5,303.44401973335164,299.5449417024685,298.50042818161836
20.687666766465856,1.5,303.44420142614763,299.54516084309137,298.5005839284514
20.69129236526825,1.5,303.4443831275786,299.5453799572696,298.5007396908911
20.694917964070644,1.5,303.44456483763304,299.54559904502,298.50089546892457
20.698543562873038,1.5,303.4447465562996,299.5458181063595,298.5010512625389
20.70216916167543,1.5,303.4449282835669,299.54603714130474,298.5012070717212
20.705794760477826,1.5,303.4451100194237,299.5462561498724,298.50136289645855
20.70942035928022,1.5,303.44529176385856,299.5464751320793,298.5015187367381
20.713045958082613,1.5,303.4454735168602,299.54669408794217,298.50167459254703
20.716671556885007,1.5,303.4456552784173,299.5469130174777,298.50183046387235
20.7202971556874,1.5,303.44583704851846,299.54713192070267,298.50198635070126
20.723922754489795,1.5,303.4460188271525,299.5473507976336,298.502142253021
20.72754835329219,1.5,303.44620061430805,299.5475696482874,298.50229817081856
20.731173952094583,1.5,303.44638240997386,299.54778847268045,298.50245410408127
20.734799550896977,1.5,303.44656421413873,299.54800727082966,298.5026100527961
20.73842514969937,1.5,303.44674602679123,299.5482260427515,298.50276601695043
20.742050748501764,1.5,303.4469278479202,299.54844478846263,298.5029219965314
20.74567634730416,1.5,303.44710967751445,299.5486635079797,298.50307799152614
20.749301946106552,1.5,303.4472915155626,299.5488822013194,298.5032340019219
20.752927544908946,1.5,303.44747336205353,299.54910086849804,298.5033900277059
20.75655314371134,1.5,303.447655216976,299.54931950953244,298.5035460688653
20.760178742513734,1.5,303.4478370803188,299.54953812443915,298.5037021253874
20.763804341316128,1.5,303.4480189520706,299.5497567132346,298.50385819725943
20.76742994011852,1.5,303.4482008322203,299.5499752759354,298.50401428446855
20.771055538920915,1.5,303.44838272075674,299.55019381255806,298.50417038700203
20.77468113772331,1.5,303.44856461766864,299.55041232311913,298.5043265048472
20.778306736525703,1.5,303.44874652294493,299.5506308076351,298.5044826379913
20.781932335328097,1.5,303.4489284365744,299.55084926612244,298.5046387864216
20.78555793413049,1.5,303.4491103585459,299.55106769859765,298.50479495012536
20.789183532932885,1.5,303.44929228884837,299.55128610507717,298.5049511290898
20.79280913173528,1.5,303.44947422747055,299.5515044855775,298.5051073233024
20.796434730537673,1.5,303.4496561744013,299.551722840115,298.5052635327503
20.800060329340067,1.5,303.4498381296296,299.55194116870615,298.5054197574209
20.80368592814246,1.5,303.45002009314425,299.55215947136736,298.50557599730143
20.807311526944854,1.5,303.4502020649342,299.552377748115,298.5057322523793
20.810937125747248,1.5,303.45038404498837,299.5525959989655,298.5058885226417
20.814562724549642,1.5,303.4505660332956,299.5528142239353,298.50604480807624
20.818188323352036,1.5,303.45074802984493,299.55303242304063,298.50620110867004
20.82181392215443,1.5,303.4509300346252,299.55325059629797,298.50635742441057
20.825439520956824,1.5,303.4511120476254,299.55346874372356,298.5065137552851
20.829065119759218,1.5,303.45129406883433,299.5536868653338,298.50667010128103
20.83269071856161,1.5,303.45147609824113,299.55390496114495,298.5068264623858
20.836316317364005,1.5,303.4516581358347,299.55412303117345,298.5069828385867
20.8399419161664,1.5,303.45184018160404,299.55434107543545,298.50713922987126
20.843567514968793,1.5,303.4520222355381,299.55455909394726,298.5072956362268
20.847193113771187,1.5,303.4522042976258,299.5547770867252,298.5074520576406
20.85081871257358,1.5,303.4523863678563,299.5549950537855,298.5076084941003
20.854444311375975,1.5,303.4525684462185,299.5552129951444,298.50776494559324
20.85806991017837,1.5,303.45275053270143,299.5554309108181,298.50792141210684
20.861695508980763,1.5,303.45293262729416,299.55564880082295,298.5080778936285
20.865321107783156,1.5,303.45311472998566,299.555866665175,298.50823439014573
20.86894670658555,1.5,303.4532968407649,299.55608450389053,298.50839090164595
20.872572305387944,1.5,303.4534789596212,299.55630231698575,298.50854742811663
20.876197904190338,1.5,303.4536610865433,299.55652010447676,298.50870396954525
20.879823502992732,1.5,303.45384322152046,299.55673786637976,298.5088605259193
20.883449101795126,1.5,303.4540253645417,299.5569556027109,298.50901709722626
20.88707470059752,1.5,303.4542075155961,299.5571733134863,298.5091736834536
20.890700299399914,1.5,303.45438967467277,299.55739099872216,298.5093302845888
20.894325898202307,1.5,303.4545718417608,299.5576086584345,298.50948690061944
20.8979514970047,1.5,303.4547540168494,299.55782629263945,298.50964353153296
20.901577095807095,1.5,303.45493619992743,299.558043901353,298.5098001773169
20.90520269460949,1.5,303.4551183909843,299.5582614845914,298.50995683795884
20.908828293411883,1.5,303.45530059000896,299.5584790423707,298.5101135134462
20.912453892214277,1.5,303.4554827969906,299.55869657470686,298.5102702037667
20.91607949101667,1.5,303.4556650119185,299.5589140816159,298.5104269089078
20.919705089819065,1.5,303.45584723478163,299.559131563114,298.51058362885703
20.92333068862146,1.5,303.4560294655692,299.55934901921705,298.510740363602
20.926956287423852,1.5,303.4562117042704,299.5595664499411,298.5108971131303
20.930581886226246,1.5,303.4563939508745,299.5597838553021,298.51105387742945
20.93420748502864,1.5,303.4565762053706,299.56000123531607,298.51121065648704
20.937833083831034,1.5,303.45675846774793,299.560218589999,298.5113674502907
20.941458682633428,1.5,303.4569407379957,299.5604359193668,298.5115242588281
20.945084281435822,1.5,303.45712301610314,299.56065322343545,298.5116810820868
20.948709880238216,1.5,303.45730530205947,299.56087050222084,298.5118379200544
20.95233547904061,1.5,303.4574875958539,299.5610877557389,298.5119947727186
20.955961077843003,1.5,303.4576698974757,299.56130498400563,298.51215164006686
20.959586676645397,1.5,303.457852206914,299.56152218703687,298.51230852208704
20.96321227544779,1.5,303.45803452415834,299.56173936484845,298.5124654187667
20.966837874250185,1.5,303.45821684919775,299.56195651745634,298.5126223300934
20.97046347305258,1.5,303.4583991820216,299.5621736448763,298.5127792560549
20.974089071854973,1.5,303.45858152261917,299.56239074712425,298.512936196639
20.977714670657367,1.5,303.4587638709797,299.56260782421595,298.5130931518331
20.98134026945976,1.5,303.4589462270925,299.56282487616744,298.5132501216251
20.984965868262154,1.5,303.459128590947,299.56304190299426,298.5134071060026
20.98859146706455,1.5,303.4593109625324,299.56325890471237,298.5135641049534
20.992217065866942,1.5,303.4594933418381,299.5634758813376,298.5137211184651
20.995842664669336,1.5,303.45967572885326,299.5636928328856,298.5138781465255
20.99946826347173,1.5,303.45985812356747,299.56390975937217,298.51403518912224
21.003093862274124,1.5,303.4600405259699,299.5641266608132,298.51419224624317
21.006719461076518,1.5,303.46022293605006,299.5643435372242,298.5143493178759
21.01034505987891,1.5,303.46040535379717,299.56456038862115,298.5145064040082
21.013970658681306,1.5,303.4605877792007,299.56477721501966,298.51466350462795
21.0175962574837,1.5,303.46077021225,299.5649940164354,298.51482061972274
21.021221856286093,1.5,303.4609526529345,299.5652107928841,298.5149777492805
21.024847455088487,1.5,303.4611351012435,299.5654275443814,298.5151348932889
21.02847305389088,1.5,303.4613175571665,299.56564427094304,298.5152920517358
21.032098652693275,1.5,303.46150002069294,299.5658609725847,298.5154492246089
21.03572425149567,1.5,303.46168249181216,299.56607764932204,298.51560641189616
21.039349850298063,1.5,303.4618649705136,299.5662943011705,298.5157636135852
21.042975449100457,1.5,303.4620474567869,299.566510928146,298.5159208296639
21.04660104790285,1.5,303.4622299506212,299.56672753026396,298.5160780601202
21.050226646705244,1.5,303.46241245200616,299.5669441075401,298.51623530494174
21.05385224550764,1.5,303.4625949609312,299.5671606599899,298.5163925641165
21.057477844310032,1.5,303.4627774773858,299.567377187629,298.5165498376322
21.061103443112426,1.5,303.4629600013595,299.567593690473,298.51670712547684
21.06472904191482,1.5,303.4631425328417,299.5678101685375,298.5168644276381
21.068354640717214,1.5,303.4633250718219,299.5680266218379,298.517021744104
21.071980239519608,1.5,303.4635076182896,299.56824305038975,298.51717907486244
21.075605838322,1.5,303.4636901722344,299.5684594542088,298.51733641990114
21.079231437124395,1.5,303.46387273364576,299.56867583331024,298.5174937792081
21.08285703592679,1.5,303.4640553025133,299.56889218770976,298.5176511527712
21.086482634729183,1.5,303.46423787882645,299.5691085174229,298.5178085405783
21.090108233531577,1.5,303.4644204625749,299.5693248224649,298.5179659426174
21.09373383233397,1.5,303.46460305374796,299.5695411028514,298.5181233588763
21.097359431136365,1.5,303.4647856523355,299.5697573585979,298.51828078934307
21.10098502993876,1.5,303.46496825832685,299.5699735897198,298.51843823400554
21.104610628741153,1.5,303.4651508717117,299.5701897962324,298.5185956928517
21.108236227543546,1.5,303.46533349247966,299.5704059781513,298.5187531658694
21.11186182634594,1.5,303.46551612062024,299.57062213549176,298.5189106530467
21.115487425148334,1.5,303.4656987561231,299.5708382682693,298.51906815437155
21.119113023950728,1.5,303.4658813989779,299.57105437649926,298.5192256698319
21.122738622753122,1.5,303.46606404917424,299.57127046019696,298.51938319941576
21.126364221555516,1.5,303.46624670670167,299.57148651937786,298.5195407431111
21.12998982035791,1.5,303.4664293715499,299.57170255405714,298.5196983009059
21.133615419160304,1.5,303.46661204370855,299.5719185642503,298.51985587278807
21.137241017962697,1.5,303.4667947231673,299.5721345499727,298.52001345874584
21.14086661676509,1.5,303.4669774099158,299.5723505112395,298.520171058767
21.144492215567485,1.5,303.46716010394374,299.57256644806614,298.52032867283975
21.14811781436988,1.5,303.46734280524083,299.5727823604678,298.520486300952
21.151743413172273,1.5,303.4675255137966,299.5729982484598,298.52064394309184
21.155369011974667,1.5,303.467708229601,299.5732141120574,298.5208015992473
21.15899461077706,1.5,303.4678909526435,299.573429951276,298.5209592694064
21.162620209579455,1.5,303.46807368291394,299.5736457661307,298.5211169535572
21.16624580838185,1.5,303.468256420402,299.5738615566368,298.5212746516878
21.169871407184242,1.5,303.4684391650974,299.5740773228095,298.52143236378635
21.173497005986636,1.5,303.4686219169899,299.57429306466395,298.52159008984086
21.17712260478903,1.5,303.4688046760692,299.57450878221545,298.52174782983934
21.180748203591424,1.5,303.4689874423251,299.5747244754792,298.52190558377
21.184373802393818,1.5,303.46917021574734,299.57494014447025,298.52206335162083
21.187999401196212,1.5,303.4693529963257,299.57515578920385,298.52222113338007
21.191624999998606,1.5,303.46953578405,299.57537140969515,298.52237892903577
21.195250598801,1.5,303.4697185789099,299.57558700595933,298.5225367385761
21.198876197603393,1.5,303.46990138089535,299.5758025780115,298.52269456198917
21.202501796405787,1.5,303.470084189996,299.57601812586677,298.52285239926294
21.20612739520818,1.5,303.4702670062018,299.5762336495403,298.52301025038594
21.209752994010575,1.5,303.4704498295024,299.57644914904716,298.523168115346
21.21337859281297,1.5,303.4706326598878,299.5766646244024,298.52332599413137
21.217004191615363,1.5,303.4708154973477,299.57688007562115,298.5234838867302
21.220629790417757,1.5,303.470998341872,299.57709550271846,298.5236417931308
21.22425538922015,1.5,303.4711811934506,299.57731090570934,298.52379971332124
21.227880988022545,1.5,303.4713640520732,299.57752628460895,298.5239576472897
21.23150658682494,1.5,303.4715469177299,299.57774163943225,298.52411559502445
21.235132185627332,1.5,303.4717297904103,299.57795697019424,298.5242735565136
21.238757784429726,1.5,303.4719126701045,299.57817227691,298.5244315317455
21.24238338323212,1.5,303.47209555680223,299.5783875595944,298.5245895207082
21.246008982034514,1.5,303.4722784504935,299.57860281826254,298.5247475233901
21.249634580836908,1.5,303.47246135116814,299.57881805292936,298.5249055397793
21.2532601796393,1.5,303.4726442588161,299.57903326360986,298.52506356986413
21.256885778441696,1.5,303.47282717342733,299.5792484503189,298.52522161363277
21.26051137724409,1.5,303.47301009499176,299.57946361307165,298.5253796710735
21.264136976046483,1.5,303.47319302349916,299.5796787518828,298.5255377421746
21.267762574848877,1.5,303.4733759589397,299.5798938667673,298.52569582692433
21.27138817365127,1.5,303.47355890130325,299.58010895774015,298.52585392531097
21.275013772453665,1.5,303.4737418505797,299.58032402481626,298.52601203732286
21.27863937125606,1.5,303.4739248067591,299.5805390680104,298.52617016294823
21.282264970058453,1.5,303.47410776983145,299.5807540873376,298.5263283021754
21.285890568860847,1.5,303.4742907397866,299.5809690828126,298.5264864549926
21.28951616766324,1.5,303.4744737166147,299.5811840544504,298.52664462138824
21.293141766465634,1.5,303.4746567003057,299.5813990022656,298.5268028013506
21.29676736526803,1.5,303.47483969084954,299.58161392627323,298.5269609948681
21.300392964070422,1.5,303.47502268823627,299.58182882648805,298.52711920192894
21.304018562872816,1.5,303.475205692456,299.58204370292486,298.52727742252154
21.30764416167521,1.5,303.47538870349854,299.58225855559857,298.5274356566342
21.311269760477604,1.5,303.4755717213542,299.58247338452384,298.5275939042553
21.314895359279998,1.5,303.4757547460128,299.5826881897155,298.5277521653733
21.31852095808239,1.5,303.47593777746454,299.5829029711882,298.5279104399765
21.322146556884785,1.5,303.4761208156994,299.5831177289569,298.5280687280532
21.32577215568718,1.5,303.47630386070756,299.5833324630362,298.5282270295919
21.329397754489573,1.5,303.47648691247906,299.58354717344093,298.52838534458095
21.333023353291967,1.5,303.47666997100384,299.5837618601857,298.5285436730088
21.33664895209436,1.5,303.47685303627213,299.5839765232853,298.52870201486377
21.340274550896755,1.5,303.4770361082741,299.5841911627544,298.52886037013434
21.34390014969915,1.5,303.47721918699966,299.5844057786077,298.52901873880893
21.347525748501543,1.5,303.47740227243906,299.5846203708599,298.529177120876
21.351151347303936,1.5,303.4775853645824,299.5848349395256,298.5293355163239
21.35477694610633,1.5,303.47776846341986,299.58504948461956,298.5294939251411
21.358402544908724,1.5,303.47795156894153,299.5852640061563,298.5296523473161
21.362028143711118,1.5,303.47813468113753,299.5854785041506,298.5298107828373
21.365653742513512,1.5,303.4783177999981,299.585692978617,298.52996923169314
21.369279341315906,1.5,303.4785009255133,299.58590742957006,298.5301276938722
21.3729049401183,1.5,303.4786840576733,299.5861218570244,298.53028616936297
21.376530538920694,1.5,303.47886719646846,299.58633626099476,298.53044465815384
21.380156137723088,1.5,303.4790503418888,299.58655064149553,298.5306031602334
21.38378173652548,1.5,303.47923349392454,299.58676499854135,298.53076167559004
21.387407335327875,1.5,303.47941665256593,299.5869793321468,298.5309202042123
21.39103293413027,1.5,303.47959981780315,299.5871936423265,298.5310787460887
21.394658532932663,1.5,303.4797829896264,299.5874079290948,298.5312373012079
21.398284131735057,1.5,303.47996616802595,299.5876221924664,298.53139586955825
21.40190973053745,1.5,303.48014935299204,299.58783643245573,298.5315544511284
21.405535329339845,1.5,303.48033254451485,299.5880506490773,298.5317130459068
21.40916092814224,1.5,303.48051574258466,299.5882648423456,298.53187165388215
21.412786526944632,1.5,303.4806989471917,299.5884790122751,298.53203027504287
21.416412125747026,1.5,303.4808821583263,299.58869315888035,298.53218890937757
21.42003772454942,1.5,303.48106537597874,299.5889072821757,298.53234755687475
21.423663323351814,1.5,303.4812486001392,299.5891213821756,298.5325062175232
21.427288922154208,1.5,303.4814318307981,299.58933545889465,298.5326648913113
21.430914520956602,1.5,303.48161506794565,299.5895495123472,298.53282357822775
21.434540119758996,1.5,303.4817983115721,299.5897635425476,298.53298227826116
21.43816571856139,1.5,303.48198156166796,299.58997754951025,298.5331409914
21.441791317363784,1.5,303.4821648182233,299.59019153324965,298.5332997176331
21.445416916166177,1.5,303.4823480812287,299.5904054937801,298.53345845694895
21.44904251496857,1.5,303.4825313506742,299.59061943111607,298.53361720933617
21.452668113770965,1.5,303.48271462655043,299.59083334527185,298.5337759747835
21.45629371257336,1.5,303.4828979088476,299.5910472362617,298.5339347532795
21.459919311375753,1.5,303.48308119755603,299.59126110410017,298.53409354481283
21.463544910178147,1.5,303.48326449266614,299.5914749488015,298.5342523493722
21.46717050898054,1.5,303.48344779416834,299.5916887703799,298.5344111669462
21.470796107782935,1.5,303.483631102053,299.5919025688499,298.5345699975236
21.47442170658533,1.5,303.48381441631045,299.59211634422553,298.534728841093
21.478047305387722,1.5,303.4839977369311,299.5923300965214,298.5348876976431
21.481672904190116,1.5,303.48418106390534,299.5925438257515,298.5350465671626
21.48529850299251,1.5,303.48436439722366,299.59275753193026,298.5352054496403
21.488924101794904,1.5,303.48454773687644,299.5929712150719,298.5353643450647
21.492549700597298,1.5,303.4847310828541,299.5931848751906,298.53552325342474
21.49617529939969,1.5,303.48491443514706,299.59339851230067,298.53568217470905
21.499800898202086,1.5,303.48509779374575,299.59361212641636,298.5358411089063
21.50342649700448,1.5,303.48528115864065,299.59382571755185,298.5360000560053
21.507052095806873,1.5,303.4854645298222,299.5940392857213,298.5361590159948
21.510677694609267,1.5,303.4856479072809,299.59425283093896,298.5363179888635
21.51430329341166,1.5,303.4858312910072,299.594466353219,298.5364769746002
21.517928892214055,1.5,303.4860146809915,299.59467985257555,298.53663597319365
21.52155449101645,1.5,303.48619807722446,299.59489332902285,298.53679498463265
21.525180089818843,1.5,303.4863814796964,299.595106782575,298.5369540089059
21.528805688621237,1.5,303.486564888398,299.59532021324617,298.53711304600233
21.53243128742363,1.5,303.4867483033196,299.5955336210505,298.53727209591057
21.536056886226024,1.5,303.4869317244518,299.59574700600206,298.53743115861954
21.53968248502842,1.5,303.48711515178513,299.59596036811496,298.53759023411806
21.543308083830812,1.5,303.4872985853101,299.5961737074033,298.53774932239486
21.546933682633206,1.5,303.4874820250172,299.5963870238812,298.5379084234388
21.5505592814356,1.5,303.48766547089707,299.5966003175628,298.5380675372387
21.554184880237994,1.5,303.48784892294026,299.59681358846206,298.5382266637834
21.557810479040388,1.5,303.48803238113726,299.59702683659305,298.5383858030617
21.56143607784278,1.5,303.48821584547863,299.59724006196984,298.53854495506266
21.565061676645175,1.5,303.4883993159551,299.5974532646065,298.5387041197749
21.56868727544757,1.5,303.48858279255717,299.59766644451696,298.53886329718733
21.572312874249963,1.5,303.48876627527534,299.59787960171525,298.53902248728883
21.575938473052357,1.5,303.4889497641003,299.5980927362155,298.53918169006835
21.57956407185475,1.5,303.48913325902265,299.5983058480315,298.53934090551473
21.583189670657145,1.5,303.4893167600331,299.59851893717746,298.53950013361685
21.58681526945954,1.5,303.4895002671221,299.5987320036672,298.5396593743636
21.590440868261933,1.5,303.48968378028036,299.5989450475148,298.53981862774395
21.594066467064327,1.5,303.4898672994985,299.599158068734,298.53997789374677
21.59769206586672,1.5,303.4900508247672,299.59937106733906,298.540137172361
21.601317664669114,1.5,303.49023435607705,299.59958404334367,298.5402964635756
21.604943263471508,1.5,303.4904178934188,299.59979699676177,298.5404557673794
21.608568862273902,1.5,303.49060143678304,299.60000992760735,298.5406150837614
21.612194461076296,1.5,303.49078498616046,299.6002228358942,298.54077441271056
21.61582005987869,1.5,303.4909685415418,299.6004357216363,298.54093375421576
21.619445658681084,1.5,303.4911521029177,299.6006485848476,298.54109310826607
21.623071257483478,1.5,303.4913356702789,299.60086142554184,298.54125247485047
21.62669685628587,1.5,303.491519243616,299.60107424373285,298.5414118539578
21.630322455088265,1.5,303.4917028229198,299.60128703943457,298.54157124557725
21.63394805389066,1.5,303.491886408181,299.60149981266085,298.54173064969757
21.637573652693053,1.5,303.49206999939037,299.60171256342545,298.54189006630793
21.641199251495447,1.5,303.49225359653866,299.6019252917423,298.5420494953973
21.64482485029784,1.5,303.49243719961646,299.60213799762505,298.54220893695464
21.648450449100235,1.5,303.4926208086147,299.60235068108756,298.54236839096905
21.65207604790263,1.5,303.492804423524,299.60256334214375,298.5425278574295
21.655701646705023,1.5,303.49298804433516,299.6027759808071,298.542687336325
21.659327245507416,1.5,303.4931716710391,299.60298859709167,298.5428468276446
21.66295284430981,1.5,303.4933553036263,299.60320119101107,298.54300633137746
21.666578443112204,1.5,303.4935389420878,299.60341376257907,298.54316584751246
21.670204041914598,1.5,303.49372258641426,299.60362631180936,298.5433253760388
21.673829640716992,1.5,303.4939062365966,299.6038388387158,298.5434849169455
21.677455239519386,1.5,303.49408989262554,299.60405134331194,298.5436444702216
21.68108083832178,1.5,303.4942735544919,299.6042638256116,298.5438040358562
21.684706437124174,1.5,303.4944572221865,299.60447628562844,298.5439636138384
21.688332035926567,1.5,303.4946408957003,299.6046887233761,298.54412320415724
21.69195763472896,1.5,303.4948245750239,299.60490113886834,298.54428280680196
21.695583233531355,1.5,303.4950082601484,299.60511353211876,298.5444424217615
21.69920883233375,1.5,303.4951919510645,299.60532590314097,298.5446020490252
21.702834431136143,1.5,303.495375647763,299.60553825194876,298.5447616885819
21.706460029938537,1.5,303.49555935023494,299.60575057855556,298.5449213404209
21.71008562874093,1.5,303.4957430584711,299.60596288297523,298.5450810045313
21.713711227543325,1.5,303.4959267724623,299.6061751652212,298.5452406809023
21.71733682634572,1.5,303.4961104921996,299.60638742530716,298.54540036952295
21.720962425148112,1.5,303.49629421767384,299.60659966324664,298.54556007038246
21.724588023950506,1.5,303.4964779488758,299.6068118790533,298.5457197834701
21.7282136227529,1.5,303.4966616857965,299.60702407274056,298.54587950877476
21.731839221555294,1.5,303.49684542842675,299.60723624432217,298.5460392462859
21.735464820357688,1.5,303.4970291767577,299.6074483938115,298.54619899599265
21.739090419160082,1.5,303.4972129307801,299.6076605212223,298.5463587578841
21.742716017962476,1.5,303.4973966904849,299.60787262656794,298.54651853194946
21.74634161676487,1.5,303.49758045586304,299.60808470986206,298.546678318178
21.749967215567263,1.5,303.49776422690564,299.60829677111803,298.5468381165589
21.753592814369657,1.5,303.4979480036034,299.60850881034946,298.5469979270814
21.75721841317205,1.5,303.4981317859476,299.60872082756987,298.5471577497347
21.760844011974445,1.5,303.49831557392895,299.6089328227926,298.54731758450805
21.76446961077684,1.5,303.4984993675385,299.60914479603116,298.5474774313907
21.768095209579233,1.5,303.4986831667673,299.60935674729916,298.5476372903718
21.771720808381627,1.5,303.49886697160633,299.60956867660985,298.5477971614408
21.77534640718402,1.5,303.49905078204665,299.6097805839768,298.5479570445868
21.778972005986414,1.5,303.4992345980791,299.6099924694134,298.5481169397991
21.78259760478881,1.5,303.49941841969485,299.610204332933,298.54827684706703
21.786223203591202,1.5,303.49960224688493,299.61041617454913,298.5484367663798
21.789848802393596,1.5,303.4997860796403,299.6106279942752,298.5485966977268
21.79347440119599,1.5,303.49996991795206,299.61083979212447,298.5487566410971
21.797099999998384,1.5,303.5001537618112,299.6110515681104,298.5489165964803
21.800725598800778,1.5,303.5003376112088,299.61126332224643,298.54907656386547
21.80435119760317,1.5,303.50052146613604,299.6114750545458,298.54923654324205
21.807976796405566,1.5,303.5007053265838,299.6116867650219,298.54939653459934
21.81160239520796,1.5,303.50088919254324,299.611898453688,298.54955653792666
21.815227994010353,1.5,303.5010730640054,299.6121101205576,298.54971655321333
21.818853592812747,1.5,303.5012569409615,299.6123217656439,298.5498765804487
21.82247919161514,1.5,303.50144082340256,299.61253338896023,298.5500366196222
21.826104790417535,1.5,303.50162471131966,299.6127449905199,298.55019667072304
21.82973038921993,1.5,303.50180860470397,299.61295657033617,298.5503567337407
21.833355988022323,1.5,303.50199250354655,299.61316812842244,298.55051680866455
21.836981586824717,1.5,303.5021764078386,299.6133796647918,298.55067689548383
21.84060718562711,1.5,303.50236031757123,299.61359117945767,298.55083699418805
21.844232784429504,1.5,303.5025442327355,299.6138026724332,298.55099710476657
21.847858383231898,1.5,303.5027281533227,299.61401414373165,298.55115722720876
21.851483982034292,1.5,303.50291207932383,299.6142255933663,298.55131736150406
21.855109580836686,1.5,303.5030960107302,299.61443702135034,298.55147750764195
21.85873517963908,1.5,303.5032799475329,299.614648427697,298.5516376656117
21.862360778441474,1.5,303.50346388972315,299.6148598124194,298.5517978354028
21.865986377243868,1.5,303.5036478372921,299.61507117553083,298.55195801700467
21.86961197604626,1.5,303.5038317902309,299.6152825170444,298.5521182104067
21.873237574848655,1.5,303.5040157485309,299.6154938369734,298.5522784155985
21.87686317365105,1.5,303.50419971218315,299.6157051353309,298.5524386325694
21.880488772453443,1.5,303.5043836811789,299.61591641213,298.55259886130887
21.884114371255837,1.5,303.5045676555095,299.616127667384,298.55275910180643
21.88773997005823,1.5,303.504751635166,299.6163389011058,298.55291935405137
21.891365568860625,1.5,303.5049356201397,299.61655011330873,298.55307961803334
21.89499116766302,1.5,303.5051196104219,299.6167613040058,298.5532398937418
21.898616766465413,1.5,303.50530360600374,299.6169724732103,298.55340018116624
21.902242365267806,1.5,303.50548760687656,299.61718362093507,298.5535604802962
21.9058679640702,1.5,303.5056716130316,299.6173947471933,298.553720791121
21.909493562872594,1.5,303.5058556244601,299.61760585199806,298.5538811136304
21.913119161674988,1.5,303.50603964115345,299.6178169353624,298.5540414478138
21.916744760477382,1.5,303.5062236631028,299.6180279972994,298.5542017936607
21.920370359279776,1.5,303.5064076902995,299.6182390378221,298.55436215116066
21.92399595808217,1.5,303.5065917227348,299.6184500569435,298.5545225203032
21.927621556884564,1.5,303.50677576040016,299.6186610546767,298.55468290107785
21.931247155686957,1.5,303.5069598032867,299.6188720310347,298.5548432934743
21.93487275448935,1.5,303.5071438513858,299.61908298603043,298.5550036974819
21.938498353291745,1.5,303.50732790468885,299.619293919677,298.55516411309037
21.94212395209414,1.5,303.5075119631871,299.6195048319873,298.5553245402892
21.945749550896533,1.5,303.50769602687194,299.6197157229743,298.55548497906796
21.949375149698927,1.5,303.50788009573466,299.61992659265104,298.55564542941636
21.95300074850132,1.5,303.50806416976667,299.6201374410304,298.55580589132387
21.956626347303715,1.5,303.5082482489593,299.62034826812544,298.55596636478015
21.96025194610611,1.5,303.50843233330403,299.62055907394904,298.5561268497748
21.963877544908502,1.5,303.5086164227921,299.62076985851405,298.5562873462974
21.967503143710896,1.5,303.50880051741495,299.6209806218335,298.55644785433765
21.97112874251329,1.5,303.5089846171639,299.6211913639202,298.556608373885
21.974754341315684,1.5,303.5091687220305,299.62140208478723,298.5567689049293
21.978379940118078,1.5,303.509352832006,299.6216127844473,298.55692944746005
21.982005538920472,1.5,303.50953694708187,299.6218234629133,298.5570900014669
21.985631137722866,1.5,303.50972106724953,299.6220341201982,298.5572505669396
21.98925673652526,1.5,303.5099051925004,299.6222447563148,298.55741114386774
21.992882335327653,1.5,303.51008932282593,299.622455371276,298.557571732241
21.996507934130047,1.5,303.5102734582175,299.62266596509454,298.557732332049
22.00013353293244,1.5,303.5104575986666,299.62287653778327,298.55789294328156
22.003759131734835,1.5,303.5106417441647,299.6230870893551,298.55805356592816
22.00738473053723,1.5,303.5108258947032,299.62329761982284,298.55821419997864
22.011010329339623,1.5,303.5110100502736,299.62350812919925,298.55837484542263
22.014635928142017,1.5,303.5111942108674,299.62371861749716,298.5585355022499
22.01826152694441,1.5,303.51137837647605,299.62392908472924,298.5586961704502
22.021887125746805,1.5,303.511562547091,299.62413953090845,298.5588568500131
22.0255127245492,1.5,303.51174672270383,299.6243499560474,298.55901754092844
22.029138323351592,1.5,303.51193090330594,299.62456036015885,298.55917824318595
22.032763922153986,1.5,303.5121150888889,299.6247707432556,298.5593389567753
22.03638952095638,1.5,303.51229927944416,299.6249811053505,298.5594996816863
22.040015119758774,1.5,303.5124834749634,299.6251914464561,298.55966041790873
22.043640718561168,1.5,303.51266767543797,299.6254017665851,298.5598211654322
22.04726631736356,1.5,303.51285188085944,299.6256120657504,298.5599819242466
22.050891916165956,1.5,303.51303609121953,299.6258223439645,298.5601426943417
22.05451751496835,1.5,303.51322030650954,299.62603260124024,298.56030347570726
22.058143113770743,1.5,303.5134045267212,299.62624283759015,298.5604642683331
22.061768712573137,1.5,303.5135887518459,299.6264530530271,298.5606250722089
22.06539431137553,1.5,303.5137729818753,299.6266632475636,298.5607858873246
22.069019910177925,1.5,303.5139572168011,299.62687342121234,298.56094671366986
22.07264550898032,1.5,303.5141414566147,299.62708357398594,298.5611075512346
22.076271107782713,1.5,303.5143257013077,299.62729370589705,298.56126840000866
22.079896706585107,1.5,303.51450995087185,299.62750381695827,298.5614292599818
22.0835223053875,1.5,303.51469420529867,299.6277139071823,298.5615901311438
22.087147904189894,1.5,303.5148784645797,299.6279239765816,298.56175101348464
22.09077350299229,1.5,303.51506272870665,299.62813402516895,298.5619119069941
22.094399101794682,1.5,303.5152469976711,299.6283440529568,298.562072811662
22.098024700597076,1.5,303.5154312714647,299.6285540599577,298.5622337274782
22.10165029939947,1.5,303.5156155500791,299.62876404618436,298.56239465443264
22.105275898201864,1.5,303.5157998335058,299.6289740116492,298.56255559251514
22.108901497004258,1.5,303.51598412173666,299.62918395636484,298.56271654171553
22.11252709580665,1.5,303.51616841476323,299.6293938803438,298.5628775020237
22.116152694609045,1.5,303.51635271257726,299.62960378359867,298.56303847342963
22.11977829341144,1.5,303.51653701517023,299.62981366614184,298.56319945592315
22.123403892213833,1.5,303.516721322534,299.6300235279859,298.56336044949416
22.127029491016227,1.5,303.51690563466025,299.63023336914335,298.5635214541326
22.13065508981862,1.5,303.5170899515405,299.63044318962665,298.56368246982845
22.134280688621015,1.5,303.51727427316666,299.6306529894483,298.56384349657156
22.13790628742341,1.5,303.5174585995303,299.63086276862083,298.56400453435185
22.141531886225803,1.5,303.51764293062314,299.6310725271566,298.56416558315925
22.145157485028196,1.5,303.51782726643694,299.63128226506814,298.56432664298376
22.14878308383059,1.5,303.51801160696346,299.6314919823679,298.5644877138152
22.152408682632984,1.5,303.51819595219433,299.6317016790682,298.5646487956437
22.156034281435378,1.5,303.5183803021214,299.63191135518167,298.56480988845914
22.159659880237772,1.5,303.51856465673626,299.6321210107206,298.56497099225146
22.163285479040166,1.5,303.5187490160309,299.6323306456974,298.56513210701075
22.16691107784256,1.5,303.51893337999684,299.6325402601244,298.56529323272684
22.170536676644954,1.5,303.51911774862594,299.6327498540141,298.56545436938984
22.174162275447348,1.5,303.51930212191,299.6329594273789,298.5656155169897
22.17778787424974,1.5,303.5194864998408,299.63316898023106,298.56577667551636
22.181413473052135,1.5,303.5196708824101,299.633378512583,298.56593784495993
22.18503907185453,1.5,303.51985526960965,299.6335880244471,298.5660990253104
22.188664670656923,1.5,303.52003966143127,299.6337975158357,298.56626021655774
22.192290269459317,1.5,303.5202240578668,299.6340069867611,298.5664214186921
22.19591586826171,1.5,303.52040845890804,299.63421643723564,298.5665826317033
22.199541467064105,1.5,303.52059286454687,299.6344258672716,298.56674385558154
22.2031670658665,1.5,303.52077727477496,299.63463527688134,298.5669050903169
22.206792664668892,1.5,303.5209616895843,299.63484466607713,298.56706633589926
22.210418263471286,1.5,303.5211461089666,299.63505403487125,298.5672275923189
22.21404386227368,1.5,303.5213305329138,299.63526338327597,298.56738885956577
22.217669461076074,1.5,303.52151496141767,299.63547271130363,298.5675501376299
22.221295059878468,1.5,303.5216993944702,299.63568201896646,298.56771142650143
22.224920658680862,1.5,303.52188383206317,299.6358913062767,298.5678727261705
22.228546257483256,1.5,303.5220682741885,299.63610057324655,298.56803403662707
22.23217185628565,1.5,303.52225272083797,299.63630981988825,298.5681953578613
22.235797455088044,1.5,303.5224371720035,299.6365190462141,298.5683566898634
22.239423053890437,1.5,303.5226216276769,299.63672825223625,298.5685180326233
22.24304865269283,1.5,303.52280608785026,299.63693743796694,298.56867938613124
22.246674251495225,1.5,303.5229905525154,299.63714660341833,298.5688407503773
22.25029985029762,1.5,303.5231750216642,299.63735574860266,298.56900212535163
22.253925449100013,1.5,303.5233594952886,299.637564873532,298.5691635110444
22.257551047902407,1.5,303.5235439733806,299.63777397821866,298.56932490744566
22.2611766467048,1.5,303.52372845593203,299.6379830626747,298.56948631454566
22.264802245507195,1.5,303.5239129429348,299.6381921269123,298.56964773233443
22.26842784430959,1.5,303.524097434381,299.63840117094367,298.5698091608023
22.272053443111982,1.5,303.5242819302624,299.6386101947809,298.5699705999393
22.275679041914376,1.5,303.5244664305711,299.638819198436,298.5701320497357
22.27930464071677,1.5,303.524650935299,299.6390281819213,298.57029351018167
22.282930239519164,1.5,303.52483544443805,299.63923714524867,298.5704549812673
22.286555838321558,1.5,303.5250199579803,299.63944608843036,298.5706164629829
22.29018143712395,1.5,303.5252044759177,299.6396550114784,298.5707779553187
22.293807035926346,1.5,303.52538899824225,299.6398639144049,298.5709394582648
22.29743263472874,1.5,303.5255735249459,299.64007279722193,298.5711009718114
22.301058233531133,1.5,303.5257580560207,299.64028165994154,298.5712624959489
22.304683832333527,1.5,303.5259425914586,299.64049050257574,298.5714240306673
22.30830943113592,1.5,303.5261271312517,299.64069932513667,298.57158557595693
22.311935029938315,1.5,303.526311675392,299.64090812763635,298.5717471318081
22.31556062874071,1.5,303.5264962238715,299.6411169100867,298.57190869821096
22.319186227543103,1.5,303.5266807766822,299.6413256724998,298.57207027515585
22.322811826345497,1.5,303.52686533381626,299.6415344148877,298.5722318626329
22.32643742514789,1.5,303.52704989526563,299.64174313726227,298.5723934606325
22.330063023950284,1.5,303.52723446102243,299.64195183963557,298.5725550691449
22.33368862275268,1.5,303.5274190310787,299.64216052201965,298.57271668816037
22.337314221555072,1.5,303.5276036054264,299.6423691844264,298.57287831766916
22.340939820357466,1.5,303.5277881840578,299.6425778268678,298.57303995766165
22.34456541915986,1.5,303.52797276696487,299.64278644935587,298.573201608128
22.348191017962254,1.5,303.5281573541397,299.6429950519024,298.5733632690586
22.351816616764648,1.5,303.52834194557437,299.64320363451947,298.57352494044375
22.35544221556704,1.5,303.52852654126104,299.64341219721894,298.5736866222738
22.359067814369435,1.5,303.52871114119176,299.6436207400127,298.57384831453896
22.36269341317183,1.5,303.52889574535857,299.64382926291273,298.5740100172297
22.366319011974223,1.5,303.52908035375384,299.6440377659309,298.5741717303363
22.369944610776617,1.5,303.52926496636945,299.64424624907906,298.574333453849
22.37357020957901,1.5,303.5294495831977,299.64445471236917,298.5744951877583
22.377195808381405,1.5,303.52963420423055,299.644663155813,298.57465693205455
22.3808214071838,1.5,303.52981882946034,299.64487157942244,298.574818686728
22.384447005986193,1.5,303.53000345887915,299.6450799832095,298.5749804517691
22.388072604788587,1.5,303.5301880924791,299.6452883671858,298.5751422271682
22.39169820359098,1.5,303.53037273025234,299.6454967313634,298.57530401291575
22.395323802393374,1.5,303.5305573721911,299.6457050757539,298.57546580900197
22.398949401195768,1.5,303.5307420182875,299.6459134003693,298.5756276154174
22.402574999998162,1.5,303.5309266685338,299.6461217052213,298.57578943215236
22.406200598800556,1.5,303.5311113229222,299.64632999032176,298.5759512591973
22.40982619760295,1.5,303.53129598144477,299.6465382556824,298.5761130965427
22.413451796405344,1.5,303.5314806440938,299.64674650131514,298.5762749441788
22.417077395207738,1.5,303.5316653108615,299.6469547272316,298.57643680209617
22.42070299401013,1.5,303.5318499817401,299.6471629334437,298.57659867028514
22.424328592812525,1.5,303.5320346567218,299.64737111996305,298.5767605487362
22.42795419161492,1.5,303.5322193357988,299.64757928680154,298.5769224374398
22.431579790417313,1.5,303.53240401896335,299.6477874339708,298.5770843363864
22.435205389219707,1.5,303.5325887062077,299.6479955614826,298.57724624556647
22.4388309880221,1.5,303.53277339752424,299.6482036693487,298.5774081649704
22.442456586824495,1.5,303.532958092905,299.64841175758073,298.5775700945887
22.44608218562689,1.5,303.53314279234235,299.64861982619044,298.57773203441184
22.449707784429282,1.5,303.53332749582853,299.6488278751895,298.57789398443026
22.453333383231676,1.5,303.53351220335577,299.6490359045897,298.57805594463457
22.45695898203407,1.5,303.53369691491645,299.6492439144026,298.57821791501516
22.460584580836464,1.5,303.5338816305027,299.6494519046399,298.57837989556253
22.464210179638858,1.5,303.5340663501071,299.6496598753133,298.57854188626726
22.467835778441252,1.5,303.53425107372163,299.64986782643444,298.57870388711973
22.471461377243646,1.5,303.5344358013388,299.6500757580149,298.57886589811056
22.47508697604604,1.5,303.53462053295084,299.6502836700665,298.57902791923027
22.478712574848434,1.5,303.53480526855003,299.6504915626006,298.57918995046936
22.482338173650827,1.5,303.5349900081288,299.650699435629,298.5793519918184
22.48596377245322,1.5,303.5351747516794,299.65090728916334,298.5795140432679
22.489589371255615,1.5,303.53535949919416,299.65111512321505,298.57967610480847
22.49321497005801,1.5,303.5355442506655,299.6513229377959,298.57983817643054
22.496840568860403,1.5,303.5357290060857,299.6515307329173,298.5800002581248
22.500466167662797,1.5,303.5359137654472,299.65173850859094,298.5801623498818
22.50409176646519,1.5,303.53609852874223,299.6519462648284,298.58032445169204
22.507717365267585,1.5,303.53628329596324,299.6521540016411,298.5804865635461
22.51134296406998,1.5,303.53646806710265,299.65236171904075,298.5806486854347
22.514968562872372,1.5,303.5366528421527,299.6525694170389,298.5808108173483
22.518594161674766,1.5,303.5368376211059,299.6527770956469,298.5809729592776
22.52221976047716,1.5,303.5370224039546,299.6529847548764,298.5811351112131
22.525845359279554,1.5,303.53720719069116,299.65319239473894,298.5812972731455
22.529470958081948,1.5,303.5373919813081,299.65340001524595,298.5814594450653
22.53309655688434,1.5,303.53757677579773,299.6536076164089,298.5816216269632
22.536722155686736,1.5,303.53776157415246,299.65381519823944,298.5817838188299
22.54034775448913,1.5,303.5379463763648,299.65402276074894,298.58194602065595
22.543973353291523,1.5,303.5381311824271,299.65423030394885,298.582108232432
22.547598952093917,1.5,303.5383159923318,299.65443782785064,298.5822704541487
22.55122455089631,1.5,303.5385008060714,299.6546453324658,298.5824326857968
22.554850149698705,1.5,303.5386856236383,299.65485281780576,298.5825949273668
22.5584757485011,1.5,303.53887044502494,299.65506028388194,298.5827571788495
22.562101347303493,1.5,303.53905527022386,299.6552677307058,298.58291944023546
22.565726946105887,1.5,303.53924009922747,299.65547515828877,298.5830817115154
22.56935254490828,1.5,303.5394249320283,299.65568256664216,298.58324399268
22.572978143710674,1.5,303.53960976861873,299.6558899557775,298.58340628372014
22.57660374251307,1.5,303.5397946089913,299.6560973257061,298.5835685846262
22.580229341315462,1.5,303.53997945313847,299.6563046764394,298.5837308953891
22.583854940117856,1.5,303.5401643010528,299.6565120079888,298.58389321599947
22.58748053892025,1.5,303.54034915272683,299.65671932036554,298.584055546448
22.591106137722644,1.5,303.540534008153,299.6569266135811,298.5842178867255
22.594731736525038,1.5,303.54071886732373,299.6571338876468,298.5843802368227
22.59835733532743,1.5,303.5409037302317,299.657341142574,298.5845425967302
22.601982934129826,1.5,303.54108859686943,299.65754837837403,298.5847049664389
22.60560853293222,1.5,303.54127346722936,299.6577555950582,298.5848673459394
22.609234131734613,1.5,303.54145834130406,299.65796279263776,298.58502973522263
22.612859730537007,1.5,303.54164321908615,299.65816997112415,298.58519213427917
22.6164853293394,1.5,303.54182810056807,299.6583771305286,298.58535454309987
22.620110928141795,1.5,303.5420129857425,299.6585842708624,298.5855169616755
22.62373652694419,1.5,303.542197874602,299.6587913921369,298.58567938999687
22.627362125746583,1.5,303.5423827671389,299.65899849436323,298.5858418280547
22.630987724548977,1.5,303.5425676633461,299.6592055775528,298.5860042758398
22.63461332335137,1.5,303.5427525632161,299.6594126417168,298.586166733343
22.638238922153764,1.5,303.5429374667413,299.6596196868665,298.58632920055516
22.641864520956158,1.5,303.54312237391457,299.65982671301316,298.5864916774669
22.645490119758552,1.5,303.5433072847283,299.660033720168,298.5866541640691
22.649115718560946,1.5,303.5434921991752,299.6602407083422,298.5868166603527
22.65274131736334,1.5,303.5436771172479,299.660447677547,298.5869791663084
22.656366916165734,1.5,303.5438620389389,299.66065462779363,298.58714168192716
22.659992514968128,1.5,303.544046964241,299.66086155909335,298.5873042071996
22.66361811377052,1.5,303.5442318931467,299.6610684714572,298.5874667421169
22.667243712572915,1.5,303.5444168256487,299.66127536489654,298.58762928666954
22.67086931137531,1.5,303.5446017617396,299.66148223942247,298.58779184084864
22.674494910177703,1.5,303.5447867014121,299.66168909504603,298.5879544046449
22.678120508980097,1.5,303.5449716446588,299.6618959317785,298.5881169780493
22.68174610778249,1.5,303.54515659147245,299.6621027496311,298.5882795610527
22.685371706584885,1.5,303.54534154184563,299.66230954861487,298.58844215364593
22.68899730538728,1.5,303.54552649577107,299.66251632874094,298.58860475581986
22.692622904189673,1.5,303.5457114532415,299.66272309002045,298.58876736756554
22.696248502992066,1.5,303.5458964142494,299.66292983246456,298.58892998887364
22.69987410179446,1.5,303.5460813787877,299.6631365560842,298.58909261973525
22.703499700596854,1.5,303.54626634684894,299.6633432608907,298.58925526014116
22.707125299399248,1.5,303.5464513184259,299.6635499468951,298.5894179100824
22.710750898201642,1.5,303.54663629351137,299.6637566141085,298.58958056954975
22.714376497004036,1.5,303.5468212720979,299.6639632625418,298.5897432385343
22.71800209580643,1.5,303.54700625417826,299.6641698922062,298.58990591702684
22.721627694608824,1.5,303.54719123974525,299.6643765031128,298.59006860501853
22.725253293411217,1.5,303.54737622879156,299.6645830952725,298.59023130250006
22.72887889221361,1.5,303.54756122130993,299.6647896686965,298.5903940094625
22.732504491016005,1.5,303.54774621729314,299.6649962233958,298.5905567258968
22.7361300898184,1.5,303.5479312167339,299.66520275938143,298.59071945179386
22.739755688620793,1.5,303.54811621962494,299.6654092766643,298.5908821871448
22.743381287423187,1.5,303.54830122595916,299.66561577525556,298.5910449319405
22.74700688622558,1.5,303.5484862357292,299.66582225516606,298.59120768617197
22.750632485027975,1.5,303.54867124892786,299.6660287164069,298.59137044983015
22.75425808383037,1.5,303.54885626554795,299.666235158989,298.5915332229061
22.757883682632762,1.5,303.54904128558223,299.66644158292354,298.5916960053908
22.761509281435156,1.5,303.54922630902354,299.6666479882212,298.5918587972752
22.76513488023755,1.5,303.5494113358647,299.66685437489303,298.59202159855045
22.768760479039944,1.5,303.5495963660984,299.6670607429501,298.5921844092074
22.772386077842338,1.5,303.5497813997176,299.66726709240316,298.59234722923725
22.776011676644732,1.5,303.54996643671495,299.66747342326335,298.59251005863086
22.779637275447126,1.5,303.55015147708343,299.66767973554147,298.5926728973794
22.78326287424952,1.5,303.5503365208158,299.66788602924845,298.5928357454738
22.786888473051913,1.5,303.5505215679049,299.6680923043953,298.5929986029052
22.790514071854307,1.5,303.5507066183436,299.6682985609928,298.5931614696646
22.7941396706567,1.5,303.5508916721248,299.66850479905185,298.59332434574316
22.797765269459095,1.5,303.5510767292412,299.6687110185834,298.5934872311318
22.80139086826149,1.5,303.55126178968567,299.66891721959826,298.59365012582174
22.805016467063883,1.5,303.55144685345124,299.66912340210735,298.5938130298039
22.808642065866277,1.5,303.55163192053067,299.6693295661216,298.59397594306955
22.81226766466867,1.5,303.55181699091685,299.6695357116517,298.59413886560964
22.815893263471065,1.5,303.5520020646027,299.66974183870855,298.5943017974153
22.81951886227346,1.5,303.552187141581,299.66994794730306,298.59446473847765
22.823144461075852,1.5,303.55237222184473,299.670154037446,298.59462768878774
22.826770059878246,1.5,303.5525573053868,299.67036010914825,298.5947906483368
22.83039565868064,1.5,303.5527423922001,299.67056616242064,298.5949536171159
22.834021257483034,1.5,303.5529274822776,299.6707721972738,298.5951165951161
22.837646856285428,1.5,303.5531125756121,299.6709782137187,298.5952795823286
22.84127245508782,1.5,303.5532976721966,299.67118421176605,298.5954425787446
22.844898053890216,1.5,303.5534827720241,299.6713901914266,298.59560558435504
22.84852365269261,1.5,303.55366787508734,299.67159615271123,298.5957685991513
22.852149251495003,1.5,303.5538529813794,299.67180209563065,298.5959316231244
22.855774850297397,1.5,303.55403809089324,299.6720080201956,298.5960946562655
22.85940044909979,1.5,303.5542232036218,299.6722139264169,298.5962576985658
22.863026047902185,1.5,303.554408319558,299.6724198143051,298.59642075001653
22.86665164670458,1.5,303.55459343869484,299.67262568387116,298.5965838106087
22.870277245506973,1.5,303.55477856102516,299.6728315351257,298.59674688033374
22.873902844309367,1.5,303.5549636865421,299.6730373680794,298.59690995918265
22.87752844311176,1.5,303.5551488152386,299.6732431827431,298.59707304714675
22.881154041914154,1.5,303.5553339471077,299.67344897912733,298.59723614421716
22.88477964071655,1.5,303.55551908214227,299.6736547572429,298.5973992503851
22.888405239518942,1.5,303.55570422033543,299.6738605171004,298.5975623656418
22.892030838321336,1.5,303.5558893616801,299.6740662587107,298.5977254899784
22.89565643712373,1.5,303.55607450616935,299.6742719820843,298.5978886233863
22.899282035926124,1.5,303.5562596537962,299.67447768723184,298.59805176585667
22.902907634728518,1.5,303.55644480455356,299.674683374164,298.59821491738063
22.90653323353091,1.5,303.55662995843466,299.67488904289155,298.5983780779496
22.910158832333305,1.5,303.5568151154323,299.6750946934249,298.5985412475546
22.9137844311357,1.5,303.5570002755396,299.6753003257749,298.59870442618717
22.917410029938093,1.5,303.5571854387498,299.67550593995213,298.5988676138383
22.921035628740487,1.5,303.5573706050557,299.6757115359671,298.59903081049947
22.92466122754288,1.5,303.5575557744505,299.6759171138304,298.59919401616185
22.928286826345275,1.5,303.55774094692725,299.6761226735528,298.59935723081674
22.93191242514767,1.5,303.557926122479,299.6763282151447,298.5995204544554
22.935538023950063,1.5,303.55811130109873,299.6765337386168,298.59968368706916
22.939163622752456,1.5,303.5582964827796,299.6767392439796,298.5998469286493
22.94278922155485,1.5,303.55848166751474,299.67694473124374,298.60001017918717
22.946414820357244,1.5,303.5586668552972,299.6771502004197,298.60017343867395
22.950040419159638,1.5,303.5588520461201,299.67735565151804,298.60033670710106
22.953666017962032,1.5,303.5590372399765,299.6775610845494,298.6004999844598
22.957291616764426,1.5,303.5592224368595,299.6777664995242,298.6006632707415
22.96091721556682,1.5,303.55940763676233,299.6779718964531,298.6008265659375
22.964542814369214,1.5,303.559592839678,299.67817727534634,298.6009898700391
22.968168413171608,1.5,303.5597780455996,299.6783826362147,298.60115318303764
22.971794011974,1.5,303.5599632545204,299.67858797906865,298.6013165049245
22.975419610776395,1.5,303.5601484664335,299.6787933039185,298.6014798356911
22.97904520957879,1.5,303.56033368133194,299.67899861077495,298.60164317532866
22.982670808381183,1.5,303.56051889920894,299.6792038996484,298.60180652382866
22.986296407183577,1.5,303.5607041200577,299.67940917054926,298.6019698811824
22.98992200598597,1.5,303.56088934387134,299.67961442348815,298.60213324738135
22.993547604788365,1.5,303.561074570643,299.67981965847537,298.60229662241676
22.99717320359076,1.5,303.5612598003658,299.6800248755214,298.60246000628007
23.000798802393152,1.5,303.56144503303307,299.6802300746367,298.6026233989627
23.004424401195546,1.5,303.5616302686379,299.6804352558317,298.6027868004561
23.00804999999794,1.5,303.5618155071735,299.68064041911686,298.6029502107516
23.011675598800334,1.5,303.56200074863295,299.6808455645025,298.6031136298406
23.015301197602728,1.5,303.5621859930097,299.6810506919991,298.60327705771465
23.018926796405122,1.5,303.56237124029667,299.68125580161706,298.603440494365
23.022552395207516,1.5,303.56255649048734,299.68146089336676,298.6036039397831
23.02617799400991,1.5,303.56274174357475,299.68166596725854,298.6037673939605
23.029803592812303,1.5,303.5629269995522,299.6818710233029,298.60393085688867
23.033429191614697,1.5,303.56311225841284,299.6820760615101,298.60409432855886
23.03705479041709,1.5,303.56329752015,299.68228108189055,298.6042578089627
23.040680389219485,1.5,303.56348278475684,299.6824860844545,298.6044212980916
23.04430598802188,1.5,303.56366805222666,299.6826910692125,298.60458479593694
23.047931586824273,1.5,303.5638533225527,299.68289603617467,298.6047483024903
23.051557185626667,1.5,303.5640385957282,299.6831009853514,298.60491181774313
23.05518278442906,1.5,303.56422387174644,299.68330591675317,298.6050753416868
23.058808383231455,1.5,303.5644091506006,299.68351083039016,298.60523887431293
