0,1,2,3,4
0.0,0.0,296.15,296.15,296.15
0.003625598802395209,0.0,296.15004606172266,296.15004606172266,296.15004606172266
0.007251197604790418,0.0,296.15009212238454,296.15009212238454,296.15009212238454
0.010876796407185627,0.0,296.1501381819856,296.1501381819856,296.1501381819856
0.014502395209580837,0.0,296.15018424052585,296.15018424052585,296.15018424052585
0.018127994011976047,0.0,296.15023029800534,296.15023029800534,296.15023029800534
0.021753592814371257,0.0,296.1502763544241,296.1502763544241,296.1502763544241
0.025379191616766467,0.0,296.1503224097821,296.1503224097821,296.1503224097821
0.029004790419161677,0.0,296.15036846407946,296.15036846407946,296.15036846407946
0.03263038922155689,0.0,296.1504145173161,296.1504145173161,296.1504145173161
0.03625598802395209,0.0,296.1504605694921,296.1504605694921,296.1504605694921
0.0398815868263473,0.0,296.15050662060753,296.15050662060753,296.1505066206418
0.043507185628742506,0.0,296.1505526706623,296.1505526706623,296.15055267089355
0.04713278443113771,0.0,296.15059871965656,296.15059871965656,296.1505987205302
0.05075838323353292,0.0,296.1506447675902,296.1506447675903,296.1506447700296
0.054383982035928126,0.0,296.15069081446336,296.15069081446376,296.150690820081
0.05800958083832333,0.0,296.1507368602761,296.15073686027824,296.15073687157775
0.06163517964071854,0.0,296.1507829050285,296.1507829050377,296.15078292559235
0.06526077844311375,0.0,296.15082894872154,296.1508289487535,296.15082898334265
0.06888637724550896,0.0,296.1508749913569,296.15087499145204,296.150875046152
0.07251197604790417,0.0,296.1509210329385,296.15092103318995,296.1509211154106
0.07613757485029939,0.0,296.15096707347357,296.15096707407594,296.1509671925389
0.0797631736526946,0.0,296.15101311297354,296.1510131143041,296.1510132789559
0.08338877245508981,0.0,296.15105915145597,296.1510591541994,296.1510593760519
0.08701437125748503,0.0,296.151105188946,296.15110519427765,296.15110548516765
0.09063997005988024,0.0,296.15115122547746,296.1511512353202,296.15115160757716
0.09426556886227545,0.0,296.151197261094,296.1511972784649,296.15119774447567
0.09789116766467067,0.0,296.1512432958506,296.15124332531195,296.1512438969716
0.10151676646706588,0.0,296.1512893298137,296.1512893780443,296.15129006608106
0.1051423652694611,0.0,296.1513353630622,296.15133543956017,296.1513362527257
0.10876796407185631,0.0,296.1513813956871,296.1513815136169,296.1513824577325
0.11239356287425152,0.0,296.15142742779216,296.151427604981,296.15142868183494
0.11601916167664673,0.0,296.15147345949276,296.15147371958375,296.15147492567587
0.11964476047904195,0.0,296.15151949091626,296.151519864678,296.151521189811
0.12327035928143716,0.0,296.15156552220077,296.15156604899295,296.15156747471275
0.12689595808383236,0.0,296.15161155349466,296.151612282884,296.15161378077585
0.13052155688622757,0.0,296.15165758495556,296.15165857847535,296.1516601083212
0.1341471556886228,0.0,296.15170361674944,296.1517049497913,296.1517064576016
0.137772754491018,0.0,296.15174964904946,296.15175141287585,296.15175282880637
0.14139835329341321,0.0,296.1517956820351,296.1517979858966,296.15179922206653
0.14502395209580843,0.0,296.151841715891,296.15184468923366,296.1518456374595
0.14864955089820364,0.0,296.15188775080605,296.15189154555003,296.1518920750136
0.15227514970059886,0.0,296.15193378697217,296.15193857984553,296.1519385347128
0.15590074850299407,0.0,296.1519798245835,296.1519858194909,296.15198501650053
0.15952634730538928,0.0,296.15202586383543,296.1520332942449,296.1520315202837
0.1631519461077845,0.0,296.1520719049238,296.15208103625264,296.15207804593626
0.1667775449101797,0.0,296.1521179480439,296.15212908002684,296.15212459330286
0.17040314371257492,0.0,296.1521639933899,296.15217746241234,296.1521711622018
0.17402874251497014,0.0,296.1522100411541,296.15222622253486,296.15221775242804
0.17765434131736535,0.0,296.1522560915262,296.1522754017359,296.1522643637561
0.18127994011976056,0.0,296.15230214469307,296.1523250434935,296.15231099594206
0.18490553892215578,0.0,296.1523482008379,296.1523751933319,296.1523576487263
0.188531137724551,0.0,296.1523942601396,296.15242589872,296.1524043218356
0.1921567365269462,0.0,296.15244032277315,296.15247720896116,296.15245101498476
0.19578233532934142,0.0,296.15248638890847,296.1525291750747,296.1524977278785
0.19940793413173663,0.0,296.1525324587106,296.15258184967144,296.15254446021316
0.20303353293413184,0.0,296.1525785323392,296.15263528682397,296.15259121167804
0.20665913173652706,0.0,296.1526246099486,296.1526895419327,296.1526379819568
0.21028473053892227,0.0,296.1526706916874,296.15274467158986,296.15268477072834
0.21391032934131748,0.0,296.15271677769846,296.1528007334407,296.15273157766853
0.2175359281437127,0.0,296.152762868119,296.1528577860456,296.15277840245056
0.2211615269461079,0.0,296.1528089630802,296.1529158887416,296.15282524474605
0.22478712574850312,0.0,296.1528550627072,296.1529751015048,296.152872104226
0.22841272455089834,0.0,296.1529011671196,296.1530354848159,296.15291898056114
0.23203832335329355,0.0,296.15294727643067,296.1530970995274,296.15296587342306
0.23566392215568877,0.0,296.1529933907483,296.1531600067339,296.15301278248427
0.23928952095808398,0.0,296.1530395101742,296.15322426764743,296.1530597074191
0.2429151197604792,0.0,296.1530856348046,296.1532899434753,296.1531066479039
0.2465407185628744,0.0,296.1531317647299,296.15335709530353,296.15315360361745
0.2501663173652696,0.0,296.1531779000352,296.15342578398514,296.1532005742416
0.25379191616766483,0.0,296.1532240407999,296.1534960700329,296.1532475594614
0.25741751497006005,0.0,296.1532701870984,296.1535680135181,296.1532945589652
0.26104311377245526,0.0,296.1533163389998,296.1536416739742,296.153341572445
0.2646687125748505,0.0,296.153362496568,296.15371711030616,296.15338859959695
0.2682943113772457,0.0,296.1534086598622,296.1537943807054,296.15343564012113
0.2719199101796409,0.0,296.1534548289367,296.15387354257024,296.1534826937217
0.2755455089820361,0.0,296.15350100384126,296.15395465243165,296.1535297601075
0.2791711077844313,0.0,296.1535471846211,296.15403776588477,296.1535768389917
0.28279670658682654,0.0,296.15359337131713,296.1541229375256,296.1536239300917
0.28642230538922175,0.0,296.1536395639661,296.1542102208931,296.15367103313
0.29004790419161697,0.0,296.1536857626006,296.1542996684162,296.1537181478336
0.2936735029940122,0.0,296.15373196724954,296.15439133136584,296.15376527393414
0.2972991017964074,0.0,296.1537781779379,296.15448525981213,296.153812411168
0.3009247005988026,0.0,296.1538243946871,296.1545815025856,296.1538595592763
0.3045502994011978,0.0,296.15387061751517,296.15468010724356,296.15390671800503
0.30817589820359303,0.0,296.1539168464368,296.1547811200404,296.15395388710476
0.31180149700598825,0.0,296.15396308146336,296.15488458590204,296.154001066331
0.31542709580838346,0.0,296.15400932260343,296.15499054840416,296.1540482554437
0.3190526946107787,0.0,296.1540555698624,296.1550990497545,296.15409545420766
0.3226782934131739,0.0,296.1541018232432,296.1552101307786,296.1541426623925
0.3263038922155691,0.0,296.15414808274585,296.1553238309086,296.154189879772
0.3299294910179643,0.0,296.1541943483678,296.15544018817565,296.1542371061249
0.33355508982035953,0.0,296.1542406201045,296.15555923920465,296.1542843412345
0.33718068862275474,0.0,296.15428689794857,296.15568101921264,296.1543315848882
0.34080628742514996,0.0,296.15433318189093,296.1558055620092,296.1543788368782
0.34443188622754517,0.0,296.1543794719202,296.15593289999924,296.15442609700085
0.3480574850299404,0.0,296.1544257680229,296.15606306418863,296.15447336505684
0.3516830838323356,0.0,296.1544720701841,296.1561960841912,296.1545206408513
0.3553086826347308,0.0,296.15451837838674,296.15633198823843,296.15456792419326
0.358934281437126,0.0,296.1545646926123,296.15647080319053,296.1546152148961
0.36255988023952124,0.0,296.15461101284075,296.15661255454904,296.15466251277724
0.36618547904191645,0.0,296.15465733905046,296.1567572664715,296.154709817658
0.36981107784431166,0.0,296.15470367121844,296.15690496178695,296.15475712936376
0.3734366766467069,0.0,296.1547500093205,296.1570556620131,296.15480444772373
0.3770622754491021,0.0,296.1547963533311,296.1572093873744,296.15485177257096
0.3806878742514973,0.0,296.1548427032238,296.1573661568213,296.1548991037422
0.3843134730538925,0.0,296.15488905897064,296.15752598805057,296.1549464410781
0.38793907185628773,0.0,296.15493542054327,296.15768889752576,296.15499378442263
0.39156467065868295,0.0,296.154981787912,296.1578549004995,296.1550411336235
0.39519026946107816,0.0,296.1550281610464,296.1580240110355,296.1550884885321
0.39881586826347337,0.0,296.15507453991535,296.15819624203135,296.15513584900293
0.4024414670658686,0.0,296.1551209244868,296.15837160524234,296.1551832148941
0.4060670658682638,0.0,296.1551673147282,296.15855011130463,296.1552305860672
0.409692664670659,0.0,296.15521371060646,296.1587317697599,296.1552779623868
0.4133182634730542,0.0,296.15526011208766,296.1589165890796,296.15532534372085
0.41694386227544944,0.0,296.1553065191376,296.159104576689,296.15537272994055
0.42056946107784465,0.0,296.15535293172144,296.1592957389926,296.1554201209201
0.42419505988023987,0.0,296.15539934980416,296.1594900813988,296.1554675165368
0.4278206586826351,0.0,296.15544577335027,296.15968760834437,296.1555149166711
0.4314462574850303,0.0,296.15549220232384,296.15988832331965,296.1555623212064
0.4350718562874255,0.0,296.15553863668873,296.16009222889323,296.1556097300289
0.4386974550898207,0.0,296.1555850764087,296.16029932673666,296.15565714302784
0.44232305389221593,0.0,296.1556315214471,296.1605096176492,296.1557045600953
0.44594865269461115,0.0,296.15567797176726,296.1607231015821,296.1557519811262
0.44957425149700636,0.0,296.15572442733225,296.1609397776628,296.1557994060181
0.4531998502994016,0.0,296.1557708881051,296.1611596442193,296.1558468346716
0.4568254491017968,0.0,296.15581735404874,296.16138269880366,296.1558942669897
0.460451047904192,0.0,296.15586382512606,296.16160893821564,296.15594170287835
0.4640766467065872,0.0,296.1559103012999,296.16183835852604,296.15598914224586
0.46770224550898243,0.0,296.1559567825332,296.1620709550997,296.15603658500356
0.47132784431137764,0.0,296.1560032687888,296.16230672261815,296.15608403106506
0.47495344311377286,0.0,296.1560497600299,296.16254565510167,296.1561314803467
0.47857904191616807,0.0,296.1560962562192,296.16278774593195,296.1561789327673
0.4822046407185633,0.0,296.15614275732014,296.16303298787295,296.15622638824834
0.4858302395209585,0.0,296.15618926329574,296.1632813730928,296.15627384671376
0.4894558383233537,0.0,296.15623577410963,296.16353289318425,296.15632130808996
0.4930814371257489,0.0,296.1562822897252,296.1637875391856,296.1563687723059
0.49670703592814414,0.0,296.15632881010623,296.16404530160054,296.156416239293
0.5003326347305393,0.0,296.15637533521664,296.1643061704181,296.1564637089852
0.5039582335329346,0.0,296.15642186502066,296.16457013513195,296.1565111813189
0.5075838323353298,0.0,296.15646839948255,296.1648371847592,296.1565586562329
0.511209431137725,0.0,296.15651493856694,296.16510730785933,296.15660613366856
0.5148350299401202,0.0,296.15656148223866,296.16538049255206,296.1566536135696
0.5184606287425154,0.0,296.1566080304628,296.16565672653525,296.1567010958823
0.5220862275449106,0.0,296.1566545832048,296.1659359971023,296.1567485805553
0.5257118263473058,0.0,296.1567011404302,296.1662182911589,296.15679606753974
0.5293374251497011,0.0,296.1567477021051,296.16650359524004,296.15684355678934
0.5329630239520963,0.0,296.1567942681958,296.16679189552565,296.1568910482602
0.5365886227544915,0.0,296.15684083866887,296.1670831778569,296.1569385419108
0.5402142215568867,0.0,296.1568874134912,296.1673774277514,296.1569860377024
0.5438398203592819,0.0,296.1569339926301,296.1676746304181,296.15703353559843
0.5474654191616771,0.0,296.1569805760534,296.16797477077205,296.15708103556517
0.5510910179640723,0.0,296.1570271637288,296.1682778334487,296.15712853757117
0.5547166167664676,0.0,296.1570737556248,296.16858380281775,296.1571760415877
0.5583422155688628,0.0,296.15712035171026,296.16889266299654,296.1572235475886
0.561967814371258,0.0,296.1571669519542,296.16920439786355,296.15727105555027
0.5655934131736532,0.0,296.1572135563262,296.16951899107085,296.15731856545153
0.5692190119760484,0.0,296.15726016479624,296.16983642605663,296.1573660772742
0.5728446107784436,0.0,296.1573067773346,296.17015668605757,296.15741359100247
0.5764702095808388,0.0,296.1573533939123,296.1704797541201,296.1574611066234
0.580095808383234,0.0,296.1574000145003,296.17080561311246,296.15750862412654
0.5837214071856293,0.0,296.15744663907043,296.17113424573523,296.1575561435043
0.5873470059880245,0.0,296.15749326759476,296.1714656345323,296.15760366475183
0.5909726047904197,0.0,296.15753990004595,296.1717997619015,296.15765118786715
0.5945982035928149,0.0,296.157586536397,296.17213661010464,296.1576987128509
0.5982238023952101,0.0,296.15763317662146,296.1724761612772,296.1577462397067
0.6018494011976053,0.0,296.1576798206934,296.17281839743794,296.157793768441
0.6054750000000005,0.0,296.1577264685872,296.1731633004984,296.15784129906325
0.6091005988023958,0.0,296.15777312027797,296.17351085227153,296.1578888315856
0.612726197604791,0.0,296.1578197757412,296.1738610344804,296.15793636602325
0.6163517964071862,0.0,296.15786643495295,296.174213828767,296.1579839023945
0.6199773952095814,0.0,296.1579130978898,296.1745692166998,296.15803144072066
0.6236029940119766,0.0,296.15795976452875,296.1749271797821,296.15807898102594
0.6272285928143718,0.0,296.1580064348477,296.1752876994594,296.15812652333784
0.630854191616767,0.0,296.15805310882473,296.1756507571267,296.15817406768673
0.6344797904191622,0.0,296.1580997864386,296.17601633413597,296.1582216141064
0.6381053892215575,0.0,296.1581464676687,296.17638441180264,296.15826916263376
0.6417309880239527,0.0,296.1581931524951,296.1767549714127,296.1583167133087
0.6453565868263479,0.0,296.15823984089815,296.17712799422856,296.1583642661747
0.6489821856287431,0.0,296.1582865328591,296.1775034614955,296.15841182127843
0.6526077844311383,0.0,296.1583332283597,296.17788135444806,296.1584593786697
0.6562333832335335,0.0,296.1583799273825,296.1782616543152,296.1585069384019
0.6598589820359287,0.0,296.15842662991037,296.1786443423261,296.1585545005316
0.663484580838324,0.0,296.1584733359271,296.17902939971566,296.15860206511894
0.6671101796407192,0.0,296.15852004541705,296.1794168077296,296.1586496322274
0.6707357784431144,0.0,296.15856675836517,296.17980654762925,296.15869720192427
0.6743613772455096,0.0,296.1586134747572,296.18019860069654,296.15874477427974
0.6779869760479048,0.0,296.1586601945797,296.1805929482388,296.15879234936807
0.6816125748503,0.0,296.1587069178196,296.1809895715927,296.1588399272669
0.6852381736526952,0.0,296.1587536444649,296.18138845212894,296.15888750805743
0.6888637724550905,0.0,296.1588003745041,296.1817895712562,296.1589350918246
0.6924893712574857,0.0,296.15884710792653,296.1821929104252,296.158982678657
0.6961149700598809,0.0,296.1588938447223,296.18259845113226,296.15903026864686
0.6997405688622761,0.0,296.1589405848822,296.18300617492315,296.15907786189007
0.7033661676646713,0.0,296.1589873283979,296.1834160633964,296.15912545848636
0.7069917664670665,0.0,296.159034075262,296.18382809820685,296.1591730585391
0.7106173652694617,0.0,296.1590808254675,296.18424226106873,296.1592206621558
0.714242964071857,0.0,296.1591275790086,296.1846585337587,296.1592682694474
0.7178685628742522,0.0,296.15917433588015,296.18507689811884,296.159315880529
0.7214941616766474,0.0,296.159221096078,296.1854973360593,296.15936349551913
0.7251197604790426,0.0,296.15926785959874,296.1859198295614,296.1594111145408
0.7287453592814378,0.0,296.1593146264398,296.18634436067964,296.15945873772034
0.732370958083833,0.0,296.1593613965997,296.1867709115446,296.1595063651886
0.7359965568862282,0.0,296.15940817007765,296.187199464365,296.15955399707985
0.7396221556886234,0.0,296.1594549468739,296.1876300014299,296.1596016335327
0.7432477544910187,0.0,296.1595017269896,296.18806250511125,296.15964927468957
0.7468733532934139,0.0,296.15954851042693,296.18849695786514,296.159696920697
0.7504989520958091,0.0,296.15959529718896,296.1889333422344,296.15974457170546
0.7541245508982043,0.0,296.1596420872796,296.1893716408501,296.1597922278695
0.7577501497005995,0.0,296.1596888807041,296.1898118364332,296.1598398893476
0.7613757485029947,0.0,296.15973567746846,296.19025391179633,296.15988755630264
0.7650013473053899,0.0,296.15978247757965,296.19069784984544,296.15993522890125
0.7686269461077851,0.0,296.1598292810459,296.19114363358074,296.1599829073143
0.7722525449101804,0.0,296.1598760878763,296.19159124609877,296.16003059171675
0.7758781437125756,0.0,296.1599228980811,296.19204067059314,296.16007828228766
0.7795037425149708,0.0,296.1599697116717,296.19249189035594,296.16012597921
0.783129341317366,0.0,296.16001652866044,296.19294488877887,296.1601736826713
0.7867549401197612,0.0,296.1600633490609,296.19339964935426,296.160221392863
0.7903805389221564,0.0,296.16011017288764,296.19385615567614,296.1602691099805
0.7940061377245516,0.0,296.1601570001565,296.1943143914411,296.16031683422364
0.7976317365269469,0.0,296.1602038308844,296.19477434044904,296.16036456579616
0.8012573353293421,0.0,296.1602506650895,296.19523598660425,296.1604123049062
0.8048829341317373,0.0,296.160297502791,296.1956993139158,296.16046005176577
0.8085085329341325,0.0,296.16034434400945,296.1961643064985,296.16050780659117
0.8121341317365277,0.0,296.1603911887666,296.1966309485732,296.160555569603
0.8157597305389229,0.0,296.16043803708527,296.19709922446776,296.16060334102565
0.8193853293413181,0.0,296.16048488898974,296.1975691186171,296.16065112108794
0.8230109281437133,0.0,296.16053174450536,296.19804061556397,296.1606989100227
0.8266365269461086,0.0,296.16057860365885,296.1985136999592,296.160746708067
0.8302621257485038,0.0,296.1606254664782,296.1989883565622,296.1607945154618
0.833887724550899,0.0,296.16067233299265,296.199464570241,296.1608423324525
0.8375133233532942,0.0,296.1607192032328,296.19994232597287,296.16089015928833
0.8411389221556894,0.0,296.1607660772305,296.2004216088442,296.1609379962229
0.8447645209580846,0.0,296.1608129550191,296.20090240405074,296.16098584351363
0.8483901197604798,0.0,296.16085983663305,296.20138469689806,296.1610337014221
0.8520157185628751,0.0,296.1609067221084,296.2018684728012,296.16108157021415
0.8556413173652703,0.0,296.16095361148246,296.20235371728495,296.16112945015936
0.8592669161676655,0.0,296.16100050479383,296.2028404159839,296.1611773415317
0.8628925149700607,0.0,296.16104740208283,296.20332855464244,296.1612252446089
0.8665181137724559,0.0,296.1610943033908,296.2038181191144,296.16127315967276
0.8701437125748511,0.0,296.16114120876074,296.2043090953635,296.16132108700924
0.8737693113772463,0.0,296.1611881182371,296.20480146946284,296.16136902690806
0.8773949101796416,0.0,296.1612350318656,296.2052952275949,296.16141697966293
0.8810205089820368,0.0,296.1612819496936,296.20579035605135,296.1614649455717
0.884646107784432,0.0,296.16132887176985,296.20628684123295,296.16151292493595
0.8882717065868272,0.0,296.1613757981446,296.2067846696492,296.16156091806124
0.8918973053892224,0.0,296.1614227288696,296.2072838279181,296.161608925257
0.8955229041916176,0.0,296.161469663998,296.207784302766,296.16165694683644
0.8991485029940128,0.0,296.16151660358463,296.20828608102727,296.16170498311675
0.902774101796408,0.0,296.1615635476858,296.20878914964374,296.16175303441884
0.9063997005988033,0.0,296.1616104963592,296.209293495665,296.16180110106734
0.9100252994011985,0.0,296.1616574496643,296.2097991062472,296.161849183391
0.9136508982035937,0.0,296.16170440766194,296.2103059686533,296.16189728172174
0.9172764970059889,0.0,296.1617513704146,296.2108140702525,296.1619453963957
0.9209020958083841,0.0,296.16179833798634,296.2113233985198,296.16199352775243
0.9245276946107793,0.0,296.1618453104427,296.2118339410356,296.1620416761352
0.9281532934131745,0.0,296.161892287851,296.2123456854851,296.1620898418909
0.9317788922155698,0.0,296.16193927027996,296.2128586196582,296.1621380253701
0.935404491017965,0.0,296.1619862577999,296.21337273144866,296.16218622692685
0.9390300898203602,0.0,296.1620332504831,296.21388800885387,296.16223444691883
0.9426556886227554,0.0,296.16208024840296,296.21440443997415,296.1622826857071
0.9462812874251506,0.0,296.16212725163473,296.2149220130125,296.16233094365623
0.9499068862275458,0.0,296.1621742602554,296.21544071627363,296.1623792211344
0.953532485029941,0.0,296.16222127434355,296.215960538164,296.1624275185131
0.9571580838323362,0.0,296.16226829397925,296.2164814671908,296.162475836167
0.9607836826347315,0.0,296.16231531924427,296.2170034919617,296.16252417447447
0.9644092814371267,0.0,296.1623623502222,296.21752660118403,296.16257253381696
0.9680348802395219,0.0,296.1624093869982,296.2180507836645,296.16262091457935
0.9716604790419171,0.0,296.1624564296589,296.21857602830823,296.1626693171496
0.9752860778443123,0.0,296.16250347829305,296.2191023241187,296.1627177419191
0.9789116766467075,0.0,296.1625505329905,296.2196296601965,296.1627661892822
0.9825372754491027,0.0,296.1625975938434,296.22015802573935,296.1628146596366
0.986162874251498,0.0,296.16264466094503,296.22068741004097,296.16286315338283
0.9897884730538932,0.0,296.1626917343907,296.22121780249074,296.1629116709248
0.9934140718562884,0.0,296.16273881427736,296.22174919257327,296.16296021266936
0.9970396706586836,0.0,296.1627859007035,296.2222815698672,296.16300877902614
1.0006652694610787,0.0,296.1628329937694,296.2228149240451,296.16305737040807
1.004290868263474,0.0,296.1628800935772,296.2233492448727,296.16310598723067
1.0079164670658691,0.0,296.1629272002305,296.2238845222078,296.16315462991264
1.0115420658682643,0.0,296.1629743138347,296.2244207460005,296.1632032988753
1.0151676646706596,0.0,296.1630214344969,296.2249579062917,296.163251994543
1.0187932634730548,0.0,296.16306856232586,296.22549599321303,296.16330071734257
1.02241886227545,0.0,296.1631156974322,296.22603499698585,296.16334946770377
1.0260444610778452,0.0,296.16316283992813,296.22657490792074,296.1633982460591
1.0296700598802404,0.0,296.1632099899275,296.2271157164169,296.1634470528436
1.0332956586826356,0.0,296.16325714754606,296.2276574129612,296.1634958884949
1.0369212574850308,0.0,296.16330431290106,296.22819998812804,296.16354475345327
1.040546856287426,0.0,296.16335148611165,296.2287434325781,296.16359364816157
1.0441724550898213,0.0,296.1633986672987,296.2292877370581,296.163642573065
1.0477980538922165,0.0,296.1634458565845,296.2298328923999,296.16369152861137
1.0514236526946117,0.0,296.16349305409324,296.23037888952,296.16374051525077
1.055049251497007,0.0,296.16354025995093,296.2309257194189,296.16378953343576
1.0586748502994021,0.0,296.1635874742852,296.23147337318005,296.1638385836212
1.0623004491017973,0.0,296.16363469722523,296.2320218419697,296.1638876662643
1.0659260479041925,0.0,296.16368192890207,296.23257111703583,296.1639367818245
1.0695516467065878,0.0,296.1637291694484,296.2331211897079,296.16398593076326
1.073177245508983,0.0,296.1637764189987,296.2336720513957,296.1640351135446
1.0768028443113782,0.0,296.1638236776889,296.2342236935891,296.16408433063435
1.0804284431137734,0.0,296.1638709456569,296.2347761078571,296.16413358250054
1.0840540419161686,0.0,296.1639182230422,296.2353292858475,296.1641828696133
1.0876796407185638,0.0,296.16396550998576,296.2358832192859,296.1642321924448
1.091305239520959,0.0,296.1640128066305,296.23643789997504,296.16428155146895
1.0949308383233542,0.0,296.1640601131209,296.2369933197945,296.16433094716183
1.0985564371257495,0.0,296.1641074296032,296.2375494706999,296.1643803800014
1.1021820359281447,0.0,296.16415475622506,296.23810634472187,296.1644298504674
1.10580763473054,0.0,296.16420209313605,296.23866393396594,296.1644793590413
1.109433233532935,0.0,296.16424944048737,296.2392222306117,296.1645289062066
1.1130588323353303,0.0,296.1642967984317,296.239781226912,296.16457849244824
1.1166844311377255,0.0,296.1643441671235,296.24034091519246,296.1646281182531
1.1203100299401207,0.0,296.1643915467189,296.2409012878509,296.1646777841095
1.123935628742516,0.0,296.1644389373754,296.24146233735644,296.16472749050746
1.1275612275449112,0.0,296.16448633925256,296.24202405624925,296.16477723793867
1.1311868263473064,0.0,296.1645337525113,296.24258643713955,296.16482702689626
1.1348124251497016,0.0,296.16458117731406,296.2431494727071,296.1648768578749
1.1384380239520968,0.0,296.1646286138251,296.2437131557008,296.16492673137054
1.142063622754492,0.0,296.16467606221005,296.2442774789378,296.1649766478808
1.1456892215568872,0.0,296.1647235226364,296.2448424353029,296.16502660790457
1.1493148203592825,0.0,296.16477099527305,296.24540801774805,296.165076611942
1.1529404191616777,0.0,296.1648184802904,296.2459742192917,296.16512666049476
1.1565660179640729,0.0,296.1648659778607,296.2465410330183,296.1651767540655
1.160191616766468,0.0,296.1649134881574,296.2471084520772,296.1652268931583
1.1638172155688633,0.0,296.1649610113559,296.2476764696829,296.16527707827845
1.1674428143712585,0.0,296.16500854763274,296.2482450791138,296.16532730993214
1.1710684131736537,0.0,296.1650560971663,296.2488142737116,296.1653775886269
1.174694011976049,0.0,296.1651036601364,296.2493840468812,296.1654279148712
1.1783196107784442,0.0,296.16515123672434,296.2499543920896,296.16547828917476
1.1819452095808394,0.0,296.1651988271129,296.25052530286575,296.16552871204806
1.1855708083832346,0.0,296.16524643148637,296.25109677279954,296.16557918400264
1.1891964071856298,0.0,296.16529405003064,296.2516687955416,296.1656297055509
1.192822005988025,0.0,296.16534168293293,296.25224136480233,296.1656802772063
1.1964476047904202,0.0,296.16538933038214,296.25281447435196,296.16573089948304
1.2000732035928154,0.0,296.16543699256835,296.2533881180193,296.16578157289604
1.2036988023952107,0.0,296.1654846696832,296.2539622896916,296.1658322979612
1.2073244011976059,0.0,296.16553236192,296.25453698331387,296.1658830751949
1.210950000000001,0.0,296.16558006947315,296.2551121928883,296.1659339051146
1.2145755988023963,0.0,296.16562779253866,296.2556879124739,296.1659847882381
1.2182011976047915,0.0,296.1656755313138,296.2562641361856,296.1660357250841
1.2218267964071867,0.0,296.16572328599756,296.2568408581941,296.1660867161717
1.225452395209582,0.0,296.16577105679,296.2574180727251,296.1661377620207
1.2290779940119771,0.0,296.16581884389257,296.25799577405877,296.1661888631513
1.2327035928143724,0.0,296.16586664750827,296.25857395652935,296.16624002008444
1.2363291916167676,0.0,296.16591446784133,296.2591526145247,296.16629123334127
1.2399547904191628,0.0,296.1659623050974,296.2597317424853,296.1663425034435
1.243580389221558,0.0,296.1660101594834,296.2603113349045,296.1663938309133
1.2472059880239532,0.0,296.1660580312075,296.2608913863273,296.1664452162732
1.2508315868263484,0.0,296.16610592047937,296.2614718913503,296.1664966600459
1.2544571856287436,0.0,296.16615382750985,296.2620528446208,296.1665481627547
1.2580827844311389,0.0,296.16620175251114,296.26263424083703,296.1665997249229
1.261708383233534,0.0,296.1662496956966,296.2632160747466,296.16665134707415
1.2653339820359293,0.0,296.1662976572809,296.263798341147,296.16670302973233
1.2689595808383245,0.0,296.16634563748,296.2643810348844,296.16675477342153
1.2725851796407197,0.0,296.1663936365111,296.26496415085376,296.16680657866607
1.276210778443115,0.0,296.1664416545926,296.2655476839978,296.1668584459901
1.2798363772455101,0.0,296.16648969194404,296.266131629307,296.1669103759181
1.2834619760479054,0.0,296.1665377487863,296.2667159818188,296.16696236897457
1.2870875748503006,0.0,296.16658582534143,296.2673007366173,296.16701442568404
1.2907131736526958,0.0,296.1666339218325,296.2678858888327,296.167066546571
1.294338772455091,0.0,296.16668203848394,296.2684714336411,296.16711873215996
1.2979643712574862,0.0,296.16673017552125,296.26905736626355,296.1671709829754
1.3015899700598814,0.0,296.166778333171,296.26964368196604,296.16722329954166
1.3052155688622766,0.0,296.16682651166104,296.27023037605915,296.167275682383
1.3088411676646718,0.0,296.1668747112201,296.27081744389693,296.16732813202344
1.312466766467067,0.0,296.1669229320782,296.27140488087736,296.1673806489871
1.3160923652694623,0.0,296.16697117446654,296.2719926824411,296.1674332337975
1.3197179640718575,0.0,296.16701943861705,296.27258084407174,296.1674858869784
1.3233435628742527,0.0,296.167067724763,296.27316936129495,296.16753860905305
1.326969161676648,0.0,296.1671160331386,296.27375822967804,296.16759140054427
1.3305947604790431,0.0,296.1671643639792,296.27434744482997,296.167644261975
1.3342203592814383,0.0,296.16721271752107,296.27493700240046,296.1676971938676
1.3378459580838336,0.0,296.1672610940015,296.2755268980798,296.167750196744
1.3414715568862288,0.0,296.1673094936587,296.27611712759847,296.16780327112593
1.345097155688624,0.0,296.1673579167321,296.27670768672664,296.16785641753467
1.3487227544910192,0.0,296.1674063634618,296.27729857127395,296.16790963649106
1.3523483532934144,0.0,296.16745483408914,296.2778897770888,296.1679629285155
1.3559739520958096,0.0,296.1675033288562,296.27848130005816,296.16801629412794
1.3595995508982048,0.0,296.167551848006,296.27907313610757,296.16806973384774
1.3632251497006,0.0,296.1676003917826,296.2796652811998,296.16812324819387
1.3668507485029953,0.0,296.1676489604308,296.2802577313354,296.16817683768465
1.3704763473053905,0.0,296.16769755419665,296.2808504825518,296.16823050283796
1.3741019461077857,0.0,296.16774617332646,296.2814435309232,296.16828424417093
1.377727544910181,0.0,296.16779481806793,296.28203687256007,296.1683380622002
1.3813531437125761,0.0,296.1678434886694,296.28263050360886,296.16839195744166
1.3849787425149713,0.0,296.16789218538,296.28322442025143,296.16844593041077
1.3886043413173665,0.0,296.16794090844985,296.28381861870514,296.16849998162206
1.3922299401197618,0.0,296.1679896581298,296.28441309522196,296.16855411158963
1.395855538922157,0.0,296.1680384346713,296.28500784608855,296.1686083208265
1.3994811377245522,0.0,296.1680872383269,296.28560286762564,296.1686626098453
1.4031067365269474,0.0,296.16813606934966,296.2861981561879,296.1687169791577
1.4067323353293426,0.0,296.16818492799365,296.2867937081633,296.16877142927467
1.4103579341317378,0.0,296.1682338145134,296.28738951997326,296.16882596070644
1.413983532934133,0.0,296.16828272916445,296.28798558807176,296.1688805739623
1.4176091317365282,0.0,296.1683316722027,296.2885819089454,296.1689352695508
1.4212347305389235,0.0,296.1683806438852,296.2891784791129,296.16899004797943
1.4248603293413187,0.0,296.1684296444693,296.2897752951248,296.1690449097552
1.428485928143714,0.0,296.1684786742132,296.2903723535633,296.1690998553838
1.432111526946109,0.0,296.16852773337575,296.2909696510417,296.16915488537035
1.4357371257485043,0.0,296.1685768222164,296.2915671842041,296.16921000021887
1.4393627245508995,0.0,296.16862594099524,296.2921649497254,296.1692652004324
1.4429883233532947,0.0,296.168675089973,296.2927629443107,296.1693204865131
1.44661392215569,0.0,296.16872426941114,296.293361164695,296.16937585896216
1.4502395209580852,0.0,296.16877347957154,296.293959607643,296.16943131827975
1.4538651197604804,0.0,296.16882272071655,296.2945582699489,296.16948686496505
1.4574907185628756,0.0,296.1688719931096,296.29515714843586,296.1695424995161
1.4611163173652708,0.0,296.168921297014,296.2957562399558,296.16959822243007
1.464741916167666,0.0,296.16897063269414,296.2963555413891,296.1696540342029
1.4683675149700612,0.0,296.16902000041466,296.2969550496447,296.1697099353296
1.4719931137724565,0.0,296.1690694004408,296.29755476165906,296.16976592630397
1.4756187125748517,0.0,296.1691188330382,296.29815467439647,296.16982200761885
1.4792443113772469,0.0,296.1691682984733,296.29875478484865,296.1698781797657
1.482869910179642,0.0,296.1692177970126,296.29935509003434,296.16993444323515
1.4864955089820373,0.0,296.1692673289234,296.2999555869992,296.16999079851644
1.4901211077844325,0.0,296.1693168944733,296.3005562728152,296.1700472460978
1.4937467065868277,0.0,296.1693664939303,296.3011571445809,296.17010378646626
1.497372305389223,0.0,296.16941612756284,296.3017581994208,296.17016042010755
1.5009979041916182,0.0,296.1694657956399,296.30235943448525,296.17021714750626
1.5046235029940134,0.0,296.1695154984307,296.3029608469499,296.17027396914585
1.5082491017964086,0.0,296.16956523620513,296.3035624340158,296.1703308855084
1.5118747005988038,0.0,296.16961500923304,296.30416419290907,296.1703878970749
1.515500299401199,0.0,296.1696648177849,296.3047661208805,296.17044500432485
1.5191258982035942,0.0,296.1697146621315,296.3053682152054,296.1705022077368
1.5227514970059894,0.0,296.16976454254404,296.3059704731834,296.1705595077877
1.5263770958083847,0.0,296.16981445929383,296.3065728921381,296.1706169049535
1.5300026946107799,0.0,296.16986441265277,296.3071754694169,296.1706743997086
1.533628293413175,0.0,296.1699144028928,296.30777820239075,296.1707319925263
1.5372538922155703,0.0,296.16996443028637,296.308381088454,296.1707896838784
1.5408794910179655,0.0,296.170014495106,296.308984125024,296.1708474742355
1.5445050898203607,0.0,296.17006459762473,296.3095873095409,296.1709053640666
1.548130688622756,0.0,296.1701147381155,296.3101906394677,296.1709633538397
1.5517562874251511,0.0,296.17016491685195,296.3107941122895,296.1710214440212
1.5553818862275464,0.0,296.1702151341074,296.3113977255138,296.17107963507624
1.5590074850299416,0.0,296.17026539015603,296.31200147667,296.17113792746835
1.5626330838323368,0.0,296.17031568527165,296.3126053633093,296.17119632166003
1.566258682634732,0.0,296.1703660197286,296.3132093830042,296.171254818112
1.5698842814371272,0.0,296.1704163938013,296.313813533349,296.17131341728384
1.5735098802395224,0.0,296.1704668077643,296.3144178119585,296.1713721196336
1.5771354790419176,0.0,296.1705172618923,296.3150222164689,296.1714309256178
1.5807610778443129,0.0,296.1705677564604,296.31562674453676,296.1714898356917
1.584386676646708,0.0,296.17061829174344,296.3162313938393,296.17154885030897
1.5880122754491033,0.0,296.1706688680168,296.31683616207397,296.17160796992187
1.5916378742514985,0.0,296.1707194855556,296.3174410469584,296.17166719498124
1.5952634730538937,0.0,296.17077014463524,296.3180460462299,296.17172652593626
1.598889071856289,0.0,296.1708208455313,296.31865115764555,296.171785963235
1.6025146706586841,0.0,296.1708715885193,296.3192563789822,296.17184550732355
1.6061402694610794,0.0,296.1709223738748,296.31986170803555,296.17190515864695
1.6097658682634746,0.0,296.1709732018736,296.32046714262066,296.1719649176484
1.6133914670658698,0.0,296.1710240727914,296.32107268057155,296.1720247847698
1.617017065868265,0.0,296.17107498690393,296.32167831974095,296.1720847604514
1.6206426646706602,0.0,296.1711259444871,296.32228405800015,296.17214484513204
1.6242682634730554,0.0,296.17117694581674,296.32288989323877,296.17220503924887
1.6278938622754506,0.0,296.1712279911686,296.3234958233646,296.17226534323777
1.6315194610778458,0.0,296.1712790808187,296.3241018463037,296.17232575753275
1.635145059880241,0.0,296.1713302150426,296.32470795999956,296.1723862825665
1.6387706586826363,0.0,296.1713813941162,296.32531416241375,296.17244691877005
1.6423962574850315,0.0,296.17143261831535,296.325920451525,296.1725076665728
1.6460218562874267,0.0,296.1714838879157,296.3265268253296,296.1725685264028
1.649647455089822,0.0,296.17153520319295,296.32713328184093,296.17262949868643
1.6532730538922171,0.0,296.1715865644226,296.32773981908946,296.17269058384835
1.6568986526946123,0.0,296.1716379718803,296.32834643512217,296.1727517823118
1.6605242514970076,0.0,296.1716894258414,296.328953128003,296.17281309449845
1.6641498502994028,0.0,296.1717409265812,296.32955989581245,296.17287452082815
1.667775449101798,0.0,296.17179247437514,296.3301667366471,296.1729360617194
1.6714010479041932,0.0,296.1718440694981,296.33077364861975,296.17299771758894
1.6750266467065884,0.0,296.17189571222525,296.3313806298595,296.1730594888521
1.6786522455089836,0.0,296.17194740283145,296.3319876785111,296.17312137592234
1.6822778443113788,0.0,296.1719991415914,296.33259479273505,296.1731833792117
1.685903443113774,0.0,296.17205092877964,296.3332019707074,296.1732454991304
1.6895290419161693,0.0,296.1721027646707,296.33380921061973,296.1733077360874
1.6931546407185645,0.0,296.1721546495387,296.3344165106788,296.17337009048964
1.6967802395209597,0.0,296.1722065836577,296.3350238691064,296.1734325627426
1.700405838323355,0.0,296.17225856730175,296.33563128413954,296.17349515325014
1.7040314371257501,0.0,296.1723106007444,296.33623875403,296.17355786241444
1.7076570359281453,0.0,296.1723626842592,296.33684627704395,296.17362069063614
1.7112826347305405,0.0,296.17241481811936,296.33745385146256,296.173683638314
1.7149082335329358,0.0,296.1724670025979,296.3380614755812,296.1737467058454
1.718533832335331,0.0,296.1725192379677,296.3386691477094,296.17380989362596
1.7221594311377262,0.0,296.17257152450134,296.3392768661711,296.1738732020496
1.7257850299401214,0.0,296.172623862471,296.33988462930404,296.1739366315087
1.7294106287425166,0.0,296.17267625214896,296.34049243545985,296.17400018239385
1.7330362275449118,0.0,296.17272869380685,296.34110028300404,296.1740638550941
1.736661826347307,0.0,296.1727811877162,296.3417081703156,296.17412764999676
1.7402874251497022,0.0,296.17283373414836,296.342316095787,296.1741915674876
1.7439130239520975,0.0,296.1728863333742,296.3429240578241,296.1742556079505
1.7475386227544927,0.0,296.17293898566436,296.3435320548461,296.1743197717679
1.751164221556888,0.0,296.17299169128927,296.3441400852851,296.1743840593204
1.754789820359283,0.0,296.1730444505188,296.3447481475863,296.1744484709871
1.7584154191616783,0.0,296.1730972636228,296.34535624020765,296.17451300714526
1.7620410179640735,0.0,296.1731501308706,296.34596436161996,296.1745776681705
1.7656666167664687,0.0,296.1732030525313,296.3465725103067,296.174642454437
1.769292215568864,0.0,296.17325602887354,296.3471806847636,296.1747073663169
1.7729178143712592,0.0,296.17330906016565,296.34778888349905,296.1747724041809
1.7765434131736544,0.0,296.17336214667563,296.34839710503337,296.1748375683979
1.7801690119760496,0.0,296.1734152886711,296.3490053478994,296.1749028593353
1.7837946107784448,0.0,296.1734684864194,296.3496136106417,296.1749682773586
1.78742020958084,0.0,296.1735217401872,296.35022189181706,296.1750338228318
1.7910458083832352,0.0,296.1735750502411,296.3508301899937,296.17509949611707
1.7946714071856305,0.0,296.1736284168471,296.3514385037519,296.17516529757495
1.7982970059880257,0.0,296.17368184027083,296.3520468316834,296.17523122756444
1.8019226047904209,0.0,296.1737353207778,296.3526551723914,296.1752972864427
1.805548203592816,0.0,296.1737888586325,296.3532635244904,296.1753634745652
1.8091738023952113,0.0,296.17384245409966,296.35387188660627,296.1754297922858
1.8127994011976065,0.0,296.17389610744306,296.3544802573761,296.1754962399566
1.8164250000000017,0.0,296.17394981892636,296.35508863544794,296.17556281792815
1.820050598802397,0.0,296.1740035888126,296.3556970194809,296.17562952654924
1.8236761976047922,0.0,296.1740574173645,296.35630540814475,296.17569636616696
1.8273017964071874,0.0,296.1741113048442,296.3569138001204,296.1757633371268
1.8309273952095826,0.0,296.17416525151344,296.35752219409903,296.1758304397723
1.8345529940119778,0.0,296.1742192576336,296.35813058878256,296.17589767444576
1.838178592814373,0.0,296.1742733234653,296.3587389828833,296.1759650414875
1.8418041916167682,0.0,296.17432744926896,296.3593473751241,296.17603254123605
1.8454297904191634,0.0,296.17438163530437,296.3599557642379,296.17610017402865
1.8490553892215587,0.0,296.1744358818309,296.36056414896797,296.17616794020057
1.8526809880239539,0.0,296.1744901891073,296.36117252806747,296.17623584008555
1.856306586826349,0.0,296.174544557392,296.36178090029983,296.1763038740155
1.8599321856287443,0.0,296.17459898694267,296.3623892644382,296.1763720423208
1.8635577844311395,0.0,296.17465347801664,296.36299761926557,296.17644034533
1.8671833832335347,0.0,296.17470803087076,296.3636059635747,296.1765087833702
1.87080898203593,0.0,296.1747626457613,296.36421429616786,296.1765773567666
1.8744345808383251,0.0,296.17481732294385,296.3648226158571,296.1766460658429
1.8780601796407204,0.0,296.1748720626736,296.36543092146377,296.17671491092096
1.8816857784431156,0.0,296.1749268652053,296.3660392118187,296.17678389232117
1.8853113772455108,0.0,296.17498173079287,296.3666474857619,296.1768530103621
1.888936976047906,0.0,296.17503665968985,296.3672557421426,296.17692226536076
1.8925625748503012,0.0,296.1750916521493,296.3678639798193,296.17699165763236
1.8961881736526964,0.0,296.1751467084236,296.3684721976594,296.1770611874906
1.8998137724550916,0.0,296.1752018287645,296.36908039453925,296.17713085524747
1.9034393712574869,0.0,296.1752570134233,296.3696885693443,296.1772006612132
1.907064970059882,0.0,296.1753122626506,296.37029672096855,296.1772706056966
1.9106905688622773,0.0,296.17536757669654,296.370904848315,296.17734068900455
1.9143161676646725,0.0,296.17542295581063,296.3715129502949,296.1774109114424
1.9179417664670677,0.0,296.17547840024173,296.37212102582845,296.1774812733139
1.921567365269463,0.0,296.17553391023813,296.3727290738442,296.1775517749211
1.9251929640718581,0.0,296.1755894860476,296.37333709327913,296.17762241656425
1.9288185628742534,0.0,296.1756451279171,296.3739450830785,296.17769319854233
1.9324441616766486,0.0,296.17570083609314,296.37455304219594,296.17776412115234
1.9360697604790438,0.0,296.1757566108217,296.3751609695933,296.17783518468974
1.939695359281439,0.0,296.17581245234794,296.3757688642404,296.17790638944837
1.9433209580838342,0.0,296.1758683609164,296.3763767251153,296.17797773572045
1.9469465568862294,0.0,296.17592433677106,296.3769845512039,296.17804922379656
1.9505721556886246,0.0,296.17598038015535,296.37759234150013,296.1781208539656
1.9541977544910198,0.0,296.17603649131195,296.3782000950057,296.17819262651483
1.957823353293415,0.0,296.1760926704829,296.37880781073,296.1782645417301
1.9614489520958103,0.0,296.1761489179096,296.37941548769027,296.1783365998952
1.9650745508982055,0.0,296.1762052338328,296.3800231249115,296.1784088012928
1.9687001497006007,0.0,296.1762616184927,296.3806307214259,296.1784811462037
1.972325748502996,0.0,296.1763180721287,296.3812382762735,296.17855363490685
1.9759513473053911,0.0,296.17637459497956,296.38184578850166,296.17862626768004
1.9795769461077863,0.0,296.1764311872835,296.3824532571651,296.17869904479926
1.9832025449101816,0.0,296.1764878492779,296.3830606813259,296.1787719665389
1.9868281437125768,0.0,296.1765445811996,296.3836680600535,296.17884503317146
1.990453742514972,0.0,296.1766013832846,296.3842753924241,296.17891824496843
1.9940793413173672,0.0,296.17665825576853,296.3848826775215,296.1789916021992
1.9977049401197624,0.0,296.1767151988859,296.3854899144364,296.1790651051317
2.0013305389221574,0.0,296.17677221287096,296.3860971022664,296.17913875403235
2.0049561377245526,0.0,296.17682929795694,296.3867042401161,296.17921254916604
2.008581736526948,0.0,296.17688645437664,296.3873113270972,296.17928649079585
2.012207335329343,0.0,296.17694368236204,296.3879183623279,296.17936057918337
2.0158329341317383,0.0,296.1770009821443,296.3885253449334,296.17943481458866
2.0194585329341335,0.0,296.1770583539541,296.38913227404544,296.1795091972702
2.0230841317365287,0.0,296.1771157980213,296.3897391488025,296.17958372748484
2.026709730538924,0.0,296.17717331457516,296.3903459683496,296.1796584054878
2.030335329341319,0.0,296.17723090384396,296.39095273183847,296.179733231533
2.0339609281437143,0.0,296.1772885660556,296.3915594384271,296.1798082058725
2.0375865269461095,0.0,296.17734630143707,296.39216608728003,296.17988332875694
2.0412121257485047,0.0,296.1774041102146,296.3927726775681,296.1799586004354
2.0448377245509,0.0,296.17746199261387,296.39337920846856,296.18003402115534
2.048463323353295,0.0,296.1775199488598,296.39398567916487,296.18010959116265
2.0520889221556904,0.0,296.1775779791764,296.39459208884676,296.18018531070186
2.0557145209580856,0.0,296.1776360837872,296.39519843671,296.1802611800157
2.059340119760481,0.0,296.1776942629148,296.3958047219567,296.1803371993456
2.062965718562876,0.0,296.17775251678114,296.39641094379465,296.1804133689313
2.0665913173652712,0.0,296.1778108456075,296.39701710143805,296.180489689011
2.0702169161676665,0.0,296.17786924961433,296.3976231941069,296.18056615982147
2.0738425149700617,0.0,296.1779277290213,296.398229221027,296.1806427815978
2.077468113772457,0.0,296.1779862840474,296.3988351814302,296.1807195545738
2.081093712574852,0.0,296.178044914911,296.399441074554,296.18079647898145
2.0847193113772473,0.0,296.1781036218295,296.4000468996417,296.1808735550515
2.0883449101796425,0.0,296.17816240501963,296.4006526559424,296.180950783013
2.0919705089820377,0.0,296.1782212646974,296.4012583427108,296.1810281630936
2.095596107784433,0.0,296.1782802010781,296.4018639592072,296.18110569551936
2.099221706586828,0.0,296.1783392143762,296.40246950469754,296.1811833805149
2.1028473053892234,0.0,296.17839830480534,296.4030749784533,296.18126121830335
2.1064729041916186,0.0,296.1784574725785,296.4036803797512,296.1813392091063
2.110098502994014,0.0,296.17851671790805,296.4042857078739,296.18141735314384
2.113724101796409,0.0,296.1785760410053,296.4048909621089,296.1814956506346
2.1173497005988042,0.0,296.17863544208086,296.4054961417493,296.1815741017958
2.1209752994011994,0.0,296.1786949213448,296.4061012460937,296.181652706843
2.1246008982035947,0.0,296.1787544790062,296.4067062744456,296.18173146599054
2.12822649700599,0.0,296.1788141152735,296.40731122611385,296.18181037945106
2.131852095808385,0.0,296.1788738303542,296.40791610041265,296.1818894474358
2.1354776946107803,0.0,296.1789336244552,296.4085208966612,296.1819686701547
2.1391032934131755,0.0,296.17899349778264,296.40912561418367,296.1820480478159
2.1427288922155707,0.0,296.17905345054163,296.4097302523095,296.1821275806264
2.146354491017966,0.0,296.1791134829368,296.410334810373,296.18220726879156
2.149980089820361,0.0,296.17917359517196,296.41093928771346,296.18228711251544
2.1536056886227564,0.0,296.1792337874498,296.4115436836752,296.1823671120005
2.1572312874251516,0.0,296.1792940599728,296.4121479976073,296.182447267448
2.160856886227547,0.0,296.17935441294213,296.4127522288639,296.1825275790575
2.164482485029942,0.0,296.1794148465586,296.41335637680373,296.1826080470271
2.168108083832337,0.0,296.1794753610219,296.41396044079033,296.1826886715539
2.1717336826347324,0.0,296.179535956531,296.4145644201921,296.18276945283304
2.1753592814371276,0.0,296.1795966332844,296.4151683143821,296.18285039105854
2.178984880239523,0.0,296.1796573914794,296.41577212273785,296.1829314864231
2.182610479041918,0.0,296.1797182313127,296.41637584464183,296.18301273911766
2.1862360778443133,0.0,296.17977915298025,296.41697947948086,296.1830941493321
2.1898616766467085,0.0,296.17984015667713,296.4175830266465,296.18317571725464
2.1934872754491037,0.0,296.1799012425976,296.4181864855347,296.1832574430723
2.197112874251499,0.0,296.1799624109353,296.41878985554575,296.18333932697055
2.200738473053894,0.0,296.1800236618829,296.4193931360847,296.1834213691336
2.2043640718562894,0.0,296.1800849956324,296.41999632656086,296.1835035697443
2.2079896706586846,0.0,296.1801464123749,296.42059942638775,296.18358592898375
2.21161526946108,0.0,296.1802079123008,296.4212024349837,296.1836684470321
2.215240868263475,0.0,296.18026949559953,296.4218053517708,296.18375112406807
2.21886646706587,0.0,296.18033116246005,296.4224081761756,296.18383396026877
2.2224920658682654,0.0,296.1803929130702,296.4230109076292,296.18391695581016
2.2261176646706606,0.0,296.1804547476172,296.42361354556647,296.18400011086675
2.229743263473056,0.0,296.1805166662874,296.4242160894267,296.18408342561173
2.233368862275451,0.0,296.1805786692665,296.42481853865326,296.18416690021695
2.2369944610778463,0.0,296.1806407567392,296.42542089269364,296.18425053485277
2.2406200598802415,0.0,296.18070292888945,296.4260231509994,296.1843343296884
2.2442456586826367,0.0,296.1807651859006,296.42662531302614,296.1844182848916
2.247871257485032,0.0,296.1808275279548,296.4272273782335,296.18450240062873
2.251496856287427,0.0,296.1808899552339,296.42782934608505,296.18458667706506
2.2551224550898223,0.0,296.1809524679185,296.4284312160484,296.18467111436433
2.2587480538922176,0.0,296.18101506618876,296.42903298759506,296.18475571268897
2.2623736526946128,0.0,296.1810777502237,296.42963466020046,296.1848404722001
2.265999251497008,0.0,296.1811405202019,296.43023623334363,296.18492539305754
2.269624850299403,0.0,296.18120337630086,296.43083770650793,296.18501047541986
2.2732504491017984,0.0,296.18126631869745,296.43143907918005,296.1850957194443
2.2768760479041936,0.0,296.1813293475676,296.4320403508508,296.1851811252866
2.280501646706589,0.0,296.1813924630866,296.43264152101455,296.18526669310154
2.284127245508984,0.0,296.1814556654287,296.4332425891694,296.1853524230424
2.2877528443113793,0.0,296.1815189547676,296.43384355481726,296.18543831526114
2.2913784431137745,0.0,296.18158233127616,296.43444441746357,296.18552436990853
2.2950040419161697,0.0,296.18164579512637,296.43504517661745,296.185610587134
2.298629640718565,0.0,296.18170934648936,296.4356458317917,296.1856969670858
2.30225523952096,0.0,296.18177298553564,296.4362463825026,296.1857835099107
2.3058808383233553,0.0,296.1818367124347,296.43684682827006,296.1858702157545
2.3095064371257505,0.0,296.1819005273555,296.4374471686175,296.18595708476147
2.3131320359281458,0.0,296.18196443046594,296.4380474030717,296.18604411707474
2.316757634730541,0.0,296.1820284219333,296.43864753116327,296.18613131283615
2.320383233532936,0.0,296.18209250192393,296.4392475524259,296.18621867218627
2.3240088323353314,0.0,296.1821566706035,296.4398474663969,296.1863061952645
2.3276344311377266,0.0,296.18222092813676,296.4404472726169,296.1863938822089
2.331260029940122,0.0,296.18228527468784,296.44104697063,296.1864817331565
2.334885628742517,0.0,296.18234971041994,296.4416465599835,296.1865697482427
2.3385112275449123,0.0,296.1824142354955,296.4422460402282,296.18665792760197
2.3421368263473075,0.0,296.1824788500761,296.44284541091804,296.1867462713676
2.3457624251497027,0.0,296.1825435543227,296.44344467161034,296.18683477967147
2.349388023952098,0.0,296.18260834839526,296.4440438218657,296.18692345264424
2.353013622754493,0.0,296.18267323245306,296.4446428612478,296.18701229041557
2.3566392215568883,0.0,296.1827382066545,296.4452417893237,296.1871012931136
2.3602648203592835,0.0,296.18280327115735,296.4458406056635,296.1871904608656
2.3638904191616787,0.0,296.18286842611843,296.4464393098405,296.1872797937975
2.367516017964074,0.0,296.1829336716939,296.4470379014312,296.1873692920338
2.371141616766469,0.0,296.1829990080389,296.44763638001507,296.1874589556982
2.3747672155688644,0.0,296.1830644353081,296.4482347451749,296.18754878491285
2.3783928143712596,0.0,296.18312995365505,296.4488329964962,296.1876387797991
2.382018413173655,0.0,296.1831955632328,296.449431133568,296.1877289404767
2.38564401197605,0.0,296.18326126419345,296.45002915598195,296.1878192670646
2.3892696107784452,0.0,296.18332705668837,296.4506270633328,296.1879097596803
2.3928952095808405,0.0,296.1833929408681,296.45122485521836,296.18800041844025
2.3965208083832357,0.0,296.18345891688244,296.4518225312394,296.1880912434598
2.400146407185631,0.0,296.18352498488036,296.4524200909995,296.188182234853
2.403772005988026,0.0,296.18359114501,296.45301753410524,296.1882733927329
2.4073976047904213,0.0,296.18365739741887,296.45361486016617,296.18836471721124
2.4110232035928165,0.0,296.1837237422536,296.4542120687946,296.1884562083987
2.4146488023952117,0.0,296.18379017966004,296.4548091596058,296.1885478664048
2.418274401197607,0.0,296.1838567097832,296.4554061322178,296.18863969133787
2.421900000000002,0.0,296.18392333276756,296.4560029862513,296.18873168330526
2.4255255988023974,0.0,296.18399004875636,296.45659972133006,296.188823842413
2.4291511976047926,0.0,296.1840568578927,296.4571963370805,296.1889161687661
2.432776796407188,0.0,296.1841237603182,296.4577928331318,296.18900866246855
2.436402395209583,0.0,296.1841907561742,296.4583892091159,296.18910132362294
2.4400279940119782,0.0,296.18425784560105,296.4589854646673,296.18919415233097
2.4436535928143734,0.0,296.1843250287385,296.45958159942353,296.18928714869315
2.4472791916167687,0.0,296.18439230572534,296.4601776130244,296.18938031280896
2.450904790419164,0.0,296.18445967669965,296.46077350511274,296.18947364477657
2.454530389221559,0.0,296.1845271417988,296.46136927533365,296.1895671446934
2.4581559880239543,0.0,296.18459470115926,296.4619649233352,296.18966081265546
2.4617815868263495,0.0,296.1846623549169,296.46256044876793,296.18975464875786
2.4654071856287447,0.0,296.1847301032067,296.4631558512849,296.1898486530945
2.46903278443114,0.0,296.1847979461628,296.46375113054177,296.1899428257582
2.472658383233535,0.0,296.18486588391886,296.4643462861968,296.1900371668408
2.4762839820359304,0.0,296.18493391660746,296.46494131791087,296.1901316764331
2.4799095808383256,0.0,296.1850020443607,296.465536225347,296.1902263546247
2.483535179640721,0.0,296.18507026730964,296.4661310081712,296.19032120150416
2.487160778443116,0.0,296.1851385855848,296.4667256660517,296.19041621715905
2.490786377245511,0.0,296.1852069993158,296.4673201986592,296.1905114016759
2.4944119760479064,0.0,296.1852755086316,296.4679146056668,296.19060675514
2.4980375748503016,0.0,296.1853441136603,296.46850888675016,296.19070227763575
2.501663173652697,0.0,296.1854128145293,296.46910304158723,296.1907979692465
2.505288772455092,0.0,296.1854816113653,296.4696970698586,296.19089383005456
2.5089143712574873,0.0,296.18555050429416,296.4702909712468,296.1909898601411
2.5125399700598825,0.0,296.18561949344104,296.47088474543716,296.19108605958644
2.5161655688622777,0.0,296.18568857893047,296.4714783921172,296.1911824284697
2.519791167664673,0.0,296.18575776088585,296.4720719109767,296.19127896686905
2.523416766467068,0.0,296.18582703943025,296.4726653017077,296.19137567486166
2.5270423652694634,0.0,296.1858964146857,296.4732585640049,296.19147255252363
2.5306679640718586,0.0,296.18596588677366,296.47385169756484,296.19156959993006
2.534293562874254,0.0,296.1860354558148,296.4744447020866,296.191666817155
2.537919161676649,0.0,296.1861051219291,296.4750375772714,296.19176420427175
2.541544760479044,0.0,296.1861748852356,296.4756303228228,296.1918617613522
2.5451703592814394,0.0,296.1862447458529,296.47622293844654,296.19195948846743
2.5487959580838346,0.0,296.1863147038986,296.4768154238505,296.19205738568775
2.55242155688623,0.0,296.1863847594897,296.47740777874475,296.1921554530821
2.556047155688625,0.0,296.1864549127424,296.4780000028418,296.1922536907186
2.5596727544910203,0.0,296.1865251637723,296.47859209585596,296.1923520986645
2.5632983532934155,0.0,296.18659551269405,296.4791840575039,296.19245067698597
2.5669239520958107,0.0,296.18666595962173,296.4797758875044,296.19254942574815
2.570549550898206,0.0,296.1867365046687,296.48036758557834,296.19264834501536
2.574175149700601,0.0,296.18680714794755,296.4809591514487,296.19274743485073
2.5778007485029963,0.0,296.18687788957004,296.4815505848406,296.1928466953167
2.5814263473053916,0.0,296.1869487296473,296.4821418854812,296.19294612647445
2.5850519461077868,0.0,296.18701966828985,296.4827330530998,296.1930457283845
2.588677544910182,0.0,296.18709070560726,296.4833240874276,296.19314550110624
2.592303143712577,0.0,296.1871618417087,296.4839149881979,296.1932454446982
2.5959287425149724,0.0,296.18723307670217,296.4845057551462,296.19334555921785
2.5995543413173676,0.0,296.18730441069533,296.48509638800977,296.19344584472185
2.603179940119763,0.0,296.18737584379494,296.4856868865281,296.1935463012658
2.606805538922158,0.0,296.18744737610723,296.4862772504424,296.19364692890457
2.6104311377245533,0.0,296.1875190077375,296.4868674794961,296.19374772769186
2.6140567365269485,0.0,296.1875907387904,296.4874575734345,296.19384869768066
2.6176823353293437,0.0,296.18766256937,296.48804753200477,296.19394983892283
2.621307934131739,0.0,296.1877344995795,296.48863735495615,296.19405115146947
2.624933532934134,0.0,296.1878065295216,296.4892270420398,296.19415263537076
2.6285591317365293,0.0,296.187878659298,296.4898165930086,296.1942542906759
2.6321847305389245,0.0,296.18795088901,296.4904060076176,296.19435611743313
2.6358103293413198,0.0,296.18802321875796,296.4909952856235,296.19445811569005
2.639435928143715,0.0,296.18809564864165,296.49158442678515,296.194560285493
2.64306152694611,0.0,296.18816817876024,296.49217343086286,296.1946626268878
2.6466871257485054,0.0,296.18824080921195,296.4927622976192,296.194765139919
2.6503127245509006,0.0,296.18831354009455,296.4933510268183,296.1948678246306
2.653938323353296,0.0,296.18838637150503,296.49393961822625,296.19497068106546
2.657563922155691,0.0,296.1884593035397,296.49452807161094,296.1950737092657
2.6611895209580863,0.0,296.1885323362941,296.495116386742,296.1951769092727
2.6648151197604815,0.0,296.18860546986326,296.4957045633909,296.19528028112654
2.6684407185628767,0.0,296.1886787043413,296.49629260133094,296.19538382486684
2.672066317365272,0.0,296.18875203982196,296.49688050033717,296.1954875405322
2.675691916167667,0.0,296.1888254763979,296.4974682601862,296.19559142816036
2.6793175149700623,0.0,296.18889901416145,296.4980558806567,296.1956954877882
2.6829431137724575,0.0,296.1889726532041,296.4986433615289,296.1957997194517
2.6865687125748527,0.0,296.1890463936167,296.49923070258467,296.1959041231862
2.690194311377248,0.0,296.18912023548944,296.49981790360783,296.19600869902587
2.693819910179643,0.0,296.1891941789118,296.50040496438385,296.19611344700434
2.6974455089820384,0.0,296.1892682239726,296.5009918846997,296.19621836715413
2.7010711077844336,0.0,296.18934237075996,296.5015786643441,296.19632345950714
2.704696706586829,0.0,296.1894166193615,296.5021653031077,296.1964287240944
2.708322305389224,0.0,296.1894909698639,296.5027518007824,296.196534160946
2.7119479041916192,0.0,296.1895654223535,296.5033381571621,296.1966397700913
2.7155735029940145,0.0,296.1896399769156,296.50392437204215,296.1967455515587
2.7191991017964097,0.0,296.1897146336352,296.5045104452195,296.19685150537606
2.722824700598805,0.0,296.18978939259637,296.505096376493,296.19695763157017
2.7264502994012,0.0,296.1898642538827,296.50568216566273,296.1970639301671
2.7300758982035953,0.0,296.18993921757715,296.5062678125306,296.19717040119207
2.7337014970059905,0.0,296.1900142837618,296.50685331690005,296.1972770446696
2.7373270958083857,0.0,296.19008945251835,296.50743867857614,296.1973838606233
2.740952694610781,0.0,296.19016472392764,296.5080238973655,296.197490849076
2.744578293413176,0.0,296.19024009807,296.5086089730762,296.19759801004983
2.7482038922155714,0.0,296.19031557502507,296.5091939055181,296.19770534356593
2.7518294910179666,0.0,296.1903911548718,296.50977869450236,296.1978128496449
2.755455089820362,0.0,296.1904668376886,296.5103633398417,296.1979205283063
2.759080688622757,0.0,296.1905426235531,296.51094784135057,296.1980283795692
2.7627062874251522,0.0,296.1906185125424,296.5115321988447,296.19813640345166
2.7663318862275474,0.0,296.19069450473296,296.5121164121414,296.19824459997096
2.7699574850299427,0.0,296.1907706002006,296.51270048105954,296.1983529691438
2.773583083832338,0.0,296.19084679902056,296.5132844054194,296.198461510986
2.777208682634733,0.0,296.19092310126723,296.51386818504284,296.1985702255126
2.7808342814371283,0.0,296.19099950701457,296.514451819753,296.19867911273786
2.7844598802395235,0.0,296.19107601633596,296.5150353093747,296.1987881726752
2.7880854790419187,0.0,296.191152629304,296.51561865373395,296.1988974053377
2.791711077844314,0.0,296.19122934599073,296.5162018526586,296.19900681073716
2.795336676646709,0.0,296.1913061664676,296.5167849059774,296.199116388885
2.7989622754491044,0.0,296.19138309080535,296.517367813521,296.1992261397917
2.8025878742514996,0.0,296.19146011907424,296.5179505751212,296.19933606346706
2.806213473053895,0.0,296.19153725134385,296.5185331906113,296.1994461599201
2.80983907185629,0.0,296.1916144876831,296.51911565982596,296.19955642915926
2.813464670658685,0.0,296.19169182816034,296.5196979826013,296.19966687119205
2.8170902694610804,0.0,296.1917692728433,296.5202801587748,296.19977748602537
2.8207158682634756,0.0,296.1918468217992,296.52086218818516,296.19988827366535
2.824341467065871,0.0,296.1919244750945,296.52144407067266,296.1999992341175
2.827967065868266,0.0,296.19200223279506,296.52202580607883,296.2001103673864
2.8315926646706613,0.0,296.1920800949663,296.52260739424645,296.20022167347616
2.8352182634730565,0.0,296.19215806167296,296.52318883502,296.20033315239
2.8388438622754517,0.0,296.192236132979,296.52377012824485,296.20044480413037
2.842469461077847,0.0,296.19231430894826,296.524351273768,296.2005566286993
2.846095059880242,0.0,296.19239258964336,296.52493227143754,296.20066862609787
2.8497206586826374,0.0,296.19247097512675,296.5255131211031,296.2007807963266
2.8533462574850326,0.0,296.1925494654603,296.5260938226155,296.2008931393853
2.856971856287428,0.0,296.19262806070503,296.5266743758268,296.20100565527287
2.860597455089823,0.0,296.19270676092157,296.52725478059045,296.20111834398784
2.864223053892218,0.0,296.19278556616996,296.5278350367611,296.2012312055279
2.8678486526946134,0.0,296.19286447650956,296.5284151441947,296.20134423989
2.8714742514970086,0.0,296.1929434919992,296.5289951027484,296.2014574470704
2.875099850299404,0.0,296.1930226126971,296.5295749122808,296.20157082706504
2.878725449101799,0.0,296.19310183866105,296.5301545726515,296.20168437986854
2.8823510479041943,0.0,296.19318116994805,296.53073408372154,296.20179810547546
2.8859766467065895,0.0,296.19326060661473,296.53131344535313,296.20191200387933
2.8896022455089847,0.0,296.1933401487169,296.5318926574096,296.2020260750732
2.89322784431138,0.0,296.19341979631,296.5324717197556,296.2021403190493
2.896853443113775,0.0,296.19349954944903,296.533050632257,296.2022547357994
2.9004790419161703,0.0,296.19357940818804,296.533629394781,296.2023693253144
2.9041046407185656,0.0,296.19365937258084,296.5342080071956,296.20248408758465
2.9077302395209608,0.0,296.19373944268045,296.5347864693705,296.2025990225998
2.911355838323356,0.0,296.1938196185396,296.5353647811761,296.202714130349
2.914981437125751,0.0,296.19389990021017,296.5359429424843,296.20282941082075
2.9186070359281464,0.0,296.1939802877436,296.5365209531682,296.2029448640025
2.9222326347305416,0.0,296.19406078119096,296.53709881310175,296.2030604898817
2.925858233532937,0.0,296.1941413806025,296.5376765221603,296.20317628844464
2.929483832335332,0.0,296.194222086028,296.5382540802205,296.20329225967714
2.9331094311377273,0.0,296.1943028975169,296.53883148715965,296.2034084035646
2.9367350299401225,0.0,296.1943838151176,296.53940874285666,296.2035247200915
2.9403606287425177,0.0,296.1944648388785,296.53998584719136,296.2036412092419
2.943986227544913,0.0,296.19454596884714,296.5405628000447,296.203757870999
2.947611826347308,0.0,296.1946272050706,296.5411396012988,296.2038747053457
2.9512374251497033,0.0,296.1947085475955,296.541716250837,296.20399171226404
2.9548630239520985,0.0,296.19478999646776,296.54229274854345,296.2041088917356
2.9584886227544938,0.0,296.19487155173294,296.54286909430357,296.2042262437412
2.962114221556889,0.0,296.19495321343595,296.54344528800397,296.2043437682611
2.965739820359284,0.0,296.19503498162123,296.5440213295322,296.2044614652751
2.9693654191616794,0.0,296.19511685633256,296.54459721877697,296.20457933476223
2.9729910179640746,0.0,296.19519883761336,296.545172955628,296.2046973767011
2.97661661676647,0.0,296.19528092550655,296.5457485399761,296.2048155910694
2.980242215568865,0.0,296.1953631200543,296.5463239717132,296.2049339778446
2.9838678143712603,0.0,296.1954454212985,296.5468992507323,296.20505253700327
2.9874934131736555,0.0,296.19552782928025,296.5474743769272,296.20517126852167
2.9911190119760507,0.0,296.1956103440405,296.548049350193,296.2052901723753
2.994744610778446,0.0,296.1956929656194,296.54862417042585,296.2054092485391
2.998370209580841,0.0,296.1957756940566,296.5491988375228,296.2055284969876
3.0019958083832363,0.0,296.1958585293915,296.54977335138193,296.20564791769436
3.0056214071856315,0.0,296.19594147166265,296.5503477119024,296.20576751063277
3.0092470059880267,0.0,296.1960245209082,296.55092191898444,296.2058872757754
3.012872604790422,0.0,296.19610767716597,296.5514959725292,296.2060072130945
3.016498203592817,0.0,296.19619094047306,296.5520698724387,296.2061273225615
3.0201238023952124,0.0,296.1962743108661,296.55264361861634,296.2062476041474
3.0237494011976076,0.0,296.1963577883814,296.5532172109661,296.20636805782254
3.027375000000003,0.0,296.1964413730546,296.5537906493933,296.20648868355687
3.031000598802398,0.0,296.19652506492076,296.55436393380387,296.2066094813197
3.0346261976047932,0.0,296.19660886401476,296.55493706410505,296.2067304510797
3.0382517964071885,0.0,296.19669277037065,296.5555100402048,296.20685159280504
3.0418773952095837,0.0,296.1967767840221,296.55608286201226,296.2069729064635
3.045502994011979,0.0,296.1968609050025,296.55665552943736,296.20709439202216
3.049128592814374,0.0,296.19694513334434,296.5572280423911,296.20721604944754
3.0527541916167693,0.0,296.1970294690801,296.5578004007853,296.2073378787057
3.0563797904191645,0.0,296.1971139122414,296.55837260453285,296.2074598797621
3.0600053892215597,0.0,296.1971984628595,296.55894465354754,296.2075820525818
3.063630988023955,0.0,296.19728312096527,296.55951654774407,296.20770439712913
3.06725658682635,0.0,296.197367886589,296.56008828703796,296.207826913368
3.0708821856287454,0.0,296.1974527597605,296.56065987134605,296.20794960126193
3.0745077844311406,0.0,296.1975377405092,296.5612313005855,296.2080724607736
3.078133383233536,0.0,296.1976228288638,296.5618025746749,296.20819549186547
3.081758982035931,0.0,296.197708024853,296.5623736935334,296.20831869449927
3.0853845808383262,0.0,296.1977933285046,296.56294465708135,296.2084420686364
3.0890101796407214,0.0,296.197878739846,296.56351546523973,296.2085656142375
3.0926357784431167,0.0,296.19796425890434,296.5640861179305,296.208689331263
3.096261377245512,0.0,296.19804988570615,296.56465661507673,296.2088132196726
3.099886976047907,0.0,296.1981356202775,296.56522695660186,296.20893727942564
3.1035125748503023,0.0,296.19822146264414,296.56579714243077,296.20906151048086
3.1071381736526975,0.0,296.19830741283107,296.56636717248887,296.20918591279656
3.1107637724550927,0.0,296.19839347086315,296.56693704670255,296.20931048633037
3.114389371257488,0.0,296.1984796367646,296.56750676499894,296.20943523103966
3.118014970059883,0.0,296.1985659105591,296.56807632730624,296.2095601468813
3.1216405688622784,0.0,296.1986522922702,296.56864573355347,296.20968523381146
3.1252661676646736,0.0,296.1987387819207,296.5692149836702,296.20981049178596
3.128891766467069,0.0,296.19882537953316,296.5697840775872,296.20993592076013
3.132517365269464,0.0,296.19891208512956,296.570353015236,296.21006152068884
3.136142964071859,0.0,296.1989988987314,296.57092179654876,296.2101872915265
3.1397685628742544,0.0,296.1990858203598,296.5714904214587,296.2103132332268
3.1433941616766496,0.0,296.1991728500356,296.5720588898997,296.2104393457433
3.147019760479045,0.0,296.199259987779,296.57262720180677,296.21056562902885
3.15064535928144,0.0,296.1993472336097,296.5731953571153,296.21069208303595
3.1542709580838353,0.0,296.19943458754716,296.5737633557618,296.21081870771667
3.1578965568862305,0.0,296.19952204961044,296.5743311976834,296.21094550302234
3.1615221556886257,0.0,296.19960961981786,296.5748988828182,296.21107246890426
3.165147754491021,0.0,296.1996972981877,296.575466411105,296.21119960531286
3.168773353293416,0.0,296.19978508473747,296.57603378248353,296.21132691219833
3.1723989520958114,0.0,296.19987297948444,296.57660099689406,296.2114543895103
3.1760245508982066,0.0,296.1999609824455,296.5771680542777,296.21158203719807
3.179650149700602,0.0,296.2000490936369,296.57773495457667,296.2117098552104
3.183275748502997,0.0,296.2001373130748,296.57830169773354,296.21183784349563
3.186901347305392,0.0,296.2002256407745,296.578868283692,296.2119660020016
3.1905269461077874,0.0,296.2003140767513,296.5794347123961,296.21209433067577
3.1941525449101826,0.0,296.20040262101986,296.58000098379114,296.2122228294652
3.197778143712578,0.0,296.2004912735945,296.58056709782284,296.2123514983163
3.201403742514973,0.0,296.2005800344891,296.5811330544377,296.2124803371753
3.2050293413173683,0.0,296.2006689037172,296.58169885358325,296.2126093459878
3.2086549401197635,0.0,296.20075788129174,296.5822644952074,296.2127385246991
3.2122805389221587,0.0,296.2008469672255,296.5828299792591,296.212867873254
3.215906137724554,0.0,296.20093616153065,296.5833953056879,296.21299739159684
3.219531736526949,0.0,296.2010254642191,296.5839604744439,296.21312707967166
3.2231573353293443,0.0,296.2011148753022,296.58452548547837,296.21325693742193
3.2267829341317396,0.0,296.20120439479115,296.58509033874293,296.21338696479074
3.2304085329341348,0.0,296.2012940226966,296.58565503419015,296.2135171617208
3.23403413173653,0.0,296.20138375902866,296.58621957177326,296.2136475281544
3.237659730538925,0.0,296.20147360379724,296.58678395144614,296.2137780640334
3.2412853293413204,0.0,296.20156355701187,296.5873481731634,296.2139087692993
3.2449109281437156,0.0,296.2016536186816,296.5879122368804,296.21403964389293
3.248536526946111,0.0,296.20174378881507,296.5884761425532,296.2141706877551
3.252162125748506,0.0,296.20183406742063,296.5890398901385,296.2143019008259
3.2557877245509013,0.0,296.2019244545062,296.5896034795939,296.2144332830452
3.2594133233532965,0.0,296.2020149500792,296.59016691087743,296.21456483435236
3.2630389221556917,0.0,296.2021055541469,296.5907301839479,296.21469655468644
3.266664520958087,0.0,296.202196266716,296.59129329876504,296.214828443986
3.270290119760482,0.0,296.2022870877929,296.5918562552888,296.2149605021893
3.2739157185628773,0.0,296.2023780173836,296.59241905348017,296.215092729234
3.2775413173652725,0.0,296.2024690554936,296.5929816933007,296.2152251250577
3.2811669161676678,0.0,296.2025602021283,296.59354417471275,296.21535768959734
3.284792514970063,0.0,296.20265145729263,296.594106497679,296.21549042278957
3.288418113772458,0.0,296.202742820991,296.59466866216314,296.2156233245707
3.2920437125748534,0.0,296.2028342932274,296.5952306681294,296.21575639487645
3.2956693113772486,0.0,296.20292587400576,296.59579251554266,296.21588963364246
3.299294910179644,0.0,296.2030175633295,296.5963542043684,296.2160230408038
3.302920508982039,0.0,296.2031093612016,296.596915734573,296.2161566162951
3.3065461077844343,0.0,296.2032012676247,296.59747710612305,296.21629036005083
3.3101717065868295,0.0,296.2032932826012,296.5980383189862,296.21642427200493
3.3137973053892247,0.0,296.2033854061329,296.5985993731305,296.216558352091
3.31742290419162,0.0,296.2034776382215,296.5991602685248,296.2166926002423
3.321048502994015,0.0,296.20356997886813,296.59972100513846,296.2168270163916
3.3246741017964103,0.0,296.20366242807376,296.6002815829414,296.21696160047156
3.3282997005988055,0.0,296.2037549858388,296.6008420019044,296.2170963524142
3.3319252994012007,0.0,296.2038476521636,296.6014022619987,296.2172312721513
3.335550898203596,0.0,296.2039404270478,296.6019623631962,296.21736635961435
3.339176497005991,0.0,296.204033310491,296.60252230546945,296.2175016147344
3.3428020958083864,0.0,296.2041263024922,296.60308208879155,296.2176370374421
3.3464276946107816,0.0,296.2042194030502,296.60364171313614,296.2177726276678
3.350053293413177,0.0,296.20431261216345,296.60420117847775,296.2179083853415
3.353678892215572,0.0,296.20440592983,296.60476048479126,296.2180443103929
3.3573044910179672,0.0,296.20449935604756,296.60531963205216,296.2181804027512
3.3609300898203625,0.0,296.2045928908136,296.60587862023664,296.2183166623454
3.3645556886227577,0.0,296.2046865341252,296.60643744932156,296.2184530891042
3.368181287425153,0.0,296.204780285979,296.60699611928413,296.21858968295567
3.371806886227548,0.0,296.20487414637154,296.60755463010224,296.2187264438279
3.3754324850299433,0.0,296.20496811529864,296.6081129817545,296.21886337164847
3.3790580838323385,0.0,296.20506219275615,296.6086711742201,296.2190004663445
3.3826836826347337,0.0,296.2051563787395,296.6092292074785,296.21913772784296
3.386309281437129,0.0,296.2052506732437,296.6097870815101,296.21927515607047
3.389934880239524,0.0,296.2053450762635,296.6103447962956,296.2194127509532
3.3935604790419194,0.0,296.20543958779325,296.61090235181655,296.21955051241713
3.3971860778443146,0.0,296.20553420782716,296.61145974805476,296.21968844038787
3.40081167664671,0.0,296.20562893635883,296.6120169849928,296.2198265347906
3.404437275449105,0.0,296.2057237733818,296.6125740626138,296.21996479555037
3.4080628742515002,0.0,296.20581871888913,296.6131309809015,296.2201032225917
3.4116884730538954,0.0,296.20591377287377,296.61368773983986,296.220241815839
3.4153140718562907,0.0,296.20600893532793,296.6142443394138,296.22038057521615
3.418939670658686,0.0,296.20610420624405,296.61480077960863,296.22051950064684
3.422565269461081,0.0,296.2061995856138,296.6153570604101,296.22065859205435
3.4261908682634763,0.0,296.20629507342875,296.61591318180473,296.2207978493619
3.4298164670658715,0.0,296.2063906696801,296.61646914377934,296.220937272492
3.4334420658682667,0.0,296.20648637435886,296.6170249463214,296.2210768613672
3.437067664670662,0.0,296.2065821874555,296.6175805894191,296.2212166159096
3.440693263473057,0.0,296.2066781089605,296.61813607306084,296.221356536041
3.4443188622754524,0.0,296.2067741388637,296.61869139723564,296.22149662168283
3.4479444610778476,0.0,296.2068702771548,296.6192465619332,296.22163687275633
3.451570059880243,0.0,296.2069665238232,296.6198015671436,296.2217772891824
3.455195658682638,0.0,296.207062878858,296.62035641285746,296.22191787088167
3.458821257485033,0.0,296.20715934224796,296.62091109906595,296.22205861777434
3.4624468562874284,0.0,296.20725591398167,296.62146562576083,296.2221995297805
3.4660724550898236,0.0,296.20735259404717,296.62201999293427,296.22234060681984
3.469698053892219,0.0,296.2074493824324,296.62257420057887,296.22248184881175
3.473323652694614,0.0,296.207546279125,296.6231282486879,296.22262325567544
3.4769492514970093,0.0,296.20764328411224,296.6236821372551,296.2227648273296
3.4805748502994045,0.0,296.2077403973811,296.62423586627466,296.22290656369296
3.4842004491017997,0.0,296.20783761891835,296.6247894357413,296.2230484646837
3.487826047904195,0.0,296.20793494871043,296.62534284565027,296.22319053021977
3.49145164670659,0.0,296.2080323867434,296.62589609599723,296.2233327602189
3.4950772455089854,0.0,296.2081299330032,296.6264491867785,296.22347515459853
3.4987028443113806,0.0,296.2082275874754,296.62700211799057,296.22361771327576
3.502328443113776,0.0,296.20832535014523,296.6275548896308,296.2237604361674
3.505954041916171,0.0,296.20842322099776,296.6281075016968,296.22390332319026
3.509579640718566,0.0,296.2085212000177,296.6286599541866,296.2240463742605
3.5132052395209614,0.0,296.2086192871895,296.6292122470991,296.2241895892942
3.5168308383233566,0.0,296.2087174824973,296.6297643804331,296.22433296820714
3.520456437125752,0.0,296.208815785925,296.6303163541883,296.22447651091477
3.524082035928147,0.0,296.20891419745635,296.63086816836477,296.22462021733236
3.5277076347305423,0.0,296.20901271707453,296.63141982296315,296.2247640873749
3.5313332335329375,0.0,296.2091113447626,296.6319713179842,296.2249081209571
3.5349588323353327,0.0,296.2092100805035,296.6325226534295,296.22505231799346
3.538584431137728,0.0,296.2093089242797,296.6330738293009,296.225196678398
3.542210029940123,0.0,296.20940787607344,296.6336248456008,296.22534120208485
3.5458356287425183,0.0,296.20950693586667,296.6341757023321,296.22548588896757
3.5494612275449136,0.0,296.20960610364125,296.634726399498,296.22563073895964
3.5530868263473088,0.0,296.2097053793786,296.6352769371022,296.22577575197414
3.556712425149704,0.0,296.2098047630599,296.635827315149,296.22592092792405
3.560338023952099,0.0,296.209904254666,296.63637753364304,296.22606626672194
3.5639636227544944,0.0,296.2100038541778,296.6369275925893,296.22621176828034
3.5675892215568896,0.0,296.2101035615755,296.63747749199337,296.22635743251135
3.571214820359285,0.0,296.2102033768394,296.6380272318612,296.2265032593269
3.57484041916168,0.0,296.2103032999493,296.63857681219923,296.2266492486386
3.5784660179640753,0.0,296.210403330885,296.6391262330142,296.2267954003579
3.5820916167664705,0.0,296.21050346962573,296.63967549431356,296.226941714396
3.5857172155688657,0.0,296.21060371615073,296.6402245961049,296.2270881906639
3.589342814371261,0.0,296.21070407043896,296.6407735383963,296.22723482907224
3.592968413173656,0.0,296.2108045324689,296.64132232119647,296.2273816295314
3.5965940119760513,0.0,296.21090510221904,296.6418709445144,296.22752859195185
3.6002196107784465,0.0,296.2110057796674,296.64241940835933,296.2276757162433
3.6038452095808418,0.0,296.2111065647921,296.64296771274127,296.22782300231574
3.607470808383237,0.0,296.2112074575706,296.6435158576704,296.2279704500786
3.611096407185632,0.0,296.2113084579804,296.6440638431574,296.2281180594412
3.6147220059880274,0.0,296.21140956599874,296.64461166921336,296.22826583031264
3.6183476047904226,0.0,296.2115107816023,296.64515933584977,296.2284137626017
3.621973203592818,0.0,296.211612104768,296.64570684307853,296.228561856217
3.625598802395213,0.0,296.2117135354722,296.646254190912,296.2287101110671
3.6292244011976083,0.0,296.21181507369107,296.64680137936284,296.2288585270599
3.6328500000000035,0.0,296.2119167194006,296.64734840844415,296.2290071041036
3.6364755988023987,0.0,296.2120184725766,296.6478952781695,296.22915584210574
3.640101197604794,0.0,296.2121203331945,296.64844198855286,296.22930474097404
3.643726796407189,0.0,296.21222230122953,296.64898853960847,296.22945380061566
3.6473523952095843,0.0,296.2123243766568,296.64953493135107,296.22960302093765
3.6509779940119795,0.0,296.21242655945105,296.65008116379585,296.22975240184695
3.6546035928143747,0.0,296.2125288495869,296.6506272369582,296.22990194325024
3.65822919161677,0.0,296.2126312470387,296.651173150854,296.2300516450539
3.661854790419165,0.0,296.2127337517805,296.65171890549965,296.23020150716417
3.6654803892215604,0.0,296.21283636378627,296.65226450091166,296.2303515294871
3.6691059880239556,0.0,296.21293908302965,296.65280993710724,296.2305017119285
3.672731586826351,0.0,296.2130419094841,296.65335521410367,296.230652054394
3.676357185628746,0.0,296.2131448431228,296.65390033191886,296.23080255678894
3.6799827844311412,0.0,296.2132478839188,296.65444529057095,296.23095321901866
3.6836083832335365,0.0,296.21335103184487,296.65499009007846,296.23110404098804
3.6872339820359317,0.0,296.21345428687357,296.65553473046043,296.2312550226019
3.690859580838327,0.0,296.2135576489772,296.65607921173597,296.2314061637649
3.694485179640722,0.0,296.2136611181279,296.65662353392497,296.23155746438135
3.6981107784431173,0.0,296.2137646942976,296.65716769704727,296.23170892435553
3.7017363772455125,0.0,296.2138683774581,296.65771170112345,296.23186054359144
3.7053619760479077,0.0,296.21397216758066,296.65825554617413,296.2320123219929
3.708987574850303,0.0,296.2140760646368,296.65879923222053,296.23216425946356
3.712613173652698,0.0,296.2141800685974,296.6593427592841,296.2323163559068
3.7162387724550934,0.0,296.2142841794334,296.6598861273867,296.2324686112259
3.7198643712574886,0.0,296.21438839711533,296.6604293365506,296.2326210253239
3.723489970059884,0.0,296.21449272161385,296.66097238679816,296.2327735981038
3.727115568862279,0.0,296.2145971528989,296.6615152781524,296.2329263294681
3.7307411676646742,0.0,296.2147016909407,296.6620580106367,296.2330792193194
3.7343667664670694,0.0,296.214806335709,296.66260058427446,296.2332322675599
3.7379923652694647,0.0,296.2149110871734,296.66314299908976,296.23338547409196
3.74161796407186,0.0,296.21501594530343,296.6636852551069,296.23353883881737
3.745243562874255,0.0,296.2151209100681,296.66422735235045,296.23369236163796
3.7488691616766503,0.0,296.21522598143656,296.6647692908454,296.2338460424553
3.7524947604790455,0.0,296.2153311593777,296.66531107061707,296.2339998811708
3.7561203592814407,0.0,296.21543644385997,296.66585269169116,296.23415387768574
3.759745958083836,0.0,296.2155418348519,296.6663941540937,296.23430803190115
3.763371556886231,0.0,296.21564733232157,296.66693545785097,296.234462343718
3.7669971556886264,0.0,296.2157529362371,296.66747660298955,296.23461681303695
3.7706227544910216,0.0,296.2158586465664,296.6680175895366,296.2347714397586
3.774248353293417,0.0,296.215964463277,296.6685584175193,296.2349262237833
3.777873952095812,0.0,296.2160703863364,296.66909908696545,296.23508116501125
3.781499550898207,0.0,296.2161764157118,296.66963959790286,296.23523626334253
3.7851251497006024,0.0,296.2162825513704,296.6701799503599,296.235391518677
3.7887507485029976,0.0,296.21638879327895,296.6707201443652,296.23554693091444
3.792376347305393,0.0,296.21649514140427,296.6712601799477,296.2357024999543
3.796001946107788,0.0,296.2166015957127,296.67180005713664,296.23585822569606
3.7996275449101833,0.0,296.2167081561707,296.6723397759616,296.23601410803894
3.8032531437125785,0.0,296.21681482274437,296.67287933645235,296.236170146882
3.8068787425149737,0.0,296.2169215953996,296.6734187386394,296.2363263421242
3.810504341317369,0.0,296.21702847410234,296.673957982553,296.23648269366424
3.814129940119764,0.0,296.21713545881806,296.67449706822407,296.23663920140075
3.8177555389221594,0.0,296.2172425495121,296.67503599568374,296.2367958652321
3.8213811377245546,0.0,296.2173497461498,296.67557476496347,296.2369526850567
3.82500673652695,0.0,296.21745704869625,296.676113376095,296.23710966077255
3.828632335329345,0.0,296.2175644571162,296.6766518291103,296.2372667922778
3.83225793413174,0.0,296.21767197137444,296.67719012404183,296.23742407947014
3.8358835329341354,0.0,296.21777959143554,296.6777282609222,296.23758152224735
3.8395091317365306,0.0,296.2178873172637,296.6782662397844,296.2377391205069
3.843134730538926,0.0,296.21799514882326,296.6788040606616,296.23789687414626
3.846760329341321,0.0,296.21810308607814,296.67934172358747,296.2380547830626
3.8503859281437163,0.0,296.2182111289922,296.6798792285958,296.238212847153
3.8540115269461115,0.0,296.21831927752913,296.6804165757207,296.2383710663145
3.8576371257485067,0.0,296.2184275316524,296.68095376499656,296.2385294404439
3.861262724550902,0.0,296.21853589132536,296.68149079645815,296.2386879694379
3.864888323353297,0.0,296.21864435651116,296.68202767014054,296.2388466531929
3.8685139221556923,0.0,296.21875292717266,296.68256438607887,296.23900549160544
3.8721395209580876,0.0,296.21886160327296,296.6831009443088,296.23916448457175
3.8757651197604828,0.0,296.21897038477454,296.6836373448662,296.2393236319879
3.879390718562878,0.0,296.21907927163994,296.6841735877872,296.2394829337498
3.883016317365273,0.0,296.2191882638314,296.6847096731082,296.23964238975344
3.8866419161676684,0.0,296.21929736131136,296.6852456008659,296.23980199989444
3.8902675149700636,0.0,296.2194065640416,296.68578137109733,296.23996176406837
3.893893113772459,0.0,296.2195158719841,296.6863169838397,296.24012168217075
3.897518712574854,0.0,296.2196252851004,296.6868524391305,296.2402817540969
3.9011443113772493,0.0,296.2197348033522,296.68738773700767,296.24044197974195
3.9047699101796445,0.0,296.21984442670083,296.6879228775091,296.240602359001
3.9083955089820397,0.0,296.21995415510753,296.6884578606733,296.24076289176895
3.912021107784435,0.0,296.22006398853335,296.68899268653877,296.24092357794063
3.91564670658683,0.0,296.2201739269392,296.6895273551445,296.2410844174107
3.9192723053892253,0.0,296.2202839702859,296.6900618665295,296.2412454100738
3.9228979041916205,0.0,296.22039411853393,296.69059622073325,296.24140655582414
3.9265235029940158,0.0,296.22050437164387,296.6911304177954,296.2415678545563
3.930149101796411,0.0,296.2206147295761,296.691664457756,296.24172930616436
3.933774700598806,0.0,296.22072519229056,296.69219834065507,296.2418909105423
3.9374002994012014,0.0,296.22083575974744,296.69273206653315,296.2420526675842
3.9410258982035966,0.0,296.2209464319065,296.69326563543103,296.24221457718374
3.944651497005992,0.0,296.22105720872753,296.6937990473895,296.2423766392348
3.948277095808387,0.0,296.22116809017007,296.69433230244994,296.2425388536309
3.9519026946107823,0.0,296.2212790761934,296.6948654006538,296.2427012202656
3.9555282934131775,0.0,296.22139016675703,296.6953983420427,296.24286373903215
3.9591538922155727,0.0,296.22150136182,296.69593112665876,296.2430264098238
3.962779491017968,0.0,296.2216126613413,296.69646375454414,296.24318923253384
3.966405089820363,0.0,296.2217240652798,296.6969962257413,296.2433522070551
3.9700306886227583,0.0,296.2218355735941,296.69752854029304,296.24351533328075
3.9736562874251535,0.0,296.22194718624286,296.6980606982423,296.24367861110335
3.9772818862275487,0.0,296.22205890318446,296.6985926996322,296.24384204041576
3.980907485029944,0.0,296.22217072437735,296.6991245445063,296.2440056211105
3.984533083832339,0.0,296.22228264977946,296.69965623290824,296.2441693530801
3.9881586826347344,0.0,296.22239467934895,296.70018776488195,296.2443332362169
3.9917842814371296,0.0,296.22250681304365,296.7007191404717,296.24449727041326
3.995409880239525,0.0,296.2226190508213,296.70125035972177,296.24466145556136
3.99903547904192,0.0,296.22273139263956,296.701781422677,296.2448257915531
4.002661077844315,0.0,296.22284383845584,296.7023123293821,296.2449902782807
4.00628667664671,0.0,296.2229563882275,296.7028430798822,296.2451549156359
4.009912275449104,0.0,296.22306904191174,296.7033736742227,296.24531970351046
4.013537874251499,0.0,296.2231817994657,296.7039041124492,296.24548464179605
4.017163473053894,0.0,296.22329466084625,296.70443439460746,296.2456497303843
4.020789071856289,0.0,296.22340762601027,296.7049645207435,296.2458149691666
4.024414670658683,0.0,296.22352069491444,296.7054944909037,296.2459803580344
4.028040269461078,0.0,296.22363386751533,296.7060243051344,296.246145896879
4.031665868263473,0.0,296.22374714376934,296.70655396348246,296.24631158559157
4.035291467065868,0.0,296.22386052363277,296.70708346599474,296.2464774240632
4.0389170658682625,0.0,296.2239740070618,296.70761281271837,296.246643412185
4.042542664670657,0.0,296.22408759401264,296.70814200370086,296.2468095498476
4.046168263473052,0.0,296.22420128444105,296.7086710389897,296.2469758369422
4.049793862275447,0.0,296.22431507830294,296.70919991863275,296.24714227335926
4.053419461077842,0.0,296.2244289755539,296.7097286426781,296.2473088589895
4.057045059880236,0.0,296.2245429761496,296.710257211174,296.24747559372355
4.060670658682631,0.0,296.2246570800454,296.7107856241688,296.2476424774518
4.064296257485026,0.0,296.2247712871967,296.7113138817113,296.2478095100647
4.067921856287421,0.0,296.2248855975587,296.7118419838504,296.24797669145255
4.071547455089815,0.0,296.2250000110864,296.71236993063513,296.2481440215054
4.07517305389221,0.0,296.2251145277349,296.71289772211486,296.24831150011363
4.078798652694605,0.0,296.225229147459,296.7134253583391,296.2484791271671
4.082424251497,0.0,296.2253438702134,296.7139528393577,296.24864690255583
4.0860498502993945,0.0,296.2254586959528,296.71448016522055,296.24881482616973
4.089675449101789,0.0,296.22557362463164,296.7150073359777,296.24898289789854
4.093301047904184,0.0,296.2256886562043,296.7155343516796,296.24915111763215
4.096926646706579,0.0,296.22580379062515,296.71606121237676,296.24931948526006
4.100552245508974,0.0,296.22591902784825,296.71658791812,296.2494880006718
4.104177844311368,0.0,296.22603436782776,296.7171144689603,296.24965666375704
4.107803443113763,0.0,296.22614981051754,296.7176408649487,296.24982547440504
4.111429041916158,0.0,296.2262653558715,296.7181671061366,296.2499944325052
4.115054640718553,0.0,296.22638100384324,296.7186931925757,296.2501635379468
4.118680239520947,0.0,296.2264967543865,296.7192191243176,296.250332790619
4.122305838323342,0.0,296.22661260745474,296.71974490141434,296.2505021904109
4.125931437125737,0.0,296.22672856300136,296.720270523918,296.2506717372117
4.129557035928132,0.0,296.2268446209796,296.72079599188095,296.25084143091016
4.1331826347305265,0.0,296.2269607813427,296.7213213053558,296.2510112713953
4.136808233532921,0.0,296.22707704404377,296.7218464643951,296.251181258556
4.140433832335316,0.0,296.2271934090358,296.722371469052,296.251351392281
4.144059431137711,0.0,296.2273098762716,296.72289631937946,296.25152167245886
4.147685029940106,0.0,296.2274264457039,296.7234210154308,296.2516920989785
4.1513106287425,0.0,296.2275431172854,296.72394555725947,296.2518626717282
4.154936227544895,0.0,296.2276598909687,296.7244699449192,296.25203339059664
4.15856182634729,0.0,296.2277767667063,296.72499417846376,296.25220425547224
4.162187425149685,0.0,296.22789374445045,296.7255182579472,296.25237526624323
4.165813023952079,0.0,296.2280108241535,296.72604218342383,296.2525464227981
4.169438622754474,0.0,296.22812800576753,296.72656595494794,296.25271772502504
4.173064221556869,0.0,296.22824528924474,296.72708957257413,296.25288917281216
4.176689820359264,0.0,296.2283626745369,296.7276130363573,296.2530607660477
4.1803154191616585,0.0,296.22848016159605,296.72813634635224,296.2532325046197
4.183941017964053,0.0,296.22859775037386,296.7286595026141,296.25340438841613
4.187566616766448,0.0,296.2287154408221,296.72918250519814,296.25357641732495
4.191192215568843,0.0,296.22883323289227,296.72970535415993,296.253748591234
4.194817814371238,0.0,296.22895112653583,296.730228049555,296.2539209100312
4.198443413173632,0.0,296.22906912170424,296.7307505914393,296.25409337360423
4.202069011976027,0.0,296.2291872183487,296.7312729798687,296.2542659818409
4.205694610778422,0.0,296.22930541642063,296.7317952148995,296.2544387346289
4.209320209580817,0.0,296.22942371587095,296.7323172965879,296.25461163185565
4.212945808383211,0.0,296.22954211665075,296.7328392249904,296.25478467340895
4.216571407185606,0.0,296.22966061871097,296.73336100016377,296.25495785917616
4.220197005988001,0.0,296.2297792220024,296.7338826221648,296.2551311890448
4.223822604790396,0.0,296.22989792647587,296.7344040910505,296.2553046629022
4.2274482035927905,0.0,296.230016732082,296.73492540687806,296.25547828063566
4.231073802395185,0.0,296.2301356387713,296.7354465697048,296.2556520421327
4.23469940119758,0.0,296.2302546464944,296.73596757958825,296.25582594728036
4.238324999999975,0.0,296.2303737552016,296.73648843658606,296.25599999596596
4.24195059880237,0.0,296.2304929648433,296.737009140756,296.25617418807667
4.245576197604764,0.0,296.23061227536954,296.7375296921562,296.25634852349947
4.249201796407159,0.0,296.23073168673073,296.7380500908447,296.2565230021215
4.252827395209554,0.0,296.23085119887673,296.7385703368798,296.2566976238298
4.256452994011949,0.0,296.2309708117575,296.73909043032,296.25687238851134
4.260078592814343,0.0,296.2310905253231,296.739610371224,296.25704729605303
4.263704191616738,0.0,296.2312103395233,296.74013015965045,296.25722234634173
4.267329790419133,0.0,296.2313302543077,296.7406497956584,296.2573975392643
4.270955389221528,0.0,296.23145026962595,296.7411692793068,296.25757287470753
4.2745809880239225,0.0,296.2315703854278,296.74168861065505,296.2577483525582
4.278206586826317,0.0,296.23169060166254,296.74220778976246,296.257923972703
4.281832185628712,0.0,296.2318109182797,296.7427268166886,296.2580997350287
4.285457784431107,0.0,296.2319313352285,296.7432456914932,296.25827563942175
4.289083383233502,0.0,296.2320518524583,296.74376441423607,296.2584516857689
4.292708982035896,0.0,296.23217246991817,296.74428298497725,296.2586278739567
4.296334580838291,0.0,296.2322931875574,296.7448014037769,296.25880420387153
4.299960179640686,0.0,296.23241400532464,296.7453196706952,296.25898067540004
4.303585778443081,0.0,296.23253492316917,296.74583778579273,296.2591572884286
4.307211377245475,0.0,296.2326559410397,296.74635574913003,296.25933404284365
4.31083697604787,0.0,296.23277705888506,296.7468735607678,296.25951093853155
4.314462574850265,0.0,296.23289827665394,296.74739122076704,296.25968797537865
4.31808817365266,0.0,296.233019594295,296.7479087291886,296.25986515327133
4.3217137724550545,0.0,296.23314101175674,296.74842608609384,296.26004247209573
4.325339371257449,0.0,296.2332625289877,296.7489432915439,296.2602199317382
4.328964970059844,0.0,296.2333841459364,296.7494603456003,296.2603975320849
4.332590568862239,0.0,296.23350586255106,296.7499772483246,296.260575273022
4.336216167664634,0.0,296.23362767877995,296.7504939997786,296.26075315443575
4.339841766467028,0.0,296.2337495945714,296.751010600024,296.2609311762121
4.343467365269423,0.0,296.2338716098734,296.75152704912307,296.26110933823736
4.347092964071818,0.0,296.23399372463416,296.7520433471377,296.2612876403974
4.350718562874213,0.0,296.2341159388015,296.75255949413025,296.2614660825784
4.354344161676607,0.0,296.23423825232356,296.75307549016316,296.2616446646663
4.357969760479002,0.0,296.2343606651481,296.7535913352989,296.261823386547
4.361595359281397,0.0,296.23448317722284,296.75410702960016,296.2620022481066
4.365220958083792,0.0,296.2346057884956,296.7546225731299,296.26218124923093
4.3688465568861865,0.0,296.2347284989141,296.75513796595084,296.262360389806
4.372472155688581,0.0,296.23485130842585,296.75565320812615,296.26253966971757
4.376097754490976,0.0,296.23497421697834,296.75616829971904,296.2627190888515
4.379723353293371,0.0,296.2350972245192,296.75668324079294,296.2628986470937
4.383348952095766,0.0,296.2352203309957,296.7571980314111,296.26307834433004
4.38697455089816,0.0,296.2353435363552,296.7577126716372,296.2632581804461
4.390600149700555,0.0,296.23546684054486,296.758227161535,296.26343815532783
4.39422574850295,0.0,296.2355902435121,296.7587415011683,296.2636182688609
4.397851347305345,0.0,296.23571374520407,296.759255690601,296.263798520931
4.401476946107739,0.0,296.23583734556763,296.75976972989736,296.263978911424
4.405102544910134,0.0,296.23596104455004,296.7602836191214,296.26415944022534
4.408728143712529,0.0,296.2360848420982,296.7607973583376,296.2643401072209
4.412353742514924,0.0,296.23620873815895,296.76131094761035,296.2645209122962
4.4159793413173185,0.0,296.23633273267916,296.7618243870042,296.2647018553369
4.419604940119713,0.0,296.23645682560567,296.76233767658385,296.2648829362287
4.423230538922108,0.0,296.2365810168852,296.76285081641424,296.2650641548571
4.426856137724503,0.0,296.23670530646444,296.7633638065602,296.26524551110765
4.430481736526898,0.0,296.23682969428995,296.7638766470868,296.2654270048661
4.434107335329292,0.0,296.2369541803083,296.7643893380593,296.2656086360179
4.437732934131687,0.0,296.23707876446605,296.76490187954295,296.26579040444847
4.441358532934082,0.0,296.23720344670954,296.7654142716031,296.2659723100435
4.444984131736477,0.0,296.2373282269852,296.76592651430525,296.2661543526884
4.448609730538871,0.0,296.2374531052394,296.76643860771514,296.2663365322687
4.452235329341266,0.0,296.2375780814184,296.76695055189845,296.26651884867005
4.455860928143661,0.0,296.23770315546835,296.7674623469211,296.2667013017777
4.459486526946056,0.0,296.23782832733554,296.76797399284897,296.26688389147716
4.4631121257484505,0.0,296.237953596966,296.7684854897483,296.26706661765394
4.466737724550845,0.0,296.2380789643059,296.7689968376852,296.26724948019347
4.47036332335324,0.0,296.23820442930116,296.769508036726,296.2674324789812
4.473988922155635,0.0,296.23832999189773,296.7700190869371,296.26761561390254
4.47761452095803,0.0,296.2384556520415,296.7705299883851,296.2677988848429
4.481240119760424,0.0,296.23858140967855,296.7710407411366,296.2679822916877
4.484865718562819,0.0,296.23870726475434,296.7715513452583,296.26816583432236
4.488491317365214,0.0,296.23883321721485,296.7720618008171,296.26834951263226
4.492116916167609,0.0,296.2389592670057,296.7725721078799,296.2685333265028
4.495742514970003,0.0,296.2390854140727,296.7730822665138,296.26871727581937
4.499368113772398,0.0,296.2392116583613,296.7735922767861,296.2689013604673
4.502993712574793,0.0,296.23933799981705,296.77410213876385,296.26908558033205
4.506619311377188,0.0,296.2394644383856,296.77461185251457,296.26926993529895
4.5102449101795825,0.0,296.23959097401223,296.7751214181057,296.26945442525334
4.513870508981977,0.0,296.23971760664256,296.77563083560483,296.2696390500806
4.517496107784372,0.0,296.23984433622184,296.7761401050796,296.26982380966615
4.521121706586767,0.0,296.23997116269544,296.7766492265979,296.2700087038953
4.524747305389162,0.0,296.2400980860085,296.7771582002275,296.2701937326534
4.528372904191556,0.0,296.24022510610655,296.7776670260365,296.2703788958258
4.531998502993951,0.0,296.2403522229345,296.77817570409286,296.2705641932979
4.535624101796346,0.0,296.2404794364376,296.77868423446483,296.27074962495504
4.539249700598741,0.0,296.240606746561,296.77919261722076,296.2709351906825
4.542875299401135,0.0,296.2407341532496,296.77970085242885,296.2711208903658
4.54650089820353,0.0,296.2408616564486,296.7802089401577,296.2713067238901
4.550126497005925,0.0,296.2409892561029,296.7807168804759,296.2714926911409
4.55375209580832,0.0,296.2411169521574,296.78122467345196,296.2716787920035
4.5573776946107145,0.0,296.2412447445571,296.78173231915474,296.27186502636334
4.561003293413109,0.0,296.24137263324667,296.7822398176532,296.27205139410574
4.564628892215504,0.0,296.241500618171,296.782747169016,296.272237895116
4.568254491017899,0.0,296.24162869927494,296.7832543733124,296.2724245292796
4.571880089820294,0.0,296.2417568765032,296.7837614306115,296.2726112964819
4.575505688622688,0.0,296.2418851498003,296.78426834098246,296.27279819660816
4.579131287425083,0.0,296.24201351911097,296.78477510449454,296.2729852295439
4.582756886227478,0.0,296.2421419843799,296.7852817212173,296.2731723951746
4.586382485029873,0.0,296.2422705455515,296.7857881912201,296.27335969338543
4.590008083832267,0.0,296.2423992025705,296.78629451457255,296.2735471240619
4.593633682634662,0.0,296.2425279553812,296.7868006913443,296.2737346870895
4.597259281437057,0.0,296.2426568039282,296.7873067216051,296.27392238235353
4.600884880239452,0.0,296.2427857481558,296.78781260542485,296.27411020973955
4.6045104790418465,0.0,296.24291478800853,296.7883183428734,296.27429816913286
4.608136077844241,0.0,296.24304392343066,296.7888239340208,296.27448626041905
4.611761676646636,0.0,296.2431731543664,296.7893293789371,296.2746744834834
4.615387275449031,0.0,296.2433024807601,296.7898346776926,296.27486283821156
4.619012874251426,0.0,296.2434319025561,296.79033983035737,296.2750513244889
4.62263847305382,0.0,296.24356141969844,296.79084483700194,296.275239942201
4.626264071856215,0.0,296.2436910321313,296.7913496976966,296.2754286912332
4.62988967065861,0.0,296.243820739799,296.7918544125119,296.2756175714712
4.633515269461005,0.0,296.2439505426454,296.7923589815185,296.27580658280027
4.637140868263399,0.0,296.24408044061477,296.792863404787,296.2759957251062
4.640766467065794,0.0,296.244210433651,296.7933676823882,296.27618499827446
4.644392065868189,0.0,296.24434052169823,296.79387181439284,296.2763744021905
4.648017664670584,0.0,296.24447070470023,296.79437580087193,296.2765639367401
4.6516432634729785,0.0,296.2446009826012,296.79487964189644,296.27675360180865
4.655268862275373,0.0,296.24473135534487,296.79538333753743,296.27694339728185
4.658894461077768,0.0,296.2448618228751,296.79588688786606,296.2771333230453
4.662520059880163,0.0,296.24499238513584,296.79639029295356,296.27732337898465
4.666145658682558,0.0,296.2451230420708,296.7968935528711,296.27751356498544
4.669771257484952,0.0,296.245253793624,296.79739666769024,296.2777038809335
4.673396856287347,0.0,296.24538463973886,296.79789963748226,296.27789432671443
4.677022455089742,0.0,296.2455155803593,296.7984024623188,296.27808490221383
4.680648053892137,0.0,296.245646615429,296.7989051422714,296.2782756073176
4.684273652694531,0.0,296.24577774489165,296.7994076774118,296.27846644191135
4.687899251496926,0.0,296.2459089686908,296.7999100678117,296.27865740588084
4.691524850299321,0.0,296.2460402867702,296.80041231354295,296.27884849911186
4.695150449101716,0.0,296.24617169907333,296.8009144146774,296.27903972149016
4.6987760479041105,0.0,296.24630320554377,296.801416371287,296.27923107290167
4.702401646706505,0.0,296.24643480612514,296.8019181834438,296.2794225532321
4.7060272455089,0.0,296.24656650076076,296.8024198512199,296.2796141623673
4.709652844311295,0.0,296.24669828939426,296.80292137468746,296.27980590019314
4.71327844311369,0.0,296.24683017196907,296.8034227539187,296.27999776659556
4.716904041916084,0.0,296.2469621484286,296.803923988986,296.2801897614604
4.720529640718479,0.0,296.24709421871626,296.80442507996173,296.2803818846736
4.724155239520874,0.0,296.24722638277547,296.8049260269183,296.2805741361211
4.727780838323269,0.0,296.2473586405495,296.80542682992814,296.2807665156889
4.7314064371256634,0.0,296.24749099198175,296.80592748906395,296.2809590232631
4.735032035928058,0.0,296.2476234370155,296.8064280043983,296.2811516587295
4.738657634730453,0.0,296.2477559755941,296.80692837600395,296.2813444219743
4.742283233532848,0.0,296.2478886076607,296.80742860395367,296.2815373128835
4.7459088323352425,0.0,296.24802133315853,296.8079286883203,296.2817303313431
4.749534431137637,0.0,296.2481541520309,296.8084286291767,296.2819234772394
4.753160029940032,0.0,296.24828706422096,296.8089284265959,296.28211675045844
4.756785628742427,0.0,296.24842006967185,296.80942808065083,296.28231015088636
4.760411227544822,0.0,296.2485531683268,296.8099275914147,296.28250367840946
4.764036826347216,0.0,296.24868636012894,296.81042695896053,296.28269733291376
4.767662425149611,0.0,296.24881964502123,296.8109261833617,296.2828911142857
4.771288023952006,0.0,296.2489530229469,296.8114252646914,296.2830850224114
4.774913622754401,0.0,296.249086493849,296.81192420302295,296.2832790571772
4.7785392215567954,0.0,296.2492200576706,296.8124229984298,296.2834732184694
4.78216482035919,0.0,296.24935371435464,296.8129216509853,296.28366750617437
4.785790419161585,0.0,296.2494874638441,296.81342016076303,296.2838619201785
4.78941601796398,0.0,296.2496213060821,296.8139185278367,296.2840564603682
4.7930416167663745,0.0,296.2497552410115,296.8144167522797,296.2842511266299
4.796667215568769,0.0,296.2498892685754,296.81491483416585,296.28444591885005
4.800292814371164,0.0,296.2500233887165,296.81541277356894,296.28464083691506
4.803918413173559,0.0,296.25015760137796,296.8159105705626,296.2848358807115
4.807544011975954,0.0,296.2502919065025,296.81640822522087,296.28503105012607
4.811169610778348,0.0,296.2504263040331,296.8169057376177,296.2852263450451
4.814795209580743,0.0,296.25056079391265,296.8174031078268,296.2854217653553
4.818420808383138,0.0,296.2506953760839,296.81790033592245,296.28561731094334
4.822046407185533,0.0,296.2508300504897,296.81839742197866,296.28581298169587
4.8256720059879274,0.0,296.2509648170729,296.81889436606946,296.28600877749955
4.829297604790322,0.0,296.25109967577623,296.81939116826914,296.28620469824125
4.832923203592717,0.0,296.25123462654255,296.81988782865193,296.2864007438076
4.836548802395112,0.0,296.25136966931467,296.8203843472922,296.28659691408546
4.8401744011975065,0.0,296.2515048040353,296.8208807242641,296.2867932089616
4.843799999999901,0.0,296.25164003064714,296.8213769596422,296.28698962832294
4.847425598802296,0.0,296.25177534909295,296.82187305350084,296.28718617205635
4.851051197604691,0.0,296.25191075931536,296.82236900591454,296.2873828400488
4.854676796407086,0.0,296.2520462612572,296.82286481695786,296.2875796321872
4.85830239520948,0.0,296.2521818548611,296.82336048670544,296.2877765483586
4.861927994011875,0.0,296.2523175400696,296.8238560152319,296.28797358845
4.86555359281427,0.0,296.2524533168256,296.82435140261185,296.2881707523484
4.869179191616665,0.0,296.2525891850716,296.82484664892024,296.2883680399411
4.8728047904190595,0.0,296.25272514475023,296.8253417542316,296.288565451115
4.876430389221454,0.0,296.2528611958041,296.825836718621,296.2887629857574
4.880055988023849,0.0,296.2529973381759,296.82633154216325,296.28896064375544
4.883681586826244,0.0,296.2531335718082,296.8268262249332,296.2891584249966
4.8873071856286385,0.0,296.25326989664353,296.8273207670059,296.2893563293678
4.890932784431033,0.0,296.25340631262446,296.8278151684564,296.28955435675664
4.894558383233428,0.0,296.2535428196937,296.82830942935976,296.2897525070504
4.898183982035823,0.0,296.25367941779353,296.8288035497911,296.2899507801365
4.901809580838218,0.0,296.2538161068668,296.8292975298255,296.29014917590223
4.905435179640612,0.0,296.2539528868558,296.82979136953827,296.2903476942352
4.909060778443007,0.0,296.2540897577031,296.8302850690046,296.2905463350229
4.912686377245402,0.0,296.2542267193514,296.83077862829987,296.2907450981528
4.916311976047797,0.0,296.254363771743,296.8312720474993,296.29094398351253
4.9199375748501915,0.0,296.2545009148205,296.83176532667835,296.2911429909898
4.923563173652586,0.0,296.2546381485263,296.8322584659124,296.2913421204721
4.927188772454981,0.0,296.2547754728029,296.8327514652769,296.2915413718473
4.930814371257376,0.0,296.2549128875928,296.8332443248474,296.2917407450031
4.9344399700597705,0.0,296.2550503928385,296.8337370446994,296.29194023982717
4.938065568862165,0.0,296.2551879884823,296.83422962490846,296.2921398562074
4.94169116766456,0.0,296.25532567446686,296.8347220655503,296.29233959403183
4.945316766466955,0.0,296.25546345073445,296.8352143667005,296.29253945318806
4.94894236526935,0.0,296.25560131722756,296.83570652843474,296.29273943356435
4.952567964071744,0.0,296.25573927388865,296.83619855082895,296.2929395350484
4.956193562874139,0.0,296.25587732066003,296.83669043395867,296.2931397575284
4.959819161676534,0.0,296.25601545748424,296.8371821778999,296.29334010089246
4.963444760478929,0.0,296.2561536843036,296.8376737827284,296.2935405650286
4.9670703592813235,0.0,296.25629200106056,296.8381652485201,296.293741149825
4.970695958083718,0.0,296.2564304076975,296.83865657535097,296.29394185516986
4.974321556886113,0.0,296.2565689041568,296.83914776329686,296.29414268095144
4.977947155688508,0.0,296.2567074903808,296.83963881243386,296.29434362705797
4.9815727544909025,0.0,296.25684616631196,296.840129722838,296.29454469337793
4.985198353293297,0.0,296.2569849318926,296.8406204945853,296.2947458797995
4.988823952095692,0.0,296.2571237870651,296.8411111277519,296.2949471862113
4.992449550898087,0.0,296.25726273177185,296.8416016224141,296.29514861250163
4.996075149700482,0.0,296.25740176595514,296.84209197864783,296.2953501585591
4.999700748502876,0.0,296.2575408895574,296.8425821965294,296.2955518242722
5.003326347305271,0.0,296.257680102521,296.8430722761351,296.2957536095295
5.006951946107666,0.0,296.2578194047882,296.84356221754126,296.29595551421977
5.010577544910061,0.0,296.25795879630147,296.84405202082405,296.2961575382316
5.0142031437124555,0.0,296.258098277003,296.84454168605987,296.29635968145374
5.01782874251485,0.0,296.25823784683524,296.8450312133251,296.296561943775
5.021454341317245,0.0,296.2583775057405,296.84552060269624,296.29676432508415
5.02507994011964,0.0,296.2585172536611,296.84600985424953,296.2969668252701
5.0287055389220345,0.0,296.2586570905395,296.8464989680616,296.2971694442218
5.032331137724429,0.0,296.25879701631777,296.84698794420893,296.29737218182817
5.035956736526824,0.0,296.25893703093845,296.84747678276796,296.2975750379782
5.039582335329219,0.0,296.2590771343439,296.8479654838154,296.2977780125611
5.043207934131614,0.0,296.25921732647635,296.8484540474277,296.2979811054658
5.046833532934008,0.0,296.2593576072781,296.8489424736815,296.29818431658157
5.050459131736403,0.0,296.2594979766916,296.8494307626536,296.29838764579756
5.054084730538798,0.0,296.259638434659,296.84991891442047,296.298591093003
5.057710329341193,0.0,296.25977898112285,296.850406929059,296.2987946580873
5.0613359281435875,0.0,296.25991961602523,296.8508948066457,296.2989983409397
5.064961526945982,0.0,296.2600603393086,296.85138254725763,296.2992021414497
5.068587125748377,0.0,296.26020115091535,296.8518701509713,296.2994060595067
5.072212724550772,0.0,296.2603420507877,296.85235761786373,296.29961009500016
5.0758383233531665,0.0,296.260483038868,296.85284494801164,296.2998142478197
5.079463922155561,0.0,296.26062411509866,296.8533321414919,296.3000185178549
5.083089520957956,0.0,296.26076527942195,296.8538191983814,296.3002229049953
5.086715119760351,0.0,296.2609065317801,296.8543061187571,296.30042740913075
5.090340718562746,0.0,296.26104787211557,296.8547929026959,296.30063203015095
5.09396631736514,0.0,296.2611893003707,296.8552795502749,296.3008367679457
5.097591916167535,0.0,296.2613308164878,296.855766061571,296.3010416224049
5.10121751496993,0.0,296.26147242040923,296.8562524366611,296.3012465934184
5.104843113772325,0.0,296.2616141120772,296.8567386756224,296.3014516808761
5.1084687125747195,0.0,296.26175589143423,296.85722477853193,296.3016568846681
5.112094311377114,0.0,296.26189775842255,296.8577107454667,296.30186220468437
5.115719910179509,0.0,296.2620397129846,296.85819657650393,296.3020676408151
5.119345508981904,0.0,296.2621817550626,296.8586822717207,296.30227319295045
5.1229711077842985,0.0,296.2623238845991,296.8591678311941,296.3024788609806
5.126596706586693,0.0,296.26246610153623,296.8596532550014,296.3026846447959
5.130222305389088,0.0,296.26260840581654,296.86013854321976,296.30289054428647
5.133847904191483,0.0,296.2627507973823,296.8606236959264,296.3030965593429
5.137473502993878,0.0,296.26289327617593,296.8611087131986,296.30330268985546
5.141099101796272,0.0,296.2630358421398,296.8615935951135,296.30350893571466
5.144724700598667,0.0,296.26317849521615,296.8620783417486,296.30371529681116
5.148350299401062,0.0,296.2633212353476,296.86256295318094,296.30392177303537
5.151975898203457,0.0,296.2634640624764,296.86304742948806,296.3041283642781
5.1556014970058515,0.0,296.2636069765449,296.8635317707472,296.3043350704299
5.159227095808246,0.0,296.26374997749565,296.86401597703565,296.30454189138163
5.162852694610641,0.0,296.2638930652709,296.86450004843084,296.30474882702407
5.166478293413036,0.0,296.26403623981315,296.8649839850102,296.304955877248
5.1701038922154305,0.0,296.26417950106475,296.8654677868512,296.3051630419444
5.173729491017825,0.0,296.2643228489682,296.8659514540311,296.3053703210042
5.17735508982022,0.0,296.2644662834658,296.86643498662744,296.3055777143184
5.180980688622615,0.0,296.2646098045002,296.8669183847177,296.30578522177825
5.18460628742501,0.0,296.26475341201365,296.8674016483793,296.30599284327474
5.188231886227404,0.0,296.2648971059486,296.8678847776899,296.30620057869896
5.191857485029799,0.0,296.2650408862476,296.8683677727268,296.3064084279424
5.195483083832194,0.0,296.26518475285303,296.86885063356766,296.30661639089624
5.199108682634589,0.0,296.26532870570736,296.86933336029,296.3068244674518
5.2027342814369835,0.0,296.26547274475314,296.86981595297135,296.3070326575006
5.206359880239378,0.0,296.2656168699328,296.87029841168936,296.307240960934
5.209985479041773,0.0,296.2657610811888,296.87078073652157,296.3074493776436
5.213611077844168,0.0,296.2659053784637,296.8712629275455,296.30765790752093
5.2172366766465625,0.0,296.2660497616999,296.8717449848389,296.3078665504576
5.220862275448957,0.0,296.26619423084,296.87222690847943,296.30807530634553
5.224487874251352,0.0,296.2663387858264,296.87270869854467,296.30828417507627
5.228113473053747,0.0,296.2664834266019,296.87319035511223,296.3084931565417
5.231739071856142,0.0,296.26662815310874,296.87367187825987,296.30870225063364
5.235364670658536,0.0,296.2667729652896,296.8741532680652,296.3089114572441
5.238990269460931,0.0,296.266917863087,296.874634524606,296.30912077626505
5.242615868263326,0.0,296.26706284644354,296.8751156479599,296.3093302075885
5.246241467065721,0.0,296.2672079153017,296.87559663820474,296.3095397511066
5.2498670658681155,0.0,296.2673530696042,296.87607749541814,296.30974940671155
5.25349266467051,0.0,296.2674983092935,296.876558219678,296.3099591742955
5.257118263472905,0.0,296.2676436343124,296.8770388110618,296.31016905375077
5.2607438622753,0.0,296.2677890446032,296.87751926964756,296.31037904496964
5.2643694610776945,0.0,296.26793454010874,296.87799959551296,296.3105891478446
5.267995059880089,0.0,296.2680801207716,296.8784797887358,296.3107993622681
5.271620658682484,0.0,296.2682257865344,296.8789598493939,296.31100968813263
5.275246257484879,0.0,296.2683715373398,296.8794397775651,296.3112201253307
5.278871856287274,0.0,296.2685173731305,296.87991957332713,296.31143067375507
5.282497455089668,0.0,296.2686632938491,296.88039923675785,296.3116413332983
5.286123053892063,0.0,296.2688092994383,296.8808787679351,296.3118521038534
5.289748652694458,0.0,296.2689553898408,296.8813581669368,296.312062985313
5.293374251496853,0.0,296.2691015649993,296.8818374338407,296.31227397757004
5.2969998502992475,0.0,296.2692478248565,296.8823165687247,296.31248508051743
5.300625449101642,0.0,296.26939416935517,296.8827955716667,296.3126962940482
5.304251047904037,0.0,296.269540598438,296.8832744427445,296.31290761805536
5.307876646706432,0.0,296.26968711204785,296.88375318203606,296.3131190524321
5.3115022455088265,0.0,296.2698337101273,296.88423178961926,296.3133305970716
5.315127844311221,0.0,296.2699803926193,296.88471026557204,296.31354225186703
5.318753443113616,0.0,296.2701271594665,296.88518860997226,296.3137540167118
5.322379041916011,0.0,296.27027401061173,296.88566682289775,296.3139658914992
5.326004640718406,0.0,296.27042094599784,296.88614490442654,296.3141778761227
5.3296302395208,0.0,296.27056796556764,296.8866228546365,296.3143899704759
5.333255838323195,0.0,296.27071506926393,296.8871006736057,296.31460217445215
5.33688143712559,0.0,296.2708622570296,296.8875783614119,296.3148144879452
5.340507035927985,0.0,296.2710095288075,296.8880559181331,296.31502691084876
5.3441326347303795,0.0,296.27115688454046,296.88853334384726,296.3152394430565
5.347758233532774,0.0,296.2713043241714,296.8890106386323,296.3154520844622
5.351383832335169,0.0,296.2714518476432,296.8894878025663,296.3156648349599
5.355009431137564,0.0,296.27159945489876,296.8899648357271,296.31587769444326
5.3586350299399585,0.0,296.271747145881,296.8904417381926,296.31609066280646
5.362260628742353,0.0,296.271894920533,296.8909185100408,296.3163037399436
5.365886227544748,0.0,296.27204277879764,296.89139515134985,296.3165169257486
5.369511826347143,0.0,296.2721907206178,296.89187166219756,296.31673022011586
5.373137425149538,0.0,296.27233874593645,296.8923480426619,296.3169436229395
5.376763023951932,0.0,296.2724868546967,296.89282429282093,296.31715713411387
5.380388622754327,0.0,296.2726350468415,296.89330041275264,296.3173707535334
5.384014221556722,0.0,296.27278332231396,296.89377640253485,296.31758448109247
5.387639820359117,0.0,296.27293168105695,296.8942522622458,296.3177983166855
5.3912654191615115,0.0,296.27308012301364,296.89472799196335,296.31801226020724
5.394891017963906,0.0,296.27322864812703,296.89520359176544,296.31822631155217
5.398516616766301,0.0,296.2733772563403,296.8956790617301,296.31844047061503
5.402142215568696,0.0,296.27352594759657,296.89615440193535,296.3186547372906
5.4057678143710906,0.0,296.2736747218388,296.8966296124592,296.31886911147376
5.409393413173485,0.0,296.2738235790102,296.89710469337956,296.31908359305925
5.41301901197588,0.0,296.2739725190539,296.8975796447745,296.31929818194214
5.416644610778275,0.0,296.27412154191313,296.898054466722,296.31951287801746
5.42027020958067,0.0,296.27427064753095,296.89852915930015,296.31972768118027
5.423895808383064,0.0,296.27441983585067,296.89900372258677,296.3199425913257
5.427521407185459,0.0,296.2745691068154,296.8994781566599,296.320157608349
5.431147005987854,0.0,296.27471846036843,296.8999524615976,296.3203727321454
5.434772604790249,0.0,296.2748678964529,296.90042663747784,296.3205879626102
5.4383982035926435,0.0,296.2750174150122,296.90090068437854,296.320803299639
5.442023802395038,0.0,296.27516701598955,296.90137460237787,296.3210187431271
5.445649401197433,0.0,296.27531669932813,296.90184839155364,296.3212342929702
5.449274999999828,0.0,296.27546646497143,296.90232205198396,296.3214499490637
5.4529005988022226,0.0,296.2756163128626,296.9027955837467,296.32166571130347
5.456526197604617,0.0,296.2757662429451,296.9032689869199,296.3218815795852
5.460151796407012,0.0,296.2759162551623,296.9037422615816,296.3220975538046
5.463777395209407,0.0,296.27606634945755,296.9042154078097,296.3223136338576
5.467402994011802,0.0,296.2762165257741,296.90468842568225,296.3225298196403
5.471028592814196,0.0,296.2763667840555,296.9051613152772,296.32274611104845
5.474654191616591,0.0,296.2765171242451,296.90563407667247,296.3229625079783
5.478279790418986,0.0,296.27666754628643,296.9061067099461,296.32317901032593
5.481905389221381,0.0,296.27681805012287,296.9065792151759,296.32339561798756
5.4855309880237755,0.0,296.2769686356979,296.90705159244,296.32361233085936
5.48915658682617,0.0,296.2771193029551,296.90752384181627,296.32382914883783
5.492782185628565,0.0,296.2772700518379,296.90799596338275,296.3240460718194
5.49640778443096,0.0,296.2774208822898,296.9084679572173,296.3242630997003
5.5000333832333546,0.0,296.2775717942544,296.90893982339793,296.3244802323774
5.503658982035749,0.0,296.2777227876753,296.90941156200245,296.32469746974715
5.507284580838144,0.0,296.27787386249605,296.90988317310894,296.3249148117061
5.510910179640539,0.0,296.2780250186603,296.9103546567952,296.3251322581512
5.514535778442934,0.0,296.2781762561115,296.9108260131393,296.32534980897924
5.518161377245328,0.0,296.2783275747936,296.911297242219,296.325567464087
5.521786976047723,0.0,296.27847897464994,296.9117683441123,296.3257852233715
5.525412574850118,0.0,296.27863045562435,296.91223931889715,296.3260030867297
5.529038173652513,0.0,296.27878201766055,296.91271016665144,296.3262210540588
5.5326637724549075,0.0,296.2789336607022,296.9131808874529,296.32643912525583
5.536289371257302,0.0,296.279085384693,296.91365148137965,296.32665730021813
5.539914970059697,0.0,296.2792371895768,296.9141219485093,296.32687557884293
5.543540568862092,0.0,296.2793890752973,296.91459228892,296.3270939610276
5.547166167664487,0.0,296.2795410417983,296.91506250268947,296.32731244666945
5.550791766466881,0.0,296.27969308902374,296.9155325898956,296.3275310356662
5.554417365269276,0.0,296.27984521691724,296.91600255061616,296.3277497279152
5.558042964071671,0.0,296.2799974254228,296.91647238492914,296.32796852331427
5.561668562874066,0.0,296.28014971448425,296.9169420929123,296.328187421761
5.56529416167646,0.0,296.28030208404545,296.9174116746434,296.32840642315324
5.568919760478855,0.0,296.2804545340503,296.9178811302003,296.3286255273888
5.57254535928125,0.0,296.28060706444285,296.91835045966087,296.32884473436553
5.576170958083645,0.0,296.280759675167,296.9188196631029,296.3290640439814
5.5797965568860395,0.0,296.2809123661666,296.91928874060415,296.3292834561346
5.583422155688434,0.0,296.28106513738584,296.91975769224234,296.3295029707231
5.587047754490829,0.0,296.28121798876856,296.9202265180954,296.3297225876452
5.590673353293224,0.0,296.28137092025884,296.92069521824095,296.3299423067991
5.594298952095619,0.0,296.2815239318008,296.92116379275683,296.33016212808315
5.597924550898013,0.0,296.2816770233385,296.9216322417208,296.3303820513957
5.601550149700408,0.0,296.28183019481594,296.9221005652105,296.3306020766354
5.605175748502803,0.0,296.28198344617726,296.9225687633037,296.3308222037005
5.608801347305198,0.0,296.2821367773667,296.9230368360782,296.33104243248977
5.612426946107592,0.0,296.2822901883284,296.9235047836116,296.3312627629019
5.616052544909987,0.0,296.2824436790064,296.92397260598165,296.3314831948355
5.619678143712382,0.0,296.28259724934503,296.92444030326595,296.33170372818955
5.623303742514777,0.0,296.28275089928843,296.9249078755423,296.33192436286294
5.6269293413171715,0.0,296.282904628781,296.92537532288827,296.3321450987545
5.630554940119566,0.0,296.2830584377668,296.9258426453815,296.33236593576333
5.634180538921961,0.0,296.28321232619015,296.9263098430998,296.3325868737885
5.637806137724356,0.0,296.2833662939955,296.92677691612056,296.3328079127292
5.641431736526751,0.0,296.2835203411271,296.92724386452153,296.33302905248473
5.645057335329145,0.0,296.2836744675293,296.92771068838033,296.33325029295423
5.64868293413154,0.0,296.28382867314644,296.9281773877745,296.33347163403727
5.652308532933935,0.0,296.2839829579229,296.9286439627816,296.33369307563316
5.65593413173633,0.0,296.2841373218032,296.92911041347924,296.33391461764154
5.659559730538724,0.0,296.2842917647316,296.92957673994493,296.33413625996195
5.663185329341119,0.0,296.2844462866528,296.9300429422563,296.334358002494
5.666810928143514,0.0,296.2846008875111,296.9305090204909,296.3345798451375
5.670436526945909,0.0,296.28475556725107,296.93097497472604,296.33480178779223
5.6740621257483035,0.0,296.2849103258173,296.93144080503936,296.335023830358
5.677687724550698,0.0,296.2850651631542,296.9319065115084,296.335245972735
5.681313323353093,0.0,296.2852200792064,296.93237209421056,296.335468214823
5.684938922155488,0.0,296.28537507391854,296.93283755322335,296.3356905565221
5.688564520957883,0.0,296.28553014723525,296.93330288862416,296.3359129977326
5.692190119760277,0.0,296.2856852991011,296.93376810049045,296.33613553835465
5.695815718562672,0.0,296.28584052946076,296.9342331888997,296.3363581782885
5.699441317365067,0.0,296.2859958382589,296.9346981539293,296.33658091743473
5.703066916167462,0.0,296.28615122544034,296.9351629956565,296.3368037556936
5.706692514969856,0.0,296.2863066909497,296.93562771415884,296.33702669296565
5.710318113772251,0.0,296.2864622347318,296.93609230951364,296.33724972915155
5.713943712574646,0.0,296.28661785673137,296.93655678179823,296.33747286415195
5.717569311377041,0.0,296.2867735568933,296.9370211310899,296.3376960978675
5.7211949101794355,0.0,296.2869293351623,296.937485357466,296.3379194301991
5.72482050898183,0.0,296.28708519148324,296.9379494610039,296.33814286104763
5.728446107784225,0.0,296.2872411258011,296.93841344178077,296.338366390314
5.73207170658662,0.0,296.28739713806067,296.938877299874,296.3385900178992
5.735697305389015,0.0,296.2875532282069,296.9393410353607,296.3388137437044
5.739322904191409,0.0,296.28770939618477,296.9398046483183,296.3390375676307
5.742948502993804,0.0,296.28786564193916,296.9402681388239,296.3392614895794
5.746574101796199,0.0,296.2880219654151,296.94073150695465,296.33948550945183
5.750199700598594,0.0,296.2881783665577,296.9411947527879,296.3397096271493
5.753825299400988,0.0,296.2883348453119,296.9416578764007,296.3399338425734
5.757450898203383,0.0,296.2884914016227,296.94212087787025,296.34015815562543
5.761076497005778,0.0,296.2886480354353,296.94258375727367,296.3403825662072
5.764702095808173,0.0,296.28880474669484,296.9430465146881,296.3406070742203
5.7683276946105675,0.0,296.28896153534635,296.9435091501906,296.3408316795665
5.771953293412962,0.0,296.28911840133503,296.94397166385835,296.3410563821476
5.775578892215357,0.0,296.2892753446061,296.9444340557683,296.3412811818655
5.779204491017752,0.0,296.2894323651047,296.9448963259976,296.34150607862216
5.782830089820147,0.0,296.2895894627762,296.9453584746232,296.3417310723196
5.786455688622541,0.0,296.28974663756566,296.94582050172227,296.34195616285996
5.790081287424936,0.0,296.2899038894185,296.94628240737165,296.34218135014544
5.793706886227331,0.0,296.29006121827996,296.9467441916484,296.34240663407826
5.797332485029726,0.0,296.29021862409536,296.9472058546295,296.3426320145607
5.80095808383212,0.0,296.29037610681024,296.9476673963918,296.34285749149535
5.804583682634515,0.0,296.29053366636975,296.9481288170123,296.3430830647845
5.80820928143691,0.0,296.2906913027194,296.9485901165679,296.3433087343308
5.811834880239305,0.0,296.2908490158046,296.9490512951355,296.34353450003675
5.8154604790416995,0.0,296.2910068055708,296.949512352792,296.34376036180527
5.819086077844094,0.0,296.2911646719635,296.94997328961415,296.3439863195389
5.822711676646489,0.0,296.2913226149283,296.95043410567877,296.3442123731406
5.826337275448884,0.0,296.2914806344105,296.9508948010628,296.3444385225131
5.829962874251279,0.0,296.2916387303558,296.951355375843,296.34466476755966
5.833588473053673,0.0,296.29179690270985,296.9518158300961,296.3448911081832
5.837214071856068,0.0,296.29195515141816,296.9522761638989,296.3451175442869
5.840839670658463,0.0,296.2921134764263,296.952736377328,296.3453440757739
5.844465269460858,0.0,296.2922718776801,296.9531964704603,296.3455707025475
5.848090868263252,0.0,296.29243035512513,296.9536564433723,296.3457974245111
5.851716467065647,0.0,296.2925889087071,296.95411629614085,296.3460242415681
5.855342065868042,0.0,296.29274753837177,296.95457602884255,296.346251153622
5.858967664670437,0.0,296.29290624406497,296.955035641554,296.34647816057634
5.8625932634728315,0.0,296.2930650257324,296.9554951343518,296.34670526233486
5.866218862275226,0.0,296.29322388331985,296.95595450731264,296.3469324588012
5.869844461077621,0.0,296.2933828167732,296.95641376051293,296.3471597498792
5.873470059880016,0.0,296.2935418260384,296.9568728940294,296.3473871354727
5.877095658682411,0.0,296.29370091106114,296.95733190793845,296.34761461548555
5.880721257484805,0.0,296.29386007178755,296.9577908023166,296.347842189822
5.8843468562872,0.0,296.2940193081634,296.95824957724034,296.348069858386
5.887972455089595,0.0,296.2941786201348,296.9587082327862,296.34829762108166
5.89159805389199,0.0,296.2943380076477,296.95916676903056,296.3485254778133
5.895223652694384,0.0,296.294497470648,296.9596251860499,296.3487534284853
5.898849251496779,0.0,296.2946570090819,296.96008348392047,296.3489814730019
5.902474850299174,0.0,296.29481662289544,296.96054166271887,296.3492096112676
5.906100449101569,0.0,296.2949763120347,296.96099972252125,296.349437843187
5.9097260479039635,0.0,296.2951360764458,296.961457663404,296.3496661686646
5.913351646706358,0.0,296.2952959160749,296.9619154854436,296.3498945876052
5.916977245508753,0.0,296.29545583086815,296.96237318871613,296.35012309991345
5.920602844311148,0.0,296.29561582077184,296.962830773298,296.35035170549423
5.924228443113543,0.0,296.2957758857321,296.96328823926524,296.3505804042525
5.927854041915937,0.0,296.29593602569526,296.96374558669436,296.35080919609317
5.931479640718332,0.0,296.2960962406076,296.9642028156613,296.3510380809213
5.935105239520727,0.0,296.2962565304154,296.96465992624235,296.35126705864195
5.938730838323122,0.0,296.2964168950651,296.96511691851373,296.3514961291604
5.942356437125516,0.0,296.2965773345029,296.9655737925514,296.35172529238196
5.945982035927911,0.0,296.2967378486753,296.96603054843166,296.35195454821195
5.949607634730306,0.0,296.29689843752874,296.9664871862304,296.3521838965558
5.953233233532701,0.0,296.2970591010096,296.96694370602376,296.35241333731886
5.9568588323350955,0.0,296.2972198390644,296.9674001078878,296.35264287040684
5.96048443113749,0.0,296.29738065163957,296.9678563918985,296.3528724957254
5.964110029939885,0.0,296.2975415386816,296.96831255813186,296.35310221318025
5.96773562874228,0.0,296.29770250013735,296.9687686066639,296.35333202267714
5.971361227544675,0.0,296.29786353595307,296.9692245375705,296.353561924122
5.974986826347069,0.0,296.2980246460755,296.9696803509275,296.35379191742066
5.978612425149464,0.0,296.29818583045125,296.97013604681086,296.35402200247927
5.982238023951859,0.0,296.29834708902706,296.9705916252965,296.3542521792038
5.985863622754254,0.0,296.2985084217495,296.9710470864602,296.3544824475005
5.989489221556648,0.0,296.2986698285654,296.9715024303778,296.35471280727563
5.993114820359043,0.0,296.2988313094215,296.97195765712513,296.35494325843547
5.996740419161438,0.0,296.29899286426445,296.97241276677784,296.3551738008863
6.000366017963833,0.0,296.2991544930412,296.9728677594117,296.35540443453476
6.0039916167662275,0.0,296.2993161956985,296.97332263510253,296.3556351592873
6.007617215568622,0.0,296.29947797218324,296.97377739392596,296.35586597505056
6.011242814371017,0.0,296.2996398224423,296.9742320359576,296.35609688173116
6.014868413173412,0.0,296.2998017464226,296.9746865612732,296.35632787923595
6.018494011975807,0.0,296.299963744071,296.9751409699483,296.35655896747176
6.022119610778201,0.0,296.3001258153346,296.9755952620585,296.3567901463454
6.025745209580596,0.0,296.3002879601603,296.9760494376795,296.35702141576394
6.029370808382991,0.0,296.3004501784951,296.9765034968866,296.3572527756345
6.032996407185386,0.0,296.3006124702862,296.9769574397555,296.3574842258641
6.03662200598778,0.0,296.30077483548047,296.97741126636157,296.35771576635995
6.040247604790175,0.0,296.3009372740252,296.9778649767803,296.35794739702936
6.04387320359257,0.0,296.30109978586745,296.97831857108713,296.35817911777974
6.047498802394965,0.0,296.3012623709544,296.97877204935753,296.3584109285185
6.0511244011973595,0.0,296.30142502923326,296.9792254116669,296.3586428291531
6.054749999999754,0.0,296.30158776065116,296.97967865809045,296.35887481959116
6.058375598802149,0.0,296.30175056515543,296.9801317887036,296.35910689974037
6.062001197604544,0.0,296.3019134426933,296.9805848035817,296.3593390695084
6.065626796406939,0.0,296.30207639321213,296.98103770279994,296.3595713288031
6.069252395209333,0.0,296.30223941665923,296.9814904864336,296.3598036775323
6.072877994011728,0.0,296.3024025129819,296.98194315455794,296.360036115604
6.076503592814123,0.0,296.30256568212764,296.98239570724814,296.36026864292614
6.080129191616518,0.0,296.3027289240438,296.98284814457935,296.36050125940704
6.083754790418912,0.0,296.30289223867777,296.9833004666267,296.36073396495465
6.087380389221307,0.0,296.3030556259771,296.98375267346535,296.3609667594773
6.091005988023702,0.0,296.3032190858894,296.9842047651703,296.36119964288343
6.094631586826097,0.0,296.303382618362,296.9846567418167,296.36143261508124
6.0982571856284915,0.0,296.30354622334244,296.98510860347955,296.3616656759794
6.101882784430886,0.0,296.30370990077853,296.98556035023387,296.3618988254863
6.105508383233281,0.0,296.3038736506177,296.9860119821546,296.3621320635107
6.109133982035676,0.0,296.3040374728077,296.9864634993167,296.36236538996127
6.112759580838071,0.0,296.3042013672961,296.98691490179516,296.36259880474677
6.116385179640465,0.0,296.30436533403076,296.9873661896648,296.36283230777605
6.12001077844286,0.0,296.3045293729593,296.9878173630005,296.363065898958
6.123636377245255,0.0,296.3046934840295,296.98826842187714,296.3632995782017
6.12726197604765,0.0,296.3048576671891,296.9887193663694,296.36353334541616
6.130887574850044,0.0,296.30502192238595,296.9891701965522,296.36376720051055
6.134513173652439,0.0,296.30518624956795,296.98962091250024,296.36400114339415
6.138138772454834,0.0,296.30535064868286,296.99007151428833,296.36423517397617
6.141764371257229,0.0,296.3055151196787,296.99052200199094,296.36446929216606
6.1453899700596235,0.0,296.3056796625034,296.990972375683,296.3647034978732
6.149015568862018,0.0,296.3058442771049,296.99142263543894,296.3649377910072
6.152641167664413,0.0,296.30600896343105,296.99187278133354,296.3651721714776
6.156266766466808,0.0,296.30617372143007,296.99232281344126,296.3654066391941
6.159892365269203,0.0,296.3063385510499,296.99277273183674,296.3656411940665
6.163517964071597,0.0,296.30650345223864,296.9932225365944,296.3658758360045
6.167143562873992,0.0,296.3066684249444,296.9936722277888,296.366110564918
6.170769161676387,0.0,296.30683346911536,296.9941218054944,296.3663453807171
6.174394760478782,0.0,296.30699858469967,296.99457126978564,296.3665802833118
6.178020359281176,0.0,296.30716377164543,296.9950206207369,296.36681527261214
6.181645958083571,0.0,296.3073290299009,296.9954698584226,296.3670503485285
6.185271556885966,0.0,296.3074943594145,296.99591898291703,296.367285510971
6.188897155688361,0.0,296.30765976013424,296.99636799429453,296.36752075985
6.1925227544907555,0.0,296.3078252320086,296.99681689262934,296.36775609507595
6.19614835329315,0.0,296.3079907749859,296.9972656779958,296.36799151655936
6.199773952095545,0.0,296.30815638901447,296.9977143504682,296.36822702421074
6.20339955089794,0.0,296.3083220740427,296.9981629101205,296.3684626179408
6.207025149700335,0.0,296.3084878300191,296.9986113570272,296.36869829766033
6.210650748502729,0.0,296.308653656892,296.9990596912621,296.36893406328
6.214276347305124,0.0,296.30881955460995,296.9995079128995,296.3691699147107
6.217901946107519,0.0,296.3089855231216,296.99995602201346,296.3694058518634
6.221527544909914,0.0,296.3091515623753,297.00040401867795,296.3696418746491
6.225153143712308,0.0,296.30931767231965,297.0008519029671,296.3698779829789
6.228778742514703,0.0,296.30948385290344,297.00129967495485,296.37011417676405
6.232404341317098,0.0,296.30965010407505,297.0017473347151,296.3703504559157
6.236029940119493,0.0,296.30981642578325,297.0021948823219,296.3705868203451
6.2396555389218875,0.0,296.30998281797673,297.00264231784894,296.3708232699638
6.243281137724282,0.0,296.31014928060426,297.0030896413702,296.3710598046832
6.246906736526677,0.0,296.3103158136146,297.00353685295954,296.3712964244149
6.250532335329072,0.0,296.3104824169564,297.0039839526908,296.3715331290704
6.254157934131467,0.0,296.3106490905785,297.0044309406377,296.3717699185614
6.257783532933861,0.0,296.31081583442995,297.00487781687394,296.3720067927998
6.261409131736256,0.0,296.3109826484594,297.0053245814733,296.37224375169734
6.265034730538651,0.0,296.3111495326158,297.00577123450944,296.3724807951659
6.268660329341046,0.0,296.31131648684806,297.00621777605596,296.37271792311765
6.27228592814344,0.0,296.3114835111052,297.0066642061865,296.37295513546445
6.275911526945835,0.0,296.31165060533624,297.0071105249746,296.3731924321185
6.27953712574823,0.0,296.31181776949006,297.0075567324939,296.3734298129921
6.283162724550625,0.0,296.3119850035158,297.00800282881795,296.37366727799736
6.2867883233530195,0.0,296.31215230736257,297.0084488140202,296.37390482704683
6.290413922155414,0.0,296.31231968097944,297.008894688174,296.3741424600529
6.294039520957809,0.0,296.31248712431545,297.00934045135295,296.374380176928
6.297665119760204,0.0,296.31265463731995,297.00978610363023,296.37461797758476
6.301290718562599,0.0,296.312822219942,297.01023164507944,296.3748558619358
6.304916317364993,0.0,296.3129898721309,297.01067707577374,296.37509382989396
6.308541916167388,0.0,296.3131575938359,297.0111223957865,296.37533188137206
6.312167514969783,0.0,296.31332538500624,297.01156760519103,296.37557001628284
6.315793113772178,0.0,296.31349324559125,297.0120127040604,296.37580823453925
6.319418712574572,0.0,296.31366117554035,297.01245769246805,296.3760465360545
6.323044311376967,0.0,296.3138291748028,297.012902570487,296.3762849207416
6.326669910179362,0.0,296.3139972433281,297.0133473381904,296.3765233885137
6.330295508981757,0.0,296.31416538106566,297.0137919956514,296.37676193928417
6.3339211077841515,0.0,296.314333587965,297.0142365429429,296.3770005729662
6.337546706586546,0.0,296.3145018639754,297.0146809801382,296.3772392894732
6.341172305388941,0.0,296.31467020904665,297.0151253073103,296.37747808871876
6.344797904191336,0.0,296.3148386231282,297.01556952453194,296.3777169706164
6.348423502993731,0.0,296.3150071061696,297.01601363187626,296.3779559350797
6.352049101796125,0.0,296.31517565812055,297.01645762941604,296.37819498202236
6.35567470059852,0.0,296.31534427893064,297.01690151722426,296.37843411135816
6.359300299400915,0.0,296.31551296854957,297.01734529537373,296.37867332300095
6.36292589820331,0.0,296.315681726927,297.0177889639372,296.3789126168648
6.366551497005704,0.0,296.3158505540127,297.0182325229876,296.37915199286346
6.370177095808099,0.0,296.3160194497565,297.0186759725976,296.3793914509111
6.373802694610494,0.0,296.31618841410807,297.0191193128399,296.379630990922
6.377428293412889,0.0,296.31635744701737,297.0195625437871,296.37987061281024
6.3810538922152835,0.0,296.3165265484342,297.0200056655121,296.3801103164901
6.384679491017678,0.0,296.31669571830844,297.02044867808723,296.380350101876
6.388305089820073,0.0,296.31686495659,297.0208915815852,296.3805899688824
6.391930688622468,0.0,296.31703426322883,297.0213343760785,296.38082991742374
6.395556287424863,0.0,296.31720363817493,297.0217770616398,296.3810699474147
6.399181886227257,0.0,296.3173730813784,297.02221963834137,296.3813100587699
6.402807485029652,0.0,296.3175425927891,297.02266210625584,296.38155025140406
6.406433083832047,0.0,296.3177121723572,297.0231044654555,296.381790525232
6.410058682634442,0.0,296.3178818200327,297.02354671601273,296.3820308801687
6.413684281436836,0.0,296.3180515357659,297.023988858,296.382271316129
6.417309880239231,0.0,296.3182213195069,297.0244308914895,296.382511833028
6.420935479041626,0.0,296.31839117120586,297.0248728165535,296.3827524307808
6.424561077844021,0.0,296.318561090813,297.0253146332643,296.3829931093025
6.4281866766464155,0.0,296.3187310782785,297.0257563416942,296.38323386850846
6.43181227544881,0.0,296.31890113355286,297.02619794191526,296.383474708314
6.435437874251205,0.0,296.3190712565862,297.0266394339996,296.38371562863455
6.4390634730536,0.0,296.31924144732886,297.02708081801944,296.38395662938547
6.442689071855995,0.0,296.31941170573134,297.0275220940468,296.3841977104824
6.446314670658389,0.0,296.319582031744,297.0279632621536,296.3844388718409
6.449940269460784,0.0,296.31975242531723,297.02840432241203,296.38468011337676
6.453565868263179,0.0,296.3199228864015,297.02884527489397,296.3849214350057
6.457191467065574,0.0,296.32009341494734,297.0292861196714,296.3851628366436
6.4608170658679684,0.0,296.3202640109053,297.02972685681607,296.3854043182063
6.464442664670363,0.0,296.32043467422585,297.03016748640016,296.38564587960985
6.468068263472758,0.0,296.32060540485963,297.0306080084952,296.38588752077027
6.471693862275153,0.0,296.32077620275726,297.0310484231732,296.38612924160384
6.4753194610775475,0.0,296.3209470678694,297.0314887305058,296.38637104202667
6.478945059879942,0.0,296.32111800014667,297.03192893056485,296.38661292195496
6.482570658682337,0.0,296.3212889995398,297.03236902342195,296.3868548813052
6.486196257484732,0.0,296.32146006599953,297.0328090091487,296.3870969199938
6.489821856287127,0.0,296.3216311994767,297.03324888781685,296.3873390379373
6.493447455089521,0.0,296.321802399922,297.03368865949795,296.3875812350522
6.497073053891916,0.0,296.3219736672864,297.0341283242635,296.3878235112552
6.500698652694311,0.0,296.32214500152054,297.0345678821852,296.38806586646297
6.504324251496706,0.0,296.3223164025755,297.03500733333436,296.3883083005924
6.5079498502991004,0.0,296.3224878704022,297.0354466777825,296.3885508135603
6.511575449101495,0.0,296.3226594049515,297.03588591560106,296.38879340528365
6.51520104790389,0.0,296.32283100617445,297.03632504686135,296.3890360756795
6.518826646706285,0.0,296.323002674022,297.03676407163476,296.38927882466487
6.5224522455086795,0.0,296.32317440844525,297.03720298999264,296.389521652157
6.526077844311074,0.0,296.32334620939525,297.0376418020062,296.389764558073
6.529703443113469,0.0,296.3235180768232,297.0380805077467,296.3900075423303
6.533329041915864,0.0,296.3236900106801,297.0385191072854,296.3902506048463
6.536954640718259,0.0,296.3238620109171,297.03895760069344,296.39049374553844
6.540580239520653,0.0,296.3240340774856,297.0393959880419,296.3907369643242
6.544205838323048,0.0,296.32420621033657,297.039834269402,296.39098026112123
6.547831437125443,0.0,296.3243784094214,297.0402724448446,296.3912236358472
6.551457035927838,0.0,296.3245506746914,297.04071051444095,296.3914670884199
6.5550826347302324,0.0,296.3247230060979,297.04114847826196,296.39171061875714
6.558708233532627,0.0,296.3248954035922,297.04158633637854,296.39195422677676
6.562333832335022,0.0,296.32506786712565,297.0420240888617,296.39219791239674
6.565959431137417,0.0,296.3252403966498,297.0424617357823,296.39244167553517
6.5695850299398115,0.0,296.3254129921159,297.0428992772111,296.39268551611013
6.573210628742206,0.0,296.3255856534756,297.04333671321905,296.39292943403984
6.576836227544601,0.0,296.3257583806803,297.04377404387685,296.39317342924255
6.580461826346996,0.0,296.32593117368157,297.04421126925524,296.39341750163663
6.584087425149391,0.0,296.326104032431,297.044648389425,296.3936616511404
6.587713023951785,0.0,296.3262769568801,297.0450854044567,296.39390587767247
6.59133862275418,0.0,296.3264499469806,297.04552231442113,296.39415018115125
6.594964221556575,0.0,296.3266230026841,297.04595911938867,296.39439456149535
6.59858982035897,0.0,296.3267961239422,297.0463958194301,296.39463901862365
6.6022154191613645,0.0,296.3269693107067,297.0468324146158,296.39488355245476
6.605841017963759,0.0,296.3271425629295,297.0472689050163,296.3951281629076
6.609466616766154,0.0,296.3273158805622,297.04770529070214,296.39537284990104
6.613092215568549,0.0,296.3274892635566,297.0481415717436,296.39561761335415
6.6167178143709435,0.0,296.32766271186466,297.04857774821113,296.3958624531859
6.620343413173338,0.0,296.32783622543815,297.04901382017516,296.3961073693155
6.623969011975733,0.0,296.32800980422905,297.04944978770584,296.39635236166197
6.627594610778128,0.0,296.32818344818924,297.0498856508736,296.3965974301448
6.631220209580523,0.0,296.3283571572707,297.05032140974856,296.3968425746833
6.634845808382917,0.0,296.3285309314254,297.05075706440095,296.39708779519685
6.638471407185312,0.0,296.32870477060544,297.0511926149009,296.3973330916049
6.642097005987707,0.0,296.32887867476273,297.0516280613187,296.3975784638271
6.645722604790102,0.0,296.3290526438496,297.0520634037243,296.397823911783
6.6493482035924965,0.0,296.329226677818,297.05249864218774,296.3980694353925
6.652973802394891,0.0,296.32940077662005,297.05293377677907,296.3983150345751
6.656599401197286,0.0,296.329574940208,297.0533688075683,296.3985607092509
6.660224999999681,0.0,296.32974916853397,297.0538037346254,296.39880645933965
6.6638505988020755,0.0,296.3299234615504,297.0542385580202,296.39905228476147
6.66747619760447,0.0,296.3300978192093,297.05467327782264,296.3992981854363
6.671101796406865,0.0,296.33027224146315,297.0551078941025,296.39954416128444
6.67472739520926,0.0,296.3304467282643,297.05554240692965,296.39979021222604
6.678352994011655,0.0,296.330621279565,297.0559768163738,296.40003633818134
6.681978592814049,0.0,296.33079589531764,297.05641112250464,296.4002825390708
6.685604191616444,0.0,296.3309705754748,297.056845325392,296.4005288148147
6.689229790418839,0.0,296.33114531998876,297.0572794251054,296.4007751653337
6.692855389221234,0.0,296.33132012881214,297.05771342171437,296.4010215905483
6.6964809880236285,0.0,296.3314950018974,297.0581473152887,296.40126809037906
6.700106586826023,0.0,296.3316699391971,297.0585811058978,296.4015146647468
6.703732185628418,0.0,296.3318449406638,297.05901479361125,296.4017613135723
6.707357784430813,0.0,296.33202000625016,297.0594483784985,296.4020080367764
6.7109833832332075,0.0,296.33219513590876,297.0598818606289,296.40225483428003
6.714608982035602,0.0,296.33237032959227,297.0603152400719,296.4025017060042
6.718234580837997,0.0,296.3325455872534,297.06074851689687,296.40274865187
6.721860179640392,0.0,296.3327209088449,297.0611816911731,296.4029956717985
6.725485778442787,0.0,296.33289629431954,297.06161476296984,296.4032427657111
6.729111377245181,0.0,296.33307174363006,297.0620477323564,296.40348993352893
6.732736976047576,0.0,296.33324725672935,297.0624805994019,296.4037371751733
6.736362574849971,0.0,296.3334228335703,297.0629133641756,296.4039844905658
6.739988173652366,0.0,296.33359847410566,297.0633460267466,296.40423187962784
6.7436137724547605,0.0,296.3337741782885,297.063778587184,296.40447934228104
6.747239371257155,0.0,296.33394994607164,297.06421104555676,296.4047268784469
6.75086497005955,0.0,296.33412577740813,297.064643401934,296.40497448804734
6.754490568861945,0.0,296.334301672251,297.06507565638475,296.405222171004
6.7581161676643395,0.0,296.33447763055324,297.0655078089778,296.4054699272388
6.761741766466734,0.0,296.3346536522679,297.0659398597822,296.4057177566737
6.765367365269129,0.0,296.33482973734806,297.06637180886673,296.4059656592306
6.768992964071524,0.0,296.33500588574697,297.06680365630024,296.40621363483166
6.772618562873919,0.0,296.33518209741766,297.06723540215154,296.406461683399
6.776244161676313,0.0,296.33535837231346,297.0676670464894,296.40670980485487
6.779869760478708,0.0,296.33553471038755,297.0680985893825,296.4069579991214
6.783495359281103,0.0,296.3357111115931,297.0685300308995,296.40720626612114
6.787120958083498,0.0,296.3358875758835,297.06896137110914,296.4074546057763
6.7907465568858925,0.0,296.3360641032119,297.06939261007994,296.4077030180096
6.794372155688287,0.0,296.33624069353186,297.0698237478805,296.40795150274346
6.797997754490682,0.0,296.3364173467966,297.0702547845792,296.4082000599006
6.801623353293077,0.0,296.3365940629597,297.0706857202448,296.4084486894036
6.8052489520954715,0.0,296.33677084197444,297.0711165549456,296.4086973911754
6.808874550897866,0.0,296.33694768379434,297.07154728875,296.40894616513873
6.812500149700261,0.0,296.33712458837294,297.07197792172644,296.4091950112166
6.816125748502656,0.0,296.3373015556637,297.0724084539432,296.40944392933187
6.819751347305051,0.0,296.3374785856202,297.0728388854687,296.40969291940763
6.823376946107445,0.0,296.3376556781961,297.073269216371,296.4099419813671
6.82700254490984,0.0,296.33783283334486,297.0736994467185,296.4101911151335
6.830628143712235,0.0,296.3380100510203,297.07412957657937,296.41044032063
6.83425374251463,0.0,296.3381873311761,297.07455960602164,296.41068959778
6.8378793413170245,0.0,296.33836467376585,297.0749895351135,296.4109389465068
6.841504940119419,0.0,296.3385420787434,297.0754193639231,296.411188366734
6.845130538921814,0.0,296.33871954606246,297.07584909251835,296.41143785838517
6.848756137724209,0.0,296.33889707567687,297.07627872096725,296.4116874213838
6.8523817365266035,0.0,296.3390746675405,297.07670824933786,296.4119370556537
6.856007335328998,0.0,296.3392523216072,297.07713767769803,296.4121867611186
6.859632934131393,0.0,296.3394300378308,297.07756700611566,296.4124365377023
6.863258532933788,0.0,296.33960781616537,297.07799623465854,296.41268638532875
6.866884131736183,0.0,296.33978565656463,297.0784253633947,296.4129363039218
6.870509730538577,0.0,296.3399635589828,297.0788543923916,296.41318629340566
6.874135329340972,0.0,296.3401415233738,297.07928332171707,296.4134363537043
6.877760928143367,0.0,296.34031954969174,297.07971215143886,296.41368648474196
6.881386526945762,0.0,296.3404976378907,297.08014088162463,296.4139366864429
6.8850121257481565,0.0,296.3406757879246,297.0805695123419,296.4141869587315
6.888637724550551,0.0,296.34085399974794,297.0809980436584,296.41443730153196
6.892263323352946,0.0,296.3410322733146,297.0814264756415,296.4146877147689
6.895888922155341,0.0,296.34121060857893,297.08185480835874,296.41493819836677
6.8995145209577355,0.0,296.3413890054951,297.08228304187764,296.41518875225023
6.90314011976013,0.0,296.3415674640173,297.0827111762657,296.41543937634384
6.906765718562525,0.0,296.3417459841,297.0831392115901,296.41569007057245
6.91039131736492,0.0,296.3419245656974,297.08356714791836,296.41594083486086
6.914016916167315,0.0,296.34210320876394,297.0839949853176,296.4161916691338
6.917642514969709,0.0,296.342281913254,297.0844227238553,296.41644257331643
6.921268113772104,0.0,296.3424606791219,297.08485036359855,296.4166935473336
6.924893712574499,0.0,296.3426395063222,297.08527790461454,296.41694459111045
6.928519311376894,0.0,296.34281839480934,297.08570534697054,296.4171957045721
6.9321449101792885,0.0,296.3429973445378,297.0861326907335,296.41744688764385
6.935770508981683,0.0,296.3431763554621,297.0865599359706,296.4176981402509
6.939396107784078,0.0,296.343355427537,297.0869870827489,296.41794946231863
6.943021706586473,0.0,296.3435345607169,297.08741413113535,296.4182008537725
6.9466473053888675,0.0,296.3437137549564,297.0878410811968,296.41845231453794
6.950272904191262,0.0,296.3438930102103,297.0882679330004,296.41870384454063
6.953898502993657,0.0,296.3440723264332,297.0886946866129,296.4189554437061
6.957524101796052,0.0,296.34425170357997,297.0891213421012,296.41920711196013
6.961149700598447,0.0,296.3444311416052,297.08954789953196,296.4194588492284
6.964775299400841,0.0,296.3446106404637,297.0899743589721,296.41971065543675
6.968400898203236,0.0,296.3447902001104,297.0904007204883,296.4199625305112
6.972026497005631,0.0,296.3449698205,297.09082698414716,296.42021447437764
6.975652095808026,0.0,296.34514950158746,297.09125315001546,296.42046648696214
6.9792776946104205,0.0,296.3453292433277,297.09167921815975,296.42071856819086
6.982903293412815,0.0,296.3455090456756,297.09210518864666,296.4209707179899
6.98652889221521,0.0,296.3456889085861,297.0925310615427,296.4212229362855
6.990154491017605,0.0,296.3458688320143,297.0929568369143,296.42147522300405
6.9937800898199995,0.0,296.34604881591514,297.09338251482797,296.42172757807197
6.997405688622394,0.0,296.34622886024374,297.09380809535,296.4219800014156
7.001031287424789,0.0,296.3464089649552,297.09423357854695,296.4222324929615
7.004656886227184,0.0,296.34658913000453,297.09465896448506,296.4224850526364
7.008282485029579,0.0,296.346769355347,297.0950842532307,296.4227376803667
7.011908083831973,0.0,296.3469496409377,297.09550944485005,296.4229903760794
7.015533682634368,0.0,296.34712998673183,297.09593453940937,296.4232431397011
7.019159281436763,0.0,296.34731039268473,297.09635953697483,296.42349597115873
7.022784880239158,0.0,296.3474908587516,297.09678443761254,296.4237488703792
7.0264104790415525,0.0,296.34767138488775,297.09720924138867,296.42400183728967
7.030036077843947,0.0,296.3478519710485,297.0976339483692,296.4242548718169
7.033661676646342,0.0,296.34803261718923,297.0980585586203,296.42450797388835
7.037287275448737,0.0,296.3482133232653,297.09848307220784,296.424761143431
7.0409128742511315,0.0,296.3483940892323,297.09890748919776,296.42501438037226
7.044538473053526,0.0,296.3485749150454,297.099331809656,296.42526768463944
7.048164071855921,0.0,296.34875580066023,297.0997560336485,296.42552105615977
7.051789670658316,0.0,296.3489367460324,297.1001801612409,296.42577449486095
7.055415269460711,0.0,296.3491177511172,297.1006041924992,296.42602800067044
7.059040868263105,0.0,296.34929881587044,297.10102812748903,296.4262815735159
7.0626664670655,0.0,296.3494799402476,297.1014519662761,296.42653521332494
7.066292065867895,0.0,296.3496611242043,297.1018757089262,296.4267889200253
7.06991766467029,0.0,296.34984236769634,297.1022993555048,296.42704269354476
7.0735432634726845,0.0,296.3500236706793,297.10272290607764,296.4272965338114
7.077168862275079,0.0,296.3502050331089,297.1031463607102,296.42755044075295
7.080794461077474,0.0,296.350386454941,297.103569719468,296.4278044142975
7.084420059879869,0.0,296.3505679361313,297.10399298241657,296.4280584543732
7.0880456586822636,0.0,296.35074947663554,297.1044161496212,296.428312560908
7.091671257484658,0.0,296.35093107640967,297.1048392211475,296.42856673383034
7.095296856287053,0.0,296.3511127354095,297.10526219706065,296.42882097306835
7.098922455089448,0.0,296.351294453591,297.10568507742613,296.42907527855044
7.102548053891843,0.0,296.3514762309101,297.10610786230905,296.4293296502051
7.106173652694237,0.0,296.3516580673227,297.1065305517749,296.4295840879607
7.109799251496632,0.0,296.35183996278494,297.1069531458885,296.4298385917458
7.113424850299027,0.0,296.3520219172527,297.1073756447154,296.4300931614891
7.117050449101422,0.0,296.35220393068204,297.1077980483205,296.43034779711917
7.1206760479038165,0.0,296.3523860030291,297.10822035676887,296.43060249856484
7.124301646706211,0.0,296.35256813425,297.1086425701257,296.4308572657549
7.127927245508606,0.0,296.35275032430087,297.10906468845593,296.43111209861826
7.131552844311001,0.0,296.3529325731379,297.1094867118245,296.43136699708384
7.1351784431133956,0.0,296.3531148807172,297.10990864029634,296.4316219610806
7.13880404191579,0.0,296.35329724699517,297.1103304739364,296.4318769905377
7.142429640718185,0.0,296.3534796719279,297.1107522128095,296.43213208538435
7.14605523952058,0.0,296.3536621554718,297.11117385698043,296.43238724554965
7.149680838322975,0.0,296.35384469758316,297.1115954065139,296.4326424709629
7.153306437125369,0.0,296.3540272982184,297.1120168614748,296.43289776155353
7.156932035927764,0.0,296.35420995733386,297.1124382219277,296.4331531172509
7.160557634730159,0.0,296.3543926748859,297.11285948793716,296.43340853798446
7.164183233532554,0.0,296.354575450831,297.113280659568,296.4336640236838
7.1678088323349485,0.0,296.3547582851257,297.11370173688465,296.43391957427855
7.171434431137343,0.0,296.35494117772635,297.1141227199517,296.4341751896983
7.175060029939738,0.0,296.3551241285897,297.1145436088337,296.4344308698729
7.178685628742133,0.0,296.3553071376721,297.11496440359497,296.4346866147322
7.1823112275445276,0.0,296.3554902049303,297.1153851043,296.4349424242059
7.185936826346922,0.0,296.3556733303208,297.1158057110132,296.43519829822407
7.189562425149317,0.0,296.35585651380035,297.11622622379883,296.4354542367167
7.193188023951712,0.0,296.35603975532564,297.11664664272126,296.4357102396138
7.196813622754107,0.0,296.35622305485333,297.1170669678447,296.4359663068456
7.200439221556501,0.0,296.3564064123402,297.1174871992334,296.43622243834227
7.204064820358896,0.0,296.35658982774305,297.1179073369515,296.43647863403413
7.207690419161291,0.0,296.3567733010186,297.1183273810631,296.4367348938514
7.211316017963686,0.0,296.3569568321238,297.11874733163233,296.4369912177246
7.2149416167660805,0.0,296.3571404210154,297.11916718872334,296.4372476055841
7.218567215568475,0.0,296.35732406765027,297.1195869524001,296.43750405736057
7.22219281437087,0.0,296.3575077719854,297.12000662272646,296.4377605729844
7.225818413173265,0.0,296.35769153397786,297.12042619976654,296.43801715238646
7.22944401197566,0.0,296.35787535358435,297.12084568358415,296.4382737954974
7.233069610778054,0.0,296.35805923076214,297.12126507424324,296.4385305022481
7.236695209580449,0.0,296.35824316546814,297.1216843718075,296.4387872725692
7.240320808382844,0.0,296.35842715765955,297.12210357634075,296.43904410639186
7.243946407185239,0.0,296.3586112072933,297.1225226879068,296.43930100364685
7.247572005987633,0.0,296.35879531432664,297.1229417065693,296.4395579642654
7.251197604790028,0.0,296.3589794787166,297.1233606323919,296.43981498817857
