0,1,2,3,4
0.0,0.0,296.15,296.15,296.15
0.003625598802395209,1.5,296.15644352320993,296.15004606172266,296.15004606172266
0.007251197604790418,1.5,296.16288689802,296.15009212238454,296.15009212238454
0.010876796407185627,1.5,296.16933012443366,296.1501381819856,296.1501381819856
0.014502395209580837,1.5,296.1757732024542,296.15018424052585,296.15018424052585
0.018127994011976047,1.5,296.1822161320851,296.15023029800534,296.15023029800534
0.021753592814371257,1.5,296.1886589133298,296.1502763544241,296.1502763544241
0.025379191616766467,1.5,296.19510152211575,296.1503224097821,296.1503224097821
0.029004790419161677,1.5,296.2015434823771,296.15036846407946,296.15036846407946
0.03263038922155689,1.5,296.207983731958,296.1504145173161,296.1504145173161
0.03625598802395209,1.5,296.21442066931013,296.1504605694921,296.1504605694921
0.0398815868263473,1.5,296.2208522623245,296.15050662060753,296.1505066206418
0.043507185628742506,1.5,296.22727616538947,296.1505526706623,296.15055267089355
0.04713278443113771,1.5,296.23368982535254,296.15059871965656,296.1505987205302
0.05075838323353292,1.5,296.24009057362326,296.1506447675902,296.1506447700296
0.054383982035928126,1.5,296.2464757005817,296.15069081446336,296.150690820081
0.05800958083832333,1.5,296.25284251655415,296.150736860276,296.15073687157775
0.06163517964071854,1.5,296.259188398788,296.1507829050282,296.15078292559235
0.06526077844311375,1.5,296.26551082762103,296.15082894871995,296.15082898334265
0.06888637724550896,1.5,296.2718074126694,296.15087499135126,296.150875046152
0.07251197604790417,1.5,296.2780759110968,296.15092103292216,296.1509211154106
0.07613757485029939,1.5,296.28431423913105,296.1509670734327,296.1509671925389
0.0797631736526946,1.5,296.29052047824143,296.1510131128829,296.1510132789559
0.08338877245508981,1.5,296.2966928770179,296.1510591512727,296.1510593760519
0.08701437125748503,1.5,296.30282984974315,296.15110518860223,296.15110548516765
0.09063997005988024,1.5,296.308929972444,296.1511512248715,296.15115160757716
0.09426556886227545,1.5,296.3149919771002,296.1511972600805,296.15119774447567
0.09789116766467067,1.5,296.3210147445533,296.1512432942293,296.1512438969716
0.10151676646706588,1.5,296.326997296558,296.15128932731784,296.15129006608106
0.1051423652694611,1.5,296.33293878732457,296.1513353593462,296.1513362527257
0.10876796407185631,1.5,296.33883849482675,296.15138139031444,296.1513824577325
0.11239356287425152,1.5,296.3446958120841,296.15142742022255,296.15142868183494
0.11601916167664673,1.5,296.3505102385762,296.1514734490705,296.15147492567587
0.11964476047904195,1.5,296.35628137190406,296.1515194768584,296.151521189811
0.12327035928143716,1.5,296.36200889978136,296.15156550358626,296.15156747471275
0.12689595808383236,1.5,296.3676925924077,296.15161152925407,296.15161378077585
0.13052155688622757,1.5,296.37333229526047,296.15165755386187,296.1516601083212
0.1341471556886228,1.5,296.37892792232117,296.1517035774097,296.1517064576016
0.137772754491018,1.5,296.3844794497423,296.1517495998976,296.15175282880637
0.14139835329341321,1.5,296.3899869099511,296.1517956213255,296.15179922206653
0.14502395209580843,1.5,296.3954503861787,296.1518416416935,296.1518456374595
0.14864955089820364,1.5,296.400870007401,296.15188766100164,296.1518920750136
0.15227514970059886,1.5,296.4062459436713,296.1519336792499,296.1519385347128
0.15590074850299407,1.5,296.411578401825,296.15197969643833,296.15198501650053
0.15952634730538928,1.5,296.4168676215349,296.1520257125669,296.1520315202837
0.1631519461077845,1.5,296.4221138716941,296.15207172763576,296.15207804593626
0.1667775449101797,1.5,296.42731744710534,296.1521177416449,296.15212459330286
0.17040314371257492,1.5,296.4324786654555,296.1521637545942,296.1521711622018
0.17402874251497014,1.5,296.43759786455297,296.1522097664839,296.15221775242804
0.17765434131736535,1.5,296.44267539980984,296.1522557773139,296.1522643637561
0.18127994011976056,1.5,296.4477116419485,296.15230178708424,296.15231099594206
0.18490553892215578,1.5,296.4527069749153,296.1523477957951,296.1523576487263
0.188531137724551,1.5,296.45766179398527,296.1523938034464,296.1524043218356
0.1921567365269462,1.5,296.4625765040408,296.1524398100382,296.15245101498476
0.19578233532934142,1.5,296.46745151801093,296.15248581557057,296.1524977278785
0.19940793413173663,1.5,296.47228725545733,296.1525318200436,296.15254446021316
0.20303353293413184,1.5,296.4770841412944,296.15257782345736,296.15259121167804
0.20665913173652706,1.5,296.48184260463245,296.15262382581193,296.1526379819568
0.21028473053892227,1.5,296.48656307773206,296.15266982710745,296.15268477072834
0.21391032934131748,1.5,296.49124599506206,296.15271582734397,296.15273157766853
0.2175359281437127,1.5,296.4958917924501,296.15276182652167,296.15277840245056
0.2211615269461079,1.5,296.50050090631845,296.15280782464066,296.15282524474605
0.22478712574850312,1.5,296.5050737729975,296.1528538217011,296.152872104226
0.22841272455089834,1.5,296.50961082811034,296.1528998177032,296.15291898056114
0.23203832335329355,1.5,296.5141125060212,296.1529458126472,296.15296587342306
0.23566392215568877,1.5,296.518579239343,296.15299180653335,296.15301278248427
0.23928952095808398,1.5,296.52301145849776,296.153037799362,296.1530597074191
0.2429151197604792,1.5,296.5274095913263,296.15308379113327,296.1531066479039
0.2465407185628744,1.5,296.5317740627416,296.1531297818477,296.15315360361745
0.2501663173652696,1.5,296.53610529442204,296.15317577150574,296.1532005742416
0.25379191616766483,1.5,296.5404037045421,296.15322176010767,296.1532475594614
0.25741751497006005,1.5,296.54466970753487,296.1532677476541,296.1532945589652
0.26104311377245526,1.5,296.54890371388626,296.1533137341456,296.153341572445
0.2646687125748505,1.5,296.55310612995453,296.15335971958285,296.15338859959695
0.2682943113772457,1.5,296.55727735781664,296.1534057039665,296.15343564012113
0.2719199101796409,1.5,296.5614177951355,296.1534516872973,296.1534826937217
0.2755455089820361,1.5,296.5655278350485,296.1534976695761,296.1535297601075
0.2791711077844313,1.5,296.56960786607385,296.15354365080384,296.1535768389917
0.28279670658682654,1.5,296.5736582720341,296.1535896309816,296.1536239300917
0.28642230538922175,1.5,296.5776794319946,296.1536356101105,296.15367103313
0.29004790419161697,1.5,296.58167172021524,296.1536815881917,296.1537181478336
0.2936735029940122,1.5,296.58563550611507,296.1537275652266,296.15376527393414
0.2972991017964074,1.5,296.5895711542476,296.15377354121665,296.15381241116796
0.3009247005988026,1.5,296.5934790242862,296.1538195161635,296.1538595592763
0.3045502994011978,1.5,296.5973594710186,296.1538654900687,296.153906718005
0.30817589820359303,1.5,296.60121284434945,296.15391146293433,296.15395388710465
0.31180149700598825,1.5,296.6050394893098,296.1539574347624,296.1540010663308
0.31542709580838346,1.5,296.60883974607367,296.15400340555493,296.15404825544346
0.3190526946107787,1.5,296.6126139499799,296.1540493753144,296.1540954542073
0.3226782934131739,1.5,296.61636243155954,296.15409534404336,296.15414266239196
0.3263038922155691,1.5,296.62008551656754,296.1541413117445,296.1541898797713
0.3299294910179643,1.5,296.6237835260187,296.1541872784208,296.15423710612407
0.33355508982035953,1.5,296.6274567762273,296.1542332440754,296.1542843412333
0.33718068862275474,1.5,296.6311055788495,296.1542792087118,296.15433158488656
0.34080628742514996,1.5,296.6347302409293,296.1543251723336,296.15437883687605
0.34443188622754517,1.5,296.6383310649459,296.15437113494465,296.154426096998
0.3480574850299404,1.5,296.64190834886415,296.1544170965493,296.15447336505315
0.3516830838323356,1.5,296.6454623861863,296.15446305715193,296.15452064084644
0.3553086826347308,1.5,296.64899346600527,296.1545090167575,296.1545679241869
0.358934281437126,1.5,296.65250187305924,296.15455497537107,296.154615214888
0.36255988023952124,1.5,296.65598788778783,296.15460093299816,296.1546625127667
0.36618547904191645,1.5,296.6594517863882,296.1546468896447,296.1547098176446
0.36981107784431166,1.5,296.662893840873,296.15469284531684,296.1547571293467
0.3734366766467069,1.5,296.66631431912754,296.15473880002145,296.15480444770225
0.3770622754491021,1.5,296.66971348496884,296.1547847537656,296.1548517725439
0.3806878742514973,1.5,296.6730915982036,296.15483070655694,296.15489910370843
0.3843134730538925,1.5,296.6764489146872,296.1548766584036,296.154946441036
0.38793907185628773,1.5,296.6797856863822,296.1549226093142,296.1549937843705
0.39156467065868295,1.5,296.6831021614173,296.15496855929797,296.1550411335592
0.39519026946107816,1.5,296.68639858414537,296.1550145083647,296.1550884884531
0.39881586826347337,1.5,296.6896751952023,296.1550604565246,296.15513584890635
0.4024414670658686,1.5,296.6929322315643,296.1551064037889,296.1551832147765
0.4060670658682638,1.5,296.69616992660605,296.15515235016926,296.1552305859245
0.409692664670659,1.5,296.6993885101577,296.1551982956781,296.15527796221426
0.4133182634730542,1.5,296.7025882085614,296.15524424032844,296.155325343513
0.41694386227544944,1.5,296.70576924472766,296.1552901841345,296.1553727296911
0.42056946107784465,1.5,296.708931838191,296.15533612711084,296.15542012062184
0.42419505988023987,1.5,296.71207620516503,296.15538206927323,296.1554675161813
0.4278206586826351,1.5,296.71520255859673,296.1554280106381,296.15551491624876
0.4314462574850303,1.5,296.7183111082203,296.1554739512229,296.1555623207061
0.4350718562874255,1.5,296.72140206061056,296.15551989104614,296.1556097294382
0.4386974550898207,1.5,296.7244756192349,296.1555658301273,296.1556571423324
0.44232305389221593,1.5,296.72753198450573,296.1556117684868,296.155704559279
0.44594865269461115,1.5,296.73057135383067,296.15565770614626,296.1557519801706
0.44957425149700636,1.5,296.7335939216636,296.1557036431286,296.1557994049026
0.4531998502994016,1.5,296.7365998795541,296.15574957945773,296.15584683337283
0.4568254491017968,1.5,296.739589416196,296.1557955151589,296.15589426548144
0.460451047904192,1.5,296.74256271747606,296.15584145025866,296.15594170113116
0.4640766467065872,1.5,296.7455199665207,296.1558873847849,296.15598914022695
0.46770224550898243,1.5,296.7484613437433,296.1559333187667,296.15603658267605
0.47132784431137764,1.5,296.7513870268897,296.15597925223494,296.15608402838814
0.47495344311377286,1.5,296.75429719108337,296.1560251852216,296.1561314772748
0.47857904191616807,1.5,296.7571920088701,296.15607111776063,296.1561789292499
0.4822046407185633,1.5,296.7600716502616,296.15611704988714,296.1562263842295
0.4858302395209585,1.5,296.76293628277836,296.1561629816381,296.15627384213155
0.4894558383233537,1.5,296.7657860714919,296.15620891305207,296.156321302876
0.4930814371257489,1.5,296.76862117906643,296.15625484416944,296.15636876638496
0.49670703592814414,1.5,296.7714417657995,296.1563007750324,296.15641623258233
0.5003326347305393,1.5,296.77424798966234,296.15634670568477,296.1564637013938
0.5039582335329346,1.5,296.77704000633895,296.15639263617254,296.156511172747
0.5075838323353298,1.5,296.779817969265,296.1564385665434,296.15655864657145
0.511209431137725,1.5,296.782582029666,296.1564844968472,296.15660612279817
0.5148350299401202,1.5,296.7853323365942,296.1565304271357,296.1566536013602
0.5184606287425154,1.5,296.788069036966,296.1565763574628,296.15670108219183
0.5220862275449106,1.5,296.79079227559725,296.15662228788455,296.1567485652295
0.5257118263473058,1.5,296.79350219523906,296.1566682184592,296.15679605041083
0.5293374251497011,1.5,296.7961989366124,296.1567141492472,296.15684353767523
0.5329630239520963,1.5,296.7988826384426,296.1567600803113,296.1568910269636
0.5365886227544915,1.5,296.80155343749215,296.15680601171664,296.1569385182182
0.5402142215568867,1.5,296.8042114685942,296.15685194353057,296.15698601138297
0.5438398203592819,1.5,296.8068568646846,296.15689787582306,296.1570335064031
0.5474654191616771,1.5,296.8094897568338,296.1569438086664,296.15708100322513
0.5510910179640723,1.5,296.8121102742777,296.1569897421357,296.1571285017973
0.5547166167664676,1.5,296.8147185444484,296.15703567630817,296.1571760020686
0.5583422155688628,1.5,296.8173146930042,296.157081611264,296.1572235039898
0.561967814371258,1.5,296.81989884385916,296.1571275470859,296.15727100751286
0.5655934131736532,1.5,296.82247111921157,296.1571734838593,296.15731851259085
0.5692190119760484,1.5,296.82503163957284,296.1572194216723,296.157366019178
0.5728446107784436,1.5,296.8275805237952,296.15726536061584,296.15741352722995
0.5764702095808388,1.5,296.8301178890987,296.15731130078376,296.1574610367032
0.580095808383234,1.5,296.83264385109874,296.15735724227255,296.15750854755555
0.5837214071856293,1.5,296.83515852383175,296.1574031851819,296.1575560597459
0.5873470059880245,1.5,296.8376620197814,296.15744912961406,296.1576035732342
0.5909726047904197,1.5,296.8401544499041,296.1574950756746,296.15765108798144
0.5945982035928149,1.5,296.8426359236534,296.1575410234719,296.15769860394954
0.5982238023952101,1.5,296.84510654900504,296.15758697311725,296.15774612110164
0.6018494011976053,1.5,296.8475664324807,296.1576329247253,296.1577936394016
0.6054750000000005,1.5,296.8500156791714,296.1576788784137,296.1578411588144
0.6091005988023958,1.5,296.85245439276116,296.15772483430317,296.15788867930576
0.612726197604791,1.5,296.8548826755491,296.1577707925177,296.1579362008425
0.6163517964071862,1.5,296.8573006284723,296.15781675318414,296.15798372339236
0.6199773952095814,1.5,296.859708351127,296.15786271643304,296.15803124692366
0.6236029940119766,1.5,296.86210594179084,296.1579086823979,296.1580787714058
0.6272285928143718,1.5,296.8644934974437,296.1579546512154,296.1581262968089
0.630854191616767,1.5,296.86687111378797,296.15800062302577,296.1581738231038
0.6344797904191622,1.5,296.8692388852697,296.1580465979724,296.1582213502624
0.6381053892215575,1.5,296.87159690509776,296.15809257620197,296.15826887825705
0.6417309880239527,1.5,296.873945265264,296.15813855786456,296.158316407061
0.6453565868263479,1.5,296.8762840565624,296.15818454311363,296.1583639366482
0.6489821856287431,1.5,296.87861336860766,296.15823053210596,296.1584114669933
0.6526077844311383,1.5,296.88093328985394,296.1582765250018,296.15845899807164
0.6562333832335335,1.5,296.8832439076134,296.1583225219646,296.1585065298591
0.6598589820359287,1.5,296.8855453080737,296.15836852316147,296.1585540623325
0.663484580838324,1.5,296.8878375763156,296.15841452876293,296.158601595469
0.6671101796407192,1.5,296.8901207963302,296.15846053894273,296.1586491292465
0.6707357784431144,1.5,296.8923950510364,296.1585065538783,296.15869666364364
0.6743613772455096,1.5,296.8946604222967,296.15855257375046,296.15874419863934
0.6779869760479048,1.5,296.8969169909342,296.15859859874337,296.1587917342135
0.6816125748503,1.5,296.89916483674824,296.1586446290448,296.1588392703461
0.6852381736526952,1.5,296.9014040385307,296.1586906648457,296.1588868070181
0.6888637724550905,1.5,296.90363467408076,296.1587367063411,296.15893434421076
0.6924893712574857,1.5,296.9058568202207,296.15878275372876,296.15898188190596
0.6961149700598809,1.5,296.9080705528106,296.15882880721034,296.159029420086
0.6997405688622761,1.5,296.91027594676314,296.15887486699097,296.15907695873364
0.7033661676646713,1.5,296.9124730760577,296.15892093327903,296.15912449783224
0.7069917664670665,1.5,296.9146620137551,296.1589670062865,296.15917203736564
0.7106173652694617,1.5,296.91684283201084,296.15901308622875,296.15921957731786
0.714242964071857,1.5,296.9190156020892,296.1590591733248,296.15926711767383
0.7178685628742522,1.5,296.92118039437685,296.1591052677967,296.1593146584185
0.7214941616766474,1.5,296.9233372783955,296.15915136987024,296.15936219953744
0.7251197604790426,1.5,296.9254863228152,296.1591974797746,296.15940974101653
0.7287453592814378,1.5,296.927627595467,296.1592435977422,296.1594572828422
0.732370958083833,1.5,296.92976116335575,296.1592897240091,296.15950482500097
0.7359965568862282,1.5,296.93188709267196,296.1593358588145,296.15955236748016
0.7396221556886234,1.5,296.9340054488041,296.15938200240106,296.15959991026716
0.7432477544910187,1.5,296.9361162963505,296.15942815501484,296.1596474533497
0.7468733532934139,1.5,296.9382196991311,296.1594743169052,296.159694996716
0.7504989520958091,1.5,296.94031572019867,296.15952048832474,296.1597425403546
0.7541245508982043,1.5,296.9424044218504,296.15956666952957,296.1597900842543
0.7577501497005995,1.5,296.9444858656389,296.1596128607787,296.15983762840426
0.7613757485029947,1.5,296.94656011238294,296.1596590623347,296.15988517279385
0.7650013473053899,1.5,296.94862722217823,296.15970527446336,296.159932717413
0.7686269461077851,1.5,296.9506872544082,296.15975149743355,296.15998026225174
0.7722525449101804,1.5,296.952740267754,296.1597977315175,296.1600278073003
0.7758781437125756,1.5,296.95478632020496,296.1598439769903,296.16007535254954
0.7795037425149708,1.5,296.95682546906824,296.1598902341306,296.1601228979901
0.783129341317366,1.5,296.95885777097925,296.15993650321985,296.1601704436134
0.7867549401197612,1.5,296.9608832819107,296.15998278454265,296.1602179894106
0.7903805389221564,1.5,296.9629020571826,296.1600290783868,296.1602655353736
0.7940061377245516,1.5,296.9649141514713,296.16007538504283,296.1603130814941
0.7976317365269469,1.5,296.9669196188186,296.1601217048046,296.1603606277645
0.8012573353293421,1.5,296.9689185126415,296.1601680379689,296.16040817417695
0.8048829341317373,1.5,296.97091088574007,296.1602143848353,296.16045572072414
0.8085085329341325,1.5,296.97289679030706,296.16026074570624,296.16050326739895
0.8121341317365277,1.5,296.9748762779359,296.1603071208873,296.1605508141943
0.8157597305389229,1.5,296.97684939962966,296.1603535106867,296.16059836110355
0.8193853293413181,1.5,296.9788162058089,296.1603999154157,296.16064590812005
0.8230109281437133,1.5,296.9807767463203,296.16044633538803,296.1606934552373
0.8266365269461086,1.5,296.98273107044434,296.1604927709204,296.16074100244936
0.8302621257485038,1.5,296.98467922690344,296.1605392223322,296.16078854975007
0.833887724550899,1.5,296.98662126386967,296.16058568994544,296.16083609713354
0.8375133233532942,1.5,296.9885572289723,296.1606321740848,296.16088364459426
0.8411389221556894,1.5,296.9904871693058,296.16067867507763,296.1609311921266
0.8447645209580846,1.5,296.9924111314366,296.1607251932537,296.16097873972535
0.8483901197604798,1.5,296.99432916141086,296.16077172894563,296.1610262873852
0.8520157185628751,1.5,296.9962413047614,296.1608182824881,296.1610738351012
0.8556413173652703,1.5,296.99814760651503,296.16086485421863,296.1611213828684
0.8592669161676655,1.5,297.0000481111993,296.160911444477,296.1611689306821
0.8628925149700607,1.5,297.00194286284926,296.1609580536054,296.16121647853777
0.8665181137724559,1.5,297.0038319050144,296.16100468194827,296.1612640264308
0.8701437125748511,1.5,297.0057152807651,296.1610513298526,296.1613115743569
0.8737693113772463,1.5,297.00759303269933,296.16109799766747,296.161359122312
0.8773949101796416,1.5,297.009465202949,296.1611446857442,296.16140667029174
0.8810205089820368,1.5,297.0113318331861,296.1611913944364,296.1614542182923
0.884646107784432,1.5,297.0131929646292,296.1612381240996,296.16150176630987
0.8882717065868272,1.5,297.0150486380493,296.1612848750918,296.16154931434056
0.8918973053892224,1.5,297.0168988937759,296.1613316477728,296.16159686238086
0.8955229041916176,1.5,297.01874377170327,296.1613784425045,296.1616444104272
0.8991485029940128,1.5,297.0205833112957,296.1614252596508,296.16169195847607
0.902774101796408,1.5,297.0224175515938,296.16147209957757,296.1617395065241
0.9063997005988033,1.5,297.02424653121966,296.16151896265256,296.16178705456815
0.9100252994011985,1.5,297.0260702883829,296.16156584924545,296.16183460260504
0.9136508982035937,1.5,297.02788886088575,296.1616127597276,296.16188215063164
0.9172764970059889,1.5,297.0297022861286,296.16165969447223,296.16192969864505
0.9209020958083841,1.5,297.0315106011153,296.1617066538544,296.1619772466423
0.9245276946107793,1.5,297.0333138424584,296.1617536382508,296.16202479462055
0.9281532934131745,1.5,297.03511204638437,296.1618006480398,296.162072342577
0.9317788922155698,1.5,297.03690524873844,296.1618476836012,296.1621198905091
0.935404491017965,1.5,297.0386934849899,296.1618947453167,296.1621674384142
0.9390300898203602,1.5,297.0404767902367,296.1619418335693,296.1622149862897
0.9426556886227554,1.5,297.0422551992105,296.16198894874367,296.1622625341333
0.9462812874251506,1.5,297.04402874628147,296.16203609122573,296.1623100819423
0.9499068862275458,1.5,297.04579746546267,296.1620832614029,296.16235762971456
0.953532485029941,1.5,297.0475613904152,296.1621304596641,296.1624051774478
0.9571580838323362,1.5,297.04932055445204,296.1621776863994,296.16245272513964
0.9607836826347315,1.5,297.05107499054344,296.16222494200014,296.16250027278807
0.9644092814371267,1.5,297.0528247313204,296.16227222685905,296.16254782039096
0.9680348802395219,1.5,297.0545698090798,296.16231954137004,296.1625953679461
0.9716604790419171,1.5,297.05631025578805,296.1623668859281,296.16264291545156
0.9752860778443123,1.5,297.05804610308576,296.1624142609294,296.1626904629053
0.9789116766467075,1.5,297.05977738229177,296.1624616667712,296.16273801030553
0.9825372754491027,1.5,297.0615041244071,296.16250910385173,296.1627855576502
0.986162874251498,1.5,297.0632263601193,296.1625565725703,296.16283310493753
0.9897884730538932,1.5,297.06494411980606,296.1626040733271,296.16288065216565
0.9934140718562884,1.5,297.06665743353926,296.16265160652335,296.1629281993329
0.9970396706586836,1.5,297.06836633108907,296.1626991725611,296.1629757464375
1.0006652694610787,1.5,297.0700708419275,296.16274677184316,296.16302329347764
1.004290868263474,1.5,297.071770995232,296.16279440477325,296.16307084045184
1.0079164670658691,1.5,297.07346681988946,296.1628420717557,296.1631183873584
1.0115420658682643,1.5,297.0751583445,296.1628897731958,296.1631659341957
1.0151676646706596,1.5,297.0768455973798,296.1629375094992,296.1632134809621
1.0187932634730548,1.5,297.07852860656556,296.1629852810726,296.1632610276561
1.02241886227545,1.5,297.0802073998173,296.16303308832295,296.16330857427624
1.0260444610778452,1.5,297.0818820046222,296.163080931658,296.16335612082094
1.0296700598802404,1.5,297.08355244819757,296.16312881148565,296.16340366728883
1.0332956586826356,1.5,297.0852187574946,296.16317672821486,296.16345121367834
1.0369212574850308,1.5,297.0868809592015,296.1632246822546,296.1634987599881
1.040546856287426,1.5,297.0885390797467,296.1632726740144,296.16354630621674
1.0441724550898213,1.5,297.090193145302,296.16332070390416,296.16359385236274
1.0477980538922165,1.5,297.09184318178563,296.16336877233414,296.1636413984249
1.0514236526946117,1.5,297.09348921486577,296.1634168797148,296.1636889444017
1.055049251497007,1.5,297.09513126996313,296.163465026457,296.16373649029197
1.0586748502994021,1.5,297.09676937225413,296.1635132129718,296.1637840360942
1.0623004491017973,1.5,297.09840354667404,296.16356143967033,296.16383158180736
1.0659260479041925,1.5,297.10003381791955,296.163609706964,296.1638791274299
1.0695516467065878,1.5,297.10166021045205,296.16365801526433,296.16392667296066
1.073177245508983,1.5,297.10328274850013,296.16370636498294,296.1639742183983
1.0768028443113782,1.5,297.10490145606275,296.16375475653143,296.1640217637416
1.0804284431137734,1.5,297.1065163569115,296.16380319032146,296.1640693089893
1.0840540419161686,1.5,297.10812747459386,296.1638516667647,296.1641168541402
1.0876796407185638,1.5,297.1097348324355,296.1639001862726,296.16416439919306
1.091305239520959,1.5,297.11133845354317,296.16394874925675,296.1642119441466
1.0949308383233542,1.5,297.1129383608072,296.1639973561287,296.1642594889996
1.0985564371257495,1.5,297.11453457690413,296.1640460072994,296.1643070337509
1.1021820359281447,1.5,297.11612712429906,296.16409470318007,296.1643545783993
1.10580763473054,1.5,297.1177160252485,296.16414344418155,296.16440212294356
1.109433233532935,1.5,297.1193013018026,296.16419223071443,296.1644496673825
1.1130588323353303,1.5,297.1208829758075,296.16424106318897,296.16449721171495
1.1166844311377255,1.5,297.12246106890814,296.1642899420152,296.1645447559397
1.1203100299401207,1.5,297.1240356025501,296.1643388676028,296.1645923000555
1.123935628742516,1.5,297.1256065979824,296.16438784036103,296.16463984406124
1.1275612275449112,1.5,297.12717407625956,296.16443686069886,296.1646873879558
1.1311868263473064,1.5,297.12873805824387,296.16448592902464,296.1647349317379
1.1348124251497016,1.5,297.1302985646076,296.1645350457464,296.16478247540635
1.1384380239520968,1.5,297.1318556158355,296.1645842112717,296.16483001896
1.142063622754492,1.5,297.1334092322266,296.16463342600747,296.16487756239775
1.1456892215568872,1.5,297.13495943389665,296.1646826903602,296.1649251057183
1.1493148203592825,1.5,297.13650624078025,296.16473200473575,296.1649726489204
1.1529404191616777,1.5,297.1380496726324,296.1647813695393,296.16502019200306
1.1565660179640729,1.5,297.13958974903153,296.1648307851755,296.16506773496496
1.160191616766468,1.5,297.14112648938055,296.1648802520485,296.165115277805
1.1638172155688633,1.5,297.14265991290966,296.1649297705614,296.1651628205219
1.1674428143712585,1.5,297.14419003867766,296.16497934111686,296.1652103631145
1.1710684131736537,1.5,297.14571688557453,296.1650289641167,296.16525790558165
1.174694011976049,1.5,297.14724047232295,296.16507863996196,296.16530544792215
1.1783196107784442,1.5,297.14876081748025,296.165128369053,296.16535299013464
1.1819452095808394,1.5,297.1502779394404,296.1651781517893,296.16540053221803
1.1855708083832346,1.5,297.1517918564359,296.1652279885694,296.16544807417114
1.1891964071856298,1.5,297.15330258653944,296.16527787979123,296.16549561599265
1.192822005988025,1.5,297.1548101476658,296.16532782585153,296.1655431576814
1.1964476047904202,1.5,297.15631455757375,296.1653778271463,296.1655906992362
1.2000732035928154,1.5,297.15781583386746,296.1654278840707,296.16563824065577
1.2036988023952107,1.5,297.15931399399875,296.16547799701874,296.1656857819388
1.2073244011976059,1.5,297.1608090552683,296.16552816638347,296.1657333230841
1.210950000000001,1.5,297.16230103482764,296.1655783925571,296.16578086409044
1.2145755988023963,1.5,297.16378994968073,296.1656286759307,296.1658284049565
1.2182011976047915,1.5,297.16527581668566,296.1656790168943,296.1658759456811
1.2218267964071867,1.5,297.166758652556,296.1657294158369,296.16592348626284
1.225452395209582,1.5,297.1682384738629,296.1657798731463,296.1659710267006
1.2290779940119771,1.5,297.1697152970363,296.1658303892094,296.166018566993
1.2327035928143724,1.5,297.1711891383666,296.1658809644117,296.16606610713876
1.2363291916167676,1.5,297.1726600140061,296.16593159913793,296.1661136471365
1.2399547904191628,1.5,297.17412793997073,296.1659822937713,296.16616118698505
1.243580389221558,1.5,297.1755929321413,296.166033048694,296.166208726683
1.2472059880239532,1.5,297.1770550062652,296.16608386428686,296.1662562662291
1.2508315868263484,1.5,297.178514177958,296.1661347409298,296.1663038056219
1.2544571856287436,1.5,297.17997046270415,296.16618567900116,296.1663513448601
1.2580827844311389,1.5,297.1814238758594,296.16623667887825,296.16639888394246
1.261708383233534,1.5,297.1828744326516,296.16628774093704,296.16644642286747
1.2653339820359293,1.5,297.184322148182,296.16633886555206,296.1664939616339
1.2689595808383245,1.5,297.18576703742724,296.1663900530968,296.1665415002402
1.2725851796407197,1.5,297.18720911523997,296.1664413039432,296.1665890386852
1.276210778443115,1.5,297.1886483963508,296.1664926184619,296.16663657696733
1.2798363772455101,1.5,297.19008489536907,296.1665439970223,296.16668411508533
1.2834619760479054,1.5,297.19151862678467,296.16659543999236,296.1667316530377
1.2870875748503006,1.5,297.19294960496893,296.1666469477385,296.16677919082304
1.2907131736526958,1.5,297.19437784417613,296.16669852062597,296.16682672844
1.294338772455091,1.5,297.19580335854465,296.1667501590184,296.16687426588703
1.2979643712574862,1.5,297.1972261620982,296.16680186327824,296.16692180316284
1.3015899700598814,1.5,297.19864626874727,296.1668536337662,296.16696934026584
1.3052155688622766,1.5,297.20006369228975,296.1669054708416,296.16701687719456
1.3088411676646718,1.5,297.2014784464128,296.1669573748625,296.1670644139476
1.312466766467067,1.5,297.20289054469373,296.1670093461852,296.1671119505235
1.3160923652694623,1.5,297.20430000060105,296.16706138516463,296.1671594869207
1.3197179640718575,1.5,297.2057068274959,296.1671134921542,296.1672070231378
1.3233435628742527,1.5,297.20711103863283,296.16716566750574,296.1672545591732
1.326969161676648,1.5,297.2085126471613,296.1672179115697,296.1673020950255
1.3305947604790431,1.5,297.2099116661264,296.16727022469473,296.1673496306931
1.3342203592814383,1.5,297.2113081084704,296.16732260722813,296.1673971661745
1.3378459580838336,1.5,297.21270198703337,296.16737505951545,296.1674447014681
1.3414715568862288,1.5,297.2140933145545,296.1674275819008,296.1674922365724
1.345097155688624,1.5,297.2154821036731,296.16748017472673,296.1675397714859
1.3487227544910192,1.5,297.2168683669297,296.16753283833395,296.16758730620694
1.3523483532934144,1.5,297.2182521167669,296.1675855730618,296.16763484073397
1.3559739520958096,1.5,297.21963336553057,296.1676383792478,296.1676823750655
1.3595995508982048,1.5,297.22101212547085,296.16769125722806,296.1677299091998
1.3632251497006,1.5,297.2223884087428,296.1677442073369,296.1677774431354
1.3668507485029953,1.5,297.22376222740803,296.167797229907,296.1678249768706
1.3704763473053905,1.5,297.2251335934349,296.1678503252694,296.1678725104038
1.3741019461077857,1.5,297.2265025187002,296.1679034937534,296.16792004373343
1.377727544910181,1.5,297.22786901498944,296.16795673568674,296.16796757685785
1.3813531437125761,1.5,297.2292330939983,296.1680100513954,296.16801510977535
1.3849787425149713,1.5,297.23059476733323,296.1680634412036,296.1680626424843
1.3886043413173665,1.5,297.23195404651256,296.1681169054342,296.1681101749831
1.3922299401197618,1.5,297.23331094296714,296.1681704444078,296.16815770727004
1.395855538922157,1.5,297.23466546804156,296.16822405844374,296.16820523934354
1.3994811377245522,1.5,297.23601763299473,296.16827774785946,296.1682527712017
1.4031067365269474,1.5,297.23736744900094,296.16833151297067,296.1683003028431
1.4067323353293426,1.5,297.2387149271507,296.16838535409136,296.16834783426583
1.4103579341317378,1.5,297.2400600784512,296.1684392715338,296.16839536546826
1.413983532934133,1.5,297.24140291382787,296.16849326560856,296.16844289644877
1.4176091317365282,1.5,297.2427434441247,296.1685473366244,296.1684904272056
1.4212347305389235,1.5,297.244081680105,296.16860148488814,296.1685379577369
1.4248603293413187,1.5,297.2454176324525,296.1686557107052,296.16858548804095
1.428485928143714,1.5,297.246751311772,296.16871001437903,296.1686330181162
1.432111526946109,1.5,297.24808272859013,296.1687643962113,296.16868054796066
1.4357371257485043,1.5,297.2494118933561,296.168818856502,296.1687280775728
1.4393627245508995,1.5,297.2507388164427,296.1688733955492,296.1687756069507
1.4429883233532947,1.5,297.2520635081468,296.1689280136493,296.16882313609256
1.44661392215569,1.5,297.25338597869006,296.1689827110969,296.16887066499675
1.4502395209580852,1.5,297.25470623822,296.1690374881847,296.1689181936614
1.4538651197604804,1.5,297.25602429681044,296.1690923452038,296.16896572208475
1.4574907185628756,1.5,297.25734016446233,296.16914728244336,296.1690132502649
1.4611163173652708,1.5,297.25865385110427,296.16920230019065,296.1690607782002
1.464741916167666,1.5,297.25996536659375,296.1692573987315,296.1691083058888
1.4683675149700612,1.5,297.2612747207172,296.16931257834943,296.1691558333287
1.4719931137724565,1.5,297.2625819231911,296.1693678393266,296.16920336051834
1.4756187125748517,1.5,297.2638869836625,296.1694231819431,296.1692508874557
1.4792443113772469,1.5,297.26518991170957,296.1694786064773,296.169298414139
1.482869910179642,1.5,297.2664907168427,296.1695341132057,296.1693459405664
1.4864955089820373,1.5,297.2677894085048,296.1695897024031,296.1693934667361
1.4901211077844325,1.5,297.2690859960719,296.1696453743423,296.1694409926462
1.4937467065868277,1.5,297.2703804888541,296.1697011292944,296.1694885182948
1.497372305389223,1.5,297.2716728960958,296.1697569675287,296.1695360436801
1.5009979041916182,1.5,297.2729632269768,296.1698128893126,296.16958356880014
1.5046235029940134,1.5,297.27425149061247,296.16986889491176,296.16963109365315
1.5082491017964086,1.5,297.2755376960548,296.16992498458995,296.1696786182372
1.5118747005988038,1.5,297.2768218522927,296.1699811586091,296.1697261425503
1.515500299401199,1.5,297.27810396825254,296.1700374172295,296.16977366659063
1.5191258982035942,1.5,297.27938405279906,296.1700937607093,296.16982119035634
1.5227514970059894,1.5,297.28066211473566,296.17015018930505,296.1698687138456
1.5263770958083847,1.5,297.28193816280515,296.1702067032715,296.16991623705627
1.5300026946107799,1.5,297.28321220569035,296.17026330286143,296.1699637599865
1.533628293413175,1.5,297.2844842520144,296.1703199883259,296.1700112826345
1.5372538922155703,1.5,297.2857543103417,296.1703767599141,296.17005880499823
1.5408794910179655,1.5,297.2870223891782,296.17043361787347,296.1701063270758
1.5445050898203607,1.5,297.28828849697186,296.1704905624495,296.17015384886525
1.548130688622756,1.5,297.2895526421136,296.170547593886,296.1702013703647
1.5517562874251511,1.5,297.29081483293743,296.17060471242485,296.1702488915721
1.5553818862275464,1.5,297.29207507772117,296.1706619183061,296.1702964124856
1.5590074850299416,1.5,297.2933333846868,296.17071921176824,296.1703439331032
1.5626330838323368,1.5,297.29458976200124,296.1707765930476,296.17039145342295
1.566258682634732,1.5,297.29584421777685,296.17083406237896,296.1704389734429
1.5698842814371272,1.5,297.2970967600716,296.170891619995,296.17048649316115
1.5735098802395224,1.5,297.2983473968899,296.170949266127,296.17053401257556
1.5771354790419176,1.5,297.29959613618286,296.17100700100406,296.1705815316843
1.5807610778443129,1.5,297.30084298584904,296.17106482485366,296.1706290504854
1.584386676646708,1.5,297.30208795373477,296.17112273790144,296.1706765689768
1.5880122754491033,1.5,297.30333104763463,296.1711807403712,296.1707240871566
1.5916378742514985,1.5,297.30457227529195,296.1712388324851,296.1707716050227
1.5952634730538937,1.5,297.30581164439917,296.1712970144633,296.1708191225733
1.598889071856289,1.5,297.3070491625987,296.17135528652426,296.17086663980615
1.6025146706586841,1.5,297.3082848374827,296.17141364888477,296.17091415671945
1.6061402694610794,1.5,297.3095186765942,296.1714721017596,296.1709616733111
1.6097658682634746,1.5,297.3107506874272,296.1715306453619,296.17100918957925
1.6133914670658698,1.5,297.311980877427,296.17158927990295,296.1710567055217
1.617017065868265,1.5,297.31320925399115,296.1716480055924,296.1711042211366
1.6206426646706602,1.5,297.3144358244693,296.17170682263793,296.1711517364219
1.6242682634730554,1.5,297.3156605961638,296.1717657312457,296.1711992513756
1.6278938622754506,1.5,297.3168835763306,296.17182473161984,296.1712467659956
1.6315194610778458,1.5,297.31810477217874,296.1718838239629,296.17129428028
1.635145059880241,1.5,297.3193241908718,296.1719430084756,296.1713417942267
1.6387706586826363,1.5,297.3205418395272,296.17200228535694,296.1713893078337
1.6423962574850315,1.5,297.32175772521794,296.1720616548041,296.171436821099
1.6460218562874267,1.5,297.3229718549716,296.17212111701264,296.1714843340206
1.649647455089822,1.5,297.3241842357719,296.1721806721763,296.1715318465965
1.6532730538922171,1.5,297.32539487455824,296.172240320487,296.1715793588246
1.6568986526946123,1.5,297.3266037782266,296.17230006213515,296.1716268707028
1.6605242514970076,1.5,297.3278109536299,296.17235989730926,296.17167438222924
1.6641498502994028,1.5,297.329016407578,296.1724198261962,296.1717218934018
1.667775449101798,1.5,297.3302201468385,296.172479848981,296.17176940421854
1.6714010479041932,1.5,297.3314221781368,296.17253996584714,296.17181691467727
1.6750266467065884,1.5,297.33262250815665,296.1726001769763,296.17186442477606
1.6786522455089836,1.5,297.33382114354055,296.1726604825484,296.1719119345129
1.6822778443113788,1.5,297.3350180908899,296.1727208827419,296.1719594438857
1.685903443113774,1.5,297.3362133567656,296.17278137773326,296.1720069528925
1.6895290419161693,1.5,297.3374069476883,296.1728419676974,296.17205446153116
1.6931546407185645,1.5,297.33859887013847,296.17290265280764,296.1721019697997
1.6967802395209597,1.5,297.3397891305572,296.17296343323545,296.1721494776961
1.700405838323355,1.5,297.3409777353466,296.1730243091508,296.17219698521825
1.7040314371257501,1.5,297.34216469086937,296.17308528072175,296.1722444923642
1.7076570359281453,1.5,297.34335000345004,296.173146348115,296.17229199913186
1.7112826347305405,1.5,297.3445336793747,296.1732075114954,296.17233950551923
1.7149082335329358,1.5,297.3457157248917,296.1732687710262,296.1723870115242
1.718533832335331,1.5,297.34689614621163,296.17333012686896,296.17243451714484
1.7221594311377262,1.5,297.3480749495079,296.1733915791837,296.1724820223791
1.7257850299401214,1.5,297.34925214091714,296.17345312812864,296.1725295272248
1.7294106287425166,1.5,297.350427726539,296.17351477386063,296.17257703168013
1.7330362275449118,1.5,297.3516017124371,296.17357651653464,296.1726245357429
1.736661826347307,1.5,297.35277410463897,296.17363835630425,296.1726720394111
1.7402874251497022,1.5,297.3539449091364,296.17370029332113,296.1727195426827
1.7439130239520975,1.5,297.3551141318857,296.1737623277357,296.17276704555576
1.7475386227544927,1.5,297.3562817788083,296.1738244596965,296.1728145480281
1.751164221556888,1.5,297.3574478557905,296.1738866893506,296.1728620500978
1.754789820359283,1.5,297.35861236868425,296.1739490168435,296.17290955176276
1.7584154191616783,1.5,297.35977532330725,296.174011442319,296.17295705302104
1.7620410179640735,1.5,297.3609367254433,296.1740739659196,296.1730045538705
1.7656666167664687,1.5,297.36209658084243,296.1741365877859,296.1730520543092
1.769292215568864,1.5,297.36325489522125,296.1741993080571,296.17309955433507
1.7729178143712592,1.5,297.36441167426324,296.17426212687093,296.17314705394614
1.7765434131736544,1.5,297.36556692361927,296.1743250443634,296.1731945531404
1.7801690119760496,1.5,297.3667206489074,296.17438806066906,296.17324205191574
1.7837946107784448,1.5,297.3678728557134,296.17445117592086,296.17328955027017
1.78742020958084,1.5,297.3690235495911,296.1745143902504,296.17333704820174
1.7910458083832352,1.5,297.37017273606244,296.1745777037875,296.17338454570836
1.7946714071856305,1.5,297.37132042061796,296.1746411166607,296.17343204278814
1.7982970059880257,1.5,297.3724666087169,296.17470462899695,296.173479539439
1.8019226047904209,1.5,297.3736113057874,296.1747682409216,296.1735270356589
1.805548203592816,1.5,297.37475451722696,296.1748319525586,296.1735745314458
1.8091738023952113,1.5,297.3758962484025,296.1748957640303,296.1736220267979
1.8127994011976065,1.5,297.3770365046508,296.1749596754578,296.17366952171295
1.8164250000000017,1.5,297.37817529127835,296.1750236869605,296.1737170161892
1.820050598802397,1.5,297.37931261356226,296.1750877986565,296.1737645102245
1.8236761976047922,1.5,297.38044847674985,296.17515201066226,296.17381200381686
1.8273017964071874,1.5,297.38158288605905,296.17521632309285,296.1738594969644
1.8309273952095826,1.5,297.382715846679,296.17528073606195,296.173906989665
1.8345529940119778,1.5,297.38384736376986,296.1753452496818,296.1739544819168
1.838178592814373,1.5,297.38497744246325,296.1754098640631,296.17400197371774
1.8418041916167682,1.5,297.38610608786223,296.1754745793152,296.1740494650659
1.8454297904191634,1.5,297.38723330504195,296.175539395546,296.17409695595927
1.8490553892215587,1.5,297.3883590990495,296.17560431286205,296.174144446396
1.8526809880239539,1.5,297.38948347490435,296.1756693313684,296.1741919363739
1.856306586826349,1.5,297.3906064375984,296.17573445116875,296.17423942589124
1.8599321856287443,1.5,297.3917279920964,296.1757996723654,296.174286914946
1.8635577844311395,1.5,297.3928481433358,296.1758649950592,296.1743344035362
1.8671833832335347,1.5,297.3939668962275,296.17593041934975,296.1743818916599
1.87080898203593,1.5,297.39508425565566,296.1759959453351,296.1744293793151
1.8744345808383251,1.5,297.3962002264779,296.1760615731122,296.1744768665
1.8780601796407204,1.5,297.3973148135258,296.1761273027763,296.1745243532126
1.8816857784431156,1.5,297.3984280216047,296.17619313442157,296.1745718394509
1.8853113772455108,1.5,297.39953985549437,296.1762590681407,296.17461932521303
1.888936976047906,1.5,297.40065031994885,296.1763251040251,296.1746668104971
1.8925625748503012,1.5,297.40175941969676,296.17639124216487,296.1747142953012
1.8961881736526964,1.5,297.4028671594414,296.17645748264863,296.17476177962334
1.8998137724550916,1.5,297.4039735438614,296.17652382556395,296.1748092634617
1.9034393712574869,1.5,297.40507857761014,296.1765902709968,296.1748567468144
1.907064970059882,1.5,297.40618226531654,296.1766568190321,296.1749042296793
1.9106905688622773,1.5,297.40728461158506,296.1767234697532,296.17495171205485
1.9143161676646725,1.5,297.4083856209959,296.17679022324245,296.174999193939
1.9179417664670677,1.5,297.4094852981051,296.17685707958077,296.1750466753299
1.921567365269463,1.5,297.410583647445,296.1769240388477,296.17509415622555
1.9251929640718581,1.5,297.4116806735239,296.1769911011218,296.1751416366243
1.9288185628742534,1.5,297.41277638082676,296.1770582664801,296.17518911652417
1.9324441616766486,1.5,297.4138707738153,296.17712553499854,296.1752365959232
1.9360697604790438,1.5,297.4149638569277,296.17719290675166,296.1752840748198
1.939695359281439,1.5,297.4160556345795,296.1772603818129,296.17533155321183
1.9433209580838342,1.5,297.41714611116316,296.1773279602545,296.1753790310976
1.9469465568862294,1.5,297.4182352910485,296.1773956421473,296.17542650847525
1.9505721556886246,1.5,297.41932317858294,296.17746342756107,296.17547398534293
1.9541977544910198,1.5,297.4204097780915,296.1775313165642,296.1755214616989
1.957823353293415,1.5,297.421495093877,296.1775993092242,296.17556893754124
1.9614489520958103,1.5,297.4225791302203,296.17766740560694,296.17561641286824
1.9650745508982055,1.5,297.42366189138045,296.1777356057775,296.175663887678
1.9687001497006007,1.5,297.4247433815948,296.1778039097995,296.1757113619688
1.972325748502996,1.5,297.4258236050791,296.17787231773553,296.1757588357388
1.9759513473053911,1.5,297.4269025660278,296.177940829647,296.1758063089862
1.9795769461077863,1.5,297.4279802686143,296.17800944559417,296.17585378170924
1.9832025449101816,1.5,297.4290567169906,296.178078165636,296.17590125390615
1.9868281437125768,1.5,297.4301319152882,296.17814698983045,296.1759487255752
1.990453742514972,1.5,297.4312058676175,296.17821591823434,296.17599619671455
1.9940793413173672,1.5,297.43227857806863,296.1782849509033,296.1760436673225
1.9977049401197624,1.5,297.433350050711,296.17835408789176,296.17609113739735
2.0013305389221574,1.5,297.434420289594,296.17842332925323,296.1761386069373
2.0049561377245526,1.5,297.43548929874663,296.17849267503993,296.1761860759407
2.008581736526948,1.5,297.436557082178,296.1785621253031,296.1762335444056
2.012207335329343,1.5,297.4376236438773,296.1786316800927,296.17628101233055
2.0158329341317383,1.5,297.4386889878141,296.17870133945786,296.1763284797137
2.0194585329341335,1.5,297.4397531179384,296.1787711034464,296.1763759465534
2.0230841317365287,1.5,297.4408160381806,296.17884097210515,296.176423412848
2.026709730538924,1.5,297.44187775245206,296.17891094547986,296.1764708785957
2.030335329341319,1.5,297.4429382646447,296.1789810236152,296.17651834379495
2.0339609281437143,1.5,297.44399757863164,296.17905120655485,296.17656580844397
2.0375865269461095,1.5,297.445055698267,296.17912149434136,296.1766132725412
2.0412121257485047,1.5,297.4461126273862,296.17919188701626,296.1766607360849
2.0448377245509,1.5,297.4471683698061,296.17926238461996,296.1767081990734
2.048463323353295,1.5,297.4482229293248,296.1793329871921,296.17675566150524
2.0520889221556904,1.5,297.4492763097224,296.17940369477094,296.1768031233786
2.0557145209580856,1.5,297.4503285147605,296.17947450739393,296.1768505846919
2.059340119760481,1.5,297.45137954818273,296.1795454250976,296.1768980454437
2.062965718562876,1.5,297.45242941371475,296.17961644791734,296.1769455056321
2.0665913173652712,1.5,297.4534781150643,296.17968757588744,296.1769929652557
2.0702169161676665,1.5,297.4545256559214,296.1797588090414,296.1770404243129
2.0738425149700617,1.5,297.4555720399585,296.1798301474117,296.1770878828021
2.077468113772457,1.5,297.4566172708306,296.17990159102965,296.1771353407217
2.081093712574852,1.5,297.4576613521752,296.17997313992595,296.1771827980702
2.0847193113772473,1.5,297.45870428761265,296.18004479412997,296.177230254846
2.0883449101796425,1.5,297.45974608074624,296.1801165536704,296.17727771104757
2.0919705089820377,1.5,297.4607867351622,296.1801884185747,296.1773251666734
2.095596107784433,1.5,297.46182625442975,296.1802603888696,296.177372621722
2.099221706586828,1.5,297.46286464210164,296.18033246458094,296.1774200761917
2.1028473053892234,1.5,297.4639019017136,296.18040464573346,296.17746753008123
2.1064729041916186,1.5,297.464938036785,296.18047693235104,296.17751498338885
2.110098502994014,1.5,297.4659730508188,296.1805493244566,296.17756243611325
2.113724101796409,1.5,297.46700694730146,296.1806218220722,296.1776098882529
2.1173497005988042,1.5,297.46803972970355,296.18069442521914,296.1776573398063
2.1209752994011994,1.5,297.46907140147925,296.18076713391747,296.177704790772
2.1246008982035947,1.5,297.4701019660668,296.18083994818664,296.1777522411486
2.12822649700599,1.5,297.4711314268887,296.18091286804514,296.1777996909346
2.131852095808385,1.5,297.4721597873514,296.1809858935106,296.1778471401286
2.1354776946107803,1.5,297.473187050846,296.1810590245996,296.1778945887292
2.1391032934131755,1.5,297.47421322074774,296.1811322613281,296.17794203673503
2.1427288922155707,1.5,297.47523830041655,296.1812056037111,296.1779894841446
2.146354491017966,1.5,297.47626229319695,296.18127905176266,296.1780369309566
2.149980089820361,1.5,297.47728520241833,296.18135260549616,296.1780843771695
2.1536056886227564,1.5,297.47830703139465,296.18142626492397,296.1781318227821
2.1572312874251516,1.5,297.4793277834249,296.18150003005775,296.17817926779304
2.160856886227547,1.5,297.48034746179326,296.1815739009083,296.1782267122009
2.164482485029942,1.5,297.4813660697689,296.18164787748555,296.1782741560044
2.168108083832337,1.5,297.4823836106063,296.18172195979855,296.1783215992022
2.1717336826347324,1.5,297.48340008754525,296.1817961478559,296.178369041793
2.1753592814371276,1.5,297.4844155038109,296.18187044166484,296.17841648377544
2.178984880239523,1.5,297.485429862614,296.1819448412323,296.1784639251482
2.182610479041918,1.5,297.48644316715087,296.1820193465641,296.17851136591014
2.1862360778443133,1.5,297.48745542060345,296.18209395766553,296.17855880605987
2.1898616766467085,1.5,297.4884666261397,296.18216867454083,296.1786062455962
2.1934872754491037,1.5,297.4894767869133,296.18224349719355,296.1786536845178
2.197112874251499,1.5,297.49048590606407,296.18231842562665,296.17870112282355
2.200738473053894,1.5,297.4914939867176,296.1823934598422,296.17874856051213
2.2043640718562894,1.5,297.49250103198597,296.18246859984146,296.17879599758237
2.2079896706586846,1.5,297.49350704496726,296.18254384562493,296.17884343403307
2.21161526946108,1.5,297.49451202874616,296.1826191971925,296.178890869863
2.215240868263475,1.5,297.49551598639346,296.1826946545431,296.17893830507103
2.21886646706587,1.5,297.4965189209667,296.18277021767534,296.17898573965596
2.2224920658682654,1.5,297.49752083551,296.18284588658656,296.17903317361663
2.2261176646706606,1.5,297.49852173305396,296.1829216612739,296.1790806069519
2.229743263473056,1.5,297.49952161661616,296.1829975417333,296.17912803966067
2.233368862275451,1.5,297.50052048920094,296.18307352796035,296.1791754717418
2.2369944610778463,1.5,297.50151835379967,296.18314961994975,296.1792229031941
2.2406200598802415,1.5,297.5025152133905,296.1832258176956,296.1792703340166
2.2442456586826367,1.5,297.503511070939,296.1833021211913,296.1793177642082
2.247871257485032,1.5,297.50450592939757,296.1833785304294,296.1793651937677
2.251496856287427,1.5,297.5054997917061,296.18345504540196,296.1794126226942
2.2551224550898223,1.5,297.5064926607917,296.1835316661004,296.1794600509866
2.2587480538922176,1.5,297.507484539569,296.1836083925152,296.1795074786438
2.2623736526946128,1.5,297.50847543094017,296.18368522463646,296.17955490566493
2.265999251497008,1.5,297.5094653377946,296.1837621624534,296.1796023320488
2.269624850299403,1.5,297.5104542630097,296.18383920595477,296.1796497577945
2.2732504491017984,1.5,297.5114422094505,296.1839163551286,296.17969718290107
2.2768760479041936,1.5,297.51242917996956,296.1839936099621,296.1797446073674
2.280501646706589,1.5,297.5134151774078,296.1840709704421,296.17979203119273
2.284127245508984,1.5,297.51440020459364,296.1841484365548,296.179839454376
2.2877528443113793,1.5,297.5153842643439,296.1842260082855,296.17988687691627
2.2913784431137745,1.5,297.5163673594631,296.1843036856191,296.17993429881267
2.2950040419161697,1.5,297.5173494927442,296.1843814685399,296.17998172006423
2.298629640718565,1.5,297.51833066696827,296.18445935703147,296.1800291406701
2.30225523952096,1.5,297.5193108849047,296.18453735107676,296.1800765606294
2.3058808383233553,1.5,297.5202901493115,296.18461545065827,296.18012397994124
2.3095064371257505,1.5,297.5212684629346,296.1846936557577,296.18017139860484
2.3131320359281458,1.5,297.5222458285089,296.1847719663564,296.18021881661923
2.316757634730541,1.5,297.5232222487577,296.1848503824348,296.1802662339837
2.320383233532936,1.5,297.5241977263931,296.1849289039731,296.1803136506973
2.3240088323353314,1.5,297.5251722641156,296.1850075309508,296.1803610667594
2.3276344311377266,1.5,297.5261458646149,296.1850862633467,296.1804084821691
2.331260029940122,1.5,297.52711853056917,296.1851651011392,296.1804558969257
2.334885628742517,1.5,297.52809026464587,296.18524404430605,296.1805033110283
2.3385112275449123,1.5,297.5290610695011,296.1853230928245,296.1805507244763
2.3421368263473075,1.5,297.5300309477803,296.1854022466711,296.18059813726893
2.3457624251497027,1.5,297.5309999021178,296.1854815058221,296.18064554940537
2.349388023952098,1.5,297.5319679351372,296.185560870253,296.1806929608851
2.353013622754493,1.5,297.53293504945134,296.18564033993886,296.1807403717073
2.3566392215568883,1.5,297.5339012476624,296.18571991485413,296.18078778187135
2.3602648203592835,1.5,297.53486653236195,296.1857995949728,296.18083519137656
2.3638904191616787,1.5,297.5358309061308,296.18587938026843,296.18088260022233
2.367516017964074,1.5,297.53679437153943,296.1859592707138,296.1809300084079
2.371141616766469,1.5,297.5377569311479,296.18603926628145,296.18097741593283
2.3747672155688644,1.5,297.53871858750574,296.1861193669432,296.1810248227964
2.3783928143712596,1.5,297.5396793431522,296.18619957267055,296.18107222899806
2.382018413173655,1.5,297.5406392006164,296.1862798834343,296.1811196345372
2.38564401197605,1.5,297.54159816241696,296.1863602992049,296.18116703941325
2.3892696107784452,1.5,297.5425562310627,296.18644081995234,296.1812144436257
2.3928952095808405,1.5,297.5435134090521,296.186521445646,296.1812618471741
2.3965208083832357,1.5,297.5444696988736,296.18660217625484,296.1813092500577
2.400146407185631,1.5,297.54542510300587,296.1866830117473,296.1813566522763
2.403772005988026,1.5,297.5463796239174,296.1867639520914,296.18140405382917
2.4073976047904213,1.5,297.54733326406705,296.18684499725475,296.18145145471595
2.4110232035928165,1.5,297.5482860259037,296.18692614720436,296.18149885493614
2.4146488023952117,1.5,297.54923791186656,296.18700740190684,296.1815462544894
2.418274401197607,1.5,297.5501889243851,296.18708876132837,296.18159365337516
2.421900000000002,1.5,297.55113906587917,296.1871702254346,296.1816410515931
2.4255255988023974,1.5,297.55208833875906,296.1872517941909,296.18168844914277
2.4291511976047926,1.5,297.55303674542546,296.187333467562,296.18173584602386
2.432776796407188,1.5,297.5539842882696,296.18741524551234,296.18178324223595
2.436402395209583,1.5,297.55493096967336,296.1874971280058,296.18183063777866
2.4400279940119782,1.5,297.5558767920091,296.187579115006,296.1818780326517
2.4436535928143734,1.5,297.5568217576399,296.18766120647587,296.18192542685483
2.4472791916167687,1.5,297.5577658689196,296.18774340237826,296.18197282038756
2.450904790419164,1.5,297.55870912819296,296.1878257026753,296.18202021324976
2.454530389221559,1.5,297.5596515377952,296.1879081073289,296.18206760544115
2.4581559880239543,1.5,297.56059310005287,296.18799061630045,296.18211499696145
2.4617815868263495,1.5,297.56153381728296,296.18807322955104,296.18216238781037
2.4654071856287447,1.5,297.56247369179385,296.18815594704125,296.18220977798774
2.46903278443114,1.5,297.56341272588475,296.1882387687313,296.1822571674933
2.472658383233535,1.5,297.564350921846,296.18832169458113,296.18230455632687
2.4762839820359304,1.5,297.5652882819591,296.18840472455,296.1823519444883
2.4799095808383256,1.5,297.5662248084966,296.1884878585972,296.18239933197736
2.483535179640721,1.5,297.5671605037224,296.18857109668136,296.18244671879404
2.487160778443116,1.5,297.56809536989164,296.18865443876064,296.18249410493814
2.490786377245511,1.5,297.56902940925073,296.18873788479306,296.1825414904096
2.4944119760479064,1.5,297.56996262403743,296.18882143473627,296.18258887520824
2.4980375748503016,1.5,297.570895016481,296.18890508854736,296.18263625933406
2.501663173652697,1.5,297.57182658880214,296.1889888461831,296.1826836427869
2.505288772455092,1.5,297.57275734321297,296.18907270760025,296.18273102556674
2.5089143712574873,1.5,297.5736872819172,296.18915667275473,296.1827784076736
2.5125399700598825,1.5,297.57461640711017,296.18924074160236,296.1828257891075
2.5161655688622777,1.5,297.57554472097877,296.1893249140985,296.18287316986834
2.519791167664673,1.5,297.57647222570176,296.1894091901983,296.1829205499562
2.523416766467068,1.5,297.5773989234494,296.18949356985655,296.1829679293711
2.5270423652694634,1.5,297.57832481638377,296.18957805302756,296.1830153081131
2.5306679640718586,1.5,297.5792499066589,296.1896626396655,296.18306268618227
2.534293562874254,1.5,297.58017419642056,296.18974732972407,296.1831100635787
2.537919161676649,1.5,297.58109768780645,296.18983212315663,296.18315744030247
2.541544760479044,1.5,297.58202038294615,296.1899170199165,296.18320481635374
2.5451703592814394,1.5,297.5829422839613,296.19000201995624,296.18325219173266
2.5487959580838346,1.5,297.5838633929656,296.1900871232284,296.1832995664393
2.55242155688623,1.5,297.5847837120647,296.19017232968514,296.183346940474
2.556047155688625,1.5,297.5857032433565,296.19025763927834,296.1833943138367
2.5596727544910203,1.5,297.58662198893074,296.19034305195953,296.1834416865278
2.5632983532934155,1.5,297.5875399508699,296.1904285676798,296.1834890585475
2.5669239520958107,1.5,297.58845713124816,296.1905141863904,296.183536429896
2.570549550898206,1.5,297.5893735321323,296.1905999080417,296.18358380057356
2.574175149700601,1.5,297.5902891555812,296.1906857325842,296.18363117058044
2.5778007485029963,1.5,297.5912040036462,296.19077165996794,296.183678539917
2.5814263473053916,1.5,297.59211807837113,296.1908576901427,296.1837259085835
2.5850519461077868,1.5,297.59303138179195,296.1909438230581,296.1837732765802
2.588677544910182,1.5,297.5939439159373,296.19103005866316,296.1838206439077
2.592303143712577,1.5,297.5948556828284,296.19111639690703,296.1838680105661
2.5959287425149724,1.5,297.59576668447886,296.19120283773833,296.18391537655583
2.5995543413173676,1.5,297.59667692289486,296.1912893811053,296.18396274187734
2.603179940119763,1.5,297.59758640007533,296.1913760269564,296.18401010653105
2.606805538922158,1.5,297.5984951180117,296.19146277523924,296.1840574705174
2.6104311377245533,1.5,297.59940307868834,296.19154962590164,296.18410483383684
2.6140567365269485,1.5,297.60031028408196,296.1916365788909,296.18415219648983
2.6176823353293437,1.5,297.6012167361624,296.1917236341541,296.1841995584768
2.621307934131739,1.5,297.6021224368922,296.19181079163803,296.1842469197983
2.624933532934134,1.5,297.6030273882267,296.19189805128946,296.1842942804549
2.6285591317365293,1.5,297.603931592114,296.1919854130548,296.18434164044703
2.6321847305389245,1.5,297.60483505049535,296.19207287688005,296.1843889997754
2.6358103293413198,1.5,297.6057377653048,296.19216044271116,296.1844363584405
2.639435928143715,1.5,297.6066397384694,296.19224811049384,296.18448371644297
2.64306152694611,1.5,297.6075409719093,296.19233588017335,296.18453107378343
2.6466871257485054,1.5,297.60844146753755,296.19242375169506,296.1845784304624
2.6503127245509006,1.5,297.6093412272604,296.1925117250039,296.18462578648064
2.653938323353296,1.5,297.6102402529771,296.19259980004455,296.1846731418388
2.657563922155691,1.5,297.6111385465802,296.19268797676153,296.1847204965375
2.6611895209580863,1.5,297.61203610995545,296.19277625509926,296.1847678505776
2.6648151197604815,1.5,297.6129329449816,296.1928646350018,296.18481520395966
2.6684407185628767,1.5,297.6138290535308,296.192953116413,296.1848625566845
2.672066317365272,1.5,297.6147244374687,296.1930416992765,296.18490990875284
2.675691916167667,1.5,297.6156190986538,296.19313038353573,296.1849572601655
2.6793175149700623,1.5,297.61651303893825,296.19321916913407,296.18500461092333
2.6829431137724575,1.5,297.61740626016757,296.19330805601453,296.18505196102706
2.6865687125748527,1.5,297.6182987641807,296.19339704411993,296.18509931047765
2.690194311377248,1.5,297.6191905528099,296.1934861333929,296.1851466592758
2.693819910179643,1.5,297.6200816278811,296.19357532377603,296.1851940074224
2.6974455089820384,1.5,297.62097199121354,296.19366461521145,296.18524135491845
2.7010711077844336,1.5,297.62186164462014,296.19375400764125,296.18528870176476
2.704696706586829,1.5,297.62275058990735,296.19384350100745,296.1853360479623
2.708322305389224,1.5,297.62363882887524,296.19393309525157,296.18538339351204
2.7119479041916192,1.5,297.62452636331744,296.1940227903154,296.18543073841505
2.7155735029940145,1.5,297.6254131950214,296.1941125861401,296.18547808267203
2.7191991017964097,1.5,297.62629932576806,296.19420248266687,296.18552542628424
2.722824700598805,1.5,297.6271847573323,296.1942924798367,296.1855727692526
2.7264502994012,1.5,297.6280694914826,296.1943825775905,296.18562011157815
2.7300758982035953,1.5,297.6289535299813,296.19447277586886,296.18566745326206
2.7337014970059905,1.5,297.62983687458444,296.1945630746123,296.1857147943053
2.7373270958083857,1.5,297.63071952704206,296.19465347376115,296.18576213470897
2.740952694610781,1.5,297.631601489098,296.1947439732555,296.1858094744743
2.744578293413176,1.5,297.63248276248993,296.19483457303556,296.1858568136023
2.7482038922155714,1.5,297.6333633489496,296.19492527304095,296.18590415209417
2.7518294910179666,1.5,297.63424325020264,296.1950160732115,296.18595148995115
2.755455089820362,1.5,297.6351224679686,296.1951069734867,296.18599882717444
2.759080688622757,1.5,297.6360010039611,296.195197973806,296.1860461637651
2.7627062874251522,1.5,297.6368788598879,296.1952890741085,296.18609349972456
2.7663318862275474,1.5,297.63775603745063,296.19538027433344,296.186140835054
2.7699574850299427,1.5,297.63863253834523,296.1954715744197,296.1861881697547
2.773583083832338,1.5,297.6395083642616,296.19556297430614,296.18623550382796
2.777208682634733,1.5,297.64038351688384,296.19565447393137,296.18628283727503
2.7808342814371283,1.5,297.64125799789025,296.195746073234,296.18633017009734
2.7844598802395235,1.5,297.6421318089533,296.1958377721523,296.18637750229624
2.7880854790419187,1.5,297.64300495173984,296.1959295706246,296.186424833873
2.791711077844314,1.5,297.6438774279107,296.19602146858915,296.1864721648291
2.795336676646709,1.5,297.6447492391212,296.1961134659838,296.18651949516595
2.7989622754491044,1.5,297.645620387021,296.19620556274646,296.186566824885
2.8025878742514996,1.5,297.64649087325387,296.196297758815,296.1866141539877
2.806213473053895,1.5,297.64736069945826,296.1963900541268,296.1866614824755
2.80983907185629,1.5,297.64822986726665,296.1964824486197,296.1867088103498
2.813464670658685,1.5,297.6490983783063,296.1965749422308,296.18675613761224
2.8170902694610804,1.5,297.64996623419864,296.19666753489753,296.18680346426436
2.8207158682634756,1.5,297.65083343655965,296.19676022655693,296.18685079030763
2.824341467065871,1.5,297.6516999869998,296.19685301714617,296.18689811574365
2.827967065868266,1.5,297.6525658871241,296.1969459066022,296.18694544057405
2.8315926646706613,1.5,297.65343113853214,296.1970388948618,296.18699276480044
2.8352182634730565,1.5,297.6542957428179,296.19713198186156,296.18704008842445
2.8388438622754517,1.5,297.65515970157014,296.1972251675383,296.1870874114477
2.842469461077847,1.5,297.65602301637205,296.19731845182844,296.1871347338718
2.846095059880242,1.5,297.6568856888017,296.19741183466834,296.18718205569854
2.8497206586826374,1.5,297.6577477204316,296.1975053159944,296.1872293769296
2.8533462574850326,1.5,297.6586091128291,296.1975988957428,296.18727669756674
2.856971856287428,1.5,297.659469867556,296.1976925738497,296.1873240176117
2.860597455089823,1.5,297.66032998616924,296.197786350251,296.1873713370663
2.864223053892218,1.5,297.66118947022017,296.19788022488274,296.1874186559322
2.8678486526946134,1.5,297.662048321255,296.1979741976807,296.18746597421136
2.8714742514970086,1.5,297.6629065408148,296.1980682685807,296.18751329190553
2.875099850299404,1.5,297.6637641304354,296.1981624375183,296.1875606090166
2.878725449101799,1.5,297.66462109164763,296.1982567044292,296.18760792554644
2.8823510479041943,1.5,297.665477425977,296.19835106924876,296.18765524149694
2.8859766467065895,1.5,297.6663331349439,296.1984455319125,296.18770255686997
2.8896022455089847,1.5,297.6671882200639,296.19854009235576,296.1877498716675
2.89322784431138,1.5,297.6680426828472,296.1986347505137,296.1877971858915
2.896853443113775,1.5,297.66889652479915,296.1987295063215,296.187844499544
2.9004790419161703,1.5,297.66974974741987,296.1988243597144,296.18789181262684
2.9041046407185656,1.5,297.6706023522048,296.1989193106274,296.1879391251421
2.9077302395209608,1.5,297.6714543406441,296.1990143589953,296.187986437092
2.911355838323356,1.5,297.6723057142233,296.19910950475315,296.18803374847835
2.914981437125751,1.5,297.6731564744225,296.1992047478356,296.18808105930333
2.9186070359281464,1.5,297.67400662271746,296.19930008817755,296.18812836956914
2.9222326347305416,1.5,297.6748561605786,296.19939552571367,296.18817567927766
2.925858233532937,1.5,297.67570508947176,296.1994910603785,296.1882229884312
2.929483832335332,1.5,297.6765534108578,296.19958669210666,296.1882702970319
2.9331094311377273,1.5,297.67740112619276,296.19968242083263,296.188317605082
2.9367350299401225,1.5,297.67824823692786,296.19977824649084,296.18836491258355
2.9403606287425177,1.5,297.6790947445096,296.19987416901563,296.18841221953886
2.943986227544913,1.5,297.67994065037954,296.1999701883414,296.18845952595024
2.947611826347308,1.5,297.68078595597484,296.20006630440236,296.1885068318198
2.9512374251497033,1.5,297.6816306627275,296.20016251713275,296.18855413714994
2.9548630239520985,1.5,297.68247477206523,296.2002588264668,296.1886014419429
2.9584886227544938,1.5,297.6833182854108,296.20035523233844,296.1886487462011
2.962114221556889,1.5,297.6841612041824,296.2004517346818,296.1886960499268
2.965739820359284,1.5,297.6850035297934,296.20054833343096,296.1887433531224
2.9693654191616794,1.5,297.68584526365277,296.2006450285199,296.1887906557903
2.9729910179640746,1.5,297.68668640716487,296.20074181988235,296.18883795793283
2.97661661676647,1.5,297.68752696172936,296.20083870745236,296.18888525955253
2.980242215568865,1.5,297.68836692874135,296.20093569116375,296.18893256065184
2.9838678143712603,1.5,297.68920630959144,296.2010327709503,296.1889798612332
2.9874934131736555,1.5,297.69004510566566,296.20112994674565,296.18902716129907
2.9911190119760507,1.5,297.69088331834564,296.20122721848367,296.189074460852
2.994744610778446,1.5,297.69172094900824,296.20132458609794,296.18912175989453
2.998370209580841,1.5,297.69255799902623,296.20142204952214,296.18916905842923
3.0019958083832363,1.5,297.6933944697676,296.2015196086898,296.1892163564586
3.0056214071856315,1.5,297.6942303625961,296.20161726353456,296.18926365398534
3.0092470059880267,1.5,297.69506567887095,296.20171501399,296.18931095101203
3.012872604790422,1.5,297.695900419947,296.2018128599895,296.18935824754124
3.016498203592817,1.5,297.6967345871749,296.20191080146657,296.18940554357573
3.0201238023952124,1.5,297.6975681819005,296.20200883835474,296.18945283911813
3.0237494011976076,1.5,297.6984012054658,296.20210697058735,296.1895001341712
3.027375000000003,1.5,297.6992336592082,296.2022051980979,296.1895474287376
3.031000598802398,1.5,297.70006554446076,296.20230352081956,296.1895947228201
3.0346261976047932,1.5,297.70089686255244,296.2024019386859,296.18964201642143
3.0382517964071885,1.5,297.70172761480774,296.20250045163004,296.18968930954446
3.0418773952095837,1.5,297.702557802547,296.20259905958545,296.18973660219194
3.045502994011979,1.5,297.70338742708634,296.20269776248523,296.1897838943667
3.049128592814374,1.5,297.7042164897375,296.20279656026275,296.18983118607156
3.0527541916167693,1.5,297.7050449918083,296.2028954528513,296.1898784773095
3.0563797904191645,1.5,297.70587293460204,296.20299444018406,296.18992576808324
3.0600053892215597,1.5,297.70670031941813,296.2030935221942,296.1899730583959
3.063630988023955,1.5,297.7075271475517,296.20319269881486,296.1900203482502
3.06725658682635,1.5,297.7083534202937,296.2032919699793,296.1900676376492
3.0708821856287454,1.5,297.70917913893106,296.20339133562067,296.1901149265959
3.0745077844311406,1.5,297.7100043047466,296.20349079567217,296.1901622150933
3.078133383233536,1.5,297.71082891901887,296.2035903500669,296.19020950314444
3.081758982035931,1.5,297.71165298302265,296.203689998738,296.19025679075236
3.0853845808383262,1.5,297.7124764980284,296.20378974161855,296.1903040779199
3.0890101796407214,1.5,297.7132994653027,296.20388957864174,296.19035136465044
3.0926357784431167,1.5,297.71412188610816,296.20398950974055,296.190398650947
3.096261377245512,1.5,297.7149437617031,296.20408953484826,296.19044593681264
3.099886976047907,1.5,297.7157650933422,296.20418965389786,296.1904932222505
3.1035125748503023,1.5,297.7165858822759,296.2042898668225,296.1905405072638
3.1071381736526975,1.5,297.7174061297509,296.2043901735551,296.19058779185576
3.1107637724550927,1.5,297.7182258370097,296.20449057402897,296.1906350760295
3.114389371257488,1.5,297.71904500529115,296.2045910681771,296.1906823597883
3.118014970059883,1.5,297.71986363582994,296.2046916559326,296.1907296431354
3.1216405688622784,1.5,297.72068172985706,296.20479233722847,296.1907769260741
3.1252661676646736,1.5,297.72149928859955,296.204893111998,296.19082420860764
3.128891766467069,1.5,297.72231631328054,296.2049939801741,296.1908714907394
3.132517365269464,1.5,297.7231328051194,296.20509494168994,296.19091877247274
3.136142964071859,1.5,297.7239487653316,296.20519599647855,296.1909660538109
3.1397685628742544,1.5,297.72476419512884,296.2052971444731,296.1910133347574
3.1433941616766496,1.5,297.7255790957189,296.2053983856067,296.19106061531545
3.147019760479045,1.5,297.72639346830596,296.20549971981245,296.1911078954887
3.15064535928144,1.5,297.72720731409026,296.20560114702346,296.19115517528047
3.1542709580838353,1.5,297.7280206342684,296.20570266717294,296.1912024546942
3.1578965568862305,1.5,297.72883343003303,296.205804280194,296.19124973373346
3.1615221556886257,1.5,297.72964570257346,296.20590598601973,296.1912970124017
3.165147754491021,1.5,297.73045745307485,296.20600778458333,296.1913442907025
3.168773353293416,1.5,297.731268682719,296.20610967581797,296.19139156863935
3.1723989520958114,1.5,297.7320793926838,296.20621165965696,296.1914388462159
3.1760245508982066,1.5,297.7328895841436,296.2063137360333,296.19148612343554
3.179650149700602,1.5,297.733699258269,296.2064159048803,296.1915334003022
3.183275748502997,1.5,297.734508416227,296.2065181661312,296.1915806768192
3.186901347305392,1.5,297.73531705918106,296.20662051971925,296.1916279529905
3.1905269461077874,1.5,297.73612518829077,296.2067229655778,296.1916752288196
3.1941525449101826,1.5,297.73693280471235,296.2068255036399,296.19172250431006
3.197778143712578,1.5,297.7377399095985,296.2069281338391,296.191769779466
3.201403742514973,1.5,297.73854650409805,296.20703085610853,296.19181705429077
3.2050293413173683,1.5,297.73935258935643,296.2071336703816,296.1918643287883
3.2086549401197635,1.5,297.74015816651564,296.2072365765917,296.1919116029624
3.2122805389221587,1.5,297.74096323671404,296.2073395746721,296.19195887681684
3.215906137724554,1.5,297.7417678010863,296.20744266455637,296.1920061503555
3.219531736526949,1.5,297.742571860764,296.2075458461778,296.1920534235821
3.2231573353293443,1.5,297.74337541687476,296.20764911946986,296.19210069650063
3.2267829341317396,1.5,297.74417847054303,296.20775248436615,296.19214796911496
3.2304085329341348,1.5,297.7449810228897,296.2078559407999,296.1921952414289
3.23403413173653,1.5,297.74578307503225,296.2079594887048,296.19224251344656
3.237659730538925,1.5,297.7465846280847,296.2080631280144,296.19228978517174
3.2412853293413204,1.5,297.74738568315746,296.20816685866214,296.19233705660855
3.2449109281437156,1.5,297.74818624135787,296.20827068058173,296.1923843277608
3.248536526946111,1.5,297.74898630378965,296.2083745937067,296.1924315986327
3.252162125748506,1.5,297.7497858715532,296.20847859797084,296.1924788692282
3.2557877245509013,1.5,297.75058494574546,296.20858269330773,296.1925261395514
3.2594133233532965,1.5,297.7513835274602,296.20868687965105,296.1925734096063
3.2630389221556917,1.5,297.7521816177875,296.20879115693464,296.1926206793972
3.266664520958087,1.5,297.7529792178145,296.20889552509215,296.1926679489279
3.270290119760482,1.5,297.75377632862484,296.2089999840574,296.19271521820286
3.2739157185628773,1.5,297.7545729512987,296.2091045337644,296.19276248722605
3.2775413173652725,1.5,297.7553690869133,296.20920917414674,296.19280975600174
3.2811669161676678,1.5,297.75616473654213,296.20931390513846,296.1928570245342
3.284792514970063,1.5,297.7569599012559,296.20941872667345,296.1929042928275
3.288418113772458,1.5,297.7577545821216,296.20952363868565,296.19295156088606
3.2920437125748534,1.5,297.7585487802034,296.20962864110913,296.19299882871405
3.2956693113772486,1.5,297.7593424965619,296.2097337338779,296.19304609631575
3.299294910179644,1.5,297.7601357322545,296.209838916926,296.1930933636956
3.302920508982039,1.5,297.76092848833565,296.20994419018746,296.1931406308578
3.3065461077844343,1.5,297.76172076585635,296.2100495535966,296.19318789780675
3.3101717065868295,1.5,297.7625125658645,296.2101550070874,296.19323516454693
3.3137973053892247,1.5,297.76330388940477,296.2102605505941,296.1932824310826
3.31742290419162,1.5,297.76409473751875,296.21036618405105,296.1933296974183
3.321048502994015,1.5,297.7648851112447,296.2104719073925,296.1933769635584
3.3246741017964103,1.5,297.7656750116181,296.2105777205528,296.19342422950734
3.3282997005988055,1.5,297.7664644396709,296.21068362346625,296.1934714952697
3.3319252994012007,1.5,297.7672533964321,296.21078961606725,296.1935187608499
3.335550898203596,1.5,297.7680418829277,296.21089569829036,296.19356602625254
3.339176497005991,1.5,297.7688299001803,296.21100187006994,296.1936132914821
3.3428020958083864,1.5,297.7696174492098,296.21110813134055,296.1936605565432
3.3464276946107816,1.5,297.77040453103274,296.2112144820368,296.1937078214404
3.350053293413177,1.5,297.77119114666266,296.21132092209314,296.1937550861783
3.353678892215572,1.5,297.7719772971101,296.2114274514445,296.19380235076164
3.3573044910179672,1.5,297.77276298338256,296.2115340700253,296.19384961519495
3.3609300898203625,1.5,297.77354820648446,296.2116407777705,296.19389687948296
3.3645556886227577,1.5,297.77433296741725,296.2117475746148,296.19394414363035
3.368181287425153,1.5,297.7751172671794,296.21185446049293,296.19399140764193
3.371806886227548,1.5,297.7759011067663,296.21196143533984,296.19403867152226
3.3754324850299433,1.5,297.7766844871703,296.2120684990905,296.19408593527623
3.3790580838323385,1.5,297.777467409381,296.2121756516798,296.1941331989086
3.3826836826347337,1.5,297.7782498743849,296.21228289304275,296.1941804624242
3.386309281437129,1.5,297.7790318831655,296.2123902231144,296.19422772582783
3.389934880239524,1.5,297.7798134367033,296.2124976418299,296.19427498912427
3.3935604790419194,1.5,297.7805945359763,296.21260514912433,296.19432225231844
3.3971860778443146,1.5,297.781375181959,296.2127127449329,296.19436951541525
3.40081167664671,1.5,297.78215537562323,296.21282042919086,296.1944167784196
3.404437275449105,1.5,297.78293511793805,296.21292820183356,296.19446404133635
3.4080628742515002,1.5,297.7837144098695,296.2130360627963,296.19451130417053
3.4116884730538954,1.5,297.7844932523808,296.21314401201437,296.1945585669271
3.4153140718562907,1.5,297.78527164643225,296.21325204942326,296.194605829611
3.418939670658686,1.5,297.78604959298116,296.2133601749585,296.1946530922273
3.422565269461081,1.5,297.7868270929823,296.21346838855555,296.19470035478105
3.4261908682634763,1.5,297.78760414738736,296.21357669015003,296.1947476172772
3.4298164670658715,1.5,297.78838075714526,296.21368507967765,296.1947948797209
3.4334420658682667,1.5,297.78915692320226,296.213793557074,296.1948421421173
3.437067664670662,1.5,297.7899326465016,296.2139021222748,296.19488940447144
3.440693263473057,1.5,297.79070792798376,296.2140107752159,296.1949366667884
3.4443188622754524,1.5,297.7914827685865,296.2141195158331,296.1949839290735
3.4479444610778476,1.5,297.79225716924475,296.21422834406224,296.19503119133174
3.451570059880243,1.5,297.7930311308907,296.2143372598394,296.19507845356844
3.455195658682638,1.5,297.7938046544539,296.21444626310034,296.19512571578883
3.458821257485033,1.5,297.79457774086086,296.2145553537814,296.1951729779981
3.4624468562874284,1.5,297.79535039103564,296.2146645318185,296.1952202402015
3.4660724550898236,1.5,297.7961226058995,296.21477379714787,296.19526750240436
3.469698053892219,1.5,297.79689438637075,296.2148831497056,296.19531476461196
3.473323652694614,1.5,297.7976657333653,296.214992589428,296.1953620268296
3.4769492514970093,1.5,297.7984366477962,296.2151021162514,296.19540928906275
3.4805748502994045,1.5,297.79920713057396,296.2152117301122,296.1954565513166
3.4842004491017997,1.5,297.7999771826062,296.21532143094674,296.19550381359664
3.487826047904195,1.5,297.80074680479794,296.2154312186916,296.1955510759082
3.49145164670659,1.5,297.8015159980517,296.2155410932832,296.19559833825684
3.4950772455089854,1.5,297.80228476326704,296.21565105465817,296.19564560064794
3.4987028443113806,1.5,297.80305310134116,296.2157611027532,296.1956928630869
3.502328443113776,1.5,297.8038210131685,296.215871237505,296.1957401255793
3.505954041916171,1.5,297.8045884996409,296.21598145885014,296.1957873881306
3.509579640718566,1.5,297.8053555616476,296.21609176672564,296.1958346507464
3.5132052395209614,1.5,297.8061222000752,296.2162021610683,296.1958819134322
3.5168308383233566,1.5,297.8068884158077,296.216312641815,296.19592917619354
3.520456437125752,1.5,297.80765420972654,296.21642320890277,296.1959764390361
3.524082035928147,1.5,297.8084195827105,296.2165338622686,296.1960237019654
3.5277076347305423,1.5,297.8091845356359,296.2166446018496,296.1960709649871
3.5313332335329375,1.5,297.8099490693765,296.21675542758294,296.1961182281069
3.5349588323353327,1.5,297.81071318480355,296.21686633940584,296.19616549133053
3.538584431137728,1.5,297.8114768827855,296.21697733725557,296.19621275466346
3.542210029940123,1.5,297.81224016418855,296.2170884210694,296.1962600181116
3.5458356287425183,1.5,297.8130030298762,296.2171995907847,296.1963072816807
3.5494612275449136,1.5,297.81376548070955,296.217310846339,296.1963545453764
3.5530868263473088,1.5,297.8145275175471,296.21742218766974,296.19640180920453
3.556712425149704,1.5,297.81528914124493,296.21753361471445,296.19644907317087
3.560338023952099,1.5,297.8160503526566,296.21764512741083,296.19649633728125
3.5639636227544944,1.5,297.81681115263314,296.2177567256965,296.1965436015415
3.5675892215568896,1.5,297.81757154202313,296.21786840950926,296.19659086595755
3.571214820359285,1.5,297.8183315216728,296.2179801787869,296.1966381305352
3.57484041916168,1.5,297.8190910924257,296.2180920334671,296.1966853952803
3.5784660179640753,1.5,297.8198502551232,296.2182039734879,296.1967326601989
3.5820916167664705,1.5,297.8206090106039,296.2183159987873,296.1967799252969
3.5857172155688657,1.5,297.8213673597044,296.2184281093033,296.19682719058017
3.589342814371261,1.5,297.8221253032584,296.21854030497406,296.1968744560548
3.592968413173656,1.5,297.8228828420976,296.21865258573763,296.1969217217267
3.5965940119760513,1.5,297.823639977051,296.2187649515323,296.1969689876019
3.6002196107784465,1.5,297.8243967089454,296.2188774022963,296.1970162536865
3.6038452095808418,1.5,297.8251530386051,296.21898993796793,296.1970635199866
3.607470808383237,1.5,297.825908966852,296.21910255848576,296.1971107865081
3.611096407185632,1.5,297.8266644945057,296.219215263788,296.1971580532573
3.6147220059880274,1.5,297.82741962238345,296.21932805381334,296.1972053202402
3.6183476047904226,1.5,297.8281743513,296.21944092850026,296.19725258746297
3.621973203592818,1.5,297.828928682068,296.2195538877876,296.1972998549317
3.625598802395213,1.5,297.8296826154976,296.21966693161374,296.19734712265273
3.6292244011976083,1.5,297.8304361523965,296.2197800599177,296.19739439063216
3.6328500000000035,1.5,297.8311892935702,296.2198932726382,296.1974416588762
3.6364755988023987,1.5,297.8319420398221,296.2200065697142,296.1974889273911
3.640101197604794,1.5,297.8326943919528,296.2201199510846,296.1975361961831
3.643726796407189,1.5,297.8334463507611,296.22023341668836,296.1975834652585
3.6473523952095843,1.5,297.8341979170432,296.22034696646466,296.19763073462366
3.6509779940119795,1.5,297.8349490915931,296.22046060035257,296.19767800428485
3.6546035928143747,1.5,297.83569987520247,296.2205743182912,296.1977252742484
3.65822919161677,1.5,297.8364502686609,296.22068812021996,296.19777254452066
3.661854790419165,1.5,297.83720027275535,296.2208020060782,296.197819815108
3.6654803892215604,1.5,297.837949888271,296.22091597580516,296.19786708601686
3.6691059880239556,1.5,297.8386991159903,296.22103002934034,296.19791435725364
3.672731586826351,1.5,297.83944795669396,296.22114416662333,296.19796162882477
3.676357185628746,1.5,297.8401964111599,296.22125838759354,296.19800890073674
3.6799827844311412,1.5,297.84094448016435,296.22137269219076,296.19805617299596
3.6836083832335365,1.5,297.84169216448095,296.22148708035456,296.19810344560904
3.6872339820359317,1.5,297.8424394648813,296.22160155202477,296.1981507185823
3.690859580838327,1.5,297.8431863821348,296.2217161071413,296.1981979919225
3.694485179640722,1.5,297.84393291700843,296.22183074564384,296.19824526563605
3.6981107784431173,1.5,297.8446790702674,296.22194546747255,296.19829253972955
3.7017363772455125,1.5,297.84542484267433,296.2220602725673,296.1983398142097
3.7053619760479077,1.5,297.84617023499,296.2221751608682,296.1983870890829
3.708987574850303,1.5,297.8469152479727,296.2222901323153,296.19843436435605
3.712613173652698,1.5,297.8476598823788,296.222405186849,296.19848164003554
3.7162387724550934,1.5,297.8484041389625,296.22252032440946,296.1985289161282
3.7198643712574886,1.5,297.8491480184758,296.222635544937,296.1985761926407
3.723489970059884,1.5,297.8498915216685,296.2227508483721,296.19862346957973
3.727115568862279,1.5,297.85063464928834,296.222866234655,296.19867074695196
3.7307411676646742,1.5,297.85137740208097,296.2229817037265,296.1987180247642
3.7343667664670694,1.5,297.8521197807899,296.2230972555269,296.19876530302327
3.7379923652694647,1.5,297.85286178615644,296.2232128899971,296.1988125817359
3.74161796407186,1.5,297.85360341891993,296.2233286070777,296.19885986090895
3.745243562874255,1.5,297.8543446798176,296.2234444067094,296.1989071405492
3.7488691616766503,1.5,297.85508556958445,296.22356028883326,296.19895442066337
3.7524947604790455,1.5,297.8558260889537,296.2236762533899,296.1990017012586
3.7561203592814407,1.5,297.856566238656,296.22379230032044,296.19904898234154
3.759745958083836,1.5,297.85730601942055,296.22390842956594,296.1990962639192
3.763371556886231,1.5,297.85804543197395,296.22402464106744,296.1991435459985
3.7669971556886264,1.5,297.85878447704107,296.22414093476607,296.1991908285863
3.7706227544910216,1.5,297.8595231553446,296.2242573106031,296.1992381116897
3.774248353293417,1.5,297.86026146760526,296.2243737685198,296.1992853953156
3.777873952095812,1.5,297.86099941454165,296.2244903084575,296.1993326794709
3.781499550898207,1.5,297.86173699687043,296.22460693035765,296.1993799641628
3.7851251497006024,1.5,297.86247421530624,296.2247236341617,296.19942724939824
3.7887507485029976,1.5,297.8632110705616,296.2248404198112,296.19947453518427
3.792376347305393,1.5,297.8639475633472,296.2249572872477,296.19952182152804
3.796001946107788,1.5,297.86468369437154,296.2250742364129,296.19956910843644
3.7996275449101833,1.5,297.8654194643412,296.22519126724865,296.1996163959168
3.8032531437125785,1.5,297.8661548739608,296.22530837969657,296.19966368397615
3.8068787425149737,1.5,297.866889923933,296.22542557369854,296.1997109726217
3.810504341317369,1.5,297.86762461495846,296.2255428491966,296.19975826186055
3.814129940119764,1.5,297.86835894773577,296.22566020613266,296.1998055516999
3.8177555389221594,1.5,297.8690929229618,296.2257776444487,296.199852842147
3.8213811377245546,1.5,297.86982654133124,296.22589516408704,296.199900133209
3.82500673652695,1.5,297.8705598035369,296.2260127649896,296.1999474248932
3.828632335329345,1.5,297.8712927102697,296.22613044709885,296.19999471720683
3.83225793413174,1.5,297.8720252622186,296.22624821035697,296.2000420101572
3.8358835329341354,1.5,297.87275746007055,296.2263660547064,296.20008930375155
3.8395091317365306,1.5,297.87348930451066,296.2264839800894,296.20013659799724
3.843134730538926,1.5,297.8742207962222,296.22660198644877,296.20018389290163
3.846760329341321,1.5,297.8749519358863,296.2267200737269,296.20023118847206
3.8503859281437163,1.5,297.8756827241824,296.2268382418663,296.20027848471585
3.8540115269461115,1.5,297.87641316178804,296.2269564908098,296.20032578164046
3.8576371257485067,1.5,297.87714324937866,296.22707482050015,296.2003730792532
3.861262724550902,1.5,297.87787298762805,296.2271932308802,296.20042037756167
3.864888323353297,1.5,297.878602377208,296.2273117218926,296.2004676765731
3.8685139221556923,1.5,297.87933141878835,296.22743029348055,296.2005149762951
3.8721395209580876,1.5,297.8800601130373,296.22754894558693,296.2005622767351
3.8757651197604828,1.5,297.88078846062103,296.2276676781549,296.20060957790065
3.879390718562878,1.5,297.8815164622039,296.2277864911275,296.2006568797992
3.883016317365273,1.5,297.88224411844834,296.227905384448,296.2007041824383
3.8866419161676684,1.5,297.88297143001506,296.2280243580596,296.20075148582555
3.8902675149700636,1.5,297.8836983975629,296.2281434119056,296.2007987899685
3.893893113772459,1.5,297.88442502174894,296.2282625459295,296.20084609487463
3.897518712574854,1.5,297.8851513032282,296.2283817600747,296.20089340055176
3.9011443113772493,1.5,297.8858772426542,296.22850105428466,296.20094070700736
3.9047699101796445,1.5,297.88660284067834,296.22862042850295,296.2009880142491
3.9083955089820397,1.5,297.88732809795033,296.2287398826733,296.2010353222847
3.912021107784435,1.5,297.8880530151182,296.22885941673934,296.2010826311218
3.91564670658683,1.5,297.88877759282803,296.22897903064484,296.20112994076806
3.9192723053892253,1.5,297.88950183172426,296.22909872433365,296.2011772512313
3.9228979041916205,1.5,297.89022573244927,296.2292184977497,296.20122456251914
3.9265235029940158,1.5,297.890949295644,296.2293383508369,296.2012718746394
3.930149101796411,1.5,297.8916725219474,296.2294582835392,296.2013191875999
3.933774700598806,1.5,297.8923954119967,296.22957829580076,296.20136650140824
3.9374002994012014,1.5,297.8931179664273,296.22969838756575,296.20141381607243
3.9410258982035966,1.5,297.8938401858731,296.2298185587783,296.2014611316002
3.944651497005992,1.5,297.89456207096595,296.2299388093827,296.20150844799946
3.948277095808387,1.5,297.89528362233614,296.2300591393233,296.20155576527793
3.9519026946107823,1.5,297.89600484061214,296.23017954854447,296.2016030834436
3.9555282934131775,1.5,297.8967257264207,296.2303000369907,296.2016504025043
3.9591538922155727,1.5,297.8974462803868,296.2304206046065,296.20169772246794
3.962779491017968,1.5,297.89816650313384,296.2305412513364,296.20174504334256
3.966405089820363,1.5,297.8988863952833,296.230661977125,296.20179236513593
3.9700306886227583,1.5,297.89960595745515,296.2307827819172,296.2018396878562
3.9736562874251535,1.5,297.90032519026755,296.23090366565754,296.20188701151125
3.9772818862275487,1.5,297.9010440943369,296.23102462829104,296.20193433610905
3.980907485029944,1.5,297.90176267027806,296.2311456697625,296.20198166165767
3.984533083832339,1.5,297.9024809187041,296.2312667900168,296.2020289881651
3.9881586826347344,1.5,297.90319884022637,296.2313879889991,296.20207631563943
3.9917842814371296,1.5,297.9039164354546,296.2315092666543,296.2021236440888
3.995409880239525,1.5,297.90463370499697,296.2316306229277,296.2021709735211
3.99903547904192,1.5,297.90535064945965,296.2317520577644,296.2022183039446
4.002661077844315,1.5,297.9060672694475,296.23187357110976,296.2022656353673
4.00628667664671,1.5,297.90678356556356,296.2319951629091,296.2023129677974
4.009912275449104,1.5,297.90749953840924,296.2321168331076,296.2023603012431
4.013537874251499,1.5,297.9082151885842,296.2322385816509,296.2024076357125
4.017163473053894,1.5,297.9089305166867,296.23236040848445,296.20245497121385
4.020789071856289,1.5,297.90964552331326,296.2324823135538,296.20250230775537
4.024414670658683,1.5,297.91036020905847,296.2326042968046,296.20254964534513
4.028040269461078,1.5,297.9110745745158,296.2327263581825,296.20259698399144
4.031665868263473,1.5,297.91178862027675,296.2328484976334,296.20264432370266
4.035291467065868,1.5,297.91250234693126,296.2329707151029,296.2026916644869
4.0389170658682625,1.5,297.9132157550679,296.233093010537,296.2027390063526
4.042542664670657,1.5,297.91392884527323,296.23321538388166,296.202786349308
4.046168263473052,1.5,297.9146416181325,296.2333378350827,296.2028336933614
4.049793862275447,1.5,297.91535407422936,296.23346036408634,296.2028810385212
4.053419461077842,1.5,297.9160662141456,296.23358297083865,296.2029283847957
4.057045059880236,1.5,297.91677803846176,296.2337056552858,296.2029757321933
4.060670658682631,1.5,297.9174895477566,296.2338284173739,296.20302308072235
4.064296257485026,1.5,297.9182007426074,296.2339512570495,296.2030704303913
4.067921856287421,1.5,297.91891162358974,296.2340741742588,296.2031177812085
4.071547455089815,1.5,297.9196221912779,296.2341971689482,296.20316513318255
4.07517305389221,1.5,297.9203324462442,296.23432024106415,296.2032124863218
4.078798652694605,1.5,297.92104238905966,296.23444339055334,296.2032598406347
4.082424251497,1.5,297.9217520202939,296.2345666173622,296.2033071961298
4.0860498502993945,1.5,297.9224613405147,296.2346899214374,296.20335455281554
4.089675449101789,1.5,297.92317035028833,296.23481330272574,296.2034019107005
4.093301047904184,1.5,297.92387905017966,296.2349367611739,296.2034492697933
4.096926646706579,1.5,297.92458744075196,296.2350602967288,296.2034966301023
4.100552245508974,1.5,297.925295522567,296.2351839093373,296.2035439916362
4.104177844311368,1.5,297.92600329618506,296.23530759894635,296.20359135440356
4.107803443113763,1.5,297.9267107621647,296.2354313655029,296.2036387184129
4.111429041916158,1.5,297.92741792106324,296.2355552089541,296.20368608367295
4.115054640718553,1.5,297.92812477343625,296.23567912924705,296.2037334501924
4.118680239520947,1.5,297.928831319838,296.2358031263289,296.20378081797975
4.122305838323342,1.5,297.92953756082125,296.23592720014693,296.2038281870437
4.125931437125737,1.5,297.930243496937,296.2360513506485,296.203875557393
4.129557035928132,1.5,297.9309491287351,296.23617557778084,296.2039229290363
4.1331826347305265,1.5,297.9316544567637,296.23629988149145,296.2039703019824
4.136808233532921,1.5,297.9323594815696,296.23642426172773,296.20401767623997
4.140433832335316,1.5,297.933064203698,296.23654871843735,296.20406505181774
4.144059431137711,1.5,297.93376862369274,296.2366732515679,296.2041124287245
4.147685029940106,1.5,297.93447274209603,296.23679786106686,296.204159806969
4.1513106287425,1.5,297.93517655944885,296.236922546882,296.2042071865601
4.154936227544895,1.5,297.9358800762906,296.2370473089613,296.20425456750655
4.15856182634729,1.5,297.93658329315923,296.2371721472523,296.2043019498172
4.162187425149685,1.5,297.93728621059114,296.23729706170303,296.20434933350094
4.165813023952079,1.5,297.93798882912154,296.2374220522615,296.2043967185666
4.169438622754474,1.5,297.93869114928395,296.23754711887545,296.20444410502296
4.173064221556869,1.5,297.9393931716107,296.23767226149323,296.20449149287913
4.176689820359264,1.5,297.9400948966323,296.23779748006274,296.20453888214377
4.1803154191616585,1.5,297.94079632487825,296.23792277453225,296.20458627282596
4.183941017964053,1.5,297.9414974568764,296.2380481448499,296.2046336649346
4.187566616766448,1.5,297.9421982931533,296.23817359096415,296.20468105847857
4.191192215568843,1.5,297.94289883423403,296.23829911282314,296.204728453467
4.194817814371238,1.5,297.9435990806422,296.23842471037545,296.2047758499087
4.198443413173632,1.5,297.94429903290006,296.23855038356936,296.2048232478128
4.202069011976027,1.5,297.9449986915286,296.2386761323535,296.2048706471882
4.205694610778422,1.5,297.94569805704714,296.2388019566763,296.2049180480441
4.209320209580817,1.5,297.9463971299739,296.2389278564866,296.2049654503893
4.212945808383211,1.5,297.94709591082545,296.2390538317329,296.2050128542332
4.216571407185606,1.5,297.9477944001172,296.23917988236394,296.2050602595845
4.220197005988001,1.5,297.9484925983629,296.2393060083286,296.2051076664526
4.223822604790396,1.5,297.9491905060754,296.2394322095757,296.2051550748464
4.2274482035927905,1.5,297.94988812376573,296.239558486054,296.20520248477516
4.231073802395185,1.5,297.9505854519437,296.2396848377127,296.2052498962479
4.23469940119758,1.5,297.9512824911178,296.23981126450064,296.2052973092739
4.238324999999975,1.5,297.95197924179513,296.23993776636695,296.2053447238622
4.24195059880237,1.5,297.95267570448146,296.2400643432607,296.205392140022
4.245576197604764,1.5,297.9533718796812,296.2401909951312,296.20543955776265
4.249201796407159,1.5,297.95406776789736,296.2403177219275,296.20548697709313
4.252827395209554,1.5,297.9547633696317,296.240444523599,296.20553439802285
4.256452994011949,1.5,297.9554586853845,296.24057140009506,296.205581820561
4.260078592814343,1.5,297.956153715655,296.240698351365,296.2056292447168
4.263704191616738,1.5,297.9568484609407,296.2408253773583,296.2056766704996
4.267329790419133,1.5,297.95754292173825,296.24095247802455,296.2057240979186
4.270955389221528,1.5,297.95823709854255,296.2410796533132,296.2057715269832
4.2745809880239225,1.5,297.9589309918474,296.24120690317386,296.20581895770255
4.278206586826317,1.5,297.95962460214525,296.24133422755625,296.20586639008616
4.281832185628712,1.5,297.96031792992727,296.2414616264101,296.2059138241433
4.285457784431107,1.5,297.9610109756833,296.24158909968514,296.20596125988334
4.289083383233502,1.5,297.96170373990174,296.24171664733126,296.2060086973156
4.292708982035896,1.5,297.9623962230701,296.24184426929827,296.2060561364496
4.296334580838291,1.5,297.963088425674,296.2419719655362,296.2061035772946
4.299960179640686,1.5,297.96378034819844,296.242099735995,296.20615101986004
4.303585778443081,1.5,297.9644719911265,296.2422275806246,296.2061984641555
4.307211377245475,1.5,297.9651633549405,296.2423554993753,296.2062459101902
4.31083697604787,1.5,297.9658544401211,296.2424834921971,296.2062933579738
4.314462574850265,1.5,297.96654524714796,296.24261155904026,296.20634080751563
4.31808817365266,1.5,297.96723577649925,296.24273969985506,296.2063882588253
4.3217137724550545,1.5,297.96792602865213,296.2428679145917,296.20643571191226
4.325339371257449,1.5,297.9686160040822,296.2429962032007,296.20648316678603
4.328964970059844,1.5,297.96930570326407,296.24312456563234,296.2065306234561
4.332590568862239,1.5,297.96999512667094,296.2432530018372,296.2065780819321
4.336216167664634,1.5,297.9706842747748,296.2433815117657,296.20662554222355
4.339841766467028,1.5,297.9713731480464,296.24351009536844,296.20667300434
4.343467365269423,1.5,297.9720617469552,296.24363875259604,296.20672046829117
4.347092964071818,1.5,297.97275007196953,296.2437674833992,296.20676793408643
4.350718562874213,1.5,297.9734381235564,296.2438962877287,296.20681540173564
4.354344161676607,1.5,297.9741259021816,296.24402516553516,296.2068628712483
4.357969760479002,1.5,297.9748134083097,296.24415411676955,296.206910342634
4.361595359281397,1.5,297.9755006424042,296.24428314138265,296.2069578159025
4.365220958083792,1.5,297.976187604927,296.2444122393255,296.20700529106347
4.3688465568861865,1.5,297.97687429633925,296.24454141054906,296.2070527681265
4.372472155688581,1.5,297.9775607171004,296.24467065500426,296.20710024710144
4.376097754490976,1.5,297.9782468676691,296.2447999726422,296.207147727998
4.379723353293371,1.5,297.97893274850264,296.24492936341414,296.2071952108257
4.383348952095766,1.5,297.9796183600571,296.24505882727124,296.2072426955945
4.38697455089816,1.5,297.9803037027873,296.2451883641646,296.20729018231407
4.390600149700555,1.5,297.9809887771471,296.2453179740457,296.20733767099415
4.39422574850295,1.5,297.9816735835889,296.24544765686574,296.2073851616446
4.397851347305345,1.5,297.982358122564,296.2455774125762,296.2074326542752
4.401476946107739,1.5,297.98304239452256,296.2457072411284,296.2074801488957
4.405102544910134,1.5,297.9837263999136,296.245837142474,296.2075276455159
4.408728143712529,1.5,297.9844101391849,296.2459671165643,296.2075751441458
4.412353742514924,1.5,297.98509361278303,296.2460971633512,296.20762264479504
4.4159793413173185,1.5,297.98577682115337,296.24622728278604,296.2076701474736
4.419604940119713,1.5,297.98645976474023,296.2463574748207,296.20771765219143
4.423230538922108,1.5,297.98714244398684,296.24648773940686,296.20776515895835
4.426856137724503,1.5,297.98782485933503,296.2466180764962,296.20781266778414
4.430481736526898,1.5,297.98850701122575,296.24674848604076,296.20786017867886
4.434107335329292,1.5,297.98918890009844,296.24687896799225,296.2079076916524
4.437732934131687,1.5,297.9898705263917,296.24700952230273,296.20795520671476
4.441358532934082,1.5,297.990551890543,296.24714014892413,296.2080027238759
4.444984131736477,1.5,297.9912329929884,296.24727084780847,296.20805024314564
4.448609730538871,1.5,297.99191383416303,296.2474016189078,296.2080977645341
4.452235329341266,1.5,297.99259441450084,296.2475324621744,296.20814528805124
4.455860928143661,1.5,297.9932747344347,296.24766337756023,296.20819281370706
4.459486526946056,1.5,297.9939547943963,296.2477943650177,296.20824034151156
4.4631121257484505,1.5,297.99463459481603,296.24792542449893,296.2082878714748
4.466737724550845,1.5,297.9953141361235,296.24805655595634,296.2083354036068
4.47036332335324,1.5,297.9959934187471,296.24818775934233,296.20838293791775
4.473988922155635,1.5,297.9966724431138,296.24831903460927,296.2084304744175
4.47761452095803,1.5,297.99735120964993,296.2484503817096,296.2084780131164
4.481240119760424,1.5,297.99802971878034,296.24858180059584,296.2085255540243
4.484865718562819,1.5,297.998707970929,296.24871329122055,296.20857309715143
4.488491317365214,1.5,297.9993859665187,296.24884485353647,296.20862064250787
4.492116916167609,1.5,298.00006370597106,296.248976487496,296.20866819010377
4.495742514970003,1.5,298.00074118970673,296.24910819305205,296.20871573994935
4.499368113772398,1.5,298.00141841814525,296.24923997015736,296.2087632920547
4.502993712574793,1.5,298.002095391705,296.24937181876464,296.20881084643
4.506619311377188,1.5,298.0027721108032,296.2495037388267,296.20885840308557
4.5102449101795825,1.5,298.00344857585634,296.24963573029646,296.2089059620314
4.513870508981977,1.5,298.00412478727947,296.2497677931269,296.2089535232777
4.517496107784372,1.5,298.0048007454867,296.24989992727103,296.20900108683486
4.521121706586767,1.5,298.005476450891,296.25003213268184,296.209048652713
4.524747305389162,1.5,298.0061519039044,296.2501644093124,296.20909622092245
4.528372904191556,1.5,298.0068271049379,296.25029675711585,296.2091437914734
4.531998502993951,1.5,298.00750205440113,296.2504291760454,296.20919136437624
4.535624101796346,1.5,298.0081767527029,296.250561666054,296.20923893964107
4.539249700598741,1.5,298.0088512002511,296.25069422709527,296.2092865172783
4.542875299401135,1.5,298.0095253974523,296.2508268591223,296.2093340972982
4.54650089820353,1.5,298.0101993447121,296.25095956208855,296.2093816797112
4.550126497005925,1.5,298.0108730424351,296.2510923359473,296.2094292645275
4.55375209580832,1.5,298.0115464910248,296.2512251806521,296.20947685175753
4.5573776946107145,1.5,298.0122196908837,296.2513580961564,296.20952444141153
4.561003293413109,1.5,298.01289264241325,296.2514910824136,296.2095720335
4.564628892215504,1.5,298.0135653460139,296.2516241393775,296.20961962803335
4.568254491017899,1.5,298.01423780208506,296.2517572670016,296.2096672250218
4.571880089820294,1.5,298.014910011025,296.2518904652396,296.20971482447595
4.575505688622688,1.5,298.0155819732312,296.25202373404517,296.2097624264061
4.579131287425083,1.5,298.01625368909987,296.252157073372,296.20981003082267
4.582756886227478,1.5,298.01692515902624,296.2522904831741,296.20985763773615
4.586382485029873,1.5,298.0175963834047,296.2524239634051,296.20990524715705
4.590008083832267,1.5,298.01826736262854,296.252557514019,296.20995285909567
4.593633682634662,1.5,298.01893809709,296.25269113496967,296.21000047356256
4.597259281437057,1.5,298.0196085871802,296.2528248262111,296.2100480905683
4.600884880239452,1.5,298.0202788332896,296.2529585876973,296.2100957101233
4.6045104790418465,1.5,298.0209488358073,296.2530924193825,296.21014333223803
4.608136077844241,1.5,298.0216185951216,296.25322632122055,296.21019095692316
4.611761676646636,1.5,298.0222881116198,296.2533602931657,296.2102385841891
4.615387275449031,1.5,298.0229573856881,296.2534943351722,296.2102862140464
4.619012874251426,1.5,298.02362641771174,296.2536284471943,296.21033384650565
4.62263847305382,1.5,298.0242952080751,296.25376262918604,296.2103814815775
4.626264071856215,1.5,298.02496375716146,296.25389688110204,296.21042911927236
4.62988967065861,1.5,298.0256320653532,296.2540312028965,296.2104767596009
4.633515269461005,1.5,298.02630013303155,296.25416559452395,296.21052440257375
4.637140868263399,1.5,298.026967960577,296.25430005593864,296.2105720482015
4.640766467065794,1.5,298.0276355483689,296.25443458709526,296.21061969649486
4.644392065868189,1.5,298.0283028967857,296.2545691879482,296.2106673474643
4.648017664670584,1.5,298.0289700062048,296.2547038584522,296.2107150011206
4.6516432634729785,1.5,298.0296368770028,296.2548385985617,296.21076265747433
4.655268862275373,1.5,298.0303035095552,296.2549734082316,296.2108103165362
4.658894461077768,1.5,298.03096990423666,296.2551082874163,296.21085797831694
4.662520059880163,1.5,298.0316360614207,296.2552432360708,296.21090564282713
4.666145658682558,1.5,298.0323019814802,296.25537825414966,296.21095331007757
4.669771257484952,1.5,298.03296766478667,296.2555133416079,296.2110009800789
4.673396856287347,1.5,298.03363311171097,296.2556484984004,296.2110486528419
4.677022455089742,1.5,298.034298322623,296.25578372448183,296.2110963283773
4.680648053892137,1.5,298.03496329789164,296.2559190198074,296.21114400669586
4.684273652694531,1.5,298.03562803788486,296.25605438433206,296.21119168780825
4.687899251496926,1.5,298.03629254296976,296.25618981801074,296.21123937172536
4.691524850299321,1.5,298.0369568135123,296.2563253207986,296.2112870584579
4.695150449101716,1.5,298.0376208498778,296.25646089265075,296.2113347480166
4.6987760479041105,1.5,298.0382846524304,296.2565965335224,296.21138244041236
4.702401646706505,1.5,298.0389482215334,296.25673224336856,296.211430135656
4.7060272455089,1.5,298.0396115575494,296.2568680221446,296.2114778337582
4.709652844311295,1.5,298.04027466083954,296.2570038698059,296.2115255347299
4.71327844311369,1.5,298.0409375317647,296.25713978630756,296.21157323858193
4.716904041916084,1.5,298.04160017068443,296.2572757716051,296.21162094532514
4.720529640718479,1.5,298.04226257795744,296.2574118256539,296.2116686549704
4.724155239520874,1.5,298.0429247539416,296.25754794840935,296.2117163675286
4.727780838323269,1.5,298.0435866989938,296.25768413982695,296.2117640830107
4.7314064371256634,1.5,298.04424841347014,296.2578203998622,296.2118118014273
4.735032035928058,1.5,298.04490989772574,296.25795672847073,296.21185952278955
4.738657634730453,1.5,298.04557115211475,296.2580931256081,296.21190724710834
4.742283233532848,1.5,298.0462321769906,296.25822959122996,296.2119549743946
4.7459088323352425,1.5,298.0468929727056,296.258366125292,296.2120027046592
4.749534431137637,1.5,298.0475535396115,296.2585027277499,296.2120504379131
4.753160029940032,1.5,298.0482138780588,296.2586393985594,296.2120981741673
4.756785628742427,1.5,298.04887398839736,296.2587761376763,296.2121459134327
4.760411227544822,1.5,298.04953387097606,296.2589129450566,296.2121936557203
4.764036826347216,1.5,298.05019352614295,296.25904982065595,296.2122414010411
4.767662425149611,1.5,298.0508529542451,296.25918676443035,296.21228914940616
4.771288023952006,1.5,298.0515121556289,296.2593237763358,296.21233690082636
4.774913622754401,1.5,298.0521711306397,296.25946085632825,296.2123846553128
4.7785392215567954,1.5,298.052829879622,296.25959800436374,296.21243241287647
4.78216482035919,1.5,298.0534884029195,296.2597352203983,296.2124801735284
4.785790419161585,1.5,298.054146700875,296.25987250438806,296.2125279372797
4.78941601796398,1.5,298.05480477383037,296.2600098562891,296.2125757041413
4.7930416167663745,1.5,298.0554626221268,296.26014727605775,296.21262347412437
4.796667215568769,1.5,298.05612024610446,296.26028476365013,296.21267124723994
4.800292814371164,1.5,298.0567776461027,296.26042231902255,296.21271902349906
4.803918413173559,1.5,298.05743482246015,296.26055994213124,296.2127668029129
4.807544011975954,1.5,298.05809177551436,296.26069763293253,296.2128145854926
4.811169610778348,1.5,298.05874850560224,296.26083539138284,296.2128623712491
4.814795209580743,1.5,298.0594050130597,296.26097321743856,296.2129101601937
4.818420808383138,1.5,298.06006129822197,296.26111111105615,296.21295795233743
4.822046407185533,1.5,298.0607173614233,296.2612490721921,296.21300574769145
4.8256720059879274,1.5,298.0613732029971,296.2613871008029,296.21305354626696
4.829297604790322,1.5,298.06202882327614,296.26152519684507,296.2131013480751
4.832923203592717,1.5,298.06268422259205,296.26166336027535,296.21314915312695
4.836548802395112,1.5,298.06333940127604,296.2618015910502,296.2131969614338
4.8401744011975065,1.5,298.06399435965795,296.2619398891264,296.21324477300675
4.843799999999901,1.5,298.0646490980673,296.26207825446056,296.2132925878571
4.847425598802296,1.5,298.0653036168326,296.26221668700947,296.21334040599595
4.851051197604691,1.5,298.06595791628143,296.26235518673,296.2133882274346
4.854676796407086,1.5,298.0666119967407,296.26249375357884,296.21343605218425
4.85830239520948,1.5,298.0672658585365,296.26263238751284,296.21348388025615
4.861927994011875,1.5,298.0679195019939,296.262771088489,296.21353171166146
4.86555359281427,1.5,298.0685729274375,296.2629098564641,296.21357954641155
4.869179191616665,1.5,298.0692261351909,296.26304869139517,296.21362738451757
4.8728047904190595,1.5,298.06987912557673,296.2631875932392,296.21367522599087
4.876430389221454,1.5,298.07053189891724,296.2633265619532,296.2137230708427
4.880055988023849,1.5,298.07118445553346,296.26346559749425,296.21377091908437
4.883681586826244,1.5,298.07183679574587,296.26360469981944,296.21381877072713
4.8873071856286385,1.5,298.07248891987405,296.26374386888597,296.2138666257824
4.890932784431033,1.5,298.07314082823683,296.2638831046509,296.2139144842613
4.894558383233428,1.5,298.0737925211523,296.26402240707154,296.2139623461754
4.898183982035823,1.5,298.0744439989376,296.264161776105,296.21401021153576
4.901809580838218,1.5,298.0750952619092,296.26430121170876,296.2140580803539
4.905435179640612,1.5,298.0757463103828,296.26444071384,296.21410595264115
4.909060778443007,1.5,298.07639714467325,296.264580282456,296.2141538284088
4.912686377245402,1.5,298.0770477650946,296.2647199175143,296.21420170766834
4.916311976047797,1.5,298.0776981719603,296.2648596189722,296.214249590431
4.9199375748501915,1.5,298.0783483655828,296.2649993867872,296.21429747670834
4.923563173652586,1.5,298.0789983462739,296.2651392209168,296.21434536651157
4.927188772454981,1.5,298.0796481143447,296.2652791213185,296.21439325985216
4.930814371257376,1.5,298.08029767010527,296.26541908794985,296.21444115674154
4.9344399700597705,1.5,298.08094701386517,296.26555912076844,296.21448905719114
4.938065568862165,1.5,298.0815961459331,296.2656992197319,296.2145369612124
4.94169116766456,1.5,298.0822450666169,296.2658393847979,296.2145848688167
4.945316766466955,1.5,298.0828937762239,296.2659796159241,296.2146327800154
4.94894236526935,1.5,298.0835422750604,296.26611991306817,296.21468069482023
4.952567964071744,1.5,298.0841905634321,296.266260276188,296.2147286132423
4.956193562874139,1.5,298.084838641644,296.2664007052413,296.21477653529337
4.959819161676534,1.5,298.0854865100002,296.26654120018594,296.2148244609848
4.963444760478929,1.5,298.08613416880405,296.26668176097974,296.2148723903281
4.9670703592813235,1.5,298.0867816183582,296.2668223875806,296.21492032333464
4.970695958083718,1.5,298.08742885896476,296.2669630799465,296.2149682600161
4.974321556886113,1.5,298.08807589092476,296.2671038380353,296.21501620038384
4.977947155688508,1.5,298.0887227145385,296.26724466180514,296.21506414444957
4.9815727544909025,1.5,298.08936933010597,296.26738555121386,296.2151120922247
4.985198353293297,1.5,298.0900157379259,296.2675265062196,296.21516004372063
4.988823952095692,1.5,298.0906619382966,296.2676675267805,296.2152079989491
4.992449550898087,1.5,298.0913079315156,296.26780861285465,296.2152559579215
4.996075149700482,1.5,298.09195371787956,296.26794976440016,296.21530392064955
4.999700748502876,1.5,298.0925992976846,296.2680909813754,296.2153518871447
5.003326347305271,1.5,298.09324467122605,296.2682322637383,296.2153998574186
5.006951946107666,1.5,298.0938898387984,296.2683736114473,296.21544783148283
5.010577544910061,1.5,298.0945348006956,296.2685150244607,296.2154958093489
5.0142031437124555,1.5,298.09517955721077,296.2686565027368,296.2155437910285
5.01782874251485,1.5,298.0958241086363,296.2687980462338,296.2155917765331
5.021454341317245,1.5,298.09646845526385,296.2689396549103,296.2156397658744
5.02507994011964,1.5,298.0971125973845,296.2690813287246,296.21568775906405
5.0287055389220345,1.5,298.09775653528857,296.2692230676352,296.2157357561136
5.032331137724429,1.5,298.09840026926554,296.26936487160054,296.21578375703467
5.035956736526824,1.5,298.0990437996043,296.2695067405792,296.21583176183907
5.039582335329219,1.5,298.09968712659304,296.26964867452955,296.21587977053827
5.043207934131614,1.5,298.1003302505192,296.2697906734104,296.215927783144
5.046833532934008,1.5,298.1009731716695,296.26993273718017,296.2159757996679
5.050459131736403,1.5,298.1016158903301,296.2700748657976,296.2160238201216
5.054084730538798,1.5,298.10225840678623,296.2702170592213,296.2160718445169
5.057710329341193,1.5,298.10290072132267,296.27035931740994,296.2161198728654
5.0613359281435875,1.5,298.1035428342232,296.2705016403224,296.2161679051788
5.064961526945982,1.5,298.1041847457714,296.2706440279173,296.21621594146876
5.068587125748377,1.5,298.1048264562496,296.2707864801535,296.21626398174715
5.072212724550772,1.5,298.1054679659398,296.2709289969898,296.2163120260255
5.0758383233531665,1.5,298.10610927512323,296.27107157838503,296.2163600743156
5.079463922155561,1.5,298.1067503840804,296.27121422429815,296.21640812662923
5.083089520957956,1.5,298.10739129309115,296.271356934688,296.216456182978
5.086715119760351,1.5,298.1080320024346,296.2714997095136,296.2165042433738
5.090340718562746,1.5,298.1086725123893,296.27164254873384,296.2165523078283
5.09396631736514,1.5,298.10931282323315,296.2717854523077,296.21660037635326
5.097591916167535,1.5,298.10995293524314,296.27192842019434,296.2166484489604
5.10121751496993,1.5,298.11059284869583,296.2720714523528,296.21669652566163
5.104843113772325,1.5,298.11123256386696,296.27221454874217,296.2167446064686
5.1084687125747195,1.5,298.1118720810317,296.27235770932157,296.2167926913931
5.112094311377114,1.5,298.1125114004646,296.27250093405013,296.216840780447
5.115719910179509,1.5,298.11315052243924,296.2726442228871,296.21688887364206
5.119345508981904,1.5,298.1137894472289,296.27278757579165,296.21693697099005
5.1229711077842985,1.5,298.11442817510607,296.27293099272305,296.21698507250284
5.126596706586693,1.5,298.1150667063426,296.27307447364046,296.21703317819225
5.130222305389088,1.5,298.1157050412096,296.2732180185034,296.21708128807006
5.133847904191483,1.5,298.1163431799775,296.2733616272711,296.2171294021481
5.137473502993878,1.5,298.1169811229163,296.2735052999029,296.21717752043827
5.141099101796272,1.5,298.1176188702951,296.27364903635817,296.2172256429523
5.144724700598667,1.5,298.11825642238244,296.2737928365965,296.21727376970216
5.148350299401062,1.5,298.1188937794463,296.27393670057717,296.2173219006997
5.151975898203457,1.5,298.1195309417539,296.27408062825975,296.21737003595666
5.1556014970058515,1.5,298.1201679095718,296.27422461960373,296.2174181754851
5.159227095808246,1.5,298.12080468316606,296.2743686745686,296.21746631929676
5.162852694610641,1.5,298.121441262802,296.27451279311407,296.21751446740353
5.166478293413036,1.5,298.1220776487443,296.2746569751996,296.21756261981733
5.1701038922154305,1.5,298.12271384125705,296.2748012207849,296.2176107765501
5.173729491017825,1.5,298.12334984060357,296.27494552982967,296.21765893761363
5.17735508982022,1.5,298.12398564704677,296.2750899022934,296.21770710302
5.180980688622615,1.5,298.12462126084864,296.275234338136,296.21775527278095
5.18460628742501,1.5,298.1252566822709,296.27537883731713,296.2178034469085
5.188231886227404,1.5,298.12589191157434,296.27552339979655,296.21785162541454
5.191857485029799,1.5,298.12652694901925,296.27566802553406,296.2178998083111
5.195483083832194,1.5,298.1271617948653,296.2758127144895,296.21794799560996
5.199108682634589,1.5,298.12779644937154,296.27595746662286,296.21799618732314
5.2027342814369835,1.5,298.1284309127963,296.27610228189377,296.21804438346265
5.206359880239378,1.5,298.12906518539745,296.27624716026236,296.2180925840404
5.209985479041773,1.5,298.1296992674321,296.27639210168843,296.21814078906834
5.213611077844168,1.5,298.1303331591569,296.276537106132,296.2181889985584
5.2172366766465625,1.5,298.1309668608276,296.2766821735531,296.2182372125227
5.220862275448957,1.5,298.1316003726997,296.2768273039118,296.218285430973
5.224487874251352,1.5,298.1322336950279,296.27697249716795,296.21833365392155
5.228113473053747,1.5,298.1328668280662,296.2771177532818,296.21838188138014
5.231739071856142,1.5,298.1334997720682,296.27726307221343,296.21843011336085
5.235364670658536,1.5,298.1341325272868,296.2774084539229,296.2184783498757
5.238990269460931,1.5,298.1347650939743,296.27755389837046,296.21852659093656
5.242615868263326,1.5,298.13539747238235,296.2776994055162,296.2185748365557
5.246241467065721,1.5,298.1360296627621,296.2778449753205,296.2186230867449
5.2498670658681155,1.5,298.13666166536393,296.2779906077434,296.2186713415164
5.25349266467051,1.5,298.13729348043785,296.27813630274534,296.2187196008821
5.257118263472905,1.5,298.1379251082331,296.27828206028653,296.21876786485404
5.2607438622753,1.5,298.13855654899845,296.27842788032734,296.21881613344425
5.2643694610776945,1.5,298.13918780298195,296.2785737628281,296.21886440666486
5.267995059880089,1.5,298.13981887043116,296.27871970774913,296.21891268452794
5.271620658682484,1.5,298.1404497515931,296.27886571505087,296.2189609670454
5.275246257484879,1.5,298.141080446714,296.2790117846938,296.21900925422943
5.278871856287274,1.5,298.14171095603973,296.2791579166384,296.2190575460921
5.282497455089668,1.5,298.1423412798154,296.27930411084503,296.21910584264543
5.286123053892063,1.5,298.1429714182856,296.27945036727425,296.21915414390156
5.289748652694458,1.5,298.14360137169444,296.2795966858867,296.2192024498725
5.293374251496853,1.5,298.14423114028534,296.2797430666429,296.2192507605705
5.2969998502992475,1.5,298.1448607243011,296.27988950950333,296.2192990760075
5.300625449101642,1.5,298.145490123984,296.2800360144287,296.2193473961956
5.304251047904037,1.5,298.14611933957593,296.28018258137956,296.21939572114707
5.307876646706432,1.5,298.14674837131787,296.2803292103167,296.21944405087385
5.3115022455088265,1.5,298.14737721945045,296.2804759012008,296.21949238538815
5.315127844311221,1.5,298.1480058842137,296.28062265399257,296.21954072470203
5.318753443113616,1.5,298.14863436584704,296.2807694686527,296.2195890688277
5.322379041916011,1.5,298.1492626645894,296.280916345142,296.2196374177773
5.326004640718406,1.5,298.149890780679,296.2810632834212,296.21968577156287
5.3296302395208,1.5,298.15051871435367,296.28121028345123,296.2197341301966
5.333255838323195,1.5,298.15114646585056,296.28135734519293,296.2197824936907
5.33688143712559,1.5,298.1517740354062,296.2815044686071,296.2198308620572
5.340507035927985,1.5,298.1524014232569,296.28165165365476,296.21987923530844
5.3441326347303795,1.5,298.15302862963796,296.28179890029674,296.21992761345643
5.347758233532774,1.5,298.1536556547845,296.28194620849405,296.21997599651337
5.351383832335169,1.5,298.15428249893074,296.2820935782076,296.2200243844914
5.355009431137564,1.5,298.15490916231073,296.28224100939843,296.22007277740283
5.3586350299399585,1.5,298.15553564515767,296.2823885020275,296.22012117525975
5.362260628742353,1.5,298.1561619477043,296.282536056056,296.2201695780744
5.365886227544748,1.5,298.156788070183,296.28268367144494,296.2202179858588
5.369511826347143,1.5,298.15741401282526,296.2828313481554,296.22026639862537
5.373137425149538,1.5,298.1580397758622,296.28297908614854,296.2203148163862
5.376763023951932,1.5,298.1586653595245,296.28312688538546,296.2203632391535
5.380388622754327,1.5,298.15929076404217,296.2832747458274,296.2204116669395
5.384014221556722,1.5,298.1599159896447,296.2834226674355,296.2204600997564
5.387639820359117,1.5,298.160541036561,296.28357065017104,296.2205085376164
5.3912654191615115,1.5,298.16116590501963,296.2837186939953,296.22055698053185
5.394891017963906,1.5,298.1617905952483,296.2838667988695,296.2206054285148
5.398516616766301,1.5,298.16241510747454,296.2840149647549,296.2206538815776
5.402142215568696,1.5,298.16303944192504,296.2841631916129,296.22070233973244
5.4057678143710906,1.5,298.16366359882625,296.2843114794049,296.2207508029916
5.409393413173485,1.5,298.1642875784038,296.2844598280921,296.22079927136724
5.41301901197588,1.5,298.164911380883,296.2846082376361,296.2208477448718
5.416644610778275,1.5,298.1655350064885,296.28475670799816,296.2208962235173
5.42027020958067,1.5,298.1661584554446,296.2849052391398,296.2209447073161
5.423895808383064,1.5,298.16678172797486,296.2850538310224,296.2209931962806
5.427521407185459,1.5,298.1674048243025,296.28520248360763,296.22104169042274
5.431147005987854,1.5,298.16802774465003,296.28535119685694,296.2210901897551
5.434772604790249,1.5,298.1686504892397,296.28549997073185,296.22113869428983
5.4383982035926435,1.5,298.1692730582931,296.28564880519394,296.2211872040392
5.442023802395038,1.5,298.16989545203114,296.2857977002048,296.2212357190155
5.445649401197433,1.5,298.1705176706746,296.285946655726,296.22128423923107
5.449274999999828,1.5,298.1711397144433,296.2860956717192,296.2213327646981
5.4529005988022226,1.5,298.17176158355704,296.2862447481461,296.22138129542896
5.456526197604617,1.5,298.1723832782346,296.28639388496833,296.221429831436
5.460151796407012,1.5,298.17300479869465,296.28654308214766,296.22147837273144
5.463777395209407,1.5,298.1736261451551,296.2866923396458,296.2215269193276
5.467402994011802,1.5,298.17424731783353,296.2868416574245,296.2215754712368
5.471028592814196,1.5,298.1748683169469,296.2869910354455,296.2216240284714
5.474654191616591,1.5,298.17548914271174,296.2871404736706,296.22167259104356
5.478279790418986,1.5,298.176109795344,296.2872899720618,296.2217211589658
5.481905389221381,1.5,298.1767302750593,296.28743953058074,296.2217697322503
5.4855309880237755,1.5,298.17735058207245,296.28758914918944,296.22181831090955
5.48915658682617,1.5,298.1779707165981,296.28773882784964,296.2218668949558
5.492782185628565,1.5,298.1785906788502,296.28788856652335,296.2219154844013
5.49640778443096,1.5,298.17921046904223,296.2880383651726,296.2219640792585
5.5000333832333546,1.5,298.1798300873872,296.2881882237592,296.2220126795397
5.503658982035749,1.5,298.18044953409765,296.28833814224527,296.22206128525727
5.507284580838144,1.5,298.1810688093857,296.28848812059266,296.22210989642355
5.510910179640539,1.5,298.18168791346284,296.2886381587636,296.22215851305083
5.514535778442934,1.5,298.1823068465401,296.28878825672,296.2222071351516
5.518161377245328,1.5,298.1829256088281,296.288938414424,296.22225576273814
5.521786976047723,1.5,298.18354420053686,296.2890886318376,296.2223043958228
5.525412574850118,1.5,298.18416262187594,296.28923890892315,296.22235303441795
5.529038173652513,1.5,298.1847808730546,296.28938924564255,296.2224016785361
5.5326637724549075,1.5,298.1853989542814,296.28953964195813,296.22245032818944
5.536289371257302,1.5,298.1860168657645,296.2896900978321,296.22249898339044
5.539914970059697,1.5,298.1866346077116,296.28984061322654,296.22254764415146
5.543540568862092,1.5,298.1872521803299,296.28999118810367,296.2225963104849
5.547166167664487,1.5,298.1878695838261,296.29014182242594,296.22264498240315
5.550791766466881,1.5,298.18848681840655,296.29029251615555,296.2226936599186
5.554417365269276,1.5,298.18910388427696,296.2904432692547,296.22274234304365
5.558042964071671,1.5,298.1897207816425,296.29059408168575,296.2227910317906
5.561668562874066,1.5,298.1903375107083,296.29074495341115,296.222839726172
5.56529416167646,1.5,298.19095407167845,296.29089588439325,296.22288842620026
5.568919760478855,1.5,298.191570464757,296.2910468745943,296.22293713188765
5.57254535928125,1.5,298.1921866901474,296.29119792397694,296.22298584324665
5.576170958083645,1.5,298.1928027480526,296.29134903250343,296.2230345602897
5.5797965568860395,1.5,298.193418638675,296.2915002001362,296.22308328302915
5.583422155688434,1.5,298.19403436221677,296.291651426838,296.22313201147756
5.587047754490829,1.5,298.1946499188794,296.291802712571,296.2231807456472
5.590673353293224,1.5,298.19526530886407,296.2919540572979,296.2232294855505
5.594298952095619,1.5,298.19588053237146,296.29210546098125,296.2232782312
5.597924550898013,1.5,298.1964955896017,296.29225692358347,296.22332698260806
5.601550149700408,1.5,298.19711048075453,296.29240844506734,296.2233757397871
5.605175748502803,1.5,298.1977252060293,296.29256002539535,296.2234245027496
5.608801347305198,1.5,298.1983397656249,296.29271166453026,296.223473271508
5.612426946107592,1.5,298.1989541597396,296.2928633624345,296.22352204607466
5.616052544909987,1.5,298.19956838857144,296.29301511907096,296.2235708264621
5.619678143712382,1.5,298.2001824523178,296.29316693440217,296.22361961268274
5.623303742514777,1.5,298.20079635117577,296.293318808391,296.2236684047491
5.6269293413171715,1.5,298.20141008534193,296.29347074100014,296.2237172026736
5.630554940119566,1.5,298.2020236550124,296.29362273219226,296.22376600646857
5.634180538921961,1.5,298.202637060383,296.2937747819302,296.2238148161466
5.637806137724356,1.5,298.2032503016488,296.2939268901768,296.2238636317201
5.641431736526751,1.5,298.2038633790047,296.2940790568949,296.22391245320165
5.645057335329145,1.5,298.20447629264504,296.29423128204724,296.2239612806036
5.64868293413154,1.5,298.20508904276375,296.2943835655967,296.2240101139384
5.652308532933935,1.5,298.2057016295543,296.2945359075062,296.22405895321856
5.65593413173633,1.5,298.2063140532099,296.2946883077387,296.2241077984566
5.659559730538724,1.5,298.20692631392285,296.29484076625704,296.2241566496649
5.663185329341119,1.5,298.20753841188565,296.2949932830242,296.224205506856
5.666810928143514,1.5,298.2081503472898,296.29514585800314,296.2242543700424
5.670436526945909,1.5,298.20876212032675,296.29529849115687,296.22430323923646
5.6740621257483035,1.5,298.2093737311873,296.29545118244846,296.22435211445077
5.677687724550698,1.5,298.209985180062,296.29560393184084,296.22440099569786
5.681313323353093,1.5,298.2105964671408,296.2957567392971,296.2244498829901
5.684938922155488,1.5,298.2112075926133,296.2959096047803,296.22449877634006
5.688564520957883,1.5,298.2118185566686,296.2960625282535,296.2245476757602
5.692190119760277,1.5,298.21242935949556,296.2962155096799,296.2245965812631
5.695815718562672,1.5,298.21304000128237,296.2963685490226,296.2246454928611
5.699441317365067,1.5,298.2136504822169,296.2965216462447,296.2246944105668
5.703066916167462,1.5,298.21426080248676,296.29667480130945,296.22474333439277
5.706692514969856,1.5,298.21487096227895,296.29682801418,296.2247922643514
5.710318113772251,1.5,298.21548096178003,296.2969812848196,296.22484120045516
5.713943712574646,1.5,298.2160908011763,296.2971346131914,296.2248901427167
5.717569311377041,1.5,298.2167004806534,296.2972879992588,296.2249390911484
5.7211949101794355,1.5,298.21731000039676,296.29744144298496,296.22498804576287
5.72482050898183,1.5,298.21791936059134,296.2975949443332,296.22503700657256
5.728446107784225,1.5,298.21852856142175,296.2977485032668,296.22508597359007
5.73207170658662,1.5,298.219137603072,296.29790211974915,296.2251349468278
5.735697305389015,1.5,298.2197464857259,296.2980557937437,296.2251839262983
5.739322904191409,1.5,298.22035520956666,296.2982095252136,296.2252329120141
5.742948502993804,1.5,298.22096377477726,296.2983633141224,296.2252819039878
5.746574101796199,1.5,298.2215721815401,296.29851716043356,296.22533090223186
5.750199700598594,1.5,298.2221804300373,296.2986710641104,296.2253799067588
5.753825299400988,1.5,298.2227885204506,296.2988250251164,296.2254289175812
5.757450898203383,1.5,298.22339645296114,296.29897904341504,296.22547793471153
5.761076497005778,1.5,298.22400422774984,296.2991331189699,296.22552695816233
5.764702095808173,1.5,298.22461184499707,296.2992872517444,296.2255759879462
5.7683276946105675,1.5,298.225219304883,296.2994414417021,296.2256250240755
5.771953293412962,1.5,298.2258266075873,296.29959568880645,296.225674066563
5.775578892215357,1.5,298.2264337532891,296.2997499930212,296.2257231154211
5.779204491017752,1.5,298.22704074216733,296.29990435430983,296.2257721706623
5.782830089820147,1.5,298.2276475744004,296.300058772636,296.2258212322992
5.786455688622541,1.5,298.2282542501664,296.30021324796337,296.2258703003444
5.790081287424936,1.5,298.228860769643,296.30036778025556,296.2259193748105
5.793706886227331,1.5,298.2294671330074,296.30052236947625,296.22596845570973
5.797332485029726,1.5,298.23007334043655,296.30067701558903,296.226017543055
5.80095808383212,1.5,298.23067939210694,296.30083171855773,296.2260666368586
5.804583682634515,1.5,298.2312852881946,296.30098647834603,296.2261157371332
5.80820928143691,1.5,298.2318910288753,296.3011412949177,296.22616484389135
5.811834880239305,1.5,298.23249661432425,296.30129616823655,296.22621395714566
5.8154604790416995,1.5,298.2331020447164,296.3014510982662,296.22626307690854
5.819086077844094,1.5,298.23370732022636,296.3016060849707,296.22631220319255
5.822711676646489,1.5,298.2343124410282,296.3017611283136,296.22636133601037
5.826337275448884,1.5,298.2349174072957,296.30191622825896,296.2264104753745
5.829962874251279,1.5,298.23552221920227,296.3020713847706,296.2264596212976
5.833588473053673,1.5,298.2361268769208,296.30222659781236,296.226508773792
5.837214071856068,1.5,298.2367313806241,296.3023818673482,296.2265579328704
5.840839670658463,1.5,298.23733573048423,296.30253719334195,296.22660709854534
5.844465269460858,1.5,298.23793992667316,296.30269257575753,296.2266562708294
5.848090868263252,1.5,298.2385439693623,296.30284801455906,296.22670544973516
5.851716467065647,1.5,298.23914785872273,296.3030035097104,296.22675463527514
5.855342065868042,1.5,298.23975159492517,296.30315906117545,296.22680382746194
5.858967664670437,1.5,298.2403551781401,296.3033146689184,296.2268530263081
5.8625932634728315,1.5,298.2409586085373,296.30347033290326,296.2269022318262
5.866218862275226,1.5,298.24156188628643,296.3036260530941,296.22695144402877
5.869844461077621,1.5,298.2421650115568,296.3037818294548,296.2270006629285
5.873470059880016,1.5,298.2427679845171,296.30393766194965,296.22704988853786
5.877095658682411,1.5,298.24337080533604,296.30409355054263,296.2270991208694
5.880721257484805,1.5,298.2439734741815,296.304249495198,296.22714835993577
5.8843468562872,1.5,298.24457599122127,296.3044054958798,296.2271976057495
5.887972455089595,1.5,298.2451783566228,296.3045615525522,296.22724685832316
5.89159805389199,1.5,298.2457805705531,296.3047176651794,296.2272961176693
5.895223652694384,1.5,298.24638263317877,296.3048738337256,296.2273453838006
5.898849251496779,1.5,298.2469845446661,296.30503005815507,296.22739465672953
5.902474850299174,1.5,298.24758630518096,296.3051863384319,296.2274439364688
5.906100449101569,1.5,298.24818791488894,296.30534267452055,296.22749322303076
5.9097260479039635,1.5,298.24878937395516,296.3054990663851,296.2275425164282
5.913351646706358,1.5,298.2493906825446,296.3056555139899,296.22759181667357
5.916977245508753,1.5,298.24999184082156,296.3058120172994,296.22764112377956
5.920602844311148,1.5,298.2505928489503,296.3059685762778,296.2276904377586
5.924228443113543,1.5,298.2511937070945,296.30612519088936,296.2277397586235
5.927854041915937,1.5,298.2517944154175,296.3062818610986,296.2277890863866
5.931479640718332,1.5,298.2523949740824,296.3064385868699,296.2278384210606
5.935105239520727,1.5,298.2529953832519,296.30659536816756,296.2278877626581
5.938730838323122,1.5,298.2535956430883,296.30675220495607,296.22793711119164
5.942356437125516,1.5,298.2541957537536,296.3069090971999,296.2279864666738
5.945982035927911,1.5,298.25479571540933,296.30706604486335,296.22803582911723
5.949607634730306,1.5,298.2553955282169,296.307223047911,296.2280851985344
5.953233233532701,1.5,298.2559951923371,296.30738010630745,296.228134574938
5.9568588323350955,1.5,298.2565947079306,296.30753722001697,296.22818395834054
5.96048443113749,1.5,298.2571940751576,296.30769438900427,296.22823334875466
5.964110029939885,1.5,298.257793294178,296.3078516132339,296.2282827461929
5.96773562874228,1.5,298.2583923651512,296.3080088926703,296.2283321506678
5.971361227544675,1.5,298.25899128823664,296.30816622727804,296.2283815621921
5.974986826347069,1.5,298.2595900635929,296.30832361702187,296.2284309807782
5.978612425149464,1.5,298.26018869137863,296.30848106186625,296.22848040643885
5.982238023951859,1.5,298.26078717175193,296.308638561776,296.2285298391866
5.985863622754254,1.5,298.26138550487065,296.30879611671554,296.22857927903397
5.989489221556648,1.5,298.2619836908922,296.3089537266497,296.2286287259936
5.993114820359043,1.5,298.26258172997376,296.3091113915431,296.228678180078
5.996740419161438,1.5,298.2631796222721,296.3092691113605,296.2287276412999
6.000366017963833,1.5,298.26377736794365,296.30942688606666,296.2287771096718
6.0039916167662275,1.5,298.2643749671446,296.30958471562616,296.22882658520626
6.007617215568622,1.5,298.2649724200307,296.3097426000039,296.22887606791585
6.011242814371017,1.5,298.26556972675735,296.3099005391646,296.2289255578133
6.014868413173412,1.5,298.2661668874797,296.310058533073,296.228975054911
6.018494011975807,1.5,298.26676390235247,296.31021658169396,296.2290245592217
6.022119610778201,1.5,298.2673607715302,296.3103746849923,296.2290740707579
6.025745209580596,1.5,298.26795749516697,296.31053284293296,296.22912358953226
6.029370808382991,1.5,298.2685540734165,296.3106910554806,296.2291731155573
6.032996407185386,1.5,298.26915050643237,296.31084932260035,296.2292226488456
6.03662200598778,1.5,298.2697467943675,296.31100764425696,296.2292721894098
6.040247604790175,1.5,298.2703429373749,296.31116602041527,296.2293217372625
6.04387320359257,1.5,298.27093893560686,296.3113244510403,296.2293712924162
6.047498802394965,1.5,298.2715347892156,296.3114829360971,296.22942085488353
6.0511244011973595,1.5,298.27213049835296,296.31164147555046,296.22947042467706
6.054749999999754,1.5,298.2727260631704,296.3118000693654,296.2295200018094
6.058375598802149,1.5,298.27332148381913,296.311958717507,296.2295695862931
6.062001197604544,1.5,298.2739167604499,296.31211741994025,296.2296191781408
6.065626796406939,1.5,298.2745118932133,296.3122761766301,296.22966877736513
6.069252395209333,1.5,298.2751068822595,296.31243498754174,296.22971838397854
6.072877994011728,1.5,298.2757017277384,296.31259385264013,296.2297679979937
6.076503592814123,1.5,298.27629642979946,296.3127527718904,296.22981761942316
6.080129191616518,1.5,298.2768909885921,296.3129117452576,296.22986724827945
6.083754790418912,1.5,298.277485404265,296.313070772707,296.22991688457535
6.087380389221307,1.5,298.278079676967,296.3132298542036,296.22996652832325
6.091005988023702,1.5,298.2786738068463,296.3133889897125,296.2300161795357
6.094631586826097,1.5,298.27926779405084,296.313548179199,296.2300658382254
6.0982571856284915,1.5,298.2798616387283,296.3137074226282,296.2301155044049
6.101882784430886,1.5,298.28045534102597,296.31386671996546,296.23016517808685
6.105508383233281,1.5,298.281048901091,296.3140260711758,296.23021485928376
6.109133982035676,1.5,298.2816423190701,296.31418547622457,296.23026454800817
6.112759580838071,1.5,298.2822355951096,296.31434493507703,296.2303142442726
6.116385179640465,1.5,298.2828287293556,296.3145044476984,296.2303639480898
6.12001077844286,1.5,298.2834217219539,296.31466401405396,296.2304136594723
6.123636377245255,1.5,298.28401457305,296.3148236341091,296.2304633784326
6.12726197604765,1.5,298.28460728278907,296.31498330782904,296.2305131049834
6.130887574850044,1.5,298.285199851316,296.3151430351792,296.23056283913706
6.134513173652439,1.5,298.28579227877526,296.31530281612487,296.2306125809064
6.138138772454834,1.5,298.2863845653112,296.31546265063145,296.2306623303038
6.141764371257229,1.5,298.28697671106767,296.31562253866434,296.230712087342
6.1453899700596235,1.5,298.28756871618845,296.31578248018894,296.2307618520334
6.149015568862018,1.5,298.28816058081674,296.31594247517074,296.23081162439075
6.152641167664413,1.5,298.2887523050956,296.31610252357507,296.2308614044265
6.156266766466808,1.5,298.28934388916787,296.31626262536736,296.2309111921532
6.159892365269203,1.5,298.2899353331759,296.31642278051316,296.2309609875835
6.163517964071597,1.5,298.2905266372619,296.3165829889779,296.23101079072995
6.167143562873992,1.5,298.2911178015676,296.3167432507273,296.23106060160507
6.170769161676387,1.5,298.2917088262347,296.3169035657266,296.23111042022146
6.174394760478782,1.5,298.2922997114043,296.3170639339415,296.2311602465916
6.178020359281176,1.5,298.29289045721737,296.3172243553375,296.2312100807282
6.181645958083571,1.5,298.29348106381457,296.3173848298801,296.23125992264374
6.185271556885966,1.5,298.2940715313363,296.317545357535,296.2313097723508
6.188897155688361,1.5,298.29466185992254,296.31770593826775,296.23135962986197
6.1925227544907555,1.5,298.2952520497131,296.31786657204395,296.2314094951898
6.19614835329315,1.5,298.29584210084755,296.3180272588293,296.23145936834675
6.199773952095545,1.5,298.2964320134649,296.31818799858945,296.23150924934544
6.20339955089794,1.5,298.2970217877042,296.31834879129,296.23155913819846
6.207025149700335,1.5,298.2976114237039,296.31850963689675,296.23160903491834
6.210650748502729,1.5,298.2982009216025,296.31867053537525,296.2316589395176
6.214276347305124,1.5,298.2987902815378,296.3188314866913,296.23170885200886
6.217901946107519,1.5,298.2993795036477,296.31899249081056,296.23175877240465
6.221527544909914,1.5,298.2999685880696,296.31915354769893,296.2318087007175
6.225153143712308,1.5,298.3005575349406,296.3193146573221,296.23185863696
6.228778742514703,1.5,298.3011463443977,296.3194758196458,296.2319085811446
6.232404341317098,1.5,298.30173501657737,296.3196370346359,296.23195853328394
6.236029940119493,1.5,298.3023235516159,296.3197983022582,296.2320084933905
6.2396555389218875,1.5,298.3029119496495,296.3199596224785,296.2320584614768
6.243281137724282,1.5,298.3035002108138,296.3201209952627,296.23210843755555
6.246906736526677,1.5,298.30408833524416,296.3202824205766,296.2321584216391
6.250532335329072,1.5,298.30467632307585,296.32044389838603,296.23220841374007
6.254157934131467,1.5,298.3052641744438,296.3206054286571,296.232258413871
6.257783532933861,1.5,298.30585188948254,296.32076701135543,296.2323084220444
6.261409131736256,1.5,298.3064394683265,296.32092864644716,296.2323584382729
6.265034730538651,1.5,298.3070269111097,296.3210903338982,296.2324084625689
6.268660329341046,1.5,298.3076142179659,296.3212520736745,296.23245849494504
6.27228592814344,1.5,298.30820138902857,296.321413865742,296.2325085354138
6.275911526945835,1.5,298.308788424431,296.3215757100666,296.23255858398767
6.27953712574823,1.5,298.30937532430613,296.32173760661453,296.23260864067925
6.283162724550625,1.5,298.3099620887866,296.32189955535165,296.23265870550097
6.2867883233530195,1.5,298.3105487180049,296.3220615562441,296.2327087784655
6.290413922155414,1.5,298.31113521209306,296.3222236092578,296.2327588595852
6.294039520957809,1.5,298.311721571183,296.32238571435886,296.23280894887273
6.297665119760204,1.5,298.3123077954063,296.32254787151345,296.2328590463405
6.301290718562599,1.5,298.31289388489427,296.3227100806876,296.23290915200107
6.304916317364993,1.5,298.313479839778,296.32287234184747,296.23295926586695
6.308541916167388,1.5,298.31406566018813,296.3230346549592,296.2330093879507
6.312167514969783,1.5,298.3146513462553,296.3231970199888,296.2330595182648
6.315793113772178,1.5,298.3152368981097,296.32335943690265,296.2331096568217
6.319418712574572,1.5,298.31582231588135,296.32352190566684,296.233159803634
6.323044311376967,1.5,298.31640759969986,296.3236844262475,296.2332099587142
6.326669910179362,1.5,298.31699274969475,296.32384699861086,296.23326012207474
6.330295508981757,1.5,298.3175777659952,296.3240096227233,296.2333102937282
6.3339211077841515,1.5,298.31816264873,296.32417229855076,296.233360473687
6.337546706586546,1.5,298.31874739802794,296.3243350260598,296.2334106619637
6.341172305388941,1.5,298.3193320140173,296.3244978052166,296.2334608585708
6.344797904191336,1.5,298.31991649682624,296.32466063598736,296.2335110635208
6.348423502993731,1.5,298.32050084658255,296.3248235183385,296.2335612768261
6.352049101796125,1.5,298.321085063414,296.3249864522363,296.2336114984992
6.35567470059852,1.5,298.3216691474477,296.32514943764704,296.2336617285527
6.359300299400915,1.5,298.32225309881085,296.3253124745371,296.23371196699907
6.36292589820331,1.5,298.3228369176303,296.32547556287295,296.23376221385075
6.366551497005704,1.5,298.32342060403255,296.32563870262084,296.2338124691202
6.370177095808099,1.5,298.3240041581439,296.32580189374727,296.23386273282
6.373802694610494,1.5,298.3245875800904,296.32596513621854,296.2339130049625
6.377428293412889,1.5,298.32517086999775,296.3261284300012,296.2339632855603
6.3810538922152835,1.5,298.3257540279916,296.32629177506163,296.2340135746258
6.384679491017678,1.5,298.3263370541972,296.32645517136626,296.23406387217153
6.388305089820073,1.5,298.32691994873954,296.3266186188817,296.23411417820984
6.391930688622468,1.5,298.3275027117435,296.3267821175743,296.2341644927534
6.395556287424863,1.5,298.3280853433333,296.32694566741054,296.2342148158144
6.399181886227257,1.5,298.3286678436336,296.3271092683571,296.2342651474056
6.402807485029652,1.5,298.32925021276805,296.32727292038044,296.23431548753933
6.406433083832047,1.5,298.32983245086064,296.3274366234471,296.234365836228
6.410058682634442,1.5,298.33041455803476,296.32760037752365,296.2344161934841
6.413684281436836,1.5,298.3309965344137,296.3277641825767,296.23446655932014
6.417309880239231,1.5,298.33157838012045,296.3279280385728,296.23451693374847
6.420935479041626,1.5,298.33216009527786,296.32809194547855,296.23456731678164
6.424561077844021,1.5,298.3327416800083,296.32825590326064,296.2346177084321
6.4281866766464155,1.5,298.33332313443424,296.32841991188576,296.23466810871224
6.43181227544881,1.5,298.33390445867747,296.3285839713204,296.2347185176345
6.435437874251205,1.5,298.3344856528598,296.3287480815315,296.2347689352114
6.4390634730536,1.5,298.3350667171029,296.32891224248544,296.2348193614552
6.442689071855995,1.5,298.335647651528,296.3290764541492,296.2348697963786
6.446314670658389,1.5,298.3362284562561,296.3292407164893,296.2349202399938
6.449940269460784,1.5,298.3368091314079,296.32940502947264,296.23497069231337
6.453565868263179,1.5,298.33738967710417,296.3295693930658,296.23502115334963
6.457191467065574,1.5,298.337970093465,296.32973380723564,296.2350716231152
6.4608170658679684,1.5,298.3385503806106,296.32989827194893,296.23512210162227
6.464442664670363,1.5,298.33913053866075,296.3300627871725,296.2351725888835
6.468068263472758,1.5,298.33971056773504,296.3302273528732,296.23522308491107
6.471693862275153,1.5,298.34029046795285,296.33039196901774,296.2352735897175
6.4753194610775475,1.5,298.3408702394333,296.330556635573,296.23532410331524
6.478945059879942,1.5,298.34144988229514,296.33072135250586,296.2353746257167
6.482570658682337,1.5,298.3420293966571,296.33088611978314,296.2354251569342
6.486196257484732,1.5,298.3426087826376,296.33105093737186,296.2354756969803
6.489821856287127,1.5,298.3431880403548,296.3312158052388,296.2355262458672
6.493447455089521,1.5,298.3437671699265,296.33138072335083,296.2355768036075
6.497073053891916,1.5,298.3443461714705,296.33154569167505,296.2356273702135
6.500698652694311,1.5,298.3449250451042,296.3317107101783,296.23567794569755
6.504324251496706,1.5,298.34550379094486,296.33187577882757,296.23572853007215
6.5079498502991004,1.5,298.34608240910944,296.3320408975898,296.2357791233497
6.511575449101495,1.5,298.3466608997147,296.33220606643204,296.23582972554243
6.51520104790389,1.5,298.3472392628772,296.3323712853213,296.2358803366629
6.518826646706285,1.5,298.3478174987132,296.33253655422453,296.2359309567234
6.5224522455086795,1.5,298.34839560733866,296.3327018731088,296.2359815857363
6.526077844311074,1.5,298.34897358886957,296.3328672419413,296.23603222371395
6.529703443113469,1.5,298.3495514434214,296.3330326606889,296.2360828706689
6.533329041915864,1.5,298.3501291711096,296.3331981293187,296.2361335266133
6.536954640718259,1.5,298.3507067720493,296.33336364779797,296.23618419155963
6.540580239520653,1.5,298.35128424635536,296.33352921609367,296.23623486552026
6.544205838323048,1.5,298.3518615941425,296.3336948341729,296.23628554850757
6.547831437125443,1.5,298.35243881552526,296.33386050200284,296.23633624053383
6.551457035927838,1.5,298.35301591061767,296.33402621955065,296.2363869416114
6.5550826347302324,1.5,298.35359287953395,296.33419198678365,296.23643765175274
6.558708233532627,1.5,298.3541697223878,296.3343578036688,296.2364883709701
6.562333832335022,1.5,298.3547464392927,296.33452367017344,296.2365390992759
6.565959431137417,1.5,298.35532303036206,296.33468958626474,296.23658983668247
6.5695850299398115,1.5,298.3558994957089,296.3348555519099,296.2366405832021
6.573210628742206,1.5,298.3564758354463,296.3350215670763,296.2366913388472
6.576836227544601,1.5,298.35705204968673,296.33518763173106,296.23674210363004
6.580461826346996,1.5,298.3576281385428,296.3353537458414,296.23679287756295
6.584087425149391,1.5,298.35820410212654,296.3355199093748,296.23684366065834
6.587713023951785,1.5,298.3587799405501,296.33568612229845,296.2368944529284
6.59133862275418,1.5,298.35935565392526,296.33585238457965,296.23694525438566
6.594964221556575,1.5,298.3599312423635,296.3360186961859,296.23699606504226
6.59858982035897,1.5,298.36050670597615,296.3361850570843,296.23704688491057
6.6022154191613645,1.5,298.36108204487437,296.33635146724237,296.23709771400286
6.605841017963759,1.5,298.3616572591691,296.3365179266275,296.2371485523316
6.609466616766154,1.5,298.36223234897096,296.336684435207,296.23719939990883
6.613092215568549,1.5,298.3628073143905,296.33685099294837,296.23725025674713
6.6167178143709435,1.5,298.363382155538,296.337017599819,296.2373011228586
6.620343413173338,1.5,298.36395687252343,296.33718425578627,296.23735199825563
6.623969011975733,1.5,298.3645314654566,296.3373509608176,296.2374028829505
6.627594610778128,1.5,298.3651059344471,296.3375177148806,296.2374537769556
6.631220209580523,1.5,298.3656802796045,296.3376845179427,296.237504680283
6.634845808382917,1.5,298.3662545010378,296.33785136997136,296.2375555929451
6.638471407185312,1.5,298.36682859885616,296.3380182709341,296.2376065149543
6.642097005987707,1.5,298.36740257316814,296.3381852207985,296.2376574463227
6.645722604790102,1.5,298.36797642408237,296.338352219532,296.2377083870626
6.6493482035924965,1.5,298.3685501517072,296.3385192671022,296.23775933718633
6.652973802394891,1.5,298.36912375615077,296.33868636347665,296.23781029670613
6.656599401197286,1.5,298.369697237521,296.33885350862295,296.23786126563425
6.660224999999681,1.5,298.3702705959256,296.3390207025088,296.237912243983
6.6638505988020755,1.5,298.37084383147203,296.3391879451016,296.2379632317646
6.66747619760447,1.5,298.37141694426754,296.3393552363692,296.23801422899123
6.671101796406865,1.5,298.3719899344194,296.3395225762791,296.2380652356753
6.67472739520926,1.5,298.3725628020342,296.339689964799,296.23811625182896
6.678352994011655,1.5,298.37313554721896,296.33985740189655,296.2381672774645
6.681978592814049,1.5,298.37370817007985,296.3400248875394,296.23821831259403
6.685604191616444,1.5,298.37428067072324,296.34019242169535,296.23826935722997
6.689229790418839,1.5,298.37485304925525,296.34036000433207,296.2383204113844
6.692855389221234,1.5,298.3754253057817,296.34052763541723,296.23837147506964
6.6964809880236285,1.5,298.3759974404081,296.34069531491866,296.23842254829793
6.700106586826023,1.5,298.37656945324005,296.3408630428042,296.23847363108143
6.703732185628418,1.5,298.3771413443827,296.34103081904135,296.23852472343236
6.707357784430813,1.5,298.3777131139411,296.34119864359815,296.23857582536294
6.7109833832332075,1.5,298.37828476202014,296.3413665164423,296.23862693688545
6.714608982035602,1.5,298.37885628872436,296.34153443754155,296.238678058012
6.718234580837997,1.5,298.37942769415827,296.3417024068639,296.23872918875486
6.721860179640392,1.5,298.37999897842604,296.34187042437696,296.23878032912626
6.725485778442787,1.5,298.3805701416317,296.3420384900489,296.23883147913824
6.729111377245181,1.5,298.3811411838792,296.3422066038473,296.2388826388032
6.732736976047576,1.5,298.381712105272,296.3423747657401,296.23893380813314
6.736362574849971,1.5,298.38228290591366,296.3425429756953,296.2389849871404
6.739988173652366,1.5,298.38285358590736,296.3427112336809,296.239036175837
6.7436137724547605,1.5,298.38342414535623,296.3428795396647,296.2390873742353
6.747239371257155,1.5,298.38399458436294,296.3430478936146,296.2391385823473
6.75086497005955,1.5,298.3845649030303,296.3432162954987,296.23918980018533
6.754490568861945,1.5,298.38513510146066,296.34338474528477,296.2392410277614
6.7581161676643395,1.5,298.3857051797563,296.343553242941,296.2392922650877
6.761741766466734,1.5,298.38627513801936,296.34372178843535,296.2393435121766
6.765367365269129,1.5,298.3868449763516,296.3438903817357,296.23939476904
6.768992964071524,1.5,298.38741469485467,296.34405902281026,296.23944603569015
6.772618562873919,1.5,298.38798429363015,296.344227711627,296.23949731213924
6.776244161676313,1.5,298.3885537727793,296.34439644815404,296.23954859839927
6.779869760478708,1.5,298.38912313240314,296.3445652323593,296.2395998944826
6.783495359281103,1.5,298.38969237260267,296.344734064211,296.23965120040117
6.787120958083498,1.5,298.39026149347853,296.34490294367714,296.23970251616714
6.7907465568858925,1.5,298.39083049513124,296.34507187072603,296.2397538417927
6.794372155688287,1.5,298.3913993776612,296.34524084532563,296.23980517728995
6.797997754490682,1.5,298.39196814116843,296.3454098674441,296.23985652267106
6.801623353293077,1.5,298.392536785753,296.34557893704977,296.239907877948
6.8052489520954715,1.5,298.3931053115146,296.3457480541106,296.239959243133
6.808874550897866,1.5,298.39367371855286,296.34591721859476,296.24001061823816
6.812500149700261,1.5,298.39424200696715,296.3460864304707,296.2400620032756
6.816125748502656,1.5,298.39481017685654,296.34625568970637,296.2401133982574
6.819751347305051,1.5,298.3953782283202,296.34642499627023,296.24016480319557
6.823376946107445,1.5,298.39594616145683,296.3465943501304,296.24021621810226
6.82700254490984,1.5,298.39651397636527,296.3467637512551,296.2402676429896
6.830628143712235,1.5,298.3970816731437,296.3469331996127,296.24031907786963
6.83425374251463,1.5,298.3976492518905,296.3471026951715,296.24037052275446
6.8378793413170245,1.5,298.39821671270386,296.34727223789963,296.24042197765607
6.841504940119419,1.5,298.3987840556815,296.34744182776564,296.2404734425867
6.845130538921814,1.5,298.3993512809212,296.34761146473767,296.2405249175583
6.848756137724209,1.5,298.39991838852063,296.3477811487842,296.24057640258286
6.8523817365266035,1.5,298.40048537857695,296.34795087987357,296.2406278976726
6.856007335328998,1.5,298.4010522511873,296.34812065797405,296.2406794028395
6.859632934131393,1.5,298.4016190064488,296.3482904830541,296.2407309180956
6.863258532933788,1.5,298.4021856444582,296.3484603550822,296.24078244345293
6.866884131736183,1.5,298.4027521653121,296.3486302740266,296.2408339789235
6.870509730538577,1.5,298.40331856910694,296.34880023985585,296.2408855245195
6.874135329340972,1.5,298.4038848559391,296.34897025253844,296.2409370802528
6.877760928143367,1.5,298.40445102590445,296.34914031204266,296.2409886461355
6.881386526945762,1.5,298.4050170790991,296.34931041833715,296.2410402221797
6.8850121257481565,1.5,298.40558301561856,296.3494805713903,296.24109180839724
6.888637724550551,1.5,298.4061488355585,296.3496507711706,296.2411434048002
6.892263323352946,1.5,298.4067145390143,296.34982101764666,296.2411950114007
6.895888922155341,1.5,298.40728012608105,296.3499913107869,296.2412466282106
6.8995145209577355,1.5,298.4078455968539,296.3501616505599,296.241298255242
6.90314011976013,1.5,298.4084109514276,296.35033203693433,296.24134989250683
6.906765718562525,1.5,298.40897618989686,296.35050246987856,296.24140154001714
6.91039131736492,1.5,298.4095413123561,296.3506729493614,296.24145319778484
6.914016916167315,1.5,298.4101063188996,296.35084347535127,296.241504865822
6.917642514969709,1.5,298.4106712096216,296.3510140478168,296.24155654414056
6.921268113772104,1.5,298.411235984616,296.35118466672674,296.2416082327525
6.924893712574499,1.5,298.4118006439766,296.35135533204965,296.2416599316698
6.928519311376894,1.5,298.41236518779704,296.3515260437541,296.2417116409044
6.9321449101792885,1.5,298.4129296161707,296.35169680180894,296.2417633604683
6.935770508981683,1.5,298.41349392919085,296.35186760618274,296.24181509037345
6.939396107784078,1.5,298.4140581269506,296.35203845684424,296.24186683063175
6.943021706586473,1.5,298.41462220954287,296.3522093537621,296.24191858125516
6.9466473053888675,1.5,298.41518617706043,296.35238029690515,296.2419703422557
6.950272904191262,1.5,298.4157500295959,296.35255128624203,296.2420221136452
6.953898502993657,1.5,298.4163137672416,296.35272232174157,296.24207389543574
6.957524101796052,1.5,298.41687739008984,296.35289340337243,296.24212568763915
6.961149700598447,1.5,298.41744089823266,296.35306453110354,296.2421774902673
6.964775299400841,1.5,298.4180042917619,296.35323570490357,296.24222930333224
6.968400898203236,1.5,298.4185675707695,296.3534069247414,296.24228112684574
6.972026497005631,1.5,298.4191307353468,296.3535781905859,296.24233296081985
6.975652095808026,1.5,298.41969378558537,296.35374950240583,296.2423848052664
6.9792776946104205,1.5,298.42025672157627,296.35392086017004,296.2424366601973
6.982903293412815,1.5,298.42081954341063,296.3540922638475,296.24248852562454
6.98652889221521,1.5,298.42138225117947,296.3542637134069,296.24254040155984
6.990154491017605,1.5,298.42194484497344,296.35443520881734,296.24259228801515
6.9937800898199995,1.5,298.42250732488304,296.35460675004754,296.24264418500246
6.997405688622394,1.5,298.4230696909987,296.3547783370666,296.2426960925335
7.001031287424789,1.5,298.4236319434107,296.35494996984335,296.2427480106203
7.004656886227184,1.5,298.4241940822091,296.35512164834677,296.24279993927456
7.008282485029579,1.5,298.42475610748374,296.3552933725458,296.24285187850825
7.011908083831973,1.5,298.4253180193245,296.35546514240946,296.2429038283332
7.015533682634368,1.5,298.4258798178208,296.35563695790677,296.2429557887613
7.019159281436763,1.5,298.42644150306216,296.35580881900665,296.2430077598044
7.022784880239158,1.5,298.4270030751378,296.3559807256782,296.24305974147427
7.0264104790415525,1.5,298.4275645341368,296.3561526778904,296.24311173378277
7.030036077843947,1.5,298.4281258801482,296.3563246756123,296.24316373674185
7.033661676646342,1.5,298.4286871132606,296.35649671881305,296.24321575036316
7.037287275448737,1.5,298.4292482335627,296.35666880746163,296.2432677746586
7.0409128742511315,1.5,298.429809241143,296.3568409415272,296.24331980964007
7.044538473053526,1.5,298.4303701360896,296.35701312097876,296.24337185531925
7.048164071855921,1.5,298.43093091849084,296.3571853457855,296.243423911708
7.051789670658316,1.5,298.43149158843465,296.35735761591656,296.24347597881825
7.055415269460711,1.5,298.4320521460088,296.3575299313411,296.24352805666166
7.059040868263105,1.5,298.4326125913009,296.35770229202825,296.24358014525
7.0626664670655,1.5,298.4331729243985,296.3578746979472,296.24363224459523
7.066292065867895,1.5,298.4337331453889,296.3580471490671,296.243684354709
7.06991766467029,1.5,298.4342932543594,296.35821964535717,296.24373647560304
7.0735432634726845,1.5,298.4348532513968,296.3583921867867,296.2437886072893
7.077168862275079,1.5,298.43541313658824,296.3585647733249,296.2438407497794
7.080794461077474,1.5,298.4359729100202,296.3587374049408,296.2438929030851
7.084420059879869,1.5,298.43653257177937,296.358910081604,296.24394506721836
7.0880456586822636,1.5,298.4370921219521,296.35908280328357,296.24399724219074
7.091671257484658,1.5,298.43765156062466,296.3592555699488,296.2440494280141
7.095296856287053,1.5,298.4382108878831,296.35942838156905,296.2441016247
7.098922455089448,1.5,298.4387701038134,296.35960123811356,296.24415383226045
7.102548053891843,1.5,298.4393292085013,296.35977413955175,296.244206050707
7.106173652694237,1.5,298.43988820203253,296.35994708585287,296.2442582800515
7.109799251496632,1.5,298.4404470844924,296.3601200769864,296.2443105203055
7.113424850299027,1.5,298.4410058559664,296.36029311292157,296.2443627714809
7.117050449101422,1.5,298.44156451653964,296.3604661936279,296.2444150335893
7.1206760479038165,1.5,298.4421230662971,296.36063931907455,296.24446730664243
7.124301646706211,1.5,298.44268150532366,296.3608124892312,296.2445195906521
7.127927245508606,1.5,298.44323983370407,296.3609857040672,296.24457188562985
7.131552844311001,1.5,298.44379805152295,296.36115896355193,296.24462419158755
7.1351784431133956,1.5,298.4443561588646,296.3613322676549,296.24467650853666
7.13880404191579,1.5,298.4449141558133,296.36150561634554,296.2447288364891
7.142429640718185,1.5,298.44547204245333,296.36167900959333,296.2447811754564
7.14605523952058,1.5,298.44602981886845,296.3618524473677,296.2448335254503
7.149680838322975,1.5,298.4465874851426,296.3620259296383,296.24488588648245
7.153306437125369,1.5,298.4471450413594,296.3621994563746,296.2449382585645
7.156932035927764,1.5,298.44770248760244,296.362373027546,296.2449906417081
7.160557634730159,1.5,298.448259823955,296.3625466431223,296.24504303592494
7.164183233532554,1.5,298.4488170505004,296.3627203030729,296.2450954412267
7.1678088323349485,1.5,298.44937416732165,296.36289400736734,296.2451478576249
7.171434431137343,1.5,298.4499311745017,296.36306775597535,296.24520028513126
7.175060029939738,1.5,298.4504880721234,296.3632415488665,296.2452527237574
7.178685628742133,1.5,298.45104486026935,296.3634153860103,296.2453051735149
7.1823112275445276,1.5,298.451601539022,296.3635892673765,296.2453576344156
7.185936826346922,1.5,298.4521581084638,296.36376319293464,296.24541010647073
7.189562425149317,1.5,298.45271456867687,296.3639371626545,296.24546258969224
7.193188023951712,1.5,298.45327091974326,296.3641111765057,296.24551508409155
7.196813622754107,1.5,298.453827161745,296.36428523445784,296.2455675896804
7.200439221556501,1.5,298.4543832947638,296.3644593364808,296.2456201064702
7.204064820358896,1.5,298.4549393188812,296.3646334825442,296.24567263447267
7.207690419161291,1.5,298.45549523417884,296.36480767261776,296.24572517369944
7.211316017963686,1.5,298.456051040738,296.3649819066713,296.24577772416194
7.2149416167660805,1.5,298.45660673863995,296.3651561846744,296.24583028587176
7.218567215568475,1.5,298.4571623279656,296.365330506597,296.2458828588406
7.22219281437087,1.5,298.45771780879596,296.3655048724088,296.24593544307993
7.225818413173265,1.5,298.45827318121184,296.3656792820796,296.24598803860135
7.22944401197566,1.5,298.4588284452938,296.3658537355793,296.2460406454163
7.233069610778054,1.5,298.45938360112245,296.36602823287774,296.24609326353647
7.236695209580449,1.5,298.459938648778,296.36620277394456,296.2461458929733
7.240320808382844,1.5,298.4604935883408,296.36637735874984,296.2461985337384
7.243946407185239,1.5,298.46104841989086,296.36655198726334,296.2462511858432
7.247572005987633,1.5,298.46160314350817,296.3667266594549,296.2463038492993
7.251197604790028,1.5,298.46215775927243,296.36690137529445,296.2463565241182
