0,1,2,3,4
0.0,0.0,298.15,298.15,298.15
0.003625598802395209,1.5,298.1606624358121,298.15,298.15
0.007251197604790418,1.5,298.1713246260592,298.15,298.15
0.010876796407185627,1.5,298.1819865707468,298.15,298.15
0.014502395209580837,1.5,298.1926482698807,298.15,298.15
0.018127994011976047,1.5,298.2033064732193,298.15,298.15
0.021753592814371257,1.5,298.21395468064827,298.15,298.15
0.025379191616766467,1.5,298.2245841857689,298.15,298.15
0.029004790419161677,1.5,298.2351852307812,298.15,298.15
0.03263038922155689,1.5,298.24574761439544,298.15,298.15
0.03625598802395209,1.5,298.25626109011375,298.15,298.15
0.0398815868263473,1.5,298.26671568949223,298.15,298.15
0.043507185628742506,1.5,298.2771019816943,298.15,298.15
0.04713278443113771,1.5,298.28741130953273,298.15,298.15
0.05075838323353292,1.5,298.29763591717216,298.15,298.15
0.054383982035928126,1.5,298.3077690291399,298.15,298.15
0.05800958083832333,1.5,298.31780485880387,298.15,298.15
0.06163517964071854,1.5,298.32773858233475,298.15,298.15
0.06526077844311375,1.5,298.3375662812787,298.15,298.15
0.06888637724550896,1.5,298.34728487096413,298.15,298.15
0.07251197604790417,1.5,298.3568920203134,298.15,298.15
0.07613757485029939,1.5,298.36638607040277,298.15,298.15
0.0797631736526946,1.5,298.3757659549417,298.15,298.15
0.08338877245508981,1.5,298.38503112535676,298.15,298.15
0.08701437125748503,1.5,298.39418148160905,298.15,298.15
0.09063997005988024,1.5,298.4032173093742,298.15,298.15
0.09426556886227545,1.5,298.41213922363477,298.15,298.15
0.09789116766467067,1.5,298.42094811849034,298.15,298.15
0.10151676646706588,1.5,298.42964512279684,298.15,298.15
0.1051423652694611,1.5,298.43823156117116,298.15,298.15
0.10876796407185631,1.5,298.4467089198588,298.15,298.15
0.11239356287425152,1.5,298.45507881696597,298.15,298.15
0.11601916167664673,1.5,298.4633429765789,298.15,298.15
0.11964476047904195,1.5,298.471503206324,298.15,298.15
0.12327035928143716,1.5,298.47956137796353,298.15,298.15
0.12689595808383236,1.5,298.4875194106581,298.15,298.15
0.13052155688622757,1.5,298.4953792565673,298.15,298.15
0.1341471556886228,1.5,298.5031428884965,298.15,298.15
0.137772754491018,1.5,298.51081228933106,298.15,298.15
0.14139835329341321,1.5,298.5183894430303,298.15,298.15
0.14502395209580843,1.5,298.5258763269805,298.15,298.15
0.14864955089820364,1.5,298.53327490553204,298.15,298.15
0.15227514970059886,1.5,298.5405871245665,298.15,298.15
0.15590074850299407,1.5,298.5478149069584,298.15,298.15
0.15952634730538928,1.5,298.5549601488149,298.15,298.15
0.1631519461077845,1.5,298.5620247163901,298.15,298.15
0.1667775449101797,1.5,298.56901044358386,298.15,298.15
0.17040314371257492,1.5,298.57591912994644,298.15,298.15
0.17402874251497014,1.5,298.58275253912143,298.15,298.15
0.17765434131736535,1.5,298.58951239766577,298.15,298.15
0.18127994011976056,1.5,298.5962003941954,298.15,298.15
0.18490553892215578,1.5,298.60281817881037,298.15,298.15
0.188531137724551,1.5,298.6093673627606,298.15,298.15
0.1921567365269462,1.5,298.6158495183158,298.15,298.15
0.19578233532934142,1.5,298.6222661788115,298.15,298.15
0.19940793413173663,1.5,298.6286188388418,298.15,298.15
0.20303353293413184,1.5,298.63490895457954,298.15,298.15
0.20665913173652706,1.5,298.64113794419995,298.15,298.15
0.21028473053892227,1.5,298.6473071883934,298.15,298.15
0.21391032934131748,1.5,298.6534180309498,298.15,298.15
0.2175359281437127,1.5,298.65947177940313,298.15,298.15
0.2211615269461079,1.5,298.6654697057232,298.15,298.15
0.22478712574850312,1.5,298.67141304704575,298.15,298.15
0.22841272455089834,1.5,298.6773030064319,298.15,298.15
0.23203832335329355,1.5,298.6831407536489,298.15,298.15
0.23566392215568877,1.5,298.688927425967,298.15000000000003,298.15
0.23928952095808398,1.5,298.69466412896554,298.1500000000001,298.15
0.2429151197604792,1.5,298.7003519373444,298.15000000000015,298.15
0.2465407185628744,1.5,298.7059918957367,298.15000000000026,298.15
0.2501663173652696,1.5,298.7115850195184,298.1500000000004,298.15
0.25379191616766483,1.5,298.71713229561317,298.15000000000066,298.15
0.25741751497006005,1.5,298.72263468328913,298.15000000000094,298.15
0.26104311377245526,1.5,298.7280931149453,298.15000000000134,298.15
0.2646687125748505,1.5,298.7335084968869,298.1500000000019,298.15
0.2682943113772457,1.5,298.738881710087,298.1500000000027,298.15
0.2719199101796409,1.5,298.7442136109341,298.15000000000373,298.15
0.2755455089820361,1.5,298.74950503196436,298.15000000000515,298.15
0.2791711077844313,1.5,298.754756782578,298.15000000000697,298.15
0.28279670658682654,1.5,298.75996964973865,298.1500000000094,298.15
0.28642230538922175,1.5,298.7651443986565,298.15000000001254,298.15
0.29004790419161697,1.5,298.7702817734535,298.15000000001663,298.15
0.2936735029940122,1.5,298.77538249781173,298.1500000000219,298.15
0.2972991017964074,1.5,298.7804472756034,298.1500000000286,298.15
0.3009247005988026,1.5,298.7854767915047,298.1500000000371,298.15
0.3045502994011978,1.5,298.79047171159084,298.15000000004784,298.15
0.30817589820359303,1.5,298.795432683915,298.1500000000612,298.15
0.31180149700598825,1.5,298.80036033906964,298.15000000007785,298.15
0.31542709580838346,1.5,298.8052552907307,298.15000000009843,298.15
0.3190526946107787,1.5,298.8101181361862,298.1500000001238,298.15
0.3226782934131739,1.5,298.81494945684756,298.1500000001548,298.15
0.3263038922155691,1.5,298.8197498187458,298.1500000001926,298.15
0.3299294910179643,1.5,298.82451977301145,298.15000000023844,298.15
0.33355508982035953,1.5,298.82925985634,298.1500000002937,298.15
0.33718068862275474,1.5,298.83397059144187,298.15000000036,298.15
0.34080628742514996,1.5,298.838652487478,298.1500000004394,298.15
0.34443188622754517,1.5,298.84330604048154,298.15000000053385,298.15
0.3480574850299404,1.5,298.8479317337658,298.150000000646,298.15
0.3516830838323356,1.5,298.8525300383187,298.15000000077845,298.15
0.3553086826347308,1.5,298.85710141318424,298.1500000009344,298.15
0.358934281437126,1.5,298.86164630583164,298.1500000011174,298.15
0.36255988023952124,1.5,298.8661651525122,298.15000000133136,298.15
0.36618547904191645,1.5,298.87065837860405,298.15000000158057,298.15
0.36981107784431166,1.5,298.8751263989457,298.15000000187,298.15
0.3734366766467069,1.5,298.8795696181588,298.1500000022051,298.15
0.3770622754491021,1.5,298.88398843095945,298.1500000025919,298.15
0.3806878742514973,1.5,298.88838322245937,298.1500000030372,298.15
0.3843134730538925,1.5,298.89275436845764,298.1500000035481,298.15
0.38793907185628773,1.5,298.8971022357219,298.15000000413283,298.15
0.39156467065868295,1.5,298.90142718226,298.15000000480023,298.15
0.39519026946107816,1.5,298.90572955758415,298.15000000556,298.15
0.39881586826347337,1.5,298.91000970296375,298.1500000064229,298.15
0.4024414670658686,1.5,298.9142679516721,298.1500000074003,298.15
0.4060670658682638,1.5,298.9185046292236,298.15000000850506,298.15
0.409692664670659,1.5,298.92272005360326,298.1500000097508,298.15
0.4133182634730542,1.5,298.9269145354887,298.1500000111522,298.15
0.41694386227544944,1.5,298.931088378465,298.15000001272557,298.15
0.42056946107784465,1.5,298.9352418792317,298.15000001448817,298.15
0.42419505988023987,1.5,298.9393753278036,298.15000001645876,298.15
0.4278206586826351,1.5,298.94348900770456,298.15000001865747,298.15
0.4314462574850303,1.5,298.94758319615516,298.15000002110605,298.15
0.4350718562874255,1.5,298.95165816425396,298.1500000238277,298.15
0.4386974550898207,1.5,298.9557141771525,298.15000002684747,298.15
0.44232305389221593,1.5,298.95975149422543,298.1500000301919,298.15
0.44594865269461115,1.5,298.963770369234,298.15000003388957,298.15
0.44957425149700636,1.5,298.967771050485,298.1500000379708,298.15
0.4531998502994016,1.5,298.971753780984,298.1500000424681,298.15
0.4568254491017968,1.5,298.9757187985839,298.15000004741586,298.15
0.460451047904192,1.5,298.9796663361287,298.15000005285077,298.15
0.4640766467065872,1.5,298.98359662159197,298.1500000588117,298.15
0.46770224550898243,1.5,298.9875098782119,298.1500000653399,298.15
0.47132784431137764,1.5,298.991406324621,298.1500000724789,298.15
0.47495344311377286,1.5,298.9952861749721,298.15000008027494,298.15
0.47857904191616807,1.5,298.99914963906053,298.1500000887767,298.15
0.4822046407185633,1.5,299.0029969224419,298.1500000980357,298.15
0.4858302395209585,1.5,299.0068282265462,298.1500001081061,298.15
0.4894558383233537,1.5,299.01064374878877,298.150000119045,298.15
0.4930814371257489,1.5,299.014443682677,298.1500001309125,298.15
0.49670703592814414,1.5,299.0182282179142,298.1500001437716,298.15
0.5003326347305393,1.5,299.02199754050037,298.1500001576887,298.15
0.5039582335329346,1.5,299.0257518328289,298.1500001727331,298.15
0.5075838323353298,1.5,299.02949127378133,298.15000018897774,298.15
0.511209431137725,1.5,299.0332160388183,298.15000020649876,298.15
0.5148350299401202,1.5,299.0369263000682,298.150000225376,298.15
0.5184606287425154,1.5,299.040622226413,298.1500002456928,298.15
0.5220862275449106,1.5,299.04430398357107,298.15000026753603,298.15
0.5257118263473058,1.5,299.0479717341778,298.1500002909966,298.15
0.5293374251497011,1.5,299.0516256378639,298.1500003161691,298.15
0.5329630239520963,1.5,299.05526585133066,298.15000034315227,298.15
0.5365886227544915,1.5,299.05889252842366,298.15000037204857,298.15
0.5402142215568867,1.5,299.0625058202038,298.15000040296485,298.15
0.5438398203592819,1.5,299.06610587501615,298.1500004360122,298.15
0.5474654191616771,1.5,299.0696928385572,298.1500004713057,298.15
0.5510910179640723,1.5,299.0732668539396,298.15000050896515,298.15
0.5547166167664676,1.5,299.0768280617548,298.15000054911457,298.15
0.5583422155688628,1.5,299.08037660013485,298.15000059188264,298.15
0.561967814371258,1.5,299.08391260481113,298.1500006374027,298.15
0.5655934131736532,1.5,299.08743620917215,298.15000068581264,298.15
0.5692190119760484,1.5,299.0909475443192,298.1500007372552,298.15
0.5728446107784436,1.5,299.0944467391207,298.15000079187797,298.15
0.5764702095808388,1.5,299.097933920265,298.15000084983353,298.15
0.580095808383234,1.5,299.1014092123112,298.1500009112794,298.15
0.5837214071856293,1.5,299.10487273773856,298.1500009763781,298.15
0.5873470059880245,1.5,299.1083246169955,298.15000104529736,298.15
0.5909726047904197,1.5,299.1117649685455,298.15000111821007,298.15
0.5945982035928149,1.5,299.1151939089132,298.1500011952945,298.15
0.5982238023952101,1.5,299.1186115527282,298.1500012767342,298.15
0.6018494011976053,1.5,299.12201801276825,298.150001362718,298.15
0.6054750000000005,1.5,299.1254134000007,298.15000145344027,298.15
0.6091005988023958,1.5,299.12879782362336,298.150001549101,298.15
0.612726197604791,1.5,299.13217139110344,298.15000164990556,298.15
0.6163517964071862,1.5,299.1355342082164,298.15000175606525,298.15
0.6199773952095814,1.5,299.13888637908303,298.1500018677966,298.15
0.6236029940119766,1.5,299.142228006205,298.1500019853223,298.15
0.6272285928143718,1.5,299.1455591905013,298.15000210887064,298.15
0.630854191616767,1.5,299.1488800313414,298.1500022386757,298.15
0.6344797904191622,1.5,299.1521906265791,298.15000237497753,298.15
0.6381053892215575,1.5,299.15549107258494,298.1500025180221,298.15
0.6417309880239527,1.5,299.1587814642776,298.15000266806123,298.15
0.6453565868263479,1.5,299.1620618951545,298.15000282535283,298.15
0.6489821856287431,1.5,299.16533245732205,298.15000299016083,298.15
0.6526077844311383,1.5,299.1685932415242,298.1500031627553,298.15
0.6562333832335335,1.5,299.1718443371711,298.1500033434123,298.15
0.6598589820359287,1.5,299.1750858323667,298.1500035324141,298.15
0.663484580838324,1.5,299.17831781393517,298.15000373004915,298.15
0.6671101796407192,1.5,299.1815403674475,298.150003936612,298.15
0.6707357784431144,1.5,299.1847535772467,298.1500041524035,298.15
0.6743613772455096,1.5,299.1879575264725,298.1500043777308,298.15
0.6779869760479048,1.5,299.1911522970856,298.15000461290714,298.15
0.6816125748503,1.5,299.1943379698914,298.1500048582523,298.15
0.6852381736526952,1.5,299.1975146245626,298.15000511409215,298.15
0.6888637724550905,1.5,299.20068233966145,298.1500053807589,298.15
0.6924893712574857,1.5,299.203841192662,298.1500056585911,298.15
0.6961149700598809,1.5,299.2069912599711,298.1500059479337,298.15
0.6997405688622761,1.5,299.21013261694867,298.1500062491381,298.15
0.7033661676646713,1.5,299.2132653379286,298.1500065625617,298.15
0.7069917664670665,1.5,299.2163894962378,298.1500068885687,298.15
0.7106173652694617,1.5,299.2195051642158,298.15000722752933,298.15
0.714242964071857,1.5,299.2226124132332,298.1500075798204,298.15
0.7178685628742522,1.5,299.22571131371006,298.15000794582494,298.15
0.7214941616766474,1.5,299.22880193513373,298.15000832593245,298.15
0.7251197604790426,1.5,299.2318843460761,298.1500087205387,298.15
0.7287453592814378,1.5,299.23495861421054,298.15000913004593,298.15
0.732370958083833,1.5,299.2380248063286,298.1500095548626,298.15
0.7359965568862282,1.5,299.2410829883562,298.1500099954036,298.15
0.7396221556886234,1.5,299.244133225369,298.15001045209004,298.15
0.7432477544910187,1.5,299.2471755816084,298.1500109253495,298.15
0.7468733532934139,1.5,299.2502101204959,298.1500114156157,298.15
0.7504989520958091,1.5,299.25323690464836,298.15001192332886,298.15
0.7541245508982043,1.5,299.2562559958921,298.1500124489352,298.15
0.7577501497005995,1.5,299.2592674552767,298.1500129928873,298.15
0.7613757485029947,1.5,299.26227134308914,298.15001355564397,298.15
0.7650013473053899,1.5,299.26526771886654,298.1500141376702,298.15
0.7686269461077851,1.5,299.26825664141,298.15001473943715,298.15
0.7722525449101804,1.5,299.2712381687965,298.15001536142216,298.15
0.7758781437125756,1.5,299.2742123583922,298.1500160041087,298.15
0.7795037425149708,1.5,299.27717926686404,298.1500166679862,298.15
0.783129341317366,1.5,299.28013895019177,298.1500173535503,298.15
0.7867549401197612,1.5,299.2830914636798,298.15001806130266,298.15
0.7903805389221564,1.5,299.28603686196834,298.15001879175077,298.15
0.7940061377245516,1.5,299.28897519904484,298.15001954540827,298.15
0.7976317365269469,1.5,299.29190652825463,298.15002032279466,298.15
0.8012573353293421,1.5,299.2948309023117,298.1500211244352,298.15
0.8048829341317373,1.5,299.2977483733089,298.15002195086123,298.15
0.8085085329341325,1.5,299.3006589927284,298.1500228026097,298.15
0.8121341317365277,1.5,299.3035628114518,298.15002368022334,298.15
0.8157597305389229,1.5,299.30645987976936,298.1500245842508,298.15
0.8193853293413181,1.5,299.30935024739006,298.150025515246,298.15
0.8230109281437133,1.5,299.3122339634507,298.150026473769,298.15
0.8266365269461086,1.5,299.31511107652506,298.15002746038505,298.15
0.8302621257485038,1.5,299.317981634633,298.15002847566507,298.15
0.833887724550899,1.5,299.32084568524914,298.1500295201855,298.15
0.8375133233532942,1.5,299.3237032753114,298.15003059452823,298.15
0.8411389221556894,1.5,299.3265544512295,298.15003169928036,298.15
0.8447645209580846,1.5,299.3293992588932,298.1500328350347,298.15
0.8483901197604798,1.5,299.33223774368037,298.1500340023889,298.15
0.8520157185628751,1.5,299.3350699504647,298.1500352019462,298.15
0.8556413173652703,1.5,299.3378959236238,298.15003643431487,298.15
0.8592669161676655,1.5,299.34071570704657,298.15003770010827,298.15
0.8628925149700607,1.5,299.34352934414056,298.15003899994485,298.15
0.8665181137724559,1.5,299.3463368778394,298.15004033444814,298.15
0.8701437125748511,1.5,299.34913835060996,298.15004170424646,298.15
0.8737693113772463,1.5,299.3519338044593,298.15004310997324,298.15
0.8773949101796416,1.5,299.35472328094136,298.15004455226665,298.15
0.8810205089820368,1.5,299.3575068211641,298.1500460317696,298.15
0.884646107784432,1.5,299.3602844657957,298.1500475491298,298.15
0.8882717065868272,1.5,299.3630562550713,298.1500491049994,298.15
0.8918973053892224,1.5,299.36582222879883,298.1500507000354,298.15
0.8955229041916176,1.5,299.3685824263661,298.1500523348994,298.15
0.8991485029940128,1.5,299.3713368867463,298.1500540102571,298.15
0.902774101796408,1.5,299.37408564850386,298.15005572677893,298.15
0.9063997005988033,1.5,299.37682874980084,298.1500574851395,298.15
0.9100252994011985,1.5,299.3795662284023,298.1500592860177,298.15
0.9136508982035937,1.5,299.38229812168214,298.15006113009684,298.15
0.9172764970059889,1.5,299.3850244666284,298.15006301806415,298.15
0.9209020958083841,1.5,299.38774529984914,298.15006495061095,298.15
0.9245276946107793,1.5,299.39046065757725,298.1500669284328,298.15
0.9281532934131745,1.5,299.3931705756762,298.150068952229,298.15
0.9317788922155698,1.5,299.39587508964485,298.1500710227028,298.15
0.935404491017965,1.5,299.3985742346226,298.15007314056123,298.15
0.9390300898203602,1.5,299.4012680453943,298.1500753065152,298.15
0.9426556886227554,1.5,299.4039565563955,298.15007752127923,298.15
0.9462812874251506,1.5,299.4066398017164,298.15007978557134,298.15
0.9499068862275458,1.5,299.40931781510756,298.1500821001133,298.15
0.953532485029941,1.5,299.41199062998373,298.15008446563024,298.15
0.9571580838323362,1.5,299.4146582794288,298.1500868828508,298.15
0.9607836826347315,1.5,299.41732079620016,298.1500893525069,298.15
0.9644092814371267,1.5,299.4199782127329,298.1500918753337,298.15
0.9680348802395219,1.5,299.4226305611443,298.15009445206954,298.15
0.9716604790419171,1.5,299.4252778732382,298.15009708345616,298.15
0.9752860778443123,1.5,299.4279201805088,298.1500997702381,298.15
0.9789116766467075,1.5,299.4305575141448,298.1501025131631,298.15
0.9825372754491027,1.5,299.4331899050338,298.15010531298157,298.15
0.986162874251498,1.5,299.43581738376577,298.150108170447,298.15
0.9897884730538932,1.5,299.43843998063693,298.1501110863157,298.15
0.9934140718562884,1.5,299.441057725654,298.15011406134664,298.15
0.9970396706586836,1.5,299.4436706485377,298.1501170963014,298.15
1.0006652694610787,1.5,299.4462787787262,298.1501201919442,298.15
1.004290868263474,1.5,299.4488821453791,298.15012334904185,298.15
1.0079164670658691,1.5,299.45148077738077,298.1501265683635,298.15
1.0115420658682643,1.5,299.4540747033438,298.15012985068074,298.15
1.0151676646706596,1.5,299.4566639516128,298.1501331967675,298.15
1.0187932634730548,1.5,299.45924855026743,298.15013660740004,298.15
1.02241886227545,1.5,299.4618285271258,298.1501400833566,298.15
1.0260444610778452,1.5,299.46440390974783,298.1501436254176,298.15
1.0296700598802404,1.5,299.4669747254384,298.15014723436576,298.15
1.0332956586826356,1.5,299.4695410012506,298.1501509109854,298.15
1.0369212574850308,1.5,299.47210276398874,298.150154656063,298.15
1.040546856287426,1.5,299.4746600402116,298.1501584703868,298.15
1.0441724550898213,1.5,299.47721285623516,298.1501623547469,298.15
1.0477980538922165,1.5,299.47976123813595,298.150166309935,298.15000000000003
1.0514236526946117,1.5,299.48230521175367,298.1501703367444,298.1500000000001
1.055049251497007,1.5,299.48484480269406,298.1501744359703,298.1500000000001
1.0586748502994021,1.5,299.487380036332,298.1501786084091,298.1500000000001
1.0623004491017973,1.5,299.4899109378142,298.15018285485866,298.1500000000001
1.0659260479041925,1.5,299.49243753206173,298.15018717611855,298.1500000000001
1.0695516467065878,1.5,299.4949598437731,298.15019157298923,298.15000000000015
1.073177245508983,1.5,299.4974778974264,298.15019604627275,298.1500000000002
1.0768028443113782,1.5,299.4999917172825,298.1502005967721,298.1500000000002
1.0804284431137734,1.5,299.50250132738745,298.1502052252917,298.15000000000026
1.0840540419161686,1.5,299.5050067515746,298.1502099326367,298.15000000000026
1.0876796407185638,1.5,299.5075080134678,298.1502147196135,298.1500000000003
1.091305239520959,1.5,299.51000513648324,298.15021958702937,298.1500000000004
1.0949308383233542,1.5,299.5124981438324,298.1502245356923,298.15000000000043
1.0985564371257495,1.5,299.51498705852396,298.15022956641144,298.1500000000005
1.1021820359281447,1.5,299.51747190336664,298.15023467999646,298.15000000000055
1.10580763473054,1.5,299.5199527009711,298.15023987725766,298.1500000000006
1.109433233532935,1.5,299.5224294737524,298.15024515900626,298.15000000000066
1.1130588323353303,1.5,299.52490224393244,298.1502505260537,298.1500000000007
1.1166844311377255,1.5,299.5273710335418,298.15025597921215,298.15000000000083
1.1203100299401207,1.5,299.52983586442224,298.1502615192943,298.1500000000009
1.123935628742516,1.5,299.53229675822877,298.150267147113,298.150000000001
1.1275612275449112,1.5,299.53475373643164,298.15027286348175,298.15000000000106
1.1311868263473064,1.5,299.53720682031866,298.1502786692139,298.1500000000011
1.1348124251497016,1.5,299.53965603099715,298.15028456512346,298.1500000000012
1.1384380239520968,1.5,299.54210138939595,298.1502905520244,298.15000000000134
1.142063622754492,1.5,299.5445429162674,298.1502966307307,298.15000000000146
1.1456892215568872,1.5,299.5469806321894,298.1503028020566,298.15000000000157
1.1493148203592825,1.5,299.54941455756733,298.1503090668163,298.15000000000174
1.1529404191616777,1.5,299.55184471263607,298.1503154258238,298.1500000000019
1.1565660179640729,1.5,299.5542711174617,298.15032187989306,298.1500000000021
1.160191616766468,1.5,299.5566937919434,298.150328429838,298.15000000000225
1.1638172155688633,1.5,299.5591127558156,298.1503350764721,298.1500000000024
1.1674428143712585,1.5,299.56152802864926,298.15034182060884,298.1500000000026
1.1710684131736537,1.5,299.5639396298541,298.15034866306115,298.1500000000028
1.174694011976049,1.5,299.56634757868017,298.15035560464156,298.15000000000305
1.1783196107784442,1.5,299.5687518942197,298.1503626461623,298.1500000000033
1.1819452095808394,1.5,299.57115259540876,298.1503697884351,298.1500000000035
1.1855708083832346,1.5,299.57354970102887,298.1503770322712,298.1500000000038
1.1891964071856298,1.5,299.5759432297088,298.1503843784811,298.15000000000407
1.192822005988025,1.5,299.5783331999262,298.1503918278748,298.1500000000044
1.1964476047904202,1.5,299.5807196300092,298.15039938126154,298.15000000000475
1.2000732035928154,1.5,299.5831025381379,298.15040703944993,298.1500000000051
1.2036988023952107,1.5,299.58548194234623,298.1504148032478,298.1500000000055
1.2073244011976059,1.5,299.5878578605231,298.150422673462,298.1500000000059
1.210950000000001,1.5,299.5902303104145,298.15043065089867,298.15000000000634
1.2145755988023963,1.5,299.59259930962446,298.150438736363,298.1500000000068
1.2182011976047915,1.5,299.5949648756169,298.15044693065914,298.1500000000073
1.2218267964071867,1.5,299.5973270257168,298.15045523459037,298.1500000000078
1.225452395209582,1.5,299.59968577711237,298.1504636489588,298.1500000000084
1.2290779940119771,1.5,299.6020411468554,298.15047217456544,298.15000000000896
1.2327035928143724,1.5,299.6043931518636,298.1504808122103,298.1500000000096
1.2363291916167676,1.5,299.60674180892147,298.150489562692,298.15000000001027
1.2399547904191628,1.5,299.60908713468206,298.15049842680804,298.15000000001095
1.243580389221558,1.5,299.6114291456681,298.1505074053547,298.1500000000117
1.2472059880239532,1.5,299.6137678582734,298.1505164991269,298.1500000000125
1.2508315868263484,1.5,299.6161032887641,298.1505257089182,298.15000000001334
1.2544571856287436,1.5,299.6184354532802,298.1505350355208,298.15000000001424
1.2580827844311389,1.5,299.6207643678368,298.1505444797254,298.1500000000152
1.261708383233534,1.5,299.623090048325,298.1505540423213,298.15000000001623
1.2653339820359293,1.5,299.6254125105138,298.15056372409623,298.1500000000173
1.2689595808383245,1.5,299.62773177005084,298.1505735258365,298.1500000000184
1.2725851796407197,1.5,299.6300478424639,298.15058344832653,298.1500000000196
1.276210778443115,1.5,299.63236074316205,298.1505934923495,298.15000000002084
1.2798363772455101,1.5,299.6346704874367,298.15060365868675,298.1500000000222
1.2834619760479054,1.5,299.6369770904632,298.15061394811784,298.1500000000236
1.2870875748503006,1.5,299.6392805673012,298.1506243614207,298.1500000000251
1.2907131736526958,1.5,299.6415809328971,298.15063489937154,298.1500000000267
1.294338772455091,1.5,299.64387820208384,298.1506455627445,298.15000000002834
1.2979643712574862,1.5,299.6461723895828,298.15065635231235,298.1500000000301
1.3015899700598814,1.5,299.6484635100047,298.15066726884555,298.1500000000319
1.3052155688622766,1.5,299.65075157785094,298.1506783131129,298.1500000000339
1.3088411676646718,1.5,299.65303660751425,298.1506894858812,298.15000000003596
1.312466766467067,1.5,299.65531861328014,298.1507007879152,298.1500000000381
1.3160923652694623,1.5,299.6575976093276,298.1507122199777,298.1500000000404
1.3197179640718575,1.5,299.6598736097307,298.1507237828296,298.15000000004284
1.3233435628742527,1.5,299.66214662845897,298.15073547722943,298.1500000000454
1.326969161676648,1.5,299.66441667937903,298.15074730393405,298.150000000048
1.3305947604790431,1.5,299.6666837762551,298.1507592636978,298.15000000005085
1.3342203592814383,1.5,299.66894793275026,298.15077135727313,298.15000000005386
1.3378459580838336,1.5,299.67120916242743,298.1507835854102,298.150000000057
1.3414715568862288,1.5,299.67346747875035,298.15079594885697,298.15000000006023
1.345097155688624,1.5,299.6757228950844,298.15080844835916,298.15000000006376
1.3487227544910192,1.5,299.67797542469754,298.1508210846602,298.1500000000674
1.3523483532934144,1.5,299.68022508076166,298.15083385850136,298.1500000000712
1.3559739520958096,1.5,299.68247187635285,298.1508467706214,298.15000000007524
1.3595995508982048,1.5,299.6847158244529,298.15085982175697,298.1500000000795
1.3632251497006,1.5,299.6869569379499,298.1508730126421,298.15000000008393
1.3668507485029953,1.5,299.68919522963927,298.15088634400854,298.1500000000886
1.3704763473053905,1.5,299.6914307122245,298.15089981658576,298.1500000000935
1.3741019461077857,1.5,299.69366339831805,298.1509134311006,298.15000000009866
1.377727544910181,1.5,299.6958933004424,298.1509271882774,298.15000000010406
1.3813531437125761,1.5,299.69812043103076,298.1509410888383,298.1500000001097
1.3849787425149713,1.5,299.70034480242794,298.1509551335025,298.1500000001156
1.3886043413173665,1.5,299.702566426891,298.15096932298724,298.15000000012185
1.3922299401197618,1.5,299.7047853165905,298.1509836580067,298.1500000001284
1.395855538922157,1.5,299.70700148361084,298.1509981392726,298.1500000001352
1.3994811377245522,1.5,299.7092149399515,298.15101276749414,298.15000000014237
1.4031067365269474,1.5,299.71142569752743,298.151027543378,298.15000000014993
1.4067323353293426,1.5,299.7136337681702,298.15104246762803,298.1500000001578
1.4103579341317378,1.5,299.71583916362846,298.1510575409456,298.150000000166
1.413983532934133,1.5,299.718041895569,298.15107276402927,298.15000000017466
1.4176091317365282,1.5,299.72024197557727,298.151088137575,298.1500000001837
1.4212347305389235,1.5,299.7224394151582,298.151103662276,298.15000000019313
1.4248603293413187,1.5,299.72463422573713,298.15111933882275,298.150000000203
1.428485928143714,1.5,299.72682641866027,298.1511351679029,298.15000000021337
1.432111526946109,1.5,299.7290160051956,298.15115115020154,298.15000000022417
1.4357371257485043,1.5,299.7312029965334,298.1511672864009,298.1500000002355
1.4393627245508995,1.5,299.73338740378733,298.15118357718023,298.1500000002473
1.4429883233532947,1.5,299.7355692379947,298.1512000232163,298.15000000025964
1.44661392215569,1.5,299.73774851011746,298.15121662518277,298.1500000002726
1.4502395209580852,1.5,299.7399252310428,298.1512333837506,298.15000000028607
1.4538651197604804,1.5,299.74209941158364,298.1512502995879,298.1500000003001
1.4574907185628756,1.5,299.7442710624798,298.15126737335993,298.15000000031483
1.4611163173652708,1.5,299.7464401943981,298.1512846057289,298.1500000003301
1.464741916167666,1.5,299.7486068179333,298.1513019973543,298.15000000034615
1.4683675149700612,1.5,299.7507709436087,298.1513195488928,298.1500000003628
1.4719931137724565,1.5,299.75293258187685,298.15133726099776,298.15000000038026
1.4756187125748517,1.5,299.75509174312003,298.15135513432,298.1500000003984
1.4792443113772469,1.5,299.7572484376512,298.15137316950717,298.1500000004173
1.482869910179642,1.5,299.75940267571406,298.15139136720416,298.15000000043705
1.4864955089820373,1.5,299.7615544674843,298.15140972805267,298.1500000004577
1.4901211077844325,1.5,299.76370382306965,298.15142825269163,298.1500000004791
1.4937467065868277,1.5,299.76585075251097,298.1514469417569,298.15000000050145
1.497372305389223,1.5,299.76799526578253,298.1514657958811,298.15000000052476
1.5009979041916182,1.5,299.77013737279253,298.1514848156943,298.15000000054897
1.5046235029940134,1.5,299.77227708338404,298.1515040018233,298.1500000005742
1.5082491017964086,1.5,299.7744144073353,298.15152335489176,298.15000000060047
1.5118747005988038,1.5,299.7765493543603,298.1515428755206,298.1500000006278
1.515500299401199,1.5,299.77868193410956,298.15156256432743,298.1500000006563
1.5191258982035942,1.5,299.7808121561703,298.15158242192695,298.1500000006859
1.5227514970059894,1.5,299.7829400300674,298.1516024489308,298.15000000071666
1.5263770958083847,1.5,299.78506556526366,298.15162264594744,298.1500000007487
1.5300026946107799,1.5,299.78718877116046,298.1516430135825,298.150000000782
1.533628293413175,1.5,299.78930965709833,298.1516635524381,298.15000000081665
1.5372538922155703,1.5,299.7914282323573,298.1516842631138,298.15000000085263
1.5408794910179655,1.5,299.79354450615784,298.15170514620576,298.15000000089003
1.5445050898203607,1.5,299.7956584876606,298.15172620230703,298.15000000092886
1.548130688622756,1.5,299.797770185968,298.1517474320076,298.15000000096927
1.5517562874251511,1.5,299.79987961012347,298.1517688358945,298.1500000010112
1.5553818862275464,1.5,299.8019867691133,298.1517904145514,298.15000000105476
1.5590074850299416,1.5,299.80409167186593,298.151812168559,298.1500000011
1.5626330838323368,1.5,299.80619432725325,298.1518340984949,298.15000000114696
1.566258682634732,1.5,299.8082947440907,298.15185620493344,298.15000000119574
1.5698842814371272,1.5,299.81039293113787,298.15187848844596,298.1500000012463
1.5735098802395224,1.5,299.81248889709894,298.15190094960064,298.1500000012988
1.5771354790419176,1.5,299.81458265062315,298.1519235889625,298.1500000013532
1.5807610778443129,1.5,299.81667420030544,298.15194640709336,298.1500000014097
1.584386676646708,1.5,299.81876355468654,298.151969404552,298.1500000014683
1.5880122754491033,1.5,299.8208507222538,298.15199258189404,298.150000001529
1.5916378742514985,1.5,299.8229357114413,298.15201593967186,298.150000001592
1.5952634730538937,1.5,299.8250185306307,298.15203947843474,298.1500000016573
1.598889071856289,1.5,299.82709918815124,298.1520631987289,298.15000000172495
1.6025146706586841,1.5,299.8291776922805,298.1520871010974,298.1500000017951
1.6061402694610794,1.5,299.83125405124474,298.1521111860799,298.15000000186774
1.6097658682634746,1.5,299.83332827321925,298.1521354542132,298.150000001943
1.6133914670658698,1.5,299.83540036632905,298.1521599060308,298.15000000202093
1.617017065868265,1.5,299.8374703386487,298.1521845420631,298.15000000210165
1.6206426646706602,1.5,299.8395381982035,298.15220936283725,298.15000000218527
1.6242682634730554,1.5,299.84160395296925,298.1522343688774,298.1500000022718
1.6278938622754506,1.5,299.84366761087307,298.15225956070435,298.15000000236137
1.6315194610778458,1.5,299.8457291797936,298.1522849388359,298.1500000024541
1.635145059880241,1.5,299.8477886675615,298.15231050378674,298.15000000255003
1.6387706586826363,1.5,299.8498460819596,298.15233625606817,298.1500000026493
1.6423962574850315,1.5,299.85190143072384,298.15236219618856,298.150000002752
1.6460218562874267,1.5,299.853954721543,298.152388324653,298.1500000028582
1.649647455089822,1.5,299.8560059620595,298.1524146419635,298.150000002968
1.6532730538922171,1.5,299.8580551598697,298.1524411486189,298.1500000030816
1.6568986526946123,1.5,299.86010232252414,298.15246784511487,298.150000003199
1.6605242514970076,1.5,299.86214745752807,298.152494731944,298.1500000033204
1.6641498502994028,1.5,299.8641905723418,298.1525218095956,298.1500000034458
1.667775449101798,1.5,299.86623167438097,298.1525490785561,298.1500000035755
1.6714010479041932,1.5,299.86827077101697,298.1525765393084,298.15000000370947
1.6750266467065884,1.5,299.8703078695773,298.1526041923328,298.1500000038478
1.6786522455089836,1.5,299.8723429773459,298.1526320381059,298.1500000039907
1.6822778443113788,1.5,299.87437610156354,298.15266007710153,298.1500000041384
1.685903443113774,1.5,299.8764072494282,298.15268830979034,298.1500000042909
1.6895290419161693,1.5,299.87843642809514,298.1527167366397,298.1500000044483
1.6931546407185645,1.5,299.8804636446778,298.1527453581141,298.1500000046109
1.6967802395209597,1.5,299.8824889062473,298.1527741746748,298.15000000477863
1.700405838323355,1.5,299.8845122198338,298.1528031867799,298.1500000049519
1.7040314371257501,1.5,299.88653359242596,298.1528323948844,298.1500000051306
1.7076570359281453,1.5,299.8885530309716,298.15286179944036,298.150000005315
1.7112826347305405,1.5,299.8905705423782,298.1528914008965,298.15000000550526
1.7149082335329358,1.5,299.89258613351296,298.1529211996987,298.15000000570154
1.718533832335331,1.5,299.89459981120314,298.1529511962895,298.150000005904
1.7221594311377262,1.5,299.89661158223646,298.1529813911087,298.1500000061128
1.7257850299401214,1.5,299.89862145336144,298.1530117845926,298.1500000063281
1.7294106287425166,1.5,299.9006294312876,298.1530423771747,298.15000000655004
1.7330362275449118,1.5,299.9026355226859,298.15307316928545,298.15000000677884
1.736661826347307,1.5,299.9046397341888,298.1531041613521,298.15000000701474
1.7402874251497022,1.5,299.90664207239087,298.15313535379886,298.15000000725786
1.7439130239520975,1.5,299.9086425438489,298.1531667470471,298.1500000075084
1.7475386227544927,1.5,299.9106411550821,298.1531983415149,298.15000000776655
1.751164221556888,1.5,299.9126379125728,298.15323013761736,298.1500000080325
1.754789820359283,1.5,299.9146328227661,298.1532621357666,298.1500000083065
1.7584154191616783,1.5,299.91662589207084,298.1532943363718,298.1500000085887
1.7620410179640735,1.5,299.9186171268593,298.15332673983886,298.1500000088793
1.7656666167664687,1.5,299.920606533468,298.15335934657094,298.15000000917854
1.769292215568864,1.5,299.9225941181974,298.15339215696804,298.1500000094867
1.7729178143712592,1.5,299.9245798873128,298.15342517142733,298.1500000098039
1.7765434131736544,1.5,299.926563847044,298.1534583903428,298.15000001013044
1.7801690119760496,1.5,299.9285460035861,298.1534918141055,298.15000001046656
1.7837946107784448,1.5,299.9305263630994,298.1535254431035,298.1500000108125
1.78742020958084,1.5,299.93250493170984,298.15355927772197,298.15000001116846
1.7910458083832352,1.5,299.9344817155092,298.15359331834327,298.15000001153464
1.7946714071856305,1.5,299.9364567205555,298.1536275653463,298.1500000119114
1.7982970059880257,1.5,299.9384299528729,298.1536620191075,298.150000012299
1.8019226047904209,1.5,299.9404014184524,298.1536966800003,298.15000001269766
1.805548203592816,1.5,299.94237112325186,298.1537315483949,298.1500000131077
1.8091738023952113,1.5,299.9443390731961,298.153766624659,298.15000001352934
1.8127994011976065,1.5,299.9463052741775,298.153801909157,298.1500000139628
1.8164250000000017,1.5,299.948269732056,298.15383740225064,298.1500000144085
1.820050598802397,1.5,299.9502324526595,298.1538731042987,298.15000001486663
1.8236761976047922,1.5,299.9521934417838,298.15390901565706,298.1500000153375
1.8273017964071874,1.5,299.9541527051932,298.1539451366787,298.15000001582155
1.8309273952095826,1.5,299.9561102486206,298.1539814677137,298.1500000163189
1.8345529940119778,1.5,299.9580660777675,298.15401800910934,298.15000001682995
1.838178592814373,1.5,299.9600201983048,298.15405476121003,298.15000001735507
1.8418041916167682,1.5,299.9619726158724,298.15409172435733,298.1500000178945
1.8454297904191634,1.5,299.9639233360798,298.1541288988899,298.1500000184486
1.8490553892215587,1.5,299.9658723645062,298.15416628514373,298.15000001901774
1.8526809880239539,1.5,299.9678197067008,298.1542038834519,298.15000001960215
1.856306586826349,1.5,299.96976536818306,298.15424169414445,298.1500000202024
1.8599321856287443,1.5,299.97170935444257,298.1542797175491,298.15000002081865
1.8635577844311395,1.5,299.9736516709398,298.1543179539903,298.1500000214514
1.8671833832335347,1.5,299.9755923231058,298.1543564037901,298.1500000221008
1.87080898203593,1.5,299.97753131634295,298.15439506726744,298.15000002276753
1.8744345808383251,1.5,299.97946865602466,298.1544339447387,298.1500000234518
1.8780601796407204,1.5,299.98140434749587,298.15447303651746,298.150000024154
1.8816857784431156,1.5,299.98333839607324,298.15451234291453,298.1500000248746
1.8853113772455108,1.5,299.9852708070452,298.15455186423804,298.15000002561396
1.888936976047906,1.5,299.9872015856723,298.1545916007933,298.1500000263726
1.8925625748503012,1.5,299.98913073718745,298.154631552883,298.1500000271507
1.8961881736526964,1.5,299.991058266796,298.1546717208071,298.1500000279489
1.8998137724550916,1.5,299.99298417967583,298.15471210486277,298.15000002876764
1.9034393712574869,1.5,299.9949084809779,298.15475270534455,298.1500000296072
1.907064970059882,1.5,299.9968311758262,298.1547935225443,298.1500000304682
1.9106905688622773,1.5,299.9987522693179,298.1548345567512,298.15000003135106
1.9143161676646725,1.5,300.00067176652374,298.1548758082519,298.1500000322561
1.9179417664670677,1.5,300.0025896724879,298.1549172773301,298.150000033184
1.921567365269463,1.5,300.00450599222864,298.1549589642672,298.1500000341352
1.9251929640718581,1.5,300.0064207307381,298.1550008693418,298.15000003511005
1.9288185628742534,1.5,300.0083338929827,298.15504299282975,298.15000003610925
1.9324441616766486,1.5,300.0102454839032,298.15508533500457,298.1500000371331
1.9360697604790438,1.5,300.0121555084149,298.155127896137,298.1500000381823
1.939695359281439,1.5,300.0140639714079,298.1551706764952,298.15000003925735
1.9433209580838342,1.5,300.0159708777472,298.15521367634483,298.1500000403587
1.9469465568862294,1.5,300.0178762322729,298.15525689594887,298.1500000414869
1.9505721556886246,1.5,300.0197800398005,298.1553003355678,298.15000004264255
1.9541977544910198,1.5,300.02168230512075,298.1553439954597,298.1500000438262
1.957823353293415,1.5,300.0235830330001,298.1553878758798,298.1500000450384
1.9614489520958103,1.5,300.02548222818086,298.155431977081,298.1500000462798
1.9650745508982055,1.5,300.02737989538133,298.15547629931365,298.15000004755086
1.9687001497006007,1.5,300.0292760392958,298.15552084282564,298.15000004885235
1.972325748502996,1.5,300.031170664595,298.1555656078623,298.1500000501847
1.9759513473053911,1.5,300.0330637759259,298.15561059466637,298.1500000515487
1.9795769461077863,1.5,300.0349553779124,298.15565580347834,298.15000005294485
1.9832025449101816,1.5,300.0368454751551,298.1557012345361,298.1500000543739
1.9868281437125768,1.5,300.03873407223125,298.1557468880751,298.15000005583636
1.990453742514972,1.5,300.0406211736956,298.1557927643283,298.150000057333
1.9940793413173672,1.5,300.0425067840801,298.15583886352636,298.1500000588644
1.9977049401197624,1.5,300.0443909078939,298.15588518589743,298.15000006043135
2.0013305389221574,1.5,300.0462735496239,298.1559317316672,298.15000006203445
2.0049561377245526,1.5,300.04815471373473,298.15597850105905,298.1500000636744
2.008581736526948,1.5,300.0500344046688,298.1560254942939,298.15000006535195
2.012207335329343,1.5,300.0519126268467,298.1560727115903,298.1500000670679
2.0158329341317383,1.5,300.053789384667,298.15612015316447,298.15000006882275
2.0194585329341335,1.5,300.05566468250686,298.1561678192302,298.15000007061747
2.0230841317365287,1.5,300.05753852472174,298.15621570999906,298.15000007245266
2.026709730538924,1.5,300.0594109156458,298.15626382568,298.1500000743292
2.030335329341319,1.5,300.0612818595919,298.15631216648,298.1500000762479
2.0339609281437143,1.5,300.0631513608518,298.1563607326035,298.1500000782094
2.0375865269461095,1.5,300.06501942369647,298.15640952425275,298.15000008021457
2.0412121257485047,1.5,300.0668860523759,298.1564585416276,298.1500000822643
2.0448377245509,1.5,300.0687512511195,298.15650778492557,298.1500000843593
2.048463323353295,1.5,300.07061502413615,298.15655725434215,298.1500000865004
2.0520889221556904,1.5,300.07247737561437,298.1566069500703,298.15000008868856
2.0557145209580856,1.5,300.0743383097224,298.1566568723008,298.15000009092455
2.059340119760481,1.5,300.07619783060835,298.1567070212223,298.15000009320926
2.062965718562876,1.5,300.07805594240045,298.1567573970211,298.1500000955436
2.0665913173652712,1.5,300.07991264920673,298.1568079998813,298.15000009792846
2.0702169161676665,1.5,300.08176795511605,298.15685882998486,298.1500001003647
2.0738425149700617,1.5,300.08362186419726,298.15690988751146,298.1500001028533
2.077468113772457,1.5,300.0854743804999,298.15696117263855,298.1500001053953
2.081093712574852,1.5,300.08732550805416,298.1570126855415,298.15000010799145
2.0847193113772473,1.5,300.0891752508711,298.1570644263935,298.1500001106428
2.0883449101796425,1.5,300.09102361294254,298.15711639536545,298.15000011335036
2.0919705089820377,1.5,300.09287059824163,298.15716859262636,298.15000011611505
2.095596107784433,1.5,300.0947162107224,298.15722101834285,298.1500001189379
2.099221706586828,1.5,300.09656045432024,298.15727367267954,298.15000012182
2.1028473053892234,1.5,300.0984033329522,298.157326555799,298.1500001247623
2.1064729041916186,1.5,300.10024485051656,298.15737966786145,298.15000012776574
2.110098502994014,1.5,300.10208501089346,298.1574330090252,298.1500001308316
2.113724101796409,1.5,300.10392381794475,298.1574865794465,298.1500001339609
2.1173497005988042,1.5,300.1057612755141,298.15754037927957,298.1500001371547
2.1209752994011994,1.5,300.10759738742746,298.1575944086763,298.1500001404139
2.1246008982035947,1.5,300.10943215749256,298.1576486677867,298.15000014374
2.12822649700599,1.5,300.1112655894996,298.1577031567588,298.1500001471339
2.131852095808385,1.5,300.11309768722117,298.1577578757386,298.1500001505967
2.1354776946107803,1.5,300.1149284544123,298.15781282486995,298.1500001541297
2.1391032934131755,1.5,300.1167578948104,298.15786800429476,298.15000015773404
2.1427288922155707,1.5,300.1185860121359,298.1579234141529,298.15000016141084
2.146354491017966,1.5,300.12041281009186,298.1579790545823,298.1500001651614
2.149980089820361,1.5,300.1222382923643,298.15803492571905,298.1500001689868
2.1536056886227564,1.5,300.12406246262225,298.15809102769686,298.15000017288855
2.1572312874251516,1.5,300.1258853245179,298.1581473606479,298.1500001768676
2.160856886227547,1.5,300.12770688168683,298.1582039247022,298.15000018092536
2.164482485029942,1.5,300.12952713774763,298.15826071998794,298.1500001850631
2.168108083832337,1.5,300.13134609630265,298.15831774663127,298.1500001892822
2.1717336826347324,1.5,300.13316376093763,298.15837500475646,298.1500001935838
2.1753592814371276,1.5,300.1349801352221,298.15843249448596,298.1500001979695
2.178984880239523,1.5,300.1367952227093,298.1584902159402,298.1500002024404
2.182610479041918,1.5,300.13860902693625,298.15854816923786,298.15000020699796
2.1862360778443133,1.5,300.1404215514243,298.15860635449553,298.15000021164366
2.1898616766467085,1.5,300.14223279967825,298.15866477182817,298.15000021637866
2.1934872754491037,1.5,300.1440427751877,298.1587234213487,298.15000022120466
2.197112874251499,1.5,300.14585148142623,298.15878230316844,298.15000022612287
2.200738473053894,1.5,300.14765892185176,298.15884141739656,298.1500002311349
2.2043640718562894,1.5,300.14946509990665,298.15890076414064,298.1500002362422
2.2079896706586846,1.5,300.151270019018,298.15896034350635,298.15000024144615
2.21161526946108,1.5,300.15307368259755,298.1590201555976,298.15000024674833
2.215240868263475,1.5,300.1548760940416,298.15908020051637,298.1500002521503
2.21886646706587,1.5,300.1566772567314,298.1591404783631,298.1500002576536
2.2224920658682654,1.5,300.1584771740333,298.15920098923635,298.15000026325976
2.2261176646706606,1.5,300.16027584929844,298.15926173323277,298.15000026897025
2.229743263473056,1.5,300.16207328586324,298.15932271044744,298.1500002747868
2.233368862275451,1.5,300.1638694870492,298.1593839209736,298.150000280711
2.2369944610778463,1.5,300.1656644561634,298.1594453649028,298.15000028674456
2.2406200598802415,1.5,300.167458196498,298.1595070423249,298.15000029288905
2.2442456586826367,1.5,300.1692507113309,298.1595689533279,298.1500002991461
2.247871257485032,1.5,300.17104200392544,298.1596310979983,298.1500003055175
2.251496856287427,1.5,300.1728320775306,298.15969347642084,298.15000031200486
2.2551224550898223,1.5,300.17462093538126,298.1597560886784,298.15000031861
2.2587480538922176,1.5,300.17640858069797,298.1598189348524,298.15000032533464
2.2623736526946128,1.5,300.1781950166873,298.15988201502256,298.15000033218047
2.265999251497008,1.5,300.1799802465418,298.1599453292668,298.15000033914947
2.269624850299403,1.5,300.1817642734402,298.16000887766165,298.1500003462433
2.2732504491017984,1.5,300.1835471005473,298.16007266028174,298.15000035346384
2.2768760479041936,1.5,300.1853287310142,298.16013667720017,298.1500003608129
2.280501646706589,1.5,300.18710916797824,298.16020092848845,298.1500003682924
2.284127245508984,1.5,300.1888884145634,298.1602654142166,298.1500003759042
2.2877528443113793,1.5,300.19066647388007,298.16033013445275,298.1500003836502
2.2913784431137745,1.5,300.19244334902515,298.1603950892637,298.1500003915324
2.2950040419161697,1.5,300.1942190430823,298.16046027871454,298.15000039955265
2.298629640718565,1.5,300.1959935591219,298.1605257028688,298.150000407713
2.30225523952096,1.5,300.1977669002011,298.16059136178865,298.1500004160154
2.3058808383233553,1.5,300.1995390693641,298.16065725553426,298.1500004244619
2.3095064371257505,1.5,300.2013100696419,298.1607233841648,298.1500004330546
2.3131320359281458,1.5,300.20307990405274,298.16078974773745,298.1500004417955
2.316757634730541,1.5,300.2048485756019,298.16085634630815,298.1500004506866
2.320383233532936,1.5,300.2066160872817,298.16092317993133,298.15000045973005
2.3240088323353314,1.5,300.2083824420722,298.16099024865963,298.1500004689281
2.3276344311377266,1.5,300.2101476429404,298.1610575525446,298.1500004782828
2.331260029940122,1.5,300.2119116928409,298.161125091636,298.15000048779626
2.334885628742517,1.5,300.2136745947157,298.16119286598206,298.1500004974708
2.3385112275449123,1.5,300.21543635149465,298.1612608756299,298.1500005073085
2.3421368263473075,1.5,300.217196966095,298.16132912062494,298.1500005173117
2.3457624251497027,1.5,300.21895644142177,298.1613976010111,298.15000052748263
2.349388023952098,1.5,300.22071478036787,298.161466316831,298.1500005378236
2.353013622754493,1.5,300.22247198581397,298.16153526812576,298.1500005483369
2.3566392215568883,1.5,300.2242280606288,298.1616044549351,298.1500005590249
2.3602648203592835,1.5,300.22598300766896,298.16167387729735,298.1500005698898
2.3638904191616787,1.5,300.22773682977925,298.16174353524934,298.15000058093415
2.367516017964074,1.5,300.22948952979254,298.1618134288265,298.15000059216027
2.371141616766469,1.5,300.23124111053005,298.1618835580631,298.15000060357056
2.3747672155688644,1.5,300.23299157480096,298.1619539229918,298.1500006151675
2.3783928143712596,1.5,300.23474092540323,298.1620245236439,298.15000062695367
2.382018413173655,1.5,300.2364891651229,298.1620953600495,298.15000063893143
2.38564401197605,1.5,300.2382362967347,298.16216643223714,298.15000065110337
2.3892696107784452,1.5,300.2399823230018,298.1622377402342,298.150000663472
2.3928952095808405,1.5,300.24172724667613,298.1623092840667,298.15000067603984
2.3965208083832357,1.5,300.243471070498,298.16238106375914,298.1500006888096
2.400146407185631,1.5,300.2452137971967,298.16245307933497,298.1500007017838
2.403772005988026,1.5,300.2469554294903,298.16252533081615,298.15000071496524
2.4073976047904213,1.5,300.24869597008575,298.16259781822333,298.1500007283564
2.4110232035928165,1.5,300.2504354216789,298.16267054157606,298.1500007419601
2.4146488023952117,1.5,300.2521737869546,298.1627435008924,298.15000075577905
2.418274401197607,1.5,300.2539110685867,298.16281669618917,298.15000076981596
2.421900000000002,1.5,300.25564726923835,298.162890127482,298.15000078407354
2.4255255988023974,1.5,300.2573823915617,298.16296379478524,298.1500007985547
2.4291511976047926,1.5,300.2591164381981,298.16303769811196,298.15000081326224
2.432776796407188,1.5,300.2608494117785,298.16311183747405,298.15000082819904
2.436402395209583,1.5,300.2625813149229,298.163186212882,298.1500008433679
2.4400279940119782,1.5,300.264312150241,298.16326082434523,298.1500008587718
2.4436535928143734,1.5,300.2660419203316,298.16333567187195,298.15000087441365
2.4472791916167687,1.5,300.2677706277834,298.1634107554691,298.1500008902964
2.450904790419164,1.5,300.2694982751745,298.1634860751423,298.1500009064229
2.454530389221559,1.5,300.2712248650728,298.16356163089637,298.15000092279644
2.4581559880239543,1.5,300.2729504000358,298.1636374227343,298.15000093941984
2.4617815868263495,1.5,300.2746748826107,298.16371345065863,298.1500009562962
2.4654071856287447,1.5,300.2763983153348,298.16378971467014,298.1500009734288
2.46903278443114,1.5,300.27812070073503,298.1638662147688,298.1500009908205
2.472658383233535,1.5,300.27984204132827,298.16394295095324,298.1500010084746
2.4762839820359304,1.5,300.28156233962153,298.1640199232211,298.15000102639414
2.4799095808383256,1.5,300.2832815981117,298.16409713156867,298.1500010445825
2.483535179640721,1.5,300.28499981928604,298.1641745759913,298.1500010630428
2.487160778443116,1.5,300.28671700562165,298.16425225648317,298.1500010817783
2.490786377245511,1.5,300.2884331595861,298.1643301730373,298.1500011007924
2.4944119760479064,1.5,300.290148283637,298.1644083256455,298.1500011200883
2.4980375748503016,1.5,300.2918623802225,298.1644867142988,298.15000113966937
2.501663173652697,1.5,300.2935754517808,298.1645653389868,298.150001159539
2.505288772455092,1.5,300.29528750074087,298.1646441996981,298.1500011797006
2.5089143712574873,1.5,300.29699852952206,298.16472329642033,298.1500012001576
2.5125399700598825,1.5,300.29870854053405,298.16480262914007,298.15000122091345
2.5161655688622777,1.5,300.30041753617735,298.1648821978426,298.1500012419716
2.519791167664673,1.5,300.30212551884296,298.1649620025124,298.1500012633357
2.523416766467068,1.5,300.3038324909125,298.16504204313276,298.1500012850092
2.5270423652694634,1.5,300.3055384547585,298.1651223196861,298.1500013069956
2.5306679640718586,1.5,300.3072434127441,298.1652028321534,298.1500013292987
2.534293562874254,1.5,300.3089473672234,298.165283580515,298.150001351922
2.537919161676649,1.5,300.3106503205412,298.1653645647502,298.15000137486925
2.541544760479044,1.5,300.3123522750334,298.16544578483706,298.1500013981441
2.5451703592814394,1.5,300.31405323302675,298.16552724075274,298.15000142175035
2.5487959580838346,1.5,300.31575319683907,298.16560893247356,298.1500014456916
2.55242155688623,1.5,300.3174521687793,298.1656908599747,298.1500014699718
2.556047155688625,1.5,300.3191501511474,298.16577302323026,298.1500014945947
2.5596727544910203,1.5,300.3208471462346,298.16585542221344,298.1500015195641
2.5632983532934155,1.5,300.32254315632315,298.16593805689666,298.15000154488405
2.5669239520958107,1.5,300.3242381836868,298.1660209272511,298.15000157055835
2.570549550898206,1.5,300.32593223059035,298.16610403324705,298.1500015965909
2.574175149700601,1.5,300.3276252992901,298.166187374854,298.15000162298577
2.5778007485029963,1.5,300.32931739203383,298.16627095204035,298.15000164974686
2.5814263473053916,1.5,300.3310085110606,298.16635476477364,298.1500016768784
2.5850519461077868,1.5,300.33269865860086,298.1664388130203,298.1500017043843
2.588677544910182,1.5,300.3343878368769,298.16652309674606,298.15000173226866
2.592303143712577,1.5,300.33607604810226,298.1666076159157,298.1500017605357
2.5959287425149724,1.5,300.33776329448233,298.166692370493,298.1500017891895
2.5995543413173676,1.5,300.33944957821404,298.16677736044096,298.15000181823433
2.603179940119763,1.5,300.34113490148604,298.16686258572145,298.15000184767433
2.606805538922158,1.5,300.34281926647867,298.1669480462957,298.1500018775139
2.6104311377245533,1.5,300.3445026753642,298.1670337421239,298.15000190775726
2.6140567365269485,1.5,300.34618513030665,298.1671196731655,298.15000193840876
2.6176823353293437,1.5,300.3478666334619,298.1672058393788,298.1500019694727
2.621307934131739,1.5,300.3495471869777,298.1672922407217,298.1500020009535
2.624933532934134,1.5,300.3512267929938,298.1673788771508,298.15000203285564
2.6285591317365293,1.5,300.35290545364205,298.167465748622,298.1500020651835
2.6321847305389245,1.5,300.35458317104616,298.16755285509043,298.1500020979417
2.6358103293413198,1.5,300.35625994732203,298.1676401965104,298.15000213113467
2.639435928143715,1.5,300.35793578457765,298.16772777283524,298.150002164767
2.64306152694611,1.5,300.3596106849131,298.16781558401743,298.15000219884325
2.6466871257485054,1.5,300.3612846504208,298.1679036300089,298.150002233368
2.6503127245509006,1.5,300.3629576831854,298.1679919107604,298.15000226834604
2.653938323353296,1.5,300.3646297852836,298.1680804262222,298.150002303782
2.657563922155691,1.5,300.36630095878473,298.16816917634367,298.15000233968067
2.6611895209580863,1.5,300.3679712057502,298.16825816107314,298.15000237604664
2.6648151197604815,1.5,300.3696405282341,298.16834738035845,298.1500024128849
2.6684407185628767,1.5,300.3713089282826,298.1684368341466,298.15000245020013
2.672066317365272,1.5,300.37297640793474,298.1685265223837,298.15000248799737
2.675691916167667,1.5,300.3746429692216,298.1686164450152,298.1500025262814
2.6793175149700623,1.5,300.3763086141673,298.1687066019857,298.15000256505715
2.6829431137724575,1.5,300.37797334478824,298.168796993239,298.1500026043297
2.6865687125748527,1.5,300.3796371630935,298.16888761871843,298.15000264410395
2.690194311377248,1.5,300.38130007108487,298.16897847836617,298.15000268438496
2.693819910179643,1.5,300.3829620707568,298.1690695721238,298.1500027251778
2.6974455089820384,1.5,300.3846231640964,298.1691608999324,298.15000276648766
2.7010711077844336,1.5,300.3862833530837,298.169252461732,298.1500028083195
2.704696706586829,1.5,300.38794263969146,298.16934425746206,298.15000285067873
2.708322305389224,1.5,300.38960102588516,298.1694362870612,298.15000289357044
2.7119479041916192,1.5,300.39125851362337,298.1695285504675,298.15000293699995
2.7155735029940145,1.5,300.3929151048574,298.1696210476182,298.1500029809725
2.7191991017964097,1.5,300.39457080153164,298.1697137784498,298.1500030254934
2.722824700598805,1.5,300.3962256055833,298.1698067428983,298.150003070568
2.7264502994012,1.5,300.3978795189428,298.16989994089886,298.15000311620184
2.7300758982035953,1.5,300.3995325435334,298.1699933723858,298.15000316240014
2.7337014970059905,1.5,300.40118468127156,298.1700870372932,298.1500032091686
2.7373270958083857,1.5,300.40283593406696,298.170180935554,298.1500032565125
2.740952694610781,1.5,300.4044863038222,298.1702750671007,298.1500033044376
2.744578293413176,1.5,300.40613579243313,298.170369431865,298.1500033529492
2.7482038922155714,1.5,300.407784401789,298.17046402977826,298.1500034020533
2.7518294910179666,1.5,300.40943213377204,298.17055886077065,298.1500034517552
2.755455089820362,1.5,300.411078990258,298.1706539247722,298.1500035020607
2.759080688622757,1.5,300.4127249731157,298.170749221712,298.15000355297565
2.7627062874251522,1.5,300.41437008420763,298.17084475151864,298.15000360450574
2.7663318862275474,1.5,300.41601432538937,298.17094051411993,298.15000365665674
2.7699574850299427,1.5,300.41765769851,298.1710365094432,298.15000370943443
2.773583083832338,1.5,300.4193002054122,298.17113273741506,298.15000376284485
2.777208682634733,1.5,300.4209418479317,298.17122919796157,298.1500038168938
2.7808342814371283,1.5,300.4225826278984,298.171325891008,298.1500038715873
2.7844598802395235,1.5,300.4242225471351,298.17142281647926,298.15000392693116
2.7880854790419187,1.5,300.4258616074586,298.1715199742995,298.15000398293165
2.791711077844314,1.5,300.427499810679,298.1716173643923,298.15000403959476
2.795336676646709,1.5,300.4291371586002,298.1717149866807,298.1500040969266
2.7989622754491044,1.5,300.4307736530198,298.171812841087,298.1500041549332
2.8025878742514996,1.5,300.4324092957289,298.171910927533,298.15000421362083
2.806213473053895,1.5,300.43404408851256,298.17200924594005,298.1500042729957
2.80983907185629,1.5,300.4356780331494,298.1721077962287,298.15000433306415
2.813464670658685,1.5,300.4373111314119,298.172206578319,298.15000439383226
2.8170902694610804,1.5,300.4389433850664,298.17230559213056,298.1500044553066
2.8207158682634756,1.5,300.440574795873,298.1724048375823,298.1500045174934
2.824341467065871,1.5,300.44220536558555,298.1725043145925,298.1500045803992
2.827967065868266,1.5,300.443835095952,298.17260402307915,298.1500046440302
2.8315926646706613,1.5,300.4454639887143,298.1727039629595,298.15000470839317
2.8352182634730565,1.5,300.4470920456082,298.17280413415017,298.1500047734945
2.8388438622754517,1.5,300.4487192683633,298.17290453656744,298.1500048393408
2.842469461077847,1.5,300.45034565870355,298.17300517012706,298.1500049059386
2.846095059880242,1.5,300.45197121834656,298.173106034744,298.15000497329464
2.8497206586826374,1.5,300.45359594900435,298.17320713033297,298.15000504141557
2.8533462574850326,1.5,300.45521985238287,298.1733084568081,298.15000511030814
2.856971856287428,1.5,300.4568429301822,298.17341001408283,298.150005179979
2.860597455089823,1.5,300.45846518409655,298.17351180207027,298.15000525043513
2.864223053892218,1.5,300.46008661581436,298.173613820683,298.1500053216833
2.8678486526946134,1.5,300.46170722701834,298.17371606983306,298.1500053937303
2.8714742514970086,1.5,300.46332701938525,298.173818549432,298.1500054665832
2.875099850299404,1.5,300.46494599458623,298.17392125939074,298.15000554024886
2.878725449101799,1.5,300.4665641542867,298.17402419961996,298.1500056147343
2.8823510479041943,1.5,300.4681815001464,298.1741273700297,298.15000569004667
2.8859766467065895,1.5,300.4697980338193,298.17423077052956,298.150005766193
2.8896022455089847,1.5,300.4714137569539,298.1743344010286,298.1500058431803
2.89322784431138,1.5,300.4730286711929,298.17443826143545,298.1500059210158
2.896853443113775,1.5,300.4746427781736,298.1745423516584,298.15000599970676
2.9004790419161703,1.5,300.4762560795276,298.1746466716048,298.1500060792604
2.9041046407185656,1.5,300.4778685768812,298.1747512211823,298.150006159684
2.9077302395209608,1.5,300.4794802718549,298.1748560002974,298.15000624098485
2.911355838323356,1.5,300.48109116606383,298.1749610088564,298.1500063231704
2.914981437125751,1.5,300.4827012611177,298.1750662467654,298.150006406248
2.9186070359281464,1.5,300.4843105586208,298.1751717139296,298.1500064902251
2.9222326347305416,1.5,300.4859190601718,298.175277410254,298.1500065751093
2.925858233532937,1.5,300.48752676736433,298.1753833356433,298.15000666090793
2.929483832335332,1.5,300.4891336817864,298.1754894900013,298.1500067476287
2.9331094311377273,1.5,300.49073980502095,298.1755958732319,298.15000683527927
2.9367350299401225,1.5,300.4923451386452,298.1757024852383,298.1500069238672
2.9403606287425177,1.5,300.4939496842314,298.17580932592324,298.15000701340017
2.943986227544913,1.5,300.49555344334647,298.17591639518923,298.15000710388597
2.947611826347308,1.5,300.4971564175521,298.17602369293814,298.15000719533236
2.9512374251497033,1.5,300.49875860840456,298.1761312190717,298.1500072877472
2.9548630239520985,1.5,300.5003600174554,298.17623897349085,298.15000738113827
2.9584886227544938,1.5,300.5019606462505,298.17634695609655,298.1500074755136
2.962114221556889,1.5,300.5035604963309,298.17645516678897,298.150007570881
2.965739820359284,1.5,300.5051595692324,298.1765636054682,298.1500076672486
2.9693654191616794,1.5,300.50675786648566,298.1766722720338,298.1500077646243
2.9729910179640746,1.5,300.5083553896164,298.17678116638484,298.15000786301624
2.97661661676647,1.5,300.5099521401451,298.17689028842017,298.15000796243254
2.980242215568865,1.5,300.5115481195875,298.17699963803824,298.15000806288134
2.9838678143712603,1.5,300.5131433294539,298.17710921513697,298.1500081643708
2.9874934131736555,1.5,300.5147377712501,298.17721901961414,298.15000826690925
2.9911190119760507,1.5,300.51633144647656,298.1773290513669,298.15000837050496
2.994744610778446,1.5,300.517924356629,298.17743931029213,298.15000847516615
2.998370209580841,1.5,300.51951650319813,298.1775497962865,298.1500085809012
3.0019958083832363,1.5,300.52110788766976,298.1776605092461,298.1500086877186
3.0056214071856315,1.5,300.52269851152477,298.1777714490668,298.15000879562683
3.0092470059880267,1.5,300.5242883762395,298.1778826156441,298.1500089046343
3.012872604790422,1.5,300.5258774832849,298.17799400887293,298.1500090147496
3.016498203592817,1.5,300.52746583412767,298.1781056286482,298.15000912598134
3.0201238023952124,1.5,300.5290534302293,298.1782174748643,298.150009238338
3.0237494011976076,1.5,300.5306402730468,298.1783295474153,298.1500093518284
3.027375000000003,1.5,300.53222636403217,298.1784418461949,298.15000946646114
3.031000598802398,1.5,300.53381170463297,298.17855437109654,298.1500095822451
3.0346261976047932,1.5,300.53539629629176,298.1786671220133,298.15000969918896
3.0382517964071885,1.5,300.5369801404466,298.17878009883776,298.1500098173016
3.0418773952095837,1.5,300.5385632385308,298.17889330146255,298.15000993659186
3.045502994011979,1.5,300.54014559197304,298.17900672977964,298.15001005706876
3.049128592814374,1.5,300.5417272021974,298.1791203836808,298.1500101787412
3.0527541916167693,1.5,300.5433080706234,298.17923426305754,298.1500103016182
3.0563797904191645,1.5,300.54488819866583,298.17934836780086,298.15001042570884
3.0600053892215597,1.5,300.5464675877349,298.17946269780174,298.1500105510222
3.063630988023955,1.5,300.54804623923656,298.1795772529506,298.15001067756737
3.06725658682635,1.5,300.54962415457186,298.1796920331377,298.15001080535365
3.0708821856287454,1.5,300.55120133513753,298.17980703825293,298.15001093439014
3.0745077844311406,1.5,300.5527777823259,298.179922268186,298.15001106468617
3.078133383233536,1.5,300.5543534975246,298.18003772282606,298.15001119625106
3.081758982035931,1.5,300.555928482117,298.1801534020622,298.1500113290942
3.0853845808383262,1.5,300.55750273748185,298.18026930578316,298.15001146322487
3.0890101796407214,1.5,300.5590762649937,298.1803854338774,298.15001159865267
3.0926357784431167,1.5,300.56064906602256,298.1805017862331,298.15001173538695
3.096261377245512,1.5,300.5622211419341,298.18061836273813,298.15001187343734
3.099886976047907,1.5,300.56379249408974,298.18073516328,298.15001201281336
3.1035125748503023,1.5,300.5653631238463,298.1808521877462,298.15001215352476
3.1071381736526975,1.5,300.56693303255656,298.1809694360237,298.150012295581
3.1107637724550927,1.5,300.56850222156885,298.1810869079993,298.15001243899195
3.114389371257488,1.5,300.5700706922272,298.1812046035596,298.15001258376725
3.118014970059883,1.5,300.5716384458715,298.1813225225907,298.15001272991685
3.1216405688622784,1.5,300.5732054838372,298.18144066497865,298.15001287745037
3.1252661676646736,1.5,300.5747718074557,298.1815590306092,298.15001302637796
3.128891766467069,1.5,300.5763374180542,298.1816776193678,298.1500131767093
3.132517365269464,1.5,300.5779023169555,298.18179643113973,298.1500133284545
3.136142964071859,1.5,300.57946650547836,298.18191546580994,298.1500134816236
3.1397685628742544,1.5,300.58102998493746,298.1820347232632,298.1500136362266
3.1433941616766496,1.5,300.5825927566431,298.1821542033839,298.15001379227357
3.147019760479045,1.5,300.5841548219018,298.1822739060563,298.15001394977475
3.15064535928144,1.5,300.58571618201563,298.1823938311645,298.15001410874027
3.1542709580838353,1.5,300.5872768382827,298.18251397859217,298.15001426918036
3.1578965568862305,1.5,300.58883679199727,298.1826343482228,298.1500144311054
3.1615221556886257,1.5,300.5903960444491,298.1827549399398,298.15001459452554
3.165147754491021,1.5,300.5919545969242,298.18287575362615,298.1500147594514
3.168773353293416,1.5,300.59351245070457,298.18299678916475,298.1500149258932
3.1723989520958114,1.5,300.5950696070682,298.1831180464381,298.15001509386144
3.1760245508982066,1.5,300.59662606728887,298.1832395253287,298.1500152633667
3.179650149700602,1.5,300.5981818326367,298.1833612257187,298.15001543441946
3.183275748502997,1.5,300.5997369043776,298.18348314749,298.15001560703035
3.186901347305392,1.5,300.6012912837737,298.1836052905243,298.15001578120996
3.1905269461077874,1.5,300.6028449720832,298.18372765470326,298.150015956969
3.1941525449101826,1.5,300.6043979705603,298.18385023990805,298.15001613431826
3.197778143712578,1.5,300.6059502804553,298.1839730460199,298.15001631326845
3.201403742514973,1.5,300.60750190301474,298.1840960729196,298.1500164938303
3.2050293413173683,1.5,300.60905283948125,298.18421932048784,298.1500166760149
3.2086549401197635,1.5,300.61060309109354,298.18434278860525,298.150016859833
3.2122805389221587,1.5,300.6121526590867,298.18446647715194,298.15001704529567
3.215906137724554,1.5,300.6137015446917,298.18459038600815,298.15001723241375
3.219531736526949,1.5,300.61524974913607,298.1847145150537,298.1500174211983
3.2231573353293443,1.5,300.6167972736432,298.18483886416834,298.1500176116606
3.2267829341317396,1.5,300.61834411943306,298.18496343323153,298.1500178038115
3.2304085329341348,1.5,300.61989028772155,298.1850882221228,298.1500179976625
3.23403413173653,1.5,300.62143577972097,298.18521323072105,298.1500181932245
3.237659730538925,1.5,300.62298059664005,298.18533845890533,298.15001839050905
3.2412853293413204,1.5,300.6245247396836,298.18546390655445,298.15001858952724
3.2449109281437156,1.5,300.6260682100528,298.185589573547,298.1500187902905
3.248536526946111,1.5,300.6276110089451,298.18571545976147,298.1500189928103
3.252162125748506,1.5,300.62915313755457,298.185841565076,298.15001919709806
3.2557877245509013,1.5,300.63069459707134,298.1859678893688,298.1500194031652
3.2594133233532965,1.5,300.63223538868203,298.1860944325176,298.1500196110233
3.2630389221556917,1.5,300.6337755135695,298.1862211944003,298.150019820684
3.266664520958087,1.5,300.6353149729133,298.1863481748944,298.1500200321588
3.270290119760482,1.5,300.636853767889,298.1864753738774,298.15002024545953
3.2739157185628773,1.5,300.6383918996691,298.1866027912264,298.15002046059783
3.2775413173652725,1.5,300.639929369422,298.18673042681866,298.1500206775854
3.2811669161676678,1.5,300.64146617831295,298.18685828053106,298.15002089643417
3.284792514970063,1.5,300.6430023275035,298.18698635224024,298.150021117156
3.288418113772458,1.5,300.6445378181517,298.187114641823,298.1500213397626
3.2920437125748534,1.5,300.6460726514122,298.1872431491557,298.1500215642661
3.2956693113772486,1.5,300.6476068284361,298.1873718741147,298.15002179067847
3.299294910179644,1.5,300.6491403503709,298.1875008165761,298.1500220190116
3.302920508982039,1.5,300.65067321836074,298.187629976416,298.15002224927775
3.3065461077844343,1.5,300.6522054335464,298.1877593535103,298.1500224814889
3.3101717065868295,1.5,300.65373699706515,298.18788894773473,298.15002271565737
3.3137973053892247,1.5,300.6552679100509,298.18801875896486,298.1500229517952
3.31742290419162,1.5,300.65679817363394,298.1881487870761,298.1500231899148
3.321048502994015,1.5,300.6583277889415,298.1882790319438,298.15002343002845
3.3246741017964103,1.5,300.6598567570972,298.1884094934432,298.1500236721484
3.3282997005988055,1.5,300.6613850792213,298.1885401714493,298.1500239162871
3.3319252994012007,1.5,300.66291275643084,298.188671065837,298.1500241624571
3.335550898203596,1.5,300.6644397898394,298.1888021764811,298.1500244106707
3.339176497005991,1.5,300.6659661805573,298.1889335032563,298.15002466094063
3.3428020958083864,1.5,300.6674919296915,298.1890650460371,298.15002491327925
3.3464276946107816,1.5,300.66901703834577,298.18919680469793,298.15002516769937
3.350053293413177,1.5,300.67054150762044,298.1893287791131,298.15002542421354
3.353678892215572,1.5,300.67206533861264,298.1894609691567,298.1500256828345
3.3573044910179672,1.5,300.6735885324163,298.18959337470295,298.1500259435751
3.3609300898203625,1.5,300.675111090122,298.1897259956256,298.150026206448
3.3645556886227577,1.5,300.67663301281715,298.1898588317985,298.1500264714661
3.368181287425153,1.5,300.67815430158595,298.1899918830954,298.1500267386424
3.371806886227548,1.5,300.6796749575093,298.19012514938987,298.1500270079896
3.3754324850299433,1.5,300.68119498166493,298.1902586305554,298.15002727952094
3.3790580838323385,1.5,300.6827143751275,298.19039232646537,298.15002755324934
3.3826836826347337,1.5,300.6842331389684,298.190526236993,298.1500278291878
3.386309281437129,1.5,300.6857512742559,298.1906603620114,298.1500281073496
3.389934880239524,1.5,300.68726878205496,298.19079470139377,298.15002838774785
3.3935604790419194,1.5,300.6887856634276,298.1909292550129,298.1500286703956
3.3971860778443146,1.5,300.6903019194327,298.1910640227417,298.1500289553063
3.40081167664671,1.5,300.691817551126,298.19119900445304,298.1500292424932
3.404437275449105,1.5,300.6933325595601,298.19133420001936,298.15002953196966
3.4080628742515002,1.5,300.6948469457845,298.19146960931334,298.15002982374904
3.4116884730538954,1.5,300.6963607108457,298.19160523220734,298.1500301178448
3.4153140718562907,1.5,300.697873855787,298.1917410685739,298.15003041427025
3.418939670658686,1.5,300.6993863816489,298.1918771182851,298.1500307130392
3.422565269461081,1.5,300.70089828946857,298.1920133812132,298.15003101416505
3.4261908682634763,1.5,300.70240958028035,298.19214985723033,298.15003131766144
3.4298164670658715,1.5,300.7039202551155,298.19228654620844,298.15003162354213
3.4334420658682667,1.5,300.7054303150023,298.19242344801955,298.1500319318207
3.437067664670662,1.5,300.7069397609659,298.19256056253533,298.1500322425109
3.440693263473057,1.5,300.70844859402865,298.19269788962765,298.1500325556267
3.4443188622754524,1.5,300.7099568152098,298.1928354291682,298.1500328711817
3.4479444610778476,1.5,300.71146442552583,298.19297318102855,298.1500331891899
3.451570059880243,1.5,300.71297142599,298.1931111450801,298.1500335096653
3.455195658682638,1.5,300.7144778176128,298.1932493211944,298.1500338326218
3.458821257485033,1.5,300.7159836014018,298.1933877092428,298.1500341580734
3.4624468562874284,1.5,300.71748877836154,298.1935263090965,298.15003448603426
3.4660724550898236,1.5,300.71899334949376,298.1936651206268,298.1500348165184
3.469698053892219,1.5,300.72049731579733,298.1938041437048,298.1500351495401
3.473323652694614,1.5,300.7220006782681,298.19394337820165,298.1500354851134
3.4769492514970093,1.5,300.7235034378991,298.19408282398825,298.15003582325267
3.4805748502994045,1.5,300.7250055956807,298.19422248093554,298.1500361639722
3.4842004491017997,1.5,300.7265071526001,298.19436234891447,298.15003650728613
3.487826047904195,1.5,300.7280081096419,298.1945024277958,298.1500368532091
3.49145164670659,1.5,300.7295084677878,298.19464271745017,298.15003720175537
3.4950772455089854,1.5,300.73100822801655,298.19478321774835,298.15003755293947
3.4987028443113806,1.5,300.7325073913042,298.1949239285609,298.150037906776
3.502328443113776,1.5,300.7340059586241,298.19506484975847,298.1500382632794
3.505954041916171,1.5,300.7355039309468,298.1952059812114,298.1500386224643
3.509579640718566,1.5,300.7370013092398,298.19534732279027,298.15003898434543
3.5132052395209614,1.5,300.7384980944682,298.1954888743654,298.1500393489374
3.5168308383233566,1.5,300.7399942875941,298.19563063580705,298.1500397162549
3.520456437125752,1.5,300.7414898895769,298.1957726069856,298.15004008631286
3.524082035928147,1.5,300.7429849013734,298.1959147877712,298.1500404591261
3.5277076347305423,1.5,300.74447932393747,298.1960571780341,298.15004083470933
3.5313332335329375,1.5,300.74597315822047,298.1961997776442,298.1500412130776
3.5349588323353327,1.5,300.7474664051708,298.1963425864718,298.15004159424586
3.538584431137728,1.5,300.7489590657345,298.1964856043868,298.1500419782291
3.542210029940123,1.5,300.75045114085464,298.19662883125926,298.15004236504234
3.5458356287425183,1.5,300.7519426314717,298.196772266959,298.1500427547008
3.5494612275449136,1.5,300.7534335385236,298.196915911356,298.15004314721944
3.5530868263473088,1.5,300.7549238629455,298.19705976431993,298.1500435426136
3.556712425149704,1.5,300.7564136056699,298.19720382572075,298.15004394089846
3.560338023952099,1.5,300.7579027676266,298.1973480954282,298.15004434208925
3.5639636227544944,1.5,300.75939134974305,298.19749257331193,298.1500447462014
3.5675892215568896,1.5,300.76087935294385,298.1976372592417,298.15004515325
3.571214820359285,1.5,300.7623667781511,298.197782153087,298.1500455632509
3.57484041916168,1.5,300.7638536262841,298.19792725471757,298.15004597621913
3.5784660179640753,1.5,300.7653398982598,298.1980725640029,298.1500463921704
3.5820916167664705,1.5,300.7668255949926,298.1982180808126,298.15004681112026
3.5857172155688657,1.5,300.7683107173941,298.198363805016,298.15004723308414
3.589342814371261,1.5,300.7697952663735,298.1985097364828,298.1500476580778
3.592968413173656,1.5,300.77127924283747,298.1986558750822,298.15004808611695
3.5965940119760513,1.5,300.77276264768994,298.1988022206838,298.1500485172172
3.6002196107784465,1.5,300.77424548183257,298.19894877315676,298.1500489513944
3.6038452095808418,1.5,300.77572774616436,298.1990955323707,298.1500493886643
3.607470808383237,1.5,300.77720944158176,298.1992424981946,298.15004982904276
3.611096407185632,1.5,300.7786905689789,298.1993896704981,298.15005027254557
3.6147220059880274,1.5,300.7801711292471,298.1995370491502,298.15005071918887
3.6183476047904226,1.5,300.78165112327565,298.1996846340203,298.15005116898845
3.621973203592818,1.5,300.7831305519508,298.19983242497756,298.1500516219605
3.625598802395213,1.5,300.78460941615697,298.19998042189104,298.15005207812095
3.6292244011976083,1.5,300.78608771677546,298.2001286246301,298.150052537486
3.6328500000000035,1.5,300.78756545468565,298.20027703306386,298.1500530000718
3.6364755988023987,1.5,300.78904263076413,298.2004256470614,298.1500534658944
3.640101197604794,1.5,300.7905192458854,298.20057446649196,298.15005393497034
3.643726796407189,1.5,300.79199530092114,298.2007234912244,298.1500544073157
3.6473523952095843,1.5,300.7934707967409,298.20087272112795,298.15005488294673
3.6509779940119795,1.5,300.79494573421175,298.2010221560717,298.15005536187994
3.6546035928143747,1.5,300.7964201141984,298.2011717959246,298.15005584413177
3.65822919161677,1.5,300.79789393756295,298.2013216405558,298.15005632971855
3.661854790419165,1.5,300.7993672051655,298.2014716898342,298.15005681865694
3.6654803892215604,1.5,300.8008399178634,298.2016219436289,298.15005731096335
3.6691059880239556,1.5,300.802312076512,298.2017724018088,298.15005780665444
3.672731586826351,1.5,300.803783681964,298.201923064243,298.1500583057469
3.676357185628746,1.5,300.8052547350698,298.20207393080034,298.1500588082573
3.6799827844311412,1.5,300.8067252366776,298.2022250013499,298.1500593142024
3.6836083832335365,1.5,300.8081951876332,298.20237627576057,298.15005982359895
3.6872339820359317,1.5,300.80966458878004,298.20252775390145,298.1500603364638
3.690859580838327,1.5,300.8111334409593,298.20267943564124,298.15006085281374
3.694485179640722,1.5,300.81260174500983,298.20283132084904,298.15006137266573
3.6981107784431173,1.5,300.8140695017682,298.20298340939377,298.15006189603656
3.7017363772455125,1.5,300.81553671206865,298.20313570114433,298.1500624229434
3.7053619760479077,1.5,300.8170033767432,298.20328819596966,298.15006295340316
3.708987574850303,1.5,300.81846949662156,298.20344089373873,298.15006348743293
3.712613173652698,1.5,300.8199350725312,298.2035937943204,298.1500640250498
3.7162387724550934,1.5,300.8214001052973,298.2037468975836,298.15006456627094
3.7198643712574886,1.5,300.8228645957429,298.2039002033972,298.1500651111135
3.723489970059884,1.5,300.82432854468857,298.2040537116302,298.1500656595948
3.727115568862279,1.5,300.8257919529529,298.2042074221515,298.15006621173205
3.7307411676646742,1.5,300.82725482135214,298.2043613348301,298.15006676754257
3.7343667664670694,1.5,300.8287171507003,298.20451544953477,298.15006732704376
3.7379923652694647,1.5,300.83017894180915,298.20466976613454,298.15006789025296
3.74161796407186,1.5,300.83164019548843,298.2048242844984,298.1500684571877
3.745243562874255,1.5,300.83310091254555,298.20497900449516,298.1500690278654
3.7488691616766503,1.5,300.8345610937858,298.2051339259939,298.15006960230363
3.7524947604790455,1.5,300.8360207400122,298.20528904886345,298.15007018051995
3.7561203592814407,1.5,300.83747985202564,298.20544437297286,298.1500707625319
3.759745958083836,1.5,300.8389384306249,298.20559989819105,298.1500713483574
3.763371556886231,1.5,300.8403964766066,298.205755624387,298.15007193801387
3.7669971556886264,1.5,300.8418539907652,298.2059115514298,298.15007253151913
3.7706227544910216,1.5,300.8433109738928,298.2060676791883,298.15007312889105
3.774248353293417,1.5,300.84476742677987,298.2062240075316,298.1500737301473
3.777873952095812,1.5,300.8462233502143,298.20638053632865,298.1500743353058
3.781499550898207,1.5,300.84767874498203,298.2065372654486,298.1500749443846
3.7851251497006024,1.5,300.8491336118669,298.2066941947604,298.1500755574015
3.7887507485029976,1.5,300.85058795165054,298.2068513241332,298.1500761743746
3.792376347305393,1.5,300.85204176511274,298.20700865343593,298.1500767953218
3.796001946107788,1.5,300.8534950530309,298.2071661825377,298.15007742026125
3.7996275449101833,1.5,300.85494781618047,298.20732391130775,298.15007804921106
3.8032531437125785,1.5,300.8564000553349,298.2074818396151,298.1500786821895
3.8068787425149737,1.5,300.85785177126553,298.2076399673289,298.15007931921457
3.810504341317369,1.5,300.8593029647415,298.2077982943183,298.1500799603047
3.814129940119764,1.5,300.86075363653015,298.2079568204524,298.150080605478
3.8177555389221594,1.5,300.8622037873965,298.20811554560055,298.150081254753
3.8213811377245546,1.5,300.8636534181038,298.2082744696319,298.15008190814785
3.82500673652695,1.5,300.86510252941304,298.2084335924156,298.15008256568103
3.828632335329345,1.5,300.86655112208325,298.2085929138209,298.1500832273711
3.83225793413174,1.5,300.8679991968716,298.20875243371717,298.1500838932364
3.8358835329341354,1.5,300.86944675453304,298.20891215197366,298.1500845632956
3.8395091317365306,1.5,300.8708937958207,298.20907206845965,298.1500852375671
3.843134730538926,1.5,300.8723403214854,298.2092321830445,298.15008591606966
3.846760329341321,1.5,300.87378633227644,298.2093924955975,298.15008659882193
3.8503859281437163,1.5,300.87523182894074,298.2095530059882,298.1500872858425
3.8540115269461115,1.5,300.8766768122235,298.20971371408586,298.15008797715024
3.8576371257485067,1.5,300.8781212828677,298.20987461975994,298.15008867276373
3.861262724550902,1.5,300.87956524161456,298.2100357228799,298.150089372702
3.864888323353297,1.5,300.8810086892033,298.21019702331523,298.1500900769837
3.8685139221556923,1.5,300.8824516263712,298.2103585209355,298.1500907856279
3.8721395209580876,1.5,300.8838940538535,298.21052021561013,298.1500914986535
3.8757651197604828,1.5,300.88533597238364,298.21068210720875,298.15009221607943
3.879390718562878,1.5,300.886777382693,298.21084419560094,298.1500929379247
3.883016317365273,1.5,300.8882182855112,298.2110064806563,298.15009366420844
3.8866419161676684,1.5,300.8896586815657,298.2111689622446,298.15009439494975
3.8902675149700636,1.5,300.8910985715824,298.21133164023536,298.1500951301677
3.893893113772459,1.5,300.89253795628497,298.2114945144984,298.15009586988145
3.897518712574854,1.5,300.8939768363953,298.21165758490343,298.1500966141103
3.9011443113772493,1.5,300.8954152126335,298.21182085132017,298.15009736287345
3.9047699101796445,1.5,300.8968530857175,298.2119843136185,298.1500981161902
3.9083955089820397,1.5,300.8982904563637,298.2121479716681,298.1500988740799
3.912021107784435,1.5,300.8997273252865,298.21231182533904,298.150099636562
3.91564670658683,1.5,300.9011636931983,298.21247587450114,298.1501004036558
3.9192723053892253,1.5,300.90259956080996,298.2126401190243,298.1501011753808
3.9228979041916205,1.5,300.90403492883,298.21280455877854,298.15010195175654
3.9265235029940158,1.5,300.90546979796557,298.2129691936338,298.15010273280257
3.930149101796411,1.5,300.90690416892176,298.2131340234602,298.15010351853834
3.933774700598806,1.5,300.90833804240174,298.2132990481278,298.1501043089836
3.9374002994012014,1.5,300.9097714191071,298.21346426750665,298.15010510415794
3.9410258982035966,1.5,300.91120429973745,298.21362968146695,298.15010590408104
3.944651497005992,1.5,300.91263668499056,298.2137952898789,298.1501067087727
3.948277095808387,1.5,300.9140685755625,298.21396109261264,298.15010751825264
3.9519026946107823,1.5,300.9154999721475,298.21412708953847,298.15010833254064
3.9555282934131775,1.5,300.91693087543786,298.21429328052665,298.1501091516566
3.9591538922155727,1.5,300.91836128612425,298.21445966544763,298.15010997562035
3.962779491017968,1.5,300.91979120489555,298.21462624417165,298.1501108044519
3.966405089820363,1.5,300.92122063243875,298.21479301656916,298.15011163817115
3.9700306886227583,1.5,300.9226495694392,298.21495998251066,298.1501124767982
3.9736562874251535,1.5,300.9240780165804,298.2151271418666,298.150113320353
3.9772818862275487,1.5,300.925505974544,298.21529449450753,298.1501141688556
3.980907485029944,1.5,300.9269334440102,298.2154620403041,298.15011502232625
3.984533083832339,1.5,300.92836042565716,298.21562977912674,298.150115880785
3.9881586826347344,1.5,300.9297869201614,298.21579771084623,298.15011674425205
3.9917842814371296,1.5,300.9312129281975,298.21596583533324,298.1501176127478
3.995409880239525,1.5,300.9326384504389,298.2161341524585,298.1501184862923
3.99903547904192,1.5,300.93406348755656,298.21630266209286,298.15011936490595
4.002661077844315,1.5,300.93548804022015,298.21647136410706,298.1501202486091
4.00628667664671,1.5,300.93691210909765,298.2166402583721,298.15012113742216
4.009912275449104,1.5,300.93833569485514,298.21680934475876,298.1501220313655
4.013537874251499,1.5,300.93975879815713,298.21697862313806,298.1501229304597
4.017163473053894,1.5,300.9411814196664,298.21714809338096,298.1501238347251
4.020789071856289,1.5,300.94260356004395,298.2173177553586,298.1501247441824
4.024414670658683,1.5,300.9440252199492,298.217487608942,298.150125658852
4.028040269461078,1.5,300.9454464000398,298.2176576540023,298.15012657875474
4.031665868263473,1.5,300.946867100972,298.2178278904108,298.15012750391105
4.035291467065868,1.5,300.94828732339994,298.2179983180385,298.15012843434175
4.0389170658682625,1.5,300.9497070679764,298.2181689367569,298.1501293700675
4.042542664670657,1.5,300.9511263353524,298.2183397464373,298.1501303111091
4.046168263473052,1.5,300.9525451261773,298.21851074695104,298.1501312574874
4.049793862275447,1.5,300.9539634410989,298.2186819381695,298.15013220922305
4.053419461077842,1.5,300.9553812807632,298.2188533199641,298.1501331663372
4.057045059880236,1.5,300.9567986458148,298.2190248922066,298.1501341288505
4.060670658682631,1.5,300.9582155368963,298.2191966547684,298.15013509678414
4.064296257485026,1.5,300.9596319546491,298.21936860752106,298.1501360701589
4.067921856287421,1.5,300.96104789971275,298.21954075033636,298.1501370489959
4.071547455089815,1.5,300.96246337272515,298.219713083086,298.15013803331624
4.07517305389221,1.5,300.96387837432263,298.2198856056417,298.1501390231409
4.078798652694605,1.5,300.9652929051401,298.2200583178754,298.15014001849113
4.082424251497,1.5,300.96670696581043,298.22023121965884,298.150141019388
4.0860498502993945,1.5,300.96812055696535,298.22040431086396,298.1501420258528
4.089675449101789,1.5,300.9695336792348,298.2205775913628,298.1501430379067
4.093301047904184,1.5,300.97094633324707,298.2207510610273,298.150144055571
4.096926646706579,1.5,300.9723585196291,298.2209247197296,298.150145078867
4.100552245508974,1.5,300.973770239006,298.22109856734187,298.15014610781617
4.104177844311368,1.5,300.9751814920014,298.2212726037361,298.1501471424397
4.107803443113763,1.5,300.97659227923754,298.2214468287848,298.1501481827592
4.111429041916158,1.5,300.97800260133477,298.22162124235996,298.15014922879607
4.115054640718553,1.5,300.9794124589121,298.22179584433417,298.1501502805717
4.118680239520947,1.5,300.98082185258704,298.22197063457975,298.1501513381078
4.122305838323342,1.5,300.98223078297536,298.2221456129691,298.15015240142566
4.125931437125737,1.5,300.9836392506915,298.2223207793747,298.1501534705472
4.129557035928132,1.5,300.98504725634825,298.22249613366915,298.1501545454939
4.1331826347305265,1.5,300.9864548005568,298.22267167572505,298.1501556262874
4.136808233532921,1.5,300.987861883927,298.22284740541505,298.1501567129494
4.140433832335316,1.5,300.98926850706704,298.22302332261194,298.1501578055018
4.144059431137711,1.5,300.9906746705837,298.2231994271885,298.1501589039662
4.147685029940106,1.5,300.99208037508214,298.2233757190175,298.15016000836454
4.1513106287425,1.5,300.99348562116603,298.2235521979718,298.1501611187186
4.154936227544895,1.5,300.99489040943763,298.2237288639244,298.1501622350503
4.15856182634729,1.5,300.9962947404977,298.22390571674833,298.1501633573815
4.162187425149685,1.5,300.9976986149453,298.2240827563166,298.1501644857342
4.165813023952079,1.5,300.99910203337834,298.22425998250236,298.1501656201303
4.169438622754474,1.5,301.000504996393,298.2244373951787,298.150166760592
4.173064221556869,1.5,301.00190750458404,298.22461499421894,298.1501679071412
4.176689820359264,1.5,301.0033095585448,298.2247927794963,298.1501690598001
4.1803154191616585,1.5,301.00471115886705,298.22497075088415,298.15017021859074
4.183941017964053,1.5,301.0061123061413,298.22514890825596,298.1501713835354
4.187566616766448,1.5,301.00751300095635,298.2253272514851,298.1501725546561
4.191192215568843,1.5,301.0089132438998,298.22550578044513,298.1501737319751
4.194817814371238,1.5,301.0103130355576,298.22568449500966,298.15017491551475
4.198443413173632,1.5,301.01171237651437,298.2258633950523,298.1501761052974
4.202069011976027,1.5,301.01311126735317,298.2260424804466,298.15017730134525
4.205694610778422,1.5,301.0145097086558,298.22622175106653,298.1501785036807
4.209320209580817,1.5,301.01590770100245,298.22640120678585,298.1501797123262
4.212945808383211,1.5,301.017305244972,298.22658084747843,298.1501809273041
4.216571407185606,1.5,301.0187023411419,298.22676067301813,298.150182148637
4.220197005988001,1.5,301.0200989900882,298.226940683279,298.1501833763472
4.223822604790396,1.5,301.0214951923854,298.22712087813517,298.1501846104574
4.2274482035927905,1.5,301.0228909486069,298.22730125746057,298.1501858509901
4.231073802395185,1.5,301.02428625932436,298.2274818211296,298.1501870979679
4.23469940119758,1.5,301.0256811251081,298.2276625690164,298.1501883514134
4.238324999999975,1.5,301.0270755465273,298.22784350099516,298.1501896113494
4.24195059880237,1.5,301.0284695241495,298.2280246169404,298.1501908777984
4.245576197604764,1.5,301.02986305854085,298.2282059167265,298.15019215078337
4.249201796407159,1.5,301.03125615026636,298.2283874002279,298.1501934303269
4.252827395209554,1.5,301.0326487998894,298.2285690673192,298.15019471645184
4.256452994011949,1.5,301.034041007972,298.22875091787495,298.15019600918095
4.260078592814343,1.5,301.03543277507515,298.2289329517698,298.1501973085372
4.263704191616738,1.5,301.036824101758,298.2291151688787,298.1501986145435
4.267329790419133,1.5,301.0382149885787,298.2292975690762,298.1501999272227
4.270955389221528,1.5,301.03960543609384,298.2294801522372,298.15020124659776
4.2745809880239225,1.5,301.0409954448587,298.2296629182367,298.1502025726917
4.278206586826317,1.5,301.0423850154274,298.2298458669496,298.1502039055276
4.281832185628712,1.5,301.0437741483524,298.230028998251,298.1502052451284
4.285457784431107,1.5,301.04516284418503,298.230212312016,298.15020659151725
4.289083383233502,1.5,301.0465511034752,298.2303958081198,298.15020794471735
4.292708982035896,1.5,301.04793892677174,298.2305794864376,298.1502093047517
4.296334580838291,1.5,301.04932631462174,298.23076334684475,298.15021067164355
4.299960179640686,1.5,301.05071326757115,298.2309473892165,298.1502120454163
4.303585778443081,1.5,301.05209978616483,298.23113161342843,298.1502134260929
4.307211377245475,1.5,301.053485870946,298.2313160193559,298.15021481369683
4.31083697604787,1.5,301.05487152245666,298.2315006068746,298.1502162082513
4.314462574850265,1.5,301.0562567412377,298.2316853758601,298.1502176097797
4.31808817365266,1.5,301.05764152782837,298.23187032618796,298.15021901830545
4.3217137724550545,1.5,301.05902588276706,298.23205545773413,298.1502204338519
4.325339371257449,1.5,301.0604098065903,298.2322407703743,298.15022185644244
4.328964970059844,1.5,301.06179329983394,298.2324262639844,298.15022328610064
4.332590568862239,1.5,301.06317636303214,298.2326119384404,298.15022472285
4.336216167664634,1.5,301.06455899671784,298.23279779361826,298.15022616671394
4.339841766467028,1.5,301.06594120142285,298.2329838293941,298.15022761771615
4.343467365269423,1.5,301.0673229776776,298.23317004564404,298.1502290758801
4.347092964071818,1.5,301.0687043260112,298.2333564422443,298.1502305412295
4.350718562874213,1.5,301.07008524695163,298.23354301907113,298.150232013788
4.354344161676607,1.5,301.0714657410256,298.2337297760009,298.1502334935793
4.357969760479002,1.5,301.07284580875836,298.2339167129101,298.15023498062703
4.361595359281397,1.5,301.07422545067425,298.2341038296751,298.150236474955
4.365220958083792,1.5,301.075604667296,298.2342911261725,298.15023797658705
4.3688465568861865,1.5,301.0769834591453,298.23447860227884,298.15023948554693
4.372472155688581,1.5,301.0783618267426,298.2346662578708,298.1502410018584
4.376097754490976,1.5,301.0797397706071,298.2348540928252,298.1502425255454
4.379723353293371,1.5,301.08111729125665,298.23504210701867,298.1502440566319
4.383348952095766,1.5,301.082494389208,298.23523030032834,298.1502455951416
4.38697455089816,1.5,301.08387106497673,298.23541867263094,298.1502471410987
4.390600149700555,1.5,301.0852473190771,298.23560722380364,298.15024869452714
4.39422574850295,1.5,301.08662315202196,298.23579595372337,298.15025025545077
4.397851347305345,1.5,301.0879985643233,298.23598486226746,298.1502518238938
4.401476946107739,1.5,301.0893735564918,298.23617394931296,298.1502533998803
4.405102544910134,1.5,301.09074812903674,298.2363632147372,298.1502549834343
4.408728143712529,1.5,301.0921222824664,298.2365526584175,298.15025657458
4.412353742514924,1.5,301.09349601728775,298.2367422802313,298.15025817334146
4.4159793413173185,1.5,301.09486933400666,298.2369320800561,298.150259779743
4.419604940119713,1.5,301.0962422331278,298.2371220577694,298.1502613938088
4.423230538922108,1.5,301.09761471515446,298.23731221324886,298.1502630155631
4.426856137724503,1.5,301.098986780589,298.2375025463722,298.1502646450302
4.430481736526898,1.5,301.1003584299324,298.23769305701717,298.1502662822343
4.434107335329292,1.5,301.1017296636847,298.23788374506154,298.1502679271999
4.437732934131687,1.5,301.1031004823445,298.2380746103832,298.15026957995127
4.441358532934082,1.5,301.10447088640933,298.2382656528601,298.1502712405128
4.444984131736477,1.5,301.1058408763757,298.2384568723703,298.1502729089089
4.448609730538871,1.5,301.10721045273874,298.23864826879196,298.1502745851641
4.452235329341266,1.5,301.1085796159925,298.23883984200313,298.1502762693028
4.455860928143661,1.5,301.10994836662996,298.23903159188217,298.1502779613497
4.459486526946056,1.5,301.11131670514277,298.23922351830726,298.150279661329
4.4631121257484505,1.5,301.11268463202157,298.23941562115687,298.1502813692656
4.466737724550845,1.5,301.1140521477559,298.23960790030935,298.1502830851839
4.47036332335324,1.5,301.115419252834,298.23980035564335,298.1502848091085
4.473988922155635,1.5,301.1167859477429,298.2399929870373,298.1502865410642
4.47761452095803,1.5,301.11815223296895,298.24018579436995,298.1502882810755
4.481240119760424,1.5,301.1195181089968,298.24037877751994,298.15029002916725
4.484865718562819,1.5,301.12088357631035,298.24057193636617,298.15029178536406
4.488491317365214,1.5,301.12224863539217,298.24076527078745,298.1502935496908
4.492116916167609,1.5,301.1236132867239,298.24095878066265,298.1502953221721
4.495742514970003,1.5,301.12497753078594,298.24115246587087,298.150297102833
4.499368113772398,1.5,301.1263413680575,298.2413463262911,298.15029889169824
4.502993712574793,1.5,301.1277047990169,298.24154036180244,298.1503006887926
4.506619311377188,1.5,301.12906782414103,298.2417345722842,298.15030249414104
4.5102449101795825,1.5,301.13043044390605,298.2419289576156,298.1503043077685
4.513870508981977,1.5,301.13179265878676,298.2421235176761,298.1503061296999
4.517496107784372,1.5,301.1331544692569,298.24231825234494,298.15030795996023
4.521121706586767,1.5,301.1345158757893,298.2425131615017,298.1503097985745
4.524747305389162,1.5,301.1358768788554,298.24270824502594,298.1503116455677
4.528372904191556,1.5,301.1372374789258,298.2429035027973,298.15031350096496
4.531998502993951,1.5,301.13859767646983,298.2430989346954,298.15031536479125
4.535624101796346,1.5,301.1399574719559,298.2432945406002,298.15031723707176
4.539249700598741,1.5,301.1413168658512,298.2434903203913,298.1503191178316
4.542875299401135,1.5,301.14267585862194,298.2436862739487,298.15032100709595
4.54650089820353,1.5,301.1440344507333,298.2438824011524,298.15032290489
4.550126497005925,1.5,301.14539264264926,298.2440787018824,298.150324811239
4.55375209580832,1.5,301.1467504348328,298.24427517601896,298.15032672616803
4.5573776946107145,1.5,301.14810782774583,298.2444718234421,298.15032864970254
4.561003293413109,1.5,301.1494648218492,298.24466864403223,298.1503305818677
4.564628892215504,1.5,301.15082141760286,298.2448656376696,298.15033252268887
4.568254491017899,1.5,301.1521776154654,298.2450628042346,298.15033447219145
4.571880089820294,1.5,301.1535334158945,298.2452601436077,298.15033643040067
4.575505688622688,1.5,301.154888819347,298.24545765566955,298.15033839734207
4.579131287425083,1.5,301.1562438262782,298.24565534030063,298.150340373041
4.582756886227478,1.5,301.15759843714295,298.24585319738173,298.15034235752285
4.586382485029873,1.5,301.1589526523947,298.2460512267936,298.15034435081316
4.590008083832267,1.5,301.1603064724859,298.246249428417,298.15034635293745
4.593633682634662,1.5,301.1616598978681,298.2464478021329,298.1503483639212
4.597259281437057,1.5,301.16301292899163,298.2466463478222,298.1503503837899
4.600884880239452,1.5,301.16436556630606,298.246845065366,298.1503524125692
4.6045104790418465,1.5,301.16571781025965,298.2470439546454,298.15035445028457
4.608136077844241,1.5,301.1670696612999,298.2472430155415,298.1503564969618
4.611761676646636,1.5,301.16842111987296,298.2474422479358,298.1503585526265
4.615387275449031,1.5,301.1697721864244,298.24764165170933,298.1503606173043
4.619012874251426,1.5,301.17112286139843,298.2478412267437,298.1503626910208
4.62263847305382,1.5,301.1724731452385,298.24804097292025,298.15036477380187
4.626264071856215,1.5,301.1738230383868,298.24824089012066,298.15036686567316
4.62988967065861,1.5,301.1751725412847,298.24844097822637,298.1503689666605
4.633515269461005,1.5,301.1765216543727,298.24864123711916,298.15037107678955
4.637140868263399,1.5,301.1778703780899,298.24884166668085,298.1503731960862
4.640766467065794,1.5,301.17921871287473,298.2490422667931,298.1503753245764
4.644392065868189,1.5,301.18056665916464,298.2492430373379,298.1503774622858
4.648017664670584,1.5,301.18191421739584,298.2494439781973,298.1503796092405
4.6516432634729785,1.5,301.18326138800387,298.2496450892532,298.1503817654662
4.655268862275373,1.5,301.184608171423,298.24984637038784,298.150383930989
4.658894461077768,1.5,301.1859545680867,298.2500478214833,298.1503861058347
4.662520059880163,1.5,301.18730057842754,298.2502494424219,298.1503882900294
4.666145658682558,1.5,301.1886462028769,298.2504512330858,298.1503904835991
4.669771257484952,1.5,301.1899914418653,298.25065319335766,298.1503926865698
4.673396856287347,1.5,301.1913362958222,298.25085532311977,298.15039489896753
4.677022455089742,1.5,301.1926807651765,298.2510576222548,298.15039712081835
4.680648053892137,1.5,301.1940248503555,298.25126009064525,298.1503993521484
4.684273652694531,1.5,301.19536855178603,298.25146272817386,298.15040159298377
4.687899251496926,1.5,301.19671186989376,298.2516655347234,298.1504038433506
4.691524850299321,1.5,301.1980548051035,298.2518685101766,298.15040610327515
4.695150449101716,1.5,301.199397357839,298.2520716544165,298.1504083727834
4.6987760479041105,1.5,301.20073952852323,298.25227496732595,298.15041065190167
4.702401646706505,1.5,301.20208131757806,298.25247844878805,298.1504129406563
4.7060272455089,1.5,301.2034227254245,298.25268209868597,298.15041523907337
4.709652844311295,1.5,301.2047637524826,298.25288591690287,298.1504175471792
4.71327844311369,1.5,301.2061043991714,298.2530899033219,298.1504198650002
4.716904041916084,1.5,301.2074446659092,298.2532940578265,298.1504221925625
4.720529640718479,1.5,301.20878455311316,298.2534983803,298.1504245298926
4.724155239520874,1.5,301.2101240611996,298.25370287062594,298.1504268770168
4.727780838323269,1.5,301.2114631905841,298.2539075286879,298.15042923396146
4.7314064371256634,1.5,301.21280194168094,298.25411235436934,298.15043160075305
4.735032035928058,1.5,301.2141403149038,298.25431734755415,298.150433977418
4.738657634730453,1.5,301.21547831066533,298.25452250812594,298.1504363639827
4.742283233532848,1.5,301.21681592937716,298.2547278359686,298.1504387604737
4.7459088323352425,1.5,301.21815317145024,298.254933330966,298.15044116691746
4.749534431137637,1.5,301.21949003729446,298.2551389930022,298.15044358334046
4.753160029940032,1.5,301.22082652731876,298.2553448219611,298.15044600976927
4.756785628742427,1.5,301.22216264193133,298.255550817727,298.1504484462305
4.760411227544822,1.5,301.2234983815393,298.25575698018395,298.1504508927506
4.764036826347216,1.5,301.2248337465491,298.2559633092163,298.1504533493563
4.767662425149611,1.5,301.2261687373661,298.25616980470835,298.15045581607416
4.771288023952006,1.5,301.2275033543948,298.25637646654445,298.1504582929308
4.774913622754401,1.5,301.2288375980388,298.25658329460924,298.150460779953
4.7785392215567954,1.5,301.2301714687009,298.2567902887871,298.15046327716726
4.78216482035919,1.5,301.231504966783,298.25699744896275,298.1504657846004
4.785790419161585,1.5,301.23283809268605,298.2572047750208,298.15046830227914
4.78941601796398,1.5,301.2341708468101,298.2574122668461,298.1504708302302
4.7930416167663745,1.5,301.2355032295545,298.2576199243234,298.1504733684804
4.796667215568769,1.5,301.2368352413176,298.2578277473377,298.15047591705644
4.800292814371164,1.5,301.2381668824968,298.258035735774,298.1504784759852
4.803918413173559,1.5,301.2394981534887,298.25824388951725,298.1504810452935
4.807544011975954,1.5,301.24082905468913,298.25845220845264,298.1504836250081
4.811169610778348,1.5,301.24215958649285,298.2586606924653,298.15048621515604
4.814795209580743,1.5,301.24348974929393,298.2588693414406,298.1504888157641
4.818420808383138,1.5,301.2448195434857,298.2590781552638,298.15049142685916
4.822046407185533,1.5,301.2461489694602,298.2592871338204,298.15049404846815
4.8256720059879274,1.5,301.24747802760913,298.2594962769958,298.1504966806181
4.829297604790322,1.5,301.24880671832295,298.25970558467554,298.15049932333585
4.832923203592717,1.5,301.25013504199137,298.25991505674534,298.1505019766485
4.836548802395112,1.5,301.2514629990035,298.2601246930908,298.15050464058305
4.8401744011975065,1.5,301.2527905897472,298.2603344935977,298.1505073151664
4.843799999999901,1.5,301.2541178146097,298.26054445815197,298.15051000042575
4.847425598802296,1.5,301.2554446739774,298.26075458663945,298.1505126963881
4.851051197604691,1.5,301.256771168236,298.26096487894614,298.1505154030805
4.854676796407086,1.5,301.25809729777,298.26117533495807,298.1505181205301
4.85830239520948,1.5,301.2594230629634,298.2613859545614,298.15052084876396
4.861927994011875,1.5,301.2607484641992,298.26159673764226,298.15052358780923
4.86555359281427,1.5,301.2620735018597,298.26180768408705,298.1505263376931
4.869179191616665,1.5,301.26339817632606,298.26201879378203,298.1505290984428
4.8728047904190595,1.5,301.2647224879791,298.26223006661354,298.15053187008544
4.876430389221454,1.5,301.26604643719855,298.2624415024683,298.1505346526483
4.880055988023849,1.5,301.2673700243632,298.2626531012326,298.1505374461584
4.883681586826244,1.5,301.2686932498512,298.26286486279326,298.1505402506433
4.8873071856286385,1.5,301.27001611403995,298.2630767870369,298.15054306613007
4.890932784431033,1.5,301.2713386173059,298.26328887385023,298.1505458926461
4.894558383233428,1.5,301.27266076002473,298.2635011231203,298.1505487302186
4.898183982035823,1.5,301.27398254257133,298.26371353473377,298.15055157887497
4.901809580838218,1.5,301.27530396531967,298.2639261085778,298.15055443864253
4.905435179640612,1.5,301.27662502864325,298.26413884453933,298.1505573095486
4.909060778443007,1.5,301.27794573291425,298.26435174250554,298.15056019162057
4.912686377245402,1.5,301.27926607850463,298.26456480236357,298.1505630848859
4.916311976047797,1.5,301.28058606578503,298.2647780240008,298.15056598937196
4.9199375748501915,1.5,301.28190569512566,298.2649914073046,298.15056890510607
4.923563173652586,1.5,301.28322496689583,298.26520495216226,298.1505718321159
4.927188772454981,1.5,301.284543881464,298.2654186584612,298.1505747704287
4.930814371257376,1.5,301.28586243919796,298.2656325260892,298.150577720072
4.9344399700597705,1.5,301.2871806404646,298.2658465549337,298.1505806810734
4.938065568862165,1.5,301.28849848563004,298.2660607448825,298.15058365346033
4.94169116766456,1.5,301.28981597505975,298.26627509582335,298.15058663726035
4.945316766466955,1.5,301.2911331091182,298.266489607644,298.150589632501
4.94894236526935,1.5,301.2924498881694,298.26670428023255,298.1505926392099
4.952567964071744,1.5,301.2937663125763,298.26691911347683,298.1505956574145
4.956193562874139,1.5,301.2950823827012,298.2671341072649,298.15059868714263
4.959819161676534,1.5,301.29639809890557,298.2673492614849,298.15060172842163
4.963444760478929,1.5,301.29771346155025,298.26756457602505,298.1506047812793
4.9670703592813235,1.5,301.2990284709951,298.2677800507736,298.15060784574325
4.970695958083718,1.5,301.3003431275995,298.26799568561887,298.1506109218411
4.974321556886113,1.5,301.3016574317218,298.26821148044934,298.15061400960064
4.977947155688508,1.5,301.30297138371975,298.26842743515334,298.1506171090495
4.9815727544909025,1.5,301.30428498395025,298.2686435496195,298.1506202202154
4.985198353293297,1.5,301.30559823276957,298.26885982373653,298.15062334312603
4.988823952095692,1.5,301.3069111305332,298.269076257393,298.15062647780917
4.992449550898087,1.5,301.3082236775957,298.2692928504777,298.15062962429266
4.996075149700482,1.5,301.30953587431117,298.2695096028795,298.1506327826042
4.999700748502876,1.5,301.3108477210327,298.2697265144872,298.15063595277155
5.003326347305271,1.5,301.31215921811287,298.26994358519,298.1506391348226
5.006951946107666,1.5,301.3134703659033,298.2701608148766,298.1506423287851
5.010577544910061,1.5,301.314781164755,298.2703782034364,298.150645534687
5.0142031437124555,1.5,301.3160916150182,298.27059575075845,298.15064875255604
5.01782874251485,1.5,301.3174017170425,298.27081345673207,298.15065198242013
5.021454341317245,1.5,301.3187114711766,298.2710313212466,298.1506552243073
5.02507994011964,1.5,301.32002087776857,298.2712493441913,298.1506584782452
5.0287055389220345,1.5,301.3213299371658,298.2714675254558,298.15066174426187
5.032331137724429,1.5,301.32263864971486,298.27168586492957,298.1506650223853
5.035956736526824,1.5,301.32394701576163,298.2719043625022,298.15066831264323
5.039582335329219,1.5,301.32525503565114,298.2721230180634,298.15067161506386
5.043207934131614,1.5,301.32656270972797,298.27234183150284,298.15067492967506
5.046833532934008,1.5,301.3278700383358,298.2725608027104,298.1506782565048
5.050459131736403,1.5,301.3291770218176,298.272779931576,298.15068159558115
5.054084730538798,1.5,301.3304836605157,298.2729992179896,298.15068494693213
5.057710329341193,1.5,301.3317899547717,298.27321866184116,298.1506883105858
5.0613359281435875,1.5,301.3330959049263,298.2734382630208,298.1506916865701
5.064961526945982,1.5,301.33440151131987,298.2736580214187,298.15069507491313
5.068587125748377,1.5,301.33570677429174,298.27387793692515,298.150698475643
5.072212724550772,1.5,301.3370116941806,298.27409800943036,298.15070188878775
5.0758383233531665,1.5,301.3383162713247,298.2743182388248,298.1507053143756
5.079463922155561,1.5,301.3396205060611,298.2745386249988,298.15070875243464
5.083089520957956,1.5,301.3409243987267,298.27475916784294,298.1507122029929
5.086715119760351,1.5,301.34222794965734,298.27497986724785,298.1507156660786
5.090340718562746,1.5,301.3435311591883,298.27520072310415,298.1507191417199
5.09396631736514,1.5,301.34483402765414,298.27542173530264,298.15072262994494
5.097591916167535,1.5,301.3461365553887,298.275642903734,298.15072613078195
5.10121751496993,1.5,301.3474387427252,298.27586422828915,298.1507296442591
5.104843113772325,1.5,301.34874058999617,298.27608570885906,298.1507331704047
5.1084687125747195,1.5,301.3500420975333,298.27630734533466,298.1507367092468
5.112094311377114,1.5,301.3513432656678,298.2765291376071,298.1507402608139
5.115719910179509,1.5,301.3526440947302,298.2767510855675,298.15074382513404
5.119345508981904,1.5,301.35394458505004,298.27697318910714,298.15074740223554
5.1229711077842985,1.5,301.3552447369567,298.27719544811714,298.15075099214675
5.126596706586693,1.5,301.3565445507784,298.277417862489,298.15075459489594
5.130222305389088,1.5,301.3578440268429,298.2776404321141,298.1507582105113
5.133847904191483,1.5,301.35914316547735,298.2778631568839,298.1507618390213
5.137473502993878,1.5,301.36044196700817,298.27808603669,298.15076548045425
5.141099101796272,1.5,301.36174043176106,298.2783090714241,298.15076913483836
5.144724700598667,1.5,301.363038560061,298.2785322609777,298.1507728022022
5.148350299401062,1.5,301.36433635223256,298.27875560524274,298.15077648257403
5.151975898203457,1.5,301.3656338085994,298.27897910411104,298.1507801759822
5.1556014970058515,1.5,301.36693092948457,298.2792027574745,298.1507838824552
5.159227095808246,1.5,301.36822771521054,298.27942656522504,298.1507876020214
5.162852694610641,1.5,301.36952416609904,298.2796505272548,298.1507913347092
5.166478293413036,1.5,301.37082028247124,298.27987464345574,298.150795080547
5.1701038922154305,1.5,301.3721160646475,298.2800989137202,298.1507988395634
5.173729491017825,1.5,301.37341151294777,298.28032333794044,298.1508026117867
5.17735508982022,1.5,301.3747066276911,298.2805479160087,298.1508063972454
5.180980688622615,1.5,301.3760014091961,298.28077264781734,298.150810195968
5.18460628742501,1.5,301.37729585778055,298.2809975332589,298.15081400798294
5.188231886227404,1.5,301.3785899737617,298.2812225722259,298.1508178333189
5.191857485029799,1.5,301.3798837574561,298.2814477646109,298.15082167200427
5.195483083832194,1.5,301.3811772091798,298.2816731103066,298.15082552406756
5.199108682634589,1.5,301.38247032924795,298.28189860920577,298.1508293895373
5.2027342814369835,1.5,301.38376311797526,298.28212426120115,298.1508332684421
5.206359880239378,1.5,301.3850555756758,298.2823500661856,298.1508371608105
5.209985479041773,1.5,301.38634770266293,298.2825760240521,298.15084106667103
5.213611077844168,1.5,301.3876394992495,298.2828021346936,298.15084498605245
5.2172366766465625,1.5,301.3889309657474,298.2830283980033,298.1508489189831
5.220862275448957,1.5,301.39022210246844,298.2832548138743,298.15085286549174
5.224487874251352,1.5,301.39151290972336,298.28348138219974,298.150856825607
5.228113473053747,1.5,301.3928033878223,298.28370810287294,298.1508607993574
5.231739071856142,1.5,301.39409353707504,298.28393497578725,298.1508647867717
5.235364670658536,1.5,301.39538335779054,298.28416200083615,298.1508687878785
5.238990269460931,1.5,301.3966728502772,298.28438917791306,298.1508728027065
5.242615868263326,1.5,301.39796201484273,298.2846165069115,298.1508768312842
5.246241467065721,1.5,301.3992508517943,298.28484398772525,298.1508808736405
5.2498670658681155,1.5,301.4005393614385,298.28507162024783,298.1508849298041
5.25349266467051,1.5,301.40182754408124,298.28529940437306,298.1508889998035
5.257118263472905,1.5,301.40311540002784,298.2855273399948,298.15089308366754
5.2607438622753,1.5,301.40440292958294,298.2857554270069,298.1508971814249
5.2643694610776945,1.5,301.40569013305065,298.2859836653034,298.15090129310437
5.267995059880089,1.5,301.4069770107345,298.2862120547782,298.1509054187347
5.271620658682484,1.5,301.40826356293735,298.28644059532553,298.1509095583446
5.275246257484879,1.5,301.40954978996155,298.2866692868395,298.1509137119628
5.278871856287274,1.5,301.41083569210866,298.28689812921436,298.1509178796182
5.282497455089668,1.5,301.4121212696798,298.2871271223444,298.1509220613394
5.286123053892063,1.5,301.4134065229755,298.28735626612394,298.1509262571553
5.289748652694458,1.5,301.41469145229553,298.2875855604475,298.1509304670947
5.293374251496853,1.5,301.4159760579393,298.2878150052095,298.1509346911864
5.2969998502992475,1.5,301.4172603402054,298.2880446003046,298.1509389294593
5.300625449101642,1.5,301.41854429939207,298.2882743456274,298.1509431819421
5.304251047904037,1.5,301.4198279357967,298.28850424107264,298.1509474486637
5.307876646706432,1.5,301.4211112497163,298.28873428653503,298.15095172965306
5.3115022455088265,1.5,301.4223942414471,298.2889644819095,298.15095602493886
5.315127844311221,1.5,301.42367691128493,298.2891948270908,298.15096033455
5.318753443113616,1.5,301.4249592595249,298.2894253219741,298.1509646585154
5.322379041916011,1.5,301.4262412864617,298.2896559664543,298.150968996864
5.326004640718406,1.5,301.4275229923892,298.2898867604266,298.15097334962456
5.3296302395208,1.5,301.42880437760095,298.29011770378617,298.1509777168261
5.333255838323195,1.5,301.4300854423897,298.29034879642813,298.1509820984974
5.33688143712559,1.5,301.43136618704784,298.2905800382479,298.1509864946676
5.340507035927985,1.5,301.43264661186697,298.29081142914094,298.1509909053655
5.3441326347303795,1.5,301.43392671713826,298.29104296900255,298.15099533062
5.347758233532774,1.5,301.4352065031522,298.2912746577283,298.15099977046015
5.351383832335169,1.5,301.4364859701988,298.2915064952137,298.15100422491474
5.355009431137564,1.5,301.43776511856754,298.2917384813545,298.1510086940129
5.3586350299399585,1.5,301.43904394854724,298.2919706160464,298.15101317778345
5.362260628742353,1.5,301.4403224604261,298.2922028991851,298.15101767625555
5.365886227544748,1.5,301.44160065449194,298.2924353306666,298.15102218945805
5.369511826347143,1.5,301.4428785310319,298.29266791038657,298.15102671742
5.373137425149538,1.5,301.44415609033257,298.2929006382412,298.1510312601704
5.376763023951932,1.5,301.44543333267995,298.2931335141264,298.15103581773826
5.380388622754327,1.5,301.4467102583596,298.2933665379384,298.1510403901527
5.384014221556722,1.5,301.44798686765625,298.2935997095733,298.1510449774425
5.387639820359117,1.5,301.44926316085457,298.29383302892734,298.15104957963695
5.3912654191615115,1.5,301.4505391382381,298.2940664958969,298.1510541967649
5.394891017963906,1.5,301.4518148000903,298.29430011037834,298.1510588288555
5.398516616766301,1.5,301.45309014669374,298.294533872268,298.1510634759379
5.402142215568696,1.5,301.45436517833065,298.2947677814625,298.151068138041
5.4057678143710906,1.5,301.4556398952827,298.2950018378584,298.1510728151939
5.409393413173485,1.5,301.45691429783085,298.29523604135227,298.1510775074258
5.41301901197588,1.5,301.4581883862557,298.29547039184087,298.1510822147656
5.416644610778275,1.5,301.45946216083723,298.295704889221,298.15108693724255
5.42027020958067,1.5,301.4607356218549,298.29593953338946,298.15109167488566
5.423895808383064,1.5,301.46200876958756,298.2961743242431,298.15109642772416
5.427521407185459,1.5,301.46328160431364,298.29640926167906,298.15110119578696
5.431147005987854,1.5,301.4645541263108,298.29664434559425,298.1511059791033
5.434772604790249,1.5,301.4658263358566,298.2968795758858,298.1511107777024
5.4383982035926435,1.5,301.46709823322766,298.2971149524508,298.15111559161323
5.442023802395038,1.5,301.4683698187002,298.2973504751866,298.1511204208651
5.445649401197433,1.5,301.46964109254986,298.29758614399043,298.151125265487
5.449274999999828,1.5,301.4709120550519,298.29782195875976,298.1511301255082
5.4529005988022226,1.5,301.4721827064809,298.29805791939185,298.1511350009578
5.456526197604617,1.5,301.47345304711104,298.29829402578434,298.15113989186494
5.460151796407012,1.5,301.4747230772158,298.2985302778347,298.15114479825894
5.463777395209407,1.5,301.47599279706833,298.2987666754406,298.1511497201688
5.467402994011802,1.5,301.47726220694113,298.29900321849976,298.15115465762386
5.471028592814196,1.5,301.47853130710615,298.2992399069099,298.15115961065317
5.474654191616591,1.5,301.4798000978349,298.2994767405688,298.151164579286
5.478279790418986,1.5,301.4810685793985,298.29971371937444,298.1511695635516
5.481905389221381,1.5,301.4823367520672,298.2999508432247,298.1511745634792
5.4855309880237755,1.5,301.48360461611105,298.3001881120176,298.15117957909786
5.48915658682617,1.5,301.4848721717995,298.30042552565124,298.1511846104369
5.492782185628565,1.5,301.4861394194014,298.30066308402377,298.15118965752555
5.49640778443096,1.5,301.48740635918523,298.30090078703347,298.1511947203931
5.5000333832333546,1.5,301.4886729914187,298.3011386345785,298.15119979906865
5.503658982035749,1.5,301.4899393163695,298.30137662655727,298.1512048935816
5.507284580838144,1.5,301.49120533430414,298.30161476286816,298.15121000396107
5.510910179640539,1.5,301.4924710454893,298.30185304340966,298.15121513023644
5.514535778442934,1.5,301.4937364501907,298.3020914680802,298.1512202724369
5.518161377245328,1.5,301.4950015486737,298.3023300367786,298.15122543059175
5.521786976047723,1.5,301.49626634120307,298.30256874940335,298.1512306047302
5.525412574850118,1.5,301.49753082804335,298.3028076058533,298.1512357948815
5.529038173652513,1.5,301.4987950094582,298.3030466060271,298.151241001075
5.5326637724549075,1.5,301.5000588857112,298.3032857498237,298.15124622334
5.536289371257302,1.5,301.50132245706493,298.30352503714204,298.1512514617058
5.539914970059697,1.5,301.50258572378203,298.303764467881,298.1512567162017
5.543540568862092,1.5,301.5038486861242,298.30400404193983,298.1512619868569
5.547166167664487,1.5,301.50511134435277,298.30424375921746,298.1512672737008
5.550791766466881,1.5,301.50637369872874,298.3044836196131,298.1512725767627
5.554417365269276,1.5,301.50763574951253,298.3047236230262,298.1512778960719
5.558042964071671,1.5,301.50889749696387,298.3049637693557,298.15128323165777
5.561668562874066,1.5,301.51015894134224,298.3052040585013,298.1512885835495
5.56529416167646,1.5,301.51142008290674,298.3054444903622,298.1512939517765
5.568919760478855,1.5,301.51268092191555,298.3056850648381,298.15129933636814
5.57254535928125,1.5,301.5139414586268,298.3059257818284,298.15130473735377
5.576170958083645,1.5,301.5152016932979,298.30616664123295,298.1513101547626
5.5797965568860395,1.5,301.51646162618584,298.30640764295117,298.1513155886242
5.583422155688434,1.5,301.5177212575471,298.306648786883,298.15132103896764
5.587047754490829,1.5,301.51898058763777,298.3068900729282,298.15132650582245
5.590673353293224,1.5,301.5202396167134,298.3071315009866,298.15133198921797
5.594298952095619,1.5,301.52149834502904,298.3073730709583,298.15133748918356
5.597924550898013,1.5,301.5227567728393,298.3076147827431,298.15134300574863
5.601550149700408,1.5,301.5240149003983,298.3078566362413,298.15134853894233
5.605175748502803,1.5,301.52527272795965,298.30809863135283,298.15135408879433
5.608801347305198,1.5,301.52653025577655,298.30834076797805,298.1513596553338
5.612426946107592,1.5,301.52778748410174,298.3085830460172,298.15136523859024
5.616052544909987,1.5,301.52904441318753,298.3088254653705,298.15137083859304
5.619678143712382,1.5,301.5303010432856,298.3090680259385,298.1513764553714
5.623303742514777,1.5,301.5315573746473,298.30931072762144,298.15138208895485
5.6269293413171715,1.5,301.5328134075234,298.30955357032,298.1513877393728
5.630554940119566,1.5,301.53406914216436,298.30979655393475,298.1513934066547
5.634180538921961,1.5,301.53532457882,298.31003967836637,298.1513990908298
5.637806137724356,1.5,301.5365797177398,298.31028294351546,298.1514047919276
5.641431736526751,1.5,301.53783455917284,298.31052634928284,298.15141050997744
5.645057335329145,1.5,301.5390891033676,298.31076989556936,298.15141624500876
5.64868293413154,1.5,301.54034335057213,298.31101358227585,298.15142199705105
5.652308532933935,1.5,301.541597301034,298.3112574093034,298.1514277661336
5.65593413173633,1.5,301.5428509550004,298.3115013765528,298.15143355228594
5.659559730538724,1.5,301.5441043127181,298.31174548392545,298.1514393555373
5.663185329341119,1.5,301.54535737443325,298.31198973132234,298.1514451759174
5.666810928143514,1.5,301.54661014039175,298.31223411864454,298.1514510134554
5.670436526945909,1.5,301.5478626108388,298.3124786457936,298.1514568681809
5.6740621257483035,1.5,301.54911478601946,298.3127233126706,298.1514627401232
5.677687724550698,1.5,301.5503666661781,298.31296811917707,298.15146862931186
5.681313323353093,1.5,301.55161825155864,298.3132130652145,298.1514745357761
5.684938922155488,1.5,301.5528695424048,298.31345815068437,298.1514804595457
5.688564520957883,1.5,301.55412053895947,298.3137033754882,298.1514864006498
5.692190119760277,1.5,301.55537124146554,298.31394873952775,298.151492359118
5.695815718562672,1.5,301.556621650165,298.3141942427046,298.15149833497964
5.699441317365067,1.5,301.55787176529986,298.3144398849207,298.1515043282643
5.703066916167462,1.5,301.5591215871113,298.3146856660777,298.1515103390013
5.706692514969856,1.5,301.56037111584027,298.31493158607765,298.15151636722015
5.710318113772251,1.5,301.56162035172724,298.3151776448224,298.1515224129503
5.713943712574646,1.5,301.5628692950122,298.31542384221405,298.1515284762212
5.717569311377041,1.5,301.5641179459347,298.3156701781546,298.1515345570623
5.7211949101794355,1.5,301.56536630473397,298.31591665254626,298.151540655503
5.72482050898183,1.5,301.56661437164865,298.3161632652912,298.1515467715729
5.728446107784225,1.5,301.56786214691704,298.31641001629174,298.1515529053013
5.73207170658662,1.5,301.56910963077695,298.3166569054502,298.1515590567178
5.735697305389015,1.5,301.57035682346594,298.3169039326689,298.1515652258518
5.739322904191409,1.5,301.5716037252208,298.31715109785034,298.1515714127327
5.742948502993804,1.5,301.57285033627824,298.3173984008971,298.1515776173901
5.746574101796199,1.5,301.5740966568743,298.3176458417117,298.1515838398534
5.750199700598594,1.5,301.57534268724476,298.31789342019675,298.1515900801521
5.753825299400988,1.5,301.57658842762487,298.31814113625495,298.1515963383156
5.757450898203383,1.5,301.57783387824935,298.3183889897891,298.1516026143734
5.761076497005778,1.5,301.5790790393529,298.3186369807021,298.15160890835506
5.764702095808173,1.5,301.5803239111693,298.3188851088967,298.15161522028995
5.7683276946105675,1.5,301.58156849393225,298.3191333742759,298.15162155020755
5.771953293412962,1.5,301.5828127878749,298.31938177674266,298.1516278981374
5.775578892215357,1.5,301.58405679322993,298.3196303162002,298.15163426410896
5.779204491017752,1.5,301.5853005102298,298.3198789925515,298.15164064815156
5.782830089820147,1.5,301.5865439391063,298.32012780569977,298.15164705029486
5.786455688622541,1.5,301.58778708009106,298.3203767555483,298.1516534705683
5.790081287424936,1.5,301.5890299334151,298.3206258420004,298.15165990900135
5.793706886227331,1.5,301.590272499309,298.3208750649595,298.1516663656234
5.797332485029726,1.5,301.5915147780031,298.32112442432896,298.151672840464
5.80095808383212,1.5,301.5927567697273,298.3213739200123,298.15167933355275
5.804583682634515,1.5,301.59399847471093,298.32162355191315,298.1516858449189
5.80820928143691,1.5,301.59523989318313,298.321873319935,298.15169237459213
5.811834880239305,1.5,301.59648102537244,298.3221232239815,298.1516989226018
5.8154604790416995,1.5,301.59772187150713,298.3223732639566,298.1517054889774
5.819086077844094,1.5,301.598962431815,298.3226234397639,298.15171207374846
5.822711676646489,1.5,301.6002027065233,298.3228737513074,298.1517186769445
5.826337275448884,1.5,301.60144269585925,298.3231241984909,298.1517252985948
5.829962874251279,1.5,301.60268240004933,298.32337478121855,298.15173193872903
5.833588473053673,1.5,301.60392181931974,298.3236254993942,298.15173859737666
5.837214071856068,1.5,301.60516095389625,298.32387635292207,298.1517452745671
5.840839670658463,1.5,301.60639980400435,298.3241273417064,298.1517519703298
5.844465269460858,1.5,301.60763836986894,298.32437846565125,298.1517586846944
5.848090868263252,1.5,301.6088766517146,298.324629724661,298.1517654176903
5.851716467065647,1.5,301.61011464976553,298.32488111863995,298.15177216934694
5.855342065868042,1.5,301.6113523642456,298.3251326474926,298.1517789396937
5.858967664670437,1.5,301.6125897953782,298.3253843111233,298.1517857287603
5.8625932634728315,1.5,301.6138269433863,298.32563610943663,298.151792536576
5.866218862275226,1.5,301.6150638084925,298.32588804233717,298.1517993631704
5.869844461077621,1.5,301.6163003909191,298.3261401097296,298.151806208573
5.873470059880016,1.5,301.6175366908879,298.3263923115186,298.15181307281324
5.877095658682411,1.5,301.6187727086203,298.32664464760893,298.15181995592053
5.880721257484805,1.5,301.6200084443375,298.32689711790545,298.15182685792445
5.8843468562872,1.5,301.6212438982601,298.327149722313,298.1518337788543
5.887972455089595,1.5,301.6224790706082,298.3274024607365,298.1518407187398
5.89159805389199,1.5,301.623713961602,298.3276553330811,298.15184767761025
5.895223652694384,1.5,301.6249485714608,298.32790833925174,298.15185465549513
5.898849251496779,1.5,301.62618290040376,298.3281614791536,298.151861652424
5.902474850299174,1.5,301.6274169486497,298.32841475269186,298.1518686684262
5.906100449101569,1.5,301.62865071641687,298.3286681597718,298.15187570353123
5.9097260479039635,1.5,301.6298842039233,298.3289217002987,298.1518827577687
5.913351646706358,1.5,301.6311174113867,298.32917537417785,298.1518898311679
5.916977245508753,1.5,301.63235033902413,298.32942918131477,298.1518969237584
5.920602844311148,1.5,301.63358298705253,298.3296831216149,298.15190403556954
5.924228443113543,1.5,301.63481535568826,298.3299371949838,298.1519111666309
5.927854041915937,1.5,301.63604744514754,298.33019140132706,298.1519183169719
5.931479640718332,1.5,301.63727925564604,298.33044574055043,298.151925486622
5.935105239520727,1.5,301.63851078739896,298.3307002125595,298.1519326756107
5.938730838323122,1.5,301.6397420406215,298.33095481726014,298.15193988396726
5.942356437125516,1.5,301.6409730155281,298.33120955455814,298.15194711172137
5.945982035927911,1.5,301.642203712333,298.3314644243594,298.15195435890234
5.949607634730306,1.5,301.6434341312501,298.33171942657,298.1519616255397
5.953233233532701,1.5,301.6446642724928,298.3319745610958,298.1519689116629
5.9568588323350955,1.5,301.64589413627425,298.332229827843,298.1519762173012
5.96048443113749,1.5,301.64712372280724,298.33248522671755,298.15198354248423
5.964110029939885,1.5,301.6483530323041,298.33274075762586,298.1519908872414
5.96773562874228,1.5,301.6495820649768,298.33299642047405,298.1519982516022
5.971361227544675,1.5,301.65081082103706,298.33325221516856,298.1520056355959
5.974986826347069,1.5,301.65203930069606,298.3335081416157,298.15201303925204
5.978612425149464,1.5,301.65326750416483,298.3337641997219,298.1520204626001
5.982238023951859,1.5,301.6544954316539,298.3340203893935,298.1520279056694
5.985863622754254,1.5,301.6557230833734,298.3342767105373,298.15203536848935
5.989489221556648,1.5,301.6569504595332,298.33453316305975,298.1520428510895
5.993114820359043,1.5,301.65817756034284,298.3347897468676,298.1520503534992
5.996740419161438,1.5,301.65940438601126,298.33504646186753,298.1520578757479
6.000366017963833,1.5,301.6606309367474,298.33530330796634,298.1520654178649
6.0039916167662275,1.5,301.6618572127595,298.33556028507076,298.1520729798798
6.007617215568622,1.5,301.6630832142557,298.3358173930879,298.1520805618219
6.011242814371017,1.5,301.66430894144366,298.3360746319246,298.1520881637206
6.014868413173412,1.5,301.6655343945307,298.33633200148785,298.15209578560535
6.018494011975807,1.5,301.6667595737238,298.3365895016848,298.1521034275055
6.022119610778201,1.5,301.6679844792297,298.3368471324226,298.1521110894505
6.025745209580596,1.5,301.6692091112545,298.3371048936083,298.1521187714697
6.029370808382991,1.5,301.6704334700041,298.33736278514925,298.1521264735925
6.032996407185386,1.5,301.67165755568425,298.3376208069528,298.1521341958483
6.03662200598778,1.5,301.67288136850004,298.33787895892624,298.15214193826654
6.040247604790175,1.5,301.67410490865643,298.33813724097706,298.1521497008766
6.04387320359257,1.5,301.6753281763579,298.3383956530127,298.1521574837077
6.047498802394965,1.5,301.67655117180857,298.33865419494066,298.15216528678945
6.0511244011973595,1.5,301.6777738952124,298.33891286666864,298.152173110151
6.054749999999754,1.5,301.6789963467728,298.33917166810426,298.152180953822
6.058375598802149,1.5,301.68021852669295,298.3394305991552,298.15218881783153
6.062001197604544,1.5,301.6814404351756,298.33968965972923,298.1521967022091
6.065626796406939,1.5,301.6826620724233,298.3399488497342,298.15220460698396
6.069252395209333,1.5,301.6838834386381,298.34020816907804,298.15221253218556
6.072877994011728,1.5,301.6851045340218,298.3404676176686,298.1522204778433
6.076503592814123,1.5,301.68632535877583,298.340727195414,298.1522284439865
6.080129191616518,1.5,301.6875459131013,298.3409869022222,298.15223643064445
6.083754790418912,1.5,301.68876619719896,298.34124673800136,298.1522444378465
6.087380389221307,1.5,301.6899862112692,298.3415067026597,298.152252465622
6.091005988023702,1.5,301.69120595551215,298.34176679610533,298.1522605140003
6.094631586826097,1.5,301.6924254301275,298.3420270182467,298.1522685830107
6.0982571856284915,1.5,301.6936446353148,298.34228736899206,298.1522766726826
6.101882784430886,1.5,301.694863571273,298.34254784824986,298.1522847830452
6.105508383233281,1.5,301.696082238201,298.3428084559285,298.152292914128
6.109133982035676,1.5,301.69730063629703,298.34306919193654,298.1523010659601
6.112759580838071,1.5,301.6985187657593,298.34333005618265,298.1523092385709
6.116385179640465,1.5,301.6997366267855,298.3435910485753,298.1523174319898
6.12001077844286,1.5,301.700954219573,298.34385216902336,298.15232564624597
6.123636377245255,1.5,301.7021715443191,298.3441134174353,298.15233388136875
6.12726197604765,1.5,301.7033886012204,298.34437479372025,298.1523421373874
6.130887574850044,1.5,301.70460539047343,298.3446362977869,298.1523504143313
6.134513173652439,1.5,301.7058219122742,298.3448979295442,298.1523587122297
6.138138772454834,1.5,301.7070381668186,298.34515968890116,298.15236703111185
6.141764371257229,1.5,301.70825415430204,298.34542157576675,298.152375371007
6.1453899700596235,1.5,301.7094698749197,298.3456835900501,298.15238373194444
6.149015568862018,1.5,301.7106853288663,298.3459457316604,298.1523921139535
6.152641167664413,1.5,301.7119005163364,298.34620800050675,298.15240051706337
6.156266766466808,1.5,301.7131154375242,298.3464703964985,298.1524089413033
6.159892365269203,1.5,301.7143300926236,298.34673291954493,298.1524173867026
6.163517964071597,1.5,301.71554448182786,298.3469955695555,298.1524258532905
6.167143562873992,1.5,301.7167586053304,298.3472583464395,298.15243434109624
6.170769161676387,1.5,301.71797246332414,298.3475212501065,298.152442850149
6.174394760478782,1.5,301.7191860560016,298.3477842804661,298.15245138047806
6.178020359281176,1.5,301.720399383555,298.34804743742774,298.15245993211266
6.181645958083571,1.5,301.7216124461763,298.3483107209013,298.152468505082
6.185271556885966,1.5,301.7228252440571,298.3485741307963,298.15247709941536
6.188897155688361,1.5,301.7240377773888,298.34883766702256,298.1524857151418
6.1925227544907555,1.5,301.72525004636225,298.34910132949,298.1524943522906
6.19614835329315,1.5,301.7264620511683,298.34936511810844,298.152503010891
6.199773952095545,1.5,301.7276737919972,298.34962903278773,298.15251169097223
6.20339955089794,1.5,301.728885269039,298.34989307343807,298.1525203925634
6.207025149700335,1.5,301.7300964824835,298.3501572399693,298.1525291156937
6.210650748502729,1.5,301.73130743252005,298.3504215322917,298.15253786039233
6.214276347305124,1.5,301.7325181193379,298.3506859503153,298.1525466266885
6.217901946107519,1.5,301.7337285431258,298.3509504939505,298.15255541461136
6.221527544909914,1.5,301.73493870407225,298.3512151631073,298.15256422419003
6.225153143712308,1.5,301.7361486023654,298.35147995769637,298.1525730554537
6.228778742514703,1.5,301.7373582381933,298.3517448776278,298.1525819084315
6.232404341317098,1.5,301.7385676117434,298.3520099228122,298.1525907831526
6.236029940119493,1.5,301.739776723203,298.35227509316013,298.1525996796461
6.2396555389218875,1.5,301.74098557275914,298.35254038858193,298.15260859794114
6.243281137724282,1.5,301.74219416059844,298.3528058089884,298.152617538067
6.246906736526677,1.5,301.7434024869073,298.35307135429014,298.15262650005263
6.250532335329072,1.5,301.7446105518718,298.3533370243979,298.15263548392716
6.254157934131467,1.5,301.74581835567767,298.35360281922243,298.1526444897197
6.257783532933861,1.5,301.74702589851046,298.3538687386746,298.15265351745944
6.261409131736256,1.5,301.7482331805552,298.35413478266514,298.15266256717547
6.265034730538651,1.5,301.7494402019968,298.3544009511053,298.1526716388968
6.268660329341046,1.5,301.75064696301996,298.35466724390585,298.1526807326525
6.27228592814344,1.5,301.7518534638088,298.35493366097796,298.1526898484718
6.275911526945835,1.5,301.75305970454735,298.3552002022327,298.15269898638365
6.27953712574823,1.5,301.75426568541934,298.35546686758124,298.1527081464171
6.283162724550625,1.5,301.7554714066081,298.3557336569348,298.1527173286014
6.2867883233530195,1.5,301.75667686829667,298.3560005702047,298.15272653296535
6.290413922155414,1.5,301.7578820706679,298.35626760730213,298.15273575953813
6.294039520957809,1.5,301.7590870139043,298.3565347681387,298.1527450083488
6.297665119760204,1.5,301.7602916981881,298.35680205262577,298.1527542794264
6.301290718562599,1.5,301.76149612370114,298.3570694606748,298.1527635727998
6.304916317364993,1.5,301.76270029062505,298.35733699219736,298.15277288849825
6.308541916167388,1.5,301.7639041991413,298.35760464710506,298.1527822265507
6.312167514969783,1.5,301.76510784943076,298.3578724253096,298.15279158698604
6.315793113772178,1.5,301.76631124167426,298.35814032672266,298.1528009698334
6.319418712574572,1.5,301.7675143760523,298.3584083512561,298.1528103751217
6.323044311376967,1.5,301.76871725274503,298.35867649882164,298.15281980287995
6.326669910179362,1.5,301.76991987193225,298.35894476933123,298.1528292531372
6.330295508981757,1.5,301.7711222337937,298.35921316269685,298.1528387259223
6.3339211077841515,1.5,301.77232433850855,298.35948167883043,298.1528482212644
6.337546706586546,1.5,301.77352618625605,298.35975031764406,298.15285773919226
6.341172305388941,1.5,301.7747277772147,298.3600190790498,298.1528672797349
6.344797904191336,1.5,301.77592911156324,298.36028796295983,298.1528768429214
6.348423502993731,1.5,301.7771301894796,298.3605569692864,298.1528864287805
6.352049101796125,1.5,301.77833101114174,298.36082609794175,298.15289603734124
6.35567470059852,1.5,301.7795315767274,298.3610953488382,298.15290566863257
6.359300299400915,1.5,301.7807318864138,298.36136472188815,298.1529153226834
6.36292589820331,1.5,301.781931940378,298.361634217004,298.15292499952255
6.366551497005704,1.5,301.7831317387968,298.36190383409837,298.152934699179
6.370177095808099,1.5,301.78433128184673,298.3621735730836,298.15294442168164
6.373802694610494,1.5,301.7855305697039,298.3624434338725,298.15295416705936
6.377428293412889,1.5,301.78672960254437,298.3627134163775,298.152963935341
6.3810538922152835,1.5,301.7879283805438,298.36298352051153,298.1529737265555
6.384679491017678,1.5,301.7891269038775,298.3632537461872,298.15298354073167
6.388305089820073,1.5,301.79032517272066,298.3635240933173,298.1529933778985
6.391930688622468,1.5,301.791523187248,298.36379456181487,298.15300323808464
6.395556287424863,1.5,301.7927209476342,298.3640651515927,298.1530131213191
6.399181886227257,1.5,301.7939184540535,298.3643358625638,298.15302302763064
6.402807485029652,1.5,301.7951157066799,298.3646066946412,298.153032957048
6.406433083832047,1.5,301.7963127056871,298.36487764773796,298.15304290960023
6.410058682634442,1.5,301.7975094512487,298.3651487217673,298.153052885316
6.413684281436836,1.5,301.7987059435378,298.36541991664234,298.15306288422414
6.417309880239231,1.5,301.79990218272735,298.3656912322764,298.15307290635343
6.420935479041626,1.5,301.80109816899,298.3659626685827,298.1530829517327
6.424561077844021,1.5,301.8022939024982,298.36623422547467,298.1530930203907
6.4281866766464155,1.5,301.80348938342394,298.3665059028657,298.1531031123562
6.43181227544881,1.5,301.80468461193925,298.3667777006692,298.15311322765797
6.435437874251205,1.5,301.80587958821553,298.36704961879883,298.1531233663248
6.4390634730536,1.5,301.8070743124243,298.36732165716796,298.1531335283854
6.442689071855995,1.5,301.80826878473636,298.3675938156904,298.1531437138686
6.446314670658389,1.5,301.8094630053227,298.36786609427975,298.1531539228029
6.449940269460784,1.5,301.8106569743537,298.36813849284977,298.1531641552173
6.453565868263179,1.5,301.8118506919998,298.3684110113142,298.15317441114036
6.457191467065574,1.5,301.8130441584308,298.3686836495869,298.1531846906008
6.4608170658679684,1.5,301.8142373738165,298.3689564075818,298.1531949936275
6.464442664670363,1.5,301.8154303383264,298.3692292852128,298.1532053202489
6.468068263472758,1.5,301.8166230521297,298.36950228239397,298.1532156704938
6.471693862275153,1.5,301.81781551539535,298.36977539903927,298.1532260443909
6.4753194610775475,1.5,301.81900772829204,298.3700486350629,298.15323644196883
6.478945059879942,1.5,301.8201996909881,298.37032199037895,298.15324686325624
6.482570658682337,1.5,301.8213914036518,298.3705954649017,298.1532573082818
6.486196257484732,1.5,301.82258286645094,298.3708690585454,298.1532677770742
6.489821856287127,1.5,301.82377407955335,298.3711427712244,298.1532782696619
6.493447455089521,1.5,301.8249650431262,298.371416602853,298.15328878607374
6.497073053891916,1.5,301.82615575733683,298.3716905533457,298.1532993263382
6.500698652694311,1.5,301.82734622235193,298.37196462261693,298.1533098904839
6.504324251496706,1.5,301.82853643833823,298.3722388105813,298.1533204785395
6.5079498502991004,1.5,301.8297264054621,298.3725131171533,298.1533310905335
6.511575449101495,1.5,301.83091612388966,298.37278754224764,298.15334172649466
6.51520104790389,1.5,301.8321055937867,298.37306208577894,298.1533523864513
6.518826646706285,1.5,301.8332948153188,298.37333674766205,298.15336307043214
6.5224522455086795,1.5,301.8344837886515,298.37361152781176,298.1533737784658
6.526077844311074,1.5,301.83567251394965,298.37388642614286,298.1533845105806
6.529703443113469,1.5,301.83686099137833,298.37416144257037,298.15339526680526
6.533329041915864,1.5,301.8380492211019,298.37443657700913,298.15340604716823
6.536954640718259,1.5,301.83923720328494,298.37471182937423,298.15341685169807
6.540580239520653,1.5,301.8404249380914,298.37498719958063,298.15342768042325
6.544205838323048,1.5,301.8416124256852,298.3752626875435,298.15343853337225
6.547831437125443,1.5,301.8427996662299,298.3755382931781,298.15344941057367
6.551457035927838,1.5,301.84398665988886,298.3758140163996,298.15346031205587
6.5550826347302324,1.5,301.84517340682515,298.3760898571232,298.1534712378474
6.558708233532627,1.5,301.84635990720165,298.37636581526436,298.15348218797664
6.562333832335022,1.5,301.847546161181,298.3766418907383,298.1534931624721
6.565959431137417,1.5,301.8487321689256,298.37691808346074,298.1535041613622
6.5695850299398115,1.5,301.8499179305975,298.3771943933469,298.1535151846754
6.573210628742206,1.5,301.85110344635854,298.3774708203123,298.15352623244013
6.576836227544601,1.5,301.8522887163704,298.3777473642727,298.15353730468473
6.580461826346996,1.5,301.8534737407945,298.3780240251437,298.15354840143766
6.584087425149391,1.5,301.854658519792,298.37830080284095,298.15355952272733
6.587713023951785,1.5,301.8558430535237,298.3785776972803,298.1535706685821
6.59133862275418,1.5,301.8570273421503,298.37885470837745,298.15358183903044
6.594964221556575,1.5,301.8582113858323,298.3791318360483,298.1535930341006
6.59858982035897,1.5,301.85939518472975,298.3794090802087,298.15360425382096
6.6022154191613645,1.5,301.8605787390026,298.3796864407746,298.1536154982199
6.605841017963759,1.5,301.8617620488107,298.37996391766217,298.1536267673257
6.609466616766154,1.5,301.86294511431333,298.38024151078736,298.15363806116676
6.613092215568549,1.5,301.8641279356699,298.3805192200663,298.15364937977137
6.6167178143709435,1.5,301.86531051303916,298.3807970454152,298.15366072316783
6.620343413173338,1.5,301.86649284658006,298.38107498675015,298.1536720913844
6.623969011975733,1.5,301.867674936451,298.38135304398753,298.15368348444946
6.627594610778128,1.5,301.8688567828104,298.3816312170437,298.1536949023912
6.631220209580523,1.5,301.87003838581603,298.3819095058349,298.15370634523794
6.634845808382917,1.5,301.8712197456259,298.38218791027776,298.15371781301786
6.638471407185312,1.5,301.8724008623975,298.38246643028856,298.1537293057593
6.642097005987707,1.5,301.8735817362882,298.382745065784,298.1537408234906
6.645722604790102,1.5,301.8747623674551,298.3830238166805,298.1537523662397
6.6493482035924965,1.5,301.87594275605505,298.38330268289485,298.153763934035
6.652973802394891,1.5,301.8771229022446,298.38358166434364,298.15377552690467
6.656599401197286,1.5,301.87830280618033,298.3838607609436,298.1537871448769
6.660224999999681,1.5,301.8794824680183,298.38413997261154,298.15379878797995
6.6638505988020755,1.5,301.8806618879144,298.38441929926444,298.1538104562419
6.66747619760447,1.5,301.88184106602455,298.384698740819,298.153822149691
6.671101796406865,1.5,301.883020002504,298.3849782971923,298.1538338683554
6.67472739520926,1.5,301.88419869750817,298.38525796830123,298.1538456122631
6.678352994011655,1.5,301.8853771511919,298.3855377540629,298.1538573814423
6.681978592814049,1.5,301.88655536371016,298.3858176543944,298.1538691759213
6.685604191616444,1.5,301.8877333352174,298.3860976692129,298.153880995728
6.689229790418839,1.5,301.888911065868,298.3863777984356,298.1538928408906
6.692855389221234,1.5,301.8900885558161,298.3866580419798,298.1539047114372
6.6964809880236285,1.5,301.89126580521554,298.3869383997627,298.15391660739584
6.700106586826023,1.5,301.89244281422,298.3872188717018,298.1539285287946
6.703732185628418,1.5,301.8936195829829,298.3874994577144,298.15394047566156
6.707357784430813,1.5,301.8947961116575,298.38778015771794,298.1539524480247
6.7109833832332075,1.5,301.8959724003968,298.38806097163007,298.15396444591215
6.714608982035602,1.5,301.89714844935344,298.38834189936824,298.15397646935185
6.718234580837997,1.5,301.8983242586801,298.3886229408501,298.15398851837193
6.721860179640392,1.5,301.899499828529,298.3889040959933,298.1540005930003
6.725485778442787,1.5,301.90067515905224,298.3891853647157,298.15401269326503
6.729111377245181,1.5,301.90185025040176,298.38946674693483,298.15402481919403
6.732736976047576,1.5,301.9030251027292,298.3897482425686,298.15403697081535
6.736362574849971,1.5,301.90419971618593,298.39002985153496,298.1540491481569
6.739988173652366,1.5,301.9053740909232,298.3903115737518,298.1540613512467
6.7436137724547605,1.5,301.90654822709206,298.390593409137,298.1540735801126
6.747239371257155,1.5,301.9077221248432,298.3908753576087,298.1540858347825
6.75086497005955,1.5,301.90889578432717,298.39115741908495,298.15409811528446
6.754490568861945,1.5,301.9100692056943,298.3914395934839,298.15411042164635
6.7581161676643395,1.5,301.9112423890948,298.39172188072365,298.15412275389593
6.761741766466734,1.5,301.91241533467854,298.3920042807225,298.1541351120613
6.765367365269129,1.5,301.91358804259517,298.3922867933987,298.15414749617014
6.768992964071524,1.5,301.9147605129942,298.3925694186705,298.15415990625036
6.772618562873919,1.5,301.91593274602485,298.39285215645646,298.15417234232984
6.776244161676313,1.5,301.91710474183617,298.3931350066749,298.15418480443645
6.779869760478708,1.5,301.91827650057695,298.39341796924424,298.15419729259804
6.783495359281103,1.5,301.91944802239584,298.3937010440832,298.15420980684235
6.787120958083498,1.5,301.9206193074413,298.3939842311102,298.1542223471972
6.7907465568858925,1.5,301.9217903558614,298.3942675302439,298.1542349136904
6.794372155688287,1.5,301.92296116780415,298.39455094140305,298.1542475063498
6.797997754490682,1.5,301.9241317434173,298.3948344645064,298.154260125203
6.801623353293077,1.5,301.9253020828485,298.3951180994726,298.1542727702779
6.8052489520954715,1.5,301.92647218624495,298.39540184622064,298.1542854416022
6.808874550897866,1.5,301.9276420537538,298.3956857046693,298.1542981392037
6.812500149700261,1.5,301.928811685522,298.39596967473756,298.15431086311
6.816125748502656,1.5,301.92998108169627,298.39625375634444,298.15432361334894
6.819751347305051,1.5,301.93115024242303,298.396537949409,298.1543363899481
6.823376946107445,1.5,301.9323191678487,298.3968222538502,298.1543491929353
6.82700254490984,1.5,301.9334878581191,298.39710666958723,298.15436202233815
6.830628143712235,1.5,301.93465631338046,298.3973911965394,298.15437487818434
6.83425374251463,1.5,301.93582453377815,298.39767583462583,298.15438776050144
6.8378793413170245,1.5,301.93699251945776,298.3979605837658,298.1544006693172
6.841504940119419,1.5,301.9381602705645,298.3982454438787,298.1544136046593
6.845130538921814,1.5,301.9393277872434,298.39853041488385,298.1544265665552
6.848756137724209,1.5,301.94049506963944,298.3988154967008,298.1544395550325
6.8523817365266035,1.5,301.94166211789707,298.39910068924905,298.154452570119
6.856007335328998,1.5,301.9428289321608,298.399385992448,298.15446561184206
6.859632934131393,1.5,301.94399551257476,298.3996714062174,298.15447868022943
6.863258532933788,1.5,301.9451618592831,298.3999569304768,298.1544917753086
6.866884131736183,1.5,301.9463279724295,298.40024256514585,298.1545048971071
6.870509730538577,1.5,301.9474938521578,298.4005283101444,298.15451804565237
6.874135329340972,1.5,301.9486594986112,298.40081416539215,298.15453122097216
6.877760928143367,1.5,301.949824911933,298.401100130809,298.1545444230938
6.881386526945762,1.5,301.9509900922661,298.40138620631484,298.15455765204484
6.8850121257481565,1.5,301.9521550397535,298.40167239182955,298.1545709078528
6.888637724550551,1.5,301.9533197545377,298.4019586872732,298.15458419054505
6.892263323352946,1.5,301.954484236761,298.40224509256575,298.1545975001493
6.895888922155341,1.5,301.9556484865658,298.40253160762734,298.1546108366927
6.8995145209577355,1.5,301.956812504094,298.4028182323781,298.1546242002029
6.90314011976013,1.5,301.95797628948736,298.4031049667382,298.1546375907071
6.906765718562525,1.5,301.9591398428876,298.40339181062797,298.154651008233
6.91039131736492,1.5,301.9603031644361,298.4036787639676,298.15466445280776
6.914016916167315,1.5,301.961466254274,298.40396582667745,298.1546779244589
6.917642514969709,1.5,301.96262911254234,298.404252998678,298.1546914232138
6.921268113772104,1.5,301.9637917393821,298.4045402798895,298.15470494909977
6.924893712574499,1.5,301.9649541349337,298.4048276702326,298.1547185021442
6.928519311376894,1.5,301.96611629933767,298.40511516962766,298.1547320823744
6.9321449101792885,1.5,301.9672782327342,298.4054027779955,298.1547456898176
6.935770508981683,1.5,301.9684399352634,298.4056904952566,298.1547593245013
6.939396107784078,1.5,301.96960140706506,298.4059783213317,298.1547729864527
6.943021706586473,1.5,301.9707626482788,298.4062662561415,298.15478667569914
6.9466473053888675,1.5,301.97192365904414,298.40655429960685,298.15480039226776
6.950272904191262,1.5,301.9730844395002,298.4068424516486,298.154814136186
6.953898502993657,1.5,301.97424498978626,298.4071307121874,298.154827907481
6.957524101796052,1.5,301.9754053100411,298.40741908114444,298.15484170618004
6.961149700598447,1.5,301.9765654004034,298.4077075584406,298.1548555323103
6.964775299400841,1.5,301.97772526101164,298.40799614399697,298.154869385899
6.968400898203236,1.5,301.9788848920041,298.4082848377345,298.15488326697346
6.972026497005631,1.5,301.98004429351903,298.40857363957446,298.15489717556073
6.975652095808026,1.5,301.9812034656942,298.40886254943797,298.154911111688
6.9792776946104205,1.5,301.9823624086674,298.4091515672463,298.15492507538244
6.982903293412815,1.5,301.9835211225762,298.40944069292055,298.15493906667126
6.98652889221521,1.5,301.98467960755795,298.4097299263823,298.1549530855815
6.990154491017605,1.5,301.98583786374974,298.41001926755274,298.1549671321403
6.9937800898199995,1.5,301.98699589128864,298.4103087163534,298.1549812063748
6.997405688622394,1.5,301.9881536903113,298.41059827270567,298.1549953083121
7.001031287424789,1.5,301.9893112609546,298.41088793653114,298.15500943797934
7.004656886227184,1.5,301.9904686033547,298.4111777077513,298.15502359540346
7.008282485029579,1.5,301.9916257176479,298.41146758628787,298.1550377806116
7.011908083831973,1.5,301.9927826039702,298.4117575720624,298.1550519936308
7.015533682634368,1.5,301.9939392624576,298.4120476649967,298.155066234488
7.019159281436763,1.5,301.9950956932457,298.41233786501255,298.15508050321034
7.022784880239158,1.5,301.99625189646986,298.4126281720317,298.1550947998248
7.0264104790415525,1.5,301.9974078722655,298.412918585976,298.1551091243583
7.030036077843947,1.5,301.99856362076787,298.4132091067674,298.15512347683784
7.033661676646342,1.5,301.99971914211164,298.4134997343279,298.1551378572904
7.037287275448737,1.5,302.00087443643173,298.4137904685794,298.15515226574297
7.0409128742511315,1.5,302.0020295038627,298.41408130944404,298.15516670222246
7.044538473053526,1.5,302.0031843445389,298.4143722568438,298.1551811667557
7.048164071855921,1.5,302.0043389585945,298.4146633107011,298.1551956593698
7.051789670658316,1.5,302.0054933461636,298.4149544709379,298.15521018009144
7.055415269460711,1.5,302.00664750737997,298.41524573747654,298.15522472894764
7.059040868263105,1.5,302.0078014423773,298.41553711023937,298.15523930596527
7.0626664670655,1.5,302.00895515128906,298.4158285891486,298.15525391117114
7.066292065867895,1.5,302.01010863424864,298.4161201741268,298.1552685445921
7.06991766467029,1.5,302.01126189138904,298.4164118650963,298.155283206255
7.0735432634726845,1.5,302.0124149228433,298.41670366197957,298.15529789618654
7.077168862275079,1.5,302.0135677287441,298.4169955646992,298.15531261441373
7.080794461077474,1.5,302.014720309224,298.4172875731778,298.1553273609632
7.084420059879869,1.5,302.01587266441555,298.41757968733805,298.1553421358618
7.0880456586822636,1.5,302.01702479445083,298.4178719071025,298.1553569391363
7.091671257484658,1.5,302.01817669946206,298.418164232394,298.1553717708134
7.095296856287053,1.5,302.0193283795808,298.41845666313526,298.1553866309199
7.098922455089448,1.5,302.0204798349391,298.4187491992492,298.1554015194824
7.102548053891843,1.5,302.0216310656683,298.41904184065856,298.15541643652773
7.106173652694237,1.5,302.0227820718998,298.41933458728647,298.15543138208255
7.109799251496632,1.5,302.02393285376473,298.41962743905566,298.1554463561735
7.113424850299027,1.5,302.02508341139406,298.4199203958894,298.1554613588273
7.117050449101422,1.5,302.0262337449188,298.4202134577106,298.15547639007053
7.1206760479038165,1.5,302.0273838544693,298.4205066244424,298.15549144992985
7.124301646706211,1.5,302.0285337401762,298.420799896008,298.155506538432
7.127927245508606,1.5,302.02968340216984,298.42109327233067,298.1555216556034
7.131552844311001,1.5,302.0308328405803,298.42138675333354,298.1555368014708
7.1351784431133956,1.5,302.03198205553747,298.42168033894006,298.1555519760608
7.13880404191579,1.5,302.03313104717114,298.4219740290735,298.15556717939984
7.142429640718185,1.5,302.03427981561094,298.4222678236573,298.15558241151456
7.14605523952058,1.5,302.0354283609864,298.4225617226149,298.1555976724314
7.149680838322975,1.5,302.03657668342663,298.4228557258698,298.155612962177
7.153306437125369,1.5,302.0377247830609,298.4231498333456,298.15562828077776
7.156932035927764,1.5,302.03887266001794,298.42344404496583,298.15564362826035
7.160557634730159,1.5,302.04002031442667,298.42373836065417,298.15565900465117
7.164183233532554,1.5,302.0411677464155,298.42403278033424,298.15567440997665
7.1678088323349485,1.5,302.04231495611305,298.42432730392994,298.15568984426324
7.171434431137343,1.5,302.0434619436474,298.424621931365,298.15570530753746
7.175060029939738,1.5,302.0446087091467,298.4249166625632,298.1557207998256
7.178685628742133,1.5,302.04575525273884,298.42521149744846,298.1557363211542
7.1823112275445276,1.5,302.04690157455155,298.4255064359447,298.1557518715497
7.185936826346922,1.5,302.0480476747124,298.4258014779759,298.15576745103834
7.189562425149317,1.5,302.0491935533488,298.4260966234661,298.1557830596466
7.193188023951712,1.5,302.050339210588,298.42639187233937,298.15579869740077
7.196813622754107,1.5,302.05148464655707,298.42668722451987,298.1558143643272
7.200439221556501,1.5,302.0526298613829,298.4269826799317,298.15583006045233
7.204064820358896,1.5,302.0537748551923,298.4272782384992,298.15584578580234
7.207690419161291,1.5,302.0549196281117,298.42757390014646,298.1558615404036
7.211316017963686,1.5,302.05606418026764,298.42786966479787,298.15587732428236
7.2149416167660805,1.5,302.05720851178626,298.4281655323778,298.15589313746483
7.218567215568475,1.5,302.05835262279373,298.42846150281065,298.1559089799775
7.22219281437087,1.5,302.059496513416,298.4287575760209,298.1559248518463
7.225818413173265,1.5,302.06064018377856,298.429053751933,298.15594075309764
7.22944401197566,1.5,302.0617836340073,298.4293500304716,298.1559566837577
7.233069610778054,1.5,302.0629268642275,298.42964641156107,298.15597264385275
7.236695209580449,1.5,302.06406987456444,298.4299428951264,298.1559886334089
7.240320808382844,1.5,302.06521266514324,298.43023948109186,298.1560046524523
7.243946407185239,1.5,302.0663552360888,298.43053616938255,298.15602070100914
7.247572005987633,1.5,302.0674975875259,298.4308329599231,298.1560367791055
7.251197604790028,1.5,302.06863971957915,298.4311298526384,298.15605288676755
7.254823203592423,1.5,302.0697816323731,298.43142684745317,298.15606902402146
7.258448802394818,1.5,302.070923326032,298.4317239442925,298.15608519089324
7.2620744011972125,1.5,302.07206480067987,298.43202114308133,298.156101387409
7.265699999999607,1.5,302.07320605644077,298.43231844374463,298.1561176135948
7.269325598802002,1.5,302.07434709343846,298.4326158462075,298.1561338694767
7.272951197604397,1.5,302.0754879117967,298.4329133503951,298.1561501550808
7.276576796406792,1.5,302.07662851163883,298.4332109562325,298.15616647043305
7.280202395209186,1.5,302.0777688930884,298.4335086636449,298.1561828155595
7.283827994011581,1.5,302.07890905626834,298.43380647255765,298.15619919048606
7.287453592813976,1.5,302.08004900130186,298.43410438289595,298.15621559523873
7.291079191616371,1.5,302.0811887283117,298.4344023945852,298.1562320298436
7.294704790418765,1.5,302.08232823742065,298.4347005075508,298.15624849432646
7.29833038922116,1.5,302.0834675287512,298.4349987217182,298.15626498871336
7.301955988023555,1.5,302.0846066024258,298.43529703701296,298.15628151303014
7.30558158682595,1.5,302.08574545856663,298.4355954533604,298.15629806730277
7.3092071856283445,1.5,302.0868840972958,298.43589397068627,298.15631465155707
7.312832784430739,1.5,302.08802251873516,298.43619258891613,298.156331265819
7.316458383233134,1.5,302.08916072300656,298.4364913079757,298.1563479101143
7.320083982035529,1.5,302.0902987102316,298.43679012779063,298.15636458446886
7.323709580837924,1.5,302.0914364805317,298.4370890482868,298.1563812889086
7.327335179640318,1.5,302.0925740340282,298.4373880693899,298.1563980234593
7.330960778442713,1.5,302.09371137084213,298.4376871910258,298.1564147881466
7.334586377245108,1.5,302.09484849109464,298.43798641312054,298.15643158299656
7.338211976047503,1.5,302.09598539490656,298.43828573559995,298.1564484080347
7.341837574849897,1.5,302.09712208239847,298.43858515839,298.15646526328686
7.345463173652292,1.5,302.098258553691,298.4388846814168,298.1564821487788
7.349088772454687,1.5,302.0993948089045,298.43918430460656,298.1564990645363
7.352714371257082,1.5,302.10053084815917,298.43948402788516,298.156516010585
7.3563399700594765,1.5,302.10166667157523,298.439783851179,298.1565329869506
7.359965568861871,1.5,302.10280227927245,298.44008377441423,298.15654999365876
7.363591167664266,1.5,302.10393767137066,298.4403837975171,298.1565670307352
7.367216766466661,1.5,302.1050728479895,298.440683920414,298.15658409820554
7.370842365269056,1.5,302.10620780924836,298.4409841430313,298.1566011960953
7.37446796407145,1.5,302.10734255526665,298.4412844652953,298.15661832443027
7.378093562873845,1.5,302.1084770861636,298.4415848871326,298.1566354832361
7.38171916167624,1.5,302.1096114020581,298.4418854084696,298.1566526725381
7.385344760478635,1.5,302.1107455030691,298.44218602923297,298.15666989236206
7.388970359281029,1.5,302.1118793893153,298.4424867493492,298.15668714273346
7.392595958083424,1.5,302.1130130609153,298.44278756874496,298.15670442367787
7.396221556885819,1.5,302.11414651798754,298.443088487347,298.1567217352208
7.399847155688214,1.5,302.11527976065025,298.44338950508205,298.1567390773877
7.4034727544906085,1.5,302.1164127890216,298.4436906218769,298.1567564502042
7.407098353293003,1.5,302.11754560321964,298.4439918376583,298.15677385369577
7.410723952095398,1.5,302.1186782033621,298.44429315235317,298.1567912878878
7.414349550897793,1.5,302.1198105895667,298.44459456588845,298.1568087528058
7.417975149700188,1.5,302.120942761951,298.4448960781911,298.156826248475
7.421600748502582,1.5,302.1220747206325,298.44519768918815,298.1568437749211
7.425226347304977,1.5,302.1232064657283,298.4454993988066,298.1568613321693
7.428851946107372,1.5,302.12433799735555,298.4458012069736,298.1568789202451
7.432477544909767,1.5,302.1254693156313,298.4461031136163,298.1568965391739
7.436103143712161,1.5,302.1266004206722,298.4464051186619,298.1569141889809
7.439728742514556,1.5,302.12773131259513,298.4467072220376,298.1569318696916
7.443354341316951,1.5,302.1288619915165,298.44700942367075,298.1569495813313
7.446979940119346,1.5,302.1299924575526,298.4473117234888,298.15696732392513
7.4506055389217405,1.5,302.13112271081985,298.44761412141884,298.15698509749865
7.454231137724135,1.5,302.13225275143424,298.44791661738856,298.15700290207695
7.45785673652653,1.5,302.1333825795118,298.44821921132524,298.15702073768534
7.461482335328925,1.5,302.1345121951682,298.4485219031565,298.157038604349
7.46510793413132,1.5,302.1356415985194,298.4488246928099,298.1570565020934
7.468733532933714,1.5,302.13677078968055,298.44912758021303,298.1570744309435
7.472359131736109,1.5,302.1378997687673,298.44943056529354,298.1570923909246
7.475984730538504,1.5,302.1390285358948,298.44973364797914,298.1571103820619
7.479610329340899,1.5,302.1401570911782,298.45003682819754,298.15712840438056
7.483235928143293,1.5,302.14128543473237,298.45034010587653,298.1571464579057
7.486861526945688,1.5,302.14241356667213,298.45064348094405,298.15716454266243
7.490487125748083,1.5,302.1435414871123,298.4509469533279,298.157182658676
7.494112724550478,1.5,302.14466919616734,298.451250522956,298.1572008059714
7.4977383233528725,1.5,302.1457966939516,298.45155418975634,298.1572189845737
7.501363922155267,1.5,302.14692398057934,298.45185795365694,298.1572371945081
7.504989520957662,1.5,302.1480510561647,298.4521618145858,298.1572554357995
7.508615119760057,1.5,302.14917792082167,298.45246577247116,298.1572737084731
7.512240718562452,1.5,302.1503045746641,298.452769827241,298.1572920125538
7.515866317364846,1.5,302.15143101780575,298.45307397882374,298.1573103480667
7.519491916167241,1.5,302.15255725036,298.4533782271475,298.15732871503667
7.523117514969636,1.5,302.15368327244045,298.4536825721404,298.1573471134888
7.526743113772031,1.5,302.1548090841604,298.4539870137311,298.15736554344807
7.530368712574425,1.5,302.1559346856328,298.45429155184775,298.15738400493933
7.53399431137682,1.5,302.1570600769709,298.45459618641894,298.15740249798756
7.537619910179215,1.5,302.1581852582874,298.454900917373,298.1574210226177
7.54124550898161,1.5,302.15931022969517,298.4552057446384,298.1574395788546
7.5448711077840045,1.5,302.16043499130666,298.4555106681439,298.15745816672313
7.548496706586399,1.5,302.1615595432345,298.45581568781796,298.1574767862482
7.552122305388794,1.5,302.16268388559087,298.4561208035893,298.15749543745466
7.555747904191189,1.5,302.1638080184881,298.45642601538646,298.1575141203674
7.559373502993584,1.5,302.16493194203815,298.4567313231384,298.15753283501107
7.562999101795978,1.5,302.166055656353,298.45703672677377,298.1575515814106
7.566624700598373,1.5,302.1671791615444,298.45734222622144,298.15757035959075
7.570250299400768,1.5,302.1683024577241,298.45764782141026,298.15758916957634
7.573875898203163,1.5,302.1694255450035,298.45795351226917,298.157608011392
7.577501497005557,1.5,302.17054842349404,298.45825929872717,298.1576268850626
7.581127095807952,1.5,302.171671093307,298.4585651807132,298.1576457906127
7.584752694610347,1.5,302.1727935545535,298.45887115815634,298.1576647280672
7.588378293412742,1.5,302.17391580734443,298.4591772309857,298.15768369745064
7.5920038922151365,1.5,302.17503785179076,298.45948339913036,298.1577026987878
7.595629491017531,1.5,302.17615968800317,298.4597896625196,298.1577217321032
7.599255089819926,1.5,302.17728131609226,298.4600960210826,298.1577407974216
7.602880688622321,1.5,302.17840273616844,298.4604024747487,298.1577598947676
7.606506287424716,1.5,302.17952394834214,298.4607090234471,298.15777902416573
7.61013188622711,1.5,302.18064495272347,298.4610156671073,298.1577981856408
7.613757485029505,1.5,302.1817657494225,298.4613224056586,298.1578173792171
7.6173830838319,1.5,302.18288633854917,298.4616292390306,298.15783660491934
7.621008682634295,1.5,302.1840067202133,298.4619361671526,298.157855862772
7.624634281436689,1.5,302.18512689452456,298.4622431899542,298.1578751527997
7.628259880239084,1.5,302.18624686159245,298.4625503073652,298.15789447502686
7.631885479041479,1.5,302.18736662152645,298.46285751931487,298.15791382947805
7.635511077843874,1.5,302.18848617443575,298.46316482573326,298.15793321617775
7.6391366766462685,1.5,302.1896055204296,298.46347222654987,298.1579526351503
7.642762275448663,1.5,302.19072465961693,298.4637797216945,298.1579720864202
7.646387874251058,1.5,302.1918435921067,298.464087311097,298.157991570012
7.650013473053453,1.5,302.1929623180077,298.46439499468715,298.15801108594997
7.653639071855848,1.5,302.19408083742843,298.46470277239496,298.1580306342586
7.657264670658242,1.5,302.19519915047755,298.46501064415025,298.1580502149621
7.660890269460637,1.5,302.19631725726333,298.4653186098832,298.158069828085
7.664515868263032,1.5,302.1974351578941,298.46562666952366,298.1580894736516
7.668141467065427,1.5,302.198552852478,298.46593482300176,298.1581091516862
7.671767065867821,1.5,302.19967034112295,298.46624307024763,298.1581288622131
7.675392664670216,1.5,302.2007876239369,298.46655141119146,298.1581486052567
7.679018263472611,1.5,302.20190470102756,298.4668598457634,298.15816838084123
7.682643862275006,1.5,302.2030215725025,298.4671683738938,298.15818818899095
7.6862694610774005,1.5,302.2041382384693,298.4674769955128,298.15820802973
7.689895059879795,1.5,302.2052546990352,298.4677857105509,298.1582279030828
7.69352065868219,1.5,302.20637095430766,298.4680945189384,298.1582478090734
7.697146257484585,1.5,302.2074870043935,298.4684034206058,298.1582677477261
7.70077185628698,1.5,302.20860284940005,298.4687124154835,298.158287719065
7.704397455089374,1.5,302.2097184894339,298.469021503502,298.1583077231143
7.708023053891769,1.5,302.2108339246019,298.46933068459197,298.1583277598982
7.711648652694164,1.5,302.2119491550107,298.46963995868396,298.1583478294408
7.715274251496559,1.5,302.2130641807667,298.46994932570857,298.1583679317662
7.718899850298953,1.5,302.21417900197633,298.47025878559657,298.15838806689845
7.722525449101348,1.5,302.2152936187459,298.4705683382786,298.15840823486167
7.726151047903743,1.5,302.2164080311814,298.4708779836856,298.15842843568
7.729776646706138,1.5,302.2175222393888,298.4711877217483,298.1584486693773
7.7334022455085325,1.5,302.2186362434742,298.4714975523976,298.1584689359778
7.737027844310927,1.5,302.2197500435431,298.47180747556433,298.15848923550544
7.740653443113322,1.5,302.22086363970135,298.4721174911795,298.1585095679842
7.744279041915717,1.5,302.2219770320543,298.4724275991741,298.15852993343805
7.747904640718112,1.5,302.2230902207075,298.47273779947926,298.158550331891
7.751530239520506,1.5,302.224203205766,298.473048092026,298.158570763367
7.755155838322901,1.5,302.2253159873351,298.4733584767454,298.1585912278899
7.758781437125296,1.5,302.2264285655197,298.47366895356873,298.1586117254837
7.762407035927691,1.5,302.22754094042483,298.4739795224271,298.15863225617215
7.766032634730085,1.5,302.22865311215526,298.4742901832519,298.1586528199793
7.76965823353248,1.5,302.2297650808156,298.4746009359743,298.15867341692905
7.773283832334875,1.5,302.23087684651034,298.4749117805258,298.158694047045
7.77690943113727,1.5,302.23198840934396,298.4752227168377,298.1587147103512
7.7805350299396645,1.5,302.2330997694208,298.4755337448414,298.15873540687136
7.784160628742059,1.5,302.234210926845,298.4758448644685,298.15875613662934
7.787786227544454,1.5,302.2353218817206,298.47615607565047,298.1587768996489
7.791411826346849,1.5,302.2364326341516,298.47646737831883,298.1587976959537
7.795037425149244,1.5,302.23754318424176,298.4767787724052,298.1588185255676
7.798663023951638,1.5,302.2386535320948,298.4770902578414,298.1588393885143
7.802288622754033,1.5,302.2397636778144,298.47740183455886,298.15886028481754
7.805914221556428,1.5,302.24087362150374,298.4777135024895,298.158881214501
7.809539820358823,1.5,302.24198336326657,298.47802526156505,298.1589021775883
7.813165419161217,1.5,302.2430929032059,298.47833711171734,298.1589231741031
7.816791017963612,1.5,302.24420224142483,298.4786490528783,298.1589442040691
7.820416616766007,1.5,302.24531137802643,298.47896108497974,298.15896526751
7.824042215568402,1.5,302.2464203131135,298.47927320795367,298.1589863644492
7.8276678143707965,1.5,302.24752904678894,298.47958542173217,298.15900749491044
7.831293413173191,1.5,302.24863757915523,298.47989772624715,298.15902865891735
7.834919011975586,1.5,302.2497459103151,298.48021012143073,298.1590498564933
7.838544610777981,1.5,302.25085404037077,298.48052260721505,298.15907108766197
7.842170209580376,1.5,302.25196196942466,298.48083518353235,298.15909235244686
7.84579580838277,1.5,302.2530696975789,298.4811478503148,298.15911365087146
7.849421407185165,1.5,302.2541772249356,298.4814606074946,298.15913498295924
7.85304700598756,1.5,302.2552845515966,298.4817734550042,298.15915634873375
7.856672604789955,1.5,302.2563916776639,298.4820863927758,298.1591777482183
7.860298203592349,1.5,302.2574986032391,298.4823994207418,298.1591991814365
7.863923802394744,1.5,302.25860532842387,298.48271253883473,298.15922064841175
7.867549401197139,1.5,302.25971185331974,298.483025746987,298.1592421491673
7.871174999999534,1.5,302.260818178028,298.4833390451311,298.1592636837267
7.8748005988019285,1.5,302.26192430264996,298.4836524331997,298.1592852521132
7.878426197604323,1.5,302.2630302272868,298.48396591112527,298.1593068543503
7.882051796406718,1.5,302.26413595203945,298.4842794788406,298.1593284904612
7.885677395209113,1.5,302.26524147700894,298.4845931362782,298.1593501604692
7.889302994011508,1.5,302.2663468022961,298.48490688337097,298.15937186439777
7.892928592813902,1.5,302.26745192800155,298.4852207200516,298.15939360227003
7.896554191616297,1.5,302.2685568542259,298.4855346462529,298.1594153741093
7.900179790418692,1.5,302.26966158106967,298.4858486619078,298.1594371799389
7.903805389221087,1.5,302.2707661086332,298.4861627669492,298.159459019782
7.907430988023481,1.5,302.2718704370167,298.48647696130996,298.15948089366174
7.911056586825876,1.5,302.27297456632033,298.4867912449231,298.1595028016015
7.914682185628271,1.5,302.2740784966442,298.4871056177217,298.15952474362433
7.918307784430666,1.5,302.2751822280881,298.4874200796388,298.1595467197534
7.9219333832330605,1.5,302.2762857607519,298.4877346306075,298.15956873001187
7.925558982035455,1.5,302.2773890947353,298.488049270561,298.1595907744229
7.92918458083785,1.5,302.27849223013783,298.4883639994325,298.15961285300955
7.932810179640245,1.5,302.27959516705903,298.48867881715523,298.159634965795
7.93643577844264,1.5,302.2806979055983,298.4889937236624,298.1596571128022
7.940061377245034,1.5,302.28180044585474,298.48930871888757,298.1596792940544
7.943686976047429,1.5,302.28290278792764,298.48962380276384,298.15970150957446
7.947312574849824,1.5,302.284004931916,298.4899389752248,298.15972375938554
7.950938173652219,1.5,302.2851068779187,298.49025423620384,298.15974604351055
7.954563772454613,1.5,302.2862086260345,298.4905695856345,298.1597683619725
7.958189371257008,1.5,302.2873101763623,298.49088502345023,298.1597907147944
7.961814970059403,1.5,302.2884115290006,298.49120054958473,298.1598131019992
7.965440568861798,1.5,302.28951268404774,298.4915161639716,298.1598355236098
7.9690661676641925,1.5,302.2906136416023,298.4918318665445,298.15985797964913
7.972691766466587,1.5,302.29171440176253,298.4921476572371,298.1598804701401
7.976317365268982,1.5,302.2928149646265,298.4924635359832,298.1599029951057
7.979942964071377,1.5,302.29391533029224,298.4927795027166,298.15992555456864
7.983568562873772,1.5,302.2950154988579,298.4930955573711,298.1599481485519
7.987194161676166,1.5,302.2961154704211,298.4934116998806,298.1599707770782
7.990819760478561,1.5,302.29721524507977,298.49372793017903,298.1599934401704
7.994445359280956,1.5,302.29831482293145,298.4940442482004,298.16001613785136
7.998070958083351,1.5,302.29941420407357,298.4943606538786,298.16003887014386
8.001696556885745,1.5,302.30051338860363,298.49467714714774,298.1600616370705
8.005322155688141,1.5,302.30161237661895,298.494993727942,298.1600844386542
8.008947754490537,1.5,302.3027111682167,298.4953103961954,298.1601072749177
8.012573353292932,1.5,302.30380976349403,298.49562715184226,298.1601301458836
8.016198952095328,1.5,302.3049081625479,298.49594399481657,298.1601530515747
8.019824550897724,1.5,302.3060063654752,298.49626092505275,298.1601759920136
8.02345014970012,1.5,302.30710437237263,298.4965779424851,298.16019896722304
8.027075748502515,1.5,302.30820218333696,298.49689504704793,298.16022197722555
8.03070134730491,1.5,302.30929979846474,298.49721223867556,298.1602450220438
8.034326946107306,1.5,302.31039721785237,298.49752951730255,298.1602681017004
8.037952544909702,1.5,302.3114944415963,298.49784688286326,298.160291216218
8.041578143712098,1.5,302.3125914697929,298.49816433529236,298.16031436561923
8.045203742514493,1.5,302.313688302538,298.49848187452426,298.16033754992645
8.048829341316889,1.5,302.3147849399279,298.49879950049353,298.1603607691623
8.052454940119285,1.5,302.3158813820585,298.4991172131349,298.1603840233493
8.05608053892168,1.5,302.31697762902553,298.4994350123831,298.16040731250996
8.059706137724076,1.5,302.31807368092484,298.49975289817274,298.1604306366667
8.063331736526472,1.5,302.319169537852,298.50007087043855,298.1604539958421
8.066957335328867,1.5,302.32026519990256,298.5003889291155,298.16047739005853
8.070582934131263,1.5,302.32136066717203,298.5007070741383,298.1605008193385
8.074208532933659,1.5,302.3224559397556,298.5010253054419,298.16052428370426
8.077834131736054,1.5,302.3235510177486,298.5013436229612,298.16054778317846
8.08145973053845,1.5,302.3246459012462,298.50166202663115,298.1605713177832
8.085085329340846,1.5,302.3257405903432,298.5019805163869,298.16059488754104
8.088710928143241,1.5,302.3268350851347,298.5022990921633,298.16061849247427
8.092336526945637,1.5,302.32792938571544,298.5026177538956,298.16064213260523
8.095962125748033,1.5,302.3290234921801,298.5029365015189,298.16066580795626
8.099587724550428,1.5,302.33011740462354,298.50325533496834,298.1606895185495
8.103213323352824,1.5,302.33121112313995,298.5035742541793,298.1607132644073
8.10683892215522,1.5,302.3323046478239,298.5038932590868,298.1607370455521
8.110464520957615,1.5,302.3333979787696,298.5042123496263,298.1607608620058
8.11409011976001,1.5,302.3344911160714,298.5045315257331,298.1607847137909
8.117715718562406,1.5,302.3355840598233,298.5048507873426,298.16080860092956
8.121341317364802,1.5,302.3366768101194,298.5051701343902,298.16083252344384
8.124966916167198,1.5,302.33776936705357,298.50548956681143,298.160856481356
8.128592514969593,1.5,302.33886173071954,298.5058090845418,298.16088047468816
8.132218113771989,1.5,302.3399539012111,298.5061286875168,298.1609045034625
8.135843712574385,1.5,302.3410458786219,298.50644837567205,298.1609285677011
8.13946931137678,1.5,302.34213766304543,298.50676814894325,298.16095266742605
8.143094910179176,1.5,302.3432292545751,298.507088007266,298.1609768026594
8.146720508981572,1.5,302.3443206533041,298.5074079505761,298.1610009734233
8.150346107783967,1.5,302.34541185932585,298.5077279788092,298.1610251797397
8.153971706586363,1.5,302.34650287273325,298.5080480919012,298.1610494216307
8.157597305388759,1.5,302.34759369361956,298.5083682897878,298.1610736991183
8.161222904191154,1.5,302.3486843220775,298.50868857240516,298.16109801222444
8.16484850299355,1.5,302.34977475819994,298.5090089396889,298.16112236097115
8.168474101795946,1.5,302.3508650020797,298.50932939157514,298.16114674538034
8.172099700598341,1.5,302.35195505380926,298.50964992799993,298.16117116547395
8.175725299400737,1.5,302.35304491348126,298.5099705488992,298.161195621274
8.179350898203133,1.5,302.3541345811881,298.51029125420916,298.1612201128022
8.182976497005528,1.5,302.35522405702204,298.5106120438658,298.1612446400806
8.186602095807924,1.5,302.35631334107546,298.51093291780546,298.16126920313104
8.19022769461032,1.5,302.35740243344037,298.51125387596426,298.1612938019754
8.193853293412715,1.5,302.35849133420896,298.51157491827837,298.1613184366353
8.197478892215111,1.5,302.35958004347304,298.51189604468425,298.16134310713284
8.201104491017507,1.5,302.36066856132453,298.5122172551181,298.16136781348956
8.204730089819902,1.5,302.3617568878551,298.5125385495164,298.1613925557275
8.208355688622298,1.5,302.3628450231566,298.51285992781555,298.1614173338682
8.211981287424694,1.5,302.3639329673204,298.51318138995197,298.16144214793354
8.21560688622709,1.5,302.36502072043805,298.5135029358622,298.1614669979451
8.219232485029485,1.5,302.366108282601,298.51382456548276,298.1614918839247
8.22285808383188,1.5,302.36719565390035,298.5141462787502,298.1615168058941
8.226483682634276,1.5,302.3682828344275,298.5144680756012,298.16154176387477
8.230109281436672,1.5,302.36936982427335,298.5147899559724,298.16156675788847
8.233734880239068,1.5,302.3704566235289,298.5151119198005,298.16159178795687
8.237360479041463,1.5,302.37154323228526,298.5154339670222,298.1616168541015
8.240986077843859,1.5,302.372629650633,298.5157560975744,298.16164195634406
8.244611676646254,1.5,302.37371587866295,298.5160783113938,298.1616670947061
8.24823727544865,1.5,302.3748019164657,298.5164006084174,298.16169226920914
8.251862874251046,1.5,302.37588776413185,298.516722988582,298.16171747987477
8.255488473053441,1.5,302.3769734217517,298.5170454518246,298.16174272672447
8.259114071855837,1.5,302.3780588894156,298.5173679980821,298.1617680097798
8.262739670658233,1.5,302.37914416721395,298.51769062729164,298.1617933290622
8.266365269460628,1.5,302.38022925523677,298.5180133393903,298.1618186845932
8.269990868263024,1.5,302.3813141535741,298.5183361343151,298.16184407639423
8.27361646706542,1.5,302.382398862316,298.51865901200324,298.16186950448673
8.277242065867815,1.5,302.3834833815523,298.51898197239194,298.16189496889217
8.280867664670211,1.5,302.38456771137277,298.51930501541835,298.1619204696318
8.284493263472607,1.5,302.385651851867,298.51962814101984,298.1619460067272
8.288118862275002,1.5,302.38673580312474,298.51995134913363,298.1619715801996
8.291744461077398,1.5,302.3878195652355,298.5202746396972,298.1619971900704
8.295370059879794,1.5,302.3889031382886,298.52059801264784,298.1620228363609
8.29899565868219,1.5,302.38998652237336,298.520921467923,298.1620485190925
8.302621257484585,1.5,302.39106971757906,298.5212450054602,298.1620742382864
8.30624685628698,1.5,302.39215272399485,298.5215686251969,298.16209999396386
8.309872455089376,1.5,302.3932355417097,298.5218923270707,298.16212578614625
8.313498053891772,1.5,302.3943181708127,298.5222161110192,298.1621516148548
8.317123652694168,1.5,302.3954006113926,298.52253997697994,298.1621774801106
8.320749251496563,1.5,302.3964828635382,298.52286392489077,298.16220338193494
8.324374850298959,1.5,302.3975649273382,298.52318795468926,298.16222932034907
8.328000449101355,1.5,302.3986468028812,298.52351206631323,298.16225529537405
8.33162604790375,1.5,302.39972849025565,298.52383625970043,298.1622813070311
8.335251646706146,1.5,302.40080998955005,298.5241605347888,298.16230735534134
8.338877245508542,1.5,302.40189130085264,298.52448489151607,298.16233344032594
8.342502844310937,1.5,302.40297242425174,298.5248093298203,298.16235956200586
8.346128443113333,1.5,302.4040533598354,298.52513384963936,298.1623857204022
8.349754041915729,1.5,302.4051341076918,298.52545845091134,298.16241191553615
8.353379640718124,1.5,302.4062146679088,298.5257831335742,298.1624381474287
8.35700523952052,1.5,302.4072950405743,298.526107897566,298.16246441610076
8.360630838322916,1.5,302.4083752257761,298.52643274282497,298.1624907215735
8.364256437125311,1.5,302.4094552236019,298.5267576692891,298.1625170638678
8.367882035927707,1.5,302.4105350341394,298.5270826768967,298.1625434430047
8.371507634730103,1.5,302.411614657476,298.5274077655861,298.1625698590052
8.375133233532498,1.5,302.4126940936991,298.5277329352954,298.16259631189007
8.378758832334894,1.5,302.4137733428962,298.52805818596295,298.16262280168036
8.38238443113729,1.5,302.4148524051544,298.5283835175272,298.1626493283969
8.386010029939685,1.5,302.4159312805611,298.5287089299265,298.1626758920607
8.38963562874208,1.5,302.4170099692031,298.52903442309923,298.1627024926924
8.393261227544476,1.5,302.4180884711676,298.529359996984,298.162729130313
8.396886826346872,1.5,302.41916678654144,298.5296856515193,298.1627558049433
8.400512425149268,1.5,302.42024491541144,298.53001138664354,298.1627825166041
8.404138023951663,1.5,302.42132285786437,298.5303372022954,298.1628092653163
8.407763622754059,1.5,302.42240061398684,298.5306630984137,298.1628360511005
8.411389221556455,1.5,302.4234781838654,298.5309890749368,298.1628628739775
8.41501482035885,1.5,302.4245555675866,298.5313151318037,298.16288973396803
8.418640419161246,1.5,302.42563276523674,298.53164126895297,298.1629166310929
8.422266017963642,1.5,302.4267097769022,298.5319674863234,298.1629435653727
8.425891616766037,1.5,302.42778660266913,298.5322937838541,298.1629705368283
8.429517215568433,1.5,302.4288632426238,298.5326201614836,298.16299754548015
8.433142814370829,1.5,302.42993969685205,298.53294661915095,298.163024591349
8.436768413173224,1.5,302.43101596543994,298.53327315679513,298.1630516744554
8.44039401197562,1.5,302.43209204847335,298.53359977435514,298.16307879482
8.444019610778016,1.5,302.43316794603805,298.5339264717701,298.1631059524635
8.447645209580411,1.5,302.4342436582198,298.53425324897887,298.16313314740626
8.451270808382807,1.5,302.4353191851042,298.53458010592067,298.163160379669
8.454896407185203,1.5,302.4363945267767,298.5349070425347,298.16318764927223
8.458522005987598,1.5,302.43746968332283,298.5352340587601,298.1632149562365
8.462147604789994,1.5,302.4385446548279,298.5355611545361,298.1632423005822
8.46577320359239,1.5,302.4396194413773,298.535888329802,298.16326968232994
8.469398802394785,1.5,302.4406940430561,298.53621558449703,298.1632971015001
8.473024401197181,1.5,302.4417684599495,298.53654291856066,298.16332455811323
8.476649999999577,1.5,302.44284269214245,298.5368703319322,298.16335205218957
8.480275598801972,1.5,302.44391673972,298.5371978245512,298.16337958374976
8.483901197604368,1.5,302.44499060276695,298.53752539635695,298.163407152814
8.487526796406764,1.5,302.446064281368,298.5378530472891,298.1634347594028
8.49115239520916,1.5,302.447137775608,298.5381807772871,298.1634624035364
8.494777994011555,1.5,302.4482110855715,298.5385085862906,298.16349008523525
8.49840359281395,1.5,302.44928421134296,298.5388364742392,298.1635178045196
8.502029191616346,1.5,302.45035715300685,298.5391644410726,298.16354556140976
8.505654790418742,1.5,302.4514299106476,298.53949248673047,298.163573355926
8.509280389221137,1.5,302.45250248434945,298.53982061115255,298.16360118808876
8.512905988023533,1.5,302.45357487419653,298.5401488142786,298.16362905791806
8.516531586825929,1.5,302.45464708027305,298.5404770960485,298.16365696543414
8.520157185628324,1.5,302.45571910266307,298.54080545640204,298.16368491065737
8.52378278443072,1.5,302.45679094145044,298.54113389527924,298.16371289360785
8.527408383233116,1.5,302.45786259671905,298.5414624126199,298.1637409143057
8.531033982035511,1.5,302.45893406855276,298.54179100836416,298.16376897277127
8.534659580837907,1.5,302.4600053570352,298.5421196824518,298.16379706902455
8.538285179640303,1.5,302.46107646225,298.5424484348232,298.1638252030856
8.541910778442698,1.5,302.46214738428074,298.5427772654182,298.1638533749747
8.545536377245094,1.5,302.4632181232109,298.54310617417696,298.1638815847117
8.54916197604749,1.5,302.46428867912374,298.5434351610397,298.16390983231696
8.552787574849885,1.5,302.46535905210266,298.54376422594675,298.1639381178103
8.556413173652281,1.5,302.46642924223084,298.54409336883816,298.16396644121187
8.560038772454677,1.5,302.46749924959147,298.5444225896543,298.1639948025416
8.563664371257072,1.5,302.4685690742675,298.54475188833555,298.16402320181953
8.567289970059468,1.5,302.46963871634205,298.5450812648223,298.16405163906563
8.570915568861864,1.5,302.4707081758979,298.54541071905476,298.1640801142999
8.57454116766426,1.5,302.4717774530179,298.5457402509736,298.16410862754225
8.578166766466655,1.5,302.47284654778485,298.54606986051914,298.1641371788125
8.58179236526905,1.5,302.4739154602813,298.5463995476321,298.1641657681307
8.585417964071446,1.5,302.47498419058985,298.54672931225286,298.1641943955167
8.589043562873842,1.5,302.4760527387931,298.5470591543221,298.1642230609903
8.592669161676238,1.5,302.4771211049734,298.5473890737804,298.1642517645715
8.596294760478633,1.5,302.478189289213,298.5477190705685,298.1642805062799
8.599920359281029,1.5,302.4792572915943,298.5480491446272,298.16430928613545
8.603545958083425,1.5,302.4803251121994,298.54837929589706,298.16433810415805
8.60717155688582,1.5,302.4813927511104,298.548709524319,298.16436696036726
8.610797155688216,1.5,302.48246020840935,298.54903982983376,298.1643958547829
8.614422754490612,1.5,302.48352748417824,298.54937021238237,298.1644247874248
8.618048353293007,1.5,302.48459457849884,298.54970067190567,298.1644537583127
8.621673952095403,1.5,302.485661491453,298.55003120834454,298.16448276746615
8.625299550897799,1.5,302.4867282231223,298.55036182164,298.164511814905
8.628925149700194,1.5,302.48779477358863,298.55069251173313,298.1645409006487
8.63255074850259,1.5,302.48886114293333,298.55102327856497,298.1645700247171
8.636176347304986,1.5,302.48992733123794,298.55135412207653,298.16459918712974
8.639801946107381,1.5,302.49099333858385,298.5516850422091,298.16462838790636
8.643427544909777,1.5,302.49205916505235,298.55201603890384,298.1646576270664
8.647053143712172,1.5,302.49312481072474,298.55234711210187,298.16468690462943
8.650678742514568,1.5,302.4941902756822,298.5526782617445,298.1647162206151
8.654304341316964,1.5,302.49525556000566,298.55300948777307,298.1647455750429
8.65792994011936,1.5,302.4963206637763,298.55334079012886,298.1647749679324
8.661555538921755,1.5,302.4973855870751,298.5536721687532,298.164804399303
8.66518113772415,1.5,302.49845032998275,298.55400362358756,298.1648338691743
8.668806736526546,1.5,302.49951489258007,298.5543351545735,298.1648633775657
8.672432335328942,1.5,302.50057927494777,298.5546667616523,298.1648929244967
8.676057934131338,1.5,302.50164347716657,298.5549984447656,298.1649225099867
8.679683532933733,1.5,302.5027074993169,298.5553302038549,298.16495213405506
8.683309131736129,1.5,302.50377134147925,298.55566203886184,298.1649817967213
8.686934730538525,1.5,302.50483500373406,298.55599394972813,298.1650114980047
8.69056032934092,1.5,302.5058984861617,298.55632593639535,298.1650412379246
8.694185928143316,1.5,302.5069617888423,298.55665799880524,298.1650710165004
8.697811526945712,1.5,302.5080249118562,298.5569901368996,298.16510083375147
8.701437125748107,1.5,302.5090878552833,298.5573223506202,298.165130689697
8.705062724550503,1.5,302.5101506192038,298.55765463990883,298.1651605843563
8.708688323352899,1.5,302.51121320369754,298.5579870047074,298.16519051774867
8.712313922155294,1.5,302.5122756088444,298.5583194449579,298.16522048989333
8.71593952095769,1.5,302.51333783472415,298.55865196060205,298.1652505008095
8.719565119760086,1.5,302.5143998814165,298.558984551582,298.1652805505165
8.723190718562481,1.5,302.5154617490012,298.5593172178397,298.1653106390334
8.726816317364877,1.5,302.51652343755774,298.5596499593173,298.1653407663794
8.730441916167273,1.5,302.51758494716563,298.5599827759569,298.1653709325737
8.734067514969668,1.5,302.51864627790434,298.5603156677005,298.1654011376354
8.737693113772064,1.5,302.5197074298531,298.56064863449035,298.16543138158363
8.74131871257446,1.5,302.5207684030914,298.5609816762687,298.1654616644375
8.744944311376855,1.5,302.5218291976982,298.5613147929777,298.16549198621607
8.748569910179251,1.5,302.5228898137527,298.5616479845598,298.1655223469384
8.752195508981647,1.5,302.5239502513341,298.5619812509572,298.16555274662363
8.755821107784042,1.5,302.5250105105212,298.5623145921123,298.1655831852907
8.759446706586438,1.5,302.526070591393,298.5626480079674,298.16561366295866
8.763072305388834,1.5,302.52713049402826,298.5629814984652,298.16564417964645
8.76669790419123,1.5,302.52819021850576,298.56331506354786,298.16567473537316
8.770323502993625,1.5,302.52924976490425,298.5636487031581,298.16570533015766
8.77394910179602,1.5,302.53030913330224,298.5639824172384,298.1657359640189
8.777574700598416,1.5,302.53136832377834,298.56431620573136,298.1657666369757
8.781200299400812,1.5,302.53242733641105,298.5646500685796,298.16579734904724
8.784825898203207,1.5,302.53348617127864,298.56498400572576,298.1658281002521
8.788451497005603,1.5,302.5345448284595,298.56531801711265,298.16585889060934
8.792077095807999,1.5,302.53560330803197,298.56565210268286,298.16588972013767
8.795702694610394,1.5,302.5366616100741,298.56598626237934,298.16592058885607
8.79932829341279,1.5,302.537719734664,298.5663204961448,298.16595149678324
8.802953892215186,1.5,302.53877768187976,298.56665480392206,298.165982443938
8.806579491017581,1.5,302.5398354517993,298.566989185654,298.16601343033915
8.810205089819977,1.5,302.5408930445006,298.5673236412837,298.1660444560054
8.813830688622373,1.5,302.5419504600613,298.56765817075393,298.16607552095553
8.817456287424768,1.5,302.5430076985593,298.56799277400785,298.16610662520833
8.821081886227164,1.5,302.5440647600722,298.5683274509884,298.1661377687823
8.82470748502956,1.5,302.5451216446777,298.56866220163874,298.1661689516963
8.828333083831955,1.5,302.5461783524531,298.568997025902,298.166200173969
8.831958682634351,1.5,302.54723488347616,298.56933192372117,298.1662314356189
8.835584281436747,1.5,302.5482912378241,298.5696668950396,298.1662627366648
8.839209880239142,1.5,302.5493474155743,298.5700019398004,298.16629407712514
8.842835479041538,1.5,302.5504034168039,298.5703370579469,298.1663254570186
8.846461077843934,1.5,302.5514592415901,298.5706722494225,298.1663568763638
8.85008667664633,1.5,302.5525148900102,298.57100751417033,298.16638833517925
8.853712275448725,1.5,302.553570362141,298.57134285213397,298.1664198334835
8.85733787425112,1.5,302.5546256580596,298.57167826325673,298.166451371295
8.860963473053516,1.5,302.5556807778428,298.572013747482,298.1664829486324
8.864589071855912,1.5,302.5567357215675,298.57234930475346,298.1665145655141
8.868214670658308,1.5,302.5577904893105,298.5726849350144,298.16654622195847
8.871840269460703,1.5,302.5588450811484,298.5730206382086,298.1665779179841
8.875465868263099,1.5,302.55989949715774,298.57335641427954,298.1666096536093
8.879091467065495,1.5,302.5609537374152,298.57369226317087,298.1666414288527
8.88271706586789,1.5,302.56200780199725,298.57402818482626,298.1666732437324
8.886342664670286,1.5,302.56306169098025,298.57436417918944,298.166705098267
8.889968263472682,1.5,302.56411540444054,298.57470024620415,298.1667369924748
8.893593862275077,1.5,302.5651689424544,298.5750363858142,298.1667689263741
8.897219461077473,1.5,302.56622230509805,298.5753725979634,298.1668008999832
8.900845059879869,1.5,302.5672754924476,298.5757088825956,298.16683291332043
8.904470658682264,1.5,302.5683285045791,298.5760452396547,298.16686496640403
8.90809625748466,1.5,302.5693813415686,298.5763816690846,298.1668970592524
8.911721856287055,1.5,302.5704340034919,298.57671817082934,298.1669291918836
8.915347455089451,1.5,302.571486490425,298.5770547448329,298.166961364316
8.918973053891847,1.5,302.5725388024436,298.5773913910393,298.1669935765678
8.922598652694242,1.5,302.57359093962344,298.57772810939264,298.16702582865713
8.926224251496638,1.5,302.57464290204024,298.578064899837,298.16705812060223
8.929849850299034,1.5,302.5756946897695,298.5784017623167,298.1670904524212
8.93347544910143,1.5,302.57674630288665,298.5787386967757,298.16712282413226
8.937101047903825,1.5,302.5777977414673,298.5790757031584,298.1671552357534
8.94072664670622,1.5,302.5788490055868,298.57941278140896,298.16718768730277
8.944352245508616,1.5,302.5799000953204,298.5797499314717,298.1672201787985
8.947977844311012,1.5,302.5809510107434,298.5800871532911,298.16725271025865
8.951603443113408,1.5,302.58200175193093,298.5804244468114,298.1672852817013
8.955229041915803,1.5,302.5830523189581,298.58076181197697,298.16731789314434
8.958854640718199,1.5,302.5841027119,298.58109924873236,298.16735054460594
8.962480239520595,1.5,302.58515293083155,298.581436757022,298.16738323610394
8.96610583832299,1.5,302.5862029758277,298.5817743367904,298.16741596765644
8.969731437125386,1.5,302.58725284696334,298.58211198798216,298.1674487392813
8.973357035927782,1.5,302.5883025443131,298.58244971054194,298.16748155099657
8.976982634730177,1.5,302.58935206795184,298.5827875044143,298.16751440282013
8.980608233532573,1.5,302.59040141795407,298.5831253695439,298.16754729476986
8.984233832334969,1.5,302.5914505943944,298.58346330587545,298.1675802268636
8.987859431137364,1.5,302.59249959734746,298.5838013133537,298.1676131991192
8.99148502993976,1.5,302.5935484268876,298.5841393919235,298.16764621155465
8.995110628742156,1.5,302.5945970830891,298.58447754152957,298.1676792641877
8.998736227544551,1.5,302.5956455660264,298.58481576211676,298.1677123570362
9.002361826346947,1.5,302.5966938757738,298.58515405363,298.16774549011785
9.005987425149343,1.5,302.59774201240526,298.5854924160143,298.1677786634504
9.009613023951738,1.5,302.5987899759951,298.5858308492144,298.1678118770518
9.013238622754134,1.5,302.5998377666172,298.5861693531755,298.1678451309396
9.01686422155653,1.5,302.6008853843457,298.58650792784255,298.1678784251317
9.020489820358925,1.5,302.60193282925445,298.5868465731607,298.16791175964556
9.02411541916132,1.5,302.6029801014173,298.58718528907497,298.16794513449906
9.027741017963717,1.5,302.60402720090804,298.5875240755305,298.16797854970974
9.031366616766112,1.5,302.6050741278003,298.58786293247243,298.16801200529534
9.034992215568508,1.5,302.6061208821679,298.58820185984615,298.16804550127347
9.038617814370904,1.5,302.6071674640843,298.58854085759674,298.16807903766176
9.0422434131733,1.5,302.6082138736231,298.58887992566963,298.1681126144777
9.045869011975695,1.5,302.6092601108577,298.58921906401,298.168146231739
9.04949461077809,1.5,302.6103061758615,298.5895582725634,298.16817988946315
9.053120209580486,1.5,302.6113520687079,298.58989755127504,298.1682135876677
9.056745808382882,1.5,302.6123977894702,298.5902369000904,298.1682473263702
9.060371407185277,1.5,302.61344333822143,298.590576318955,298.1682811055881
9.063997005987673,1.5,302.61448871503484,298.5909158078144,298.16831492533885
9.067622604790069,1.5,302.61553391998353,298.59125536661395,298.16834878564
9.071248203592464,1.5,302.61657895314056,298.59159499529943,298.16838268650895
9.07487380239486,1.5,302.61762381457874,298.5919346938163,298.16841662796315
9.078499401197256,1.5,302.618668504371,298.59227446211025,298.16845061002
9.082124999999651,1.5,302.61971302259013,298.59261430012714,298.16848463269696
9.085750598802047,1.5,302.620757369309,298.5929542078125,298.1685186960113
9.089376197604443,1.5,302.62180154460015,298.59329418511214,298.16855279998043
9.093001796406838,1.5,302.62284554853636,298.5936342319718,298.16858694462167
9.096627395209234,1.5,302.6238893811901,298.59397434833744,298.16862112995244
9.10025299401163,1.5,302.62493304263387,298.59431453415476,298.1686553559899
9.103878592814025,1.5,302.6259765329402,298.5946547893699,298.16868962275146
9.107504191616421,1.5,302.62701985218126,298.5949951139285,298.16872393025426
9.111129790418817,1.5,302.6280630004296,298.59533550777684,298.16875827851567
9.114755389221212,1.5,302.6291059777574,298.59567597086067,298.1687926675528
9.118380988023608,1.5,302.63014878423684,298.5960165031262,298.168827097383
9.122006586826004,1.5,302.6311914199399,298.5963571045194,298.16886156802326
9.1256321856284,1.5,302.63223388493896,298.5966977749865,298.168896079491
9.129257784430795,1.5,302.6332761793057,298.59703851447364,298.1689306318032
9.13288338323319,1.5,302.63431830311225,298.5973793229269,298.1689652249771
9.136508982035586,1.5,302.63536025643043,298.5977202002926,298.16899985902984
9.140134580837982,1.5,302.6364020393321,298.598061146517,298.1690345339784
9.143760179640378,1.5,302.63744365188893,298.59840216154635,298.16906924984
9.147385778442773,1.5,302.6384850941726,298.598743245327,298.16910400663164
9.151011377245169,1.5,302.6395263662548,298.59908439780537,298.16913880437033
9.154636976047565,1.5,302.6405674682071,298.5994256189278,298.16917364307324
9.15826257484996,1.5,302.64160840010106,298.5997669086408,298.16920852275723
9.161888173652356,1.5,302.642649162008,298.60010826689074,298.1692434434394
9.165513772454752,1.5,302.64368975399935,298.60044969362417,298.1692784051367
9.169139371257147,1.5,302.6447301761464,298.6007911887877,298.16931340786607
9.172764970059543,1.5,302.6457704285205,298.60113275232777,298.16934845164445
9.176390568861938,1.5,302.6468105111928,298.6014743841912,298.16938353648874
9.180016167664334,1.5,302.64785042423443,298.6018160843245,298.16941866241586
9.18364176646673,1.5,302.64889016771644,298.6021578526744,298.16945382944283
9.187267365269125,1.5,302.64992974170985,298.60249968918765,298.16948903758635
9.190892964071521,1.5,302.65096914628566,298.6028415938109,298.16952428686335
9.194518562873917,1.5,302.65200838151475,298.6031835664911,298.16955957729067
9.198144161676312,1.5,302.6530474474679,298.603525607175,298.169594908885
9.201769760478708,1.5,302.654086344216,298.6038677158095,298.16963028166333
9.205395359281104,1.5,302.6551250718296,298.6042098923414,298.1696656956423
9.2090209580835,1.5,302.65616363037947,298.6045521367177,298.1697011508388
9.212646556885895,1.5,302.6572020199362,298.60489444888543,298.1697366472695
9.21627215568829,1.5,302.6582402405703,298.60523682879153,298.16977218495106
9.219897754490686,1.5,302.6592782923522,298.6055792763831,298.16980776390017
9.223523353293082,1.5,302.6603161753524,298.60592179160716,298.16984338413374
9.227148952095478,1.5,302.66135388964125,298.60626437441084,298.1698790456682
9.230774550897873,1.5,302.66239143528884,298.60660702474127,298.16991474852034
9.234400149700269,1.5,302.6634288123657,298.6069497425457,298.1699504927068
9.238025748502665,1.5,302.6644660209418,298.6072925277712,298.1699862782441
9.24165134730506,1.5,302.6655030610873,298.60763538036525,298.17002210514886
9.245276946107456,1.5,302.66653993287224,298.607978300275,298.1700579734378
9.248902544909852,1.5,302.6675766363666,298.6083212874477,298.17009388312727
9.252528143712247,1.5,302.66861317164046,298.60866434183094,298.170129834234
9.256153742514643,1.5,302.66964953876357,298.6090074633719,298.17016582677445
9.259779341317039,1.5,302.6706857378057,298.60935065201807,298.1702018607651
9.263404940119434,1.5,302.6717217688368,298.609693907717,298.1702379362224
9.26703053892183,1.5,302.67275763192634,298.610037230416,298.170274053163
9.270656137724226,1.5,302.6737933271441,298.61038062006287,298.1703102116032
9.274281736526621,1.5,302.6748288545596,298.610724076605,298.1703464115595
9.277907335329017,1.5,302.67586421424244,298.61106759999,298.17038265304825
9.281532934131413,1.5,302.67689940626207,298.6114111901656,298.1704189360859
9.285158532933808,1.5,302.67793443068774,298.6117548470794,298.1704552606889
9.288784131736204,1.5,302.67896928758904,298.6120985706791,298.1704916268735
9.2924097305386,1.5,302.680003977035,298.61244236091244,298.1705280346562
9.296035329340995,1.5,302.6810384990951,298.61278621772726,298.17056448405316
9.29966092814339,1.5,302.6820728538384,298.6131301410714,298.17060097508073
9.303286526945787,1.5,302.683107041334,298.6134741308926,298.17063750775526
9.306912125748182,1.5,302.684141061651,298.61381818713886,298.170674082093
9.310537724550578,1.5,302.6851749148584,298.61416230975806,298.1707106981102
9.314163323352973,1.5,302.68620860102504,298.61450649869806,298.17074735582315
9.31778892215537,1.5,302.68724212021993,298.614850753907,298.170784055248
9.321414520957765,1.5,302.68827547251186,298.61519507533274,298.1708207964011
9.32504011976016,1.5,302.6893086579695,298.61553946292355,298.1708575792984
9.328665718562556,1.5,302.6903416766618,298.61588391662735,298.1708944039562
9.332291317364952,1.5,302.69137452865715,298.6162284363923,298.1709312703907
9.335916916167347,1.5,302.69240721402434,298.6165730221666,298.170968178618
9.339542514969743,1.5,302.6934397328318,298.61691767389846,298.1710051286542
9.343168113772139,1.5,302.694472085148,298.61726239153603,298.1710421205153
9.346793712574534,1.5,302.69550427104144,298.6176071750277,298.1710791542176
9.35041931137693,1.5,302.69653629058047,298.61795202432165,298.1711162297769
9.354044910179326,1.5,302.69756814383345,298.6182969393663,298.17115334720944
9.357670508981721,1.5,302.6985998308685,298.61864192011,298.1711905065312
9.361296107784117,1.5,302.69963135175396,298.6189869665011,298.1712277077582
9.364921706586513,1.5,302.7006627065579,298.6193320784881,298.17126495090633
9.368547305388908,1.5,302.7016938953484,298.61967725601943,298.1713022359917
9.372172904191304,1.5,302.70272491819355,298.62002249904367,298.17133956303013
9.3757985029937,1.5,302.70375577516126,298.6203678075093,298.1713769320377
9.379424101796095,1.5,302.7047864663195,298.620713181365,298.17141434303016
9.383049700598491,1.5,302.705816991736,298.62105862055915,298.1714517960236
9.386675299400887,1.5,302.70684735147876,298.6214041250406,298.1714892910337
9.390300898203282,1.5,302.7078775456154,298.621749694758,298.1715268280765
9.393926497005678,1.5,302.70890757421364,298.6220953296601,298.1715644071678
9.397552095808074,1.5,302.7099374373412,298.62244102969555,298.1716020283234
9.40117769461047,1.5,302.7109671350656,298.6227867948132,298.17163969155905
9.404803293412865,1.5,302.71199666745423,298.6231326249618,298.17167739689063
9.40842889221526,1.5,302.71302603457474,298.62347852009026,298.171715144334
9.412054491017656,1.5,302.7140552364945,298.6238244801475,298.1717529339047
9.415680089820052,1.5,302.71508427328087,298.6241705050823,298.17179076561865
9.419305688622448,1.5,302.71611314500115,298.62451659484384,298.17182863949154
9.422931287424843,1.5,302.7171418517226,298.6248627493809,298.171866555539
9.426556886227239,1.5,302.71817039351237,298.6252089686426,298.17190451377667
9.430182485029635,1.5,302.7191987704377,298.625555252578,298.1719425142204
9.43380808383203,1.5,302.7202269825655,298.6259016011362,298.1719805568857
9.437433682634426,1.5,302.72125502996295,298.62624801426625,298.17201864178827
9.441059281436821,1.5,302.722282912697,298.62659449191744,298.1720567689438
9.444684880239217,1.5,302.7233106308345,298.62694103403885,298.1720949383677
9.448310479041613,1.5,302.7243381844424,298.62728764057977,298.17213315007564
9.451936077844008,1.5,302.72536557358745,298.6276343114894,298.17217140408326
9.455561676646404,1.5,302.72639279833646,298.6279810467171,298.172209700406
9.4591872754488,1.5,302.72741985875604,298.62832784621224,298.1722480390594
9.462812874251195,1.5,302.7284467549129,298.62867470992404,298.172286420059
9.466438473053591,1.5,302.7294734868737,298.62902163780205,298.1723248434203
9.470064071855987,1.5,302.7305000547049,298.62936862979564,298.1723633091587
9.473689670658382,1.5,302.731526458473,298.62971568585425,298.17240181728977
9.477315269460778,1.5,302.73255269824443,298.6300628059274,298.17244036782887
9.480940868263174,1.5,302.7335787740855,298.6304099899647,298.17247896079147
9.48456646706557,1.5,302.73460468606265,298.6307572379156,298.17251759619285
9.488192065867965,1.5,302.73563043424207,298.63110454972974,298.1725562740486
9.49181766467036,1.5,302.73665601869,298.63145192535677,298.1725949943739
9.495443263472756,1.5,302.7376814394726,298.63179936474637,298.17263375718426
9.499068862275152,1.5,302.73870669665604,298.63214686784835,298.1726725624948
9.502694461077548,1.5,302.73973179030617,298.6324944346122,298.172711410321
9.506320059879943,1.5,302.74075672048923,298.6328420649879,298.17275030067816
9.509945658682339,1.5,302.7417814872711,298.6331897589252,298.1727892335815
9.513571257484735,1.5,302.7428060907176,298.6335375163739,298.1728282090463
9.51719685628713,1.5,302.74383053089474,298.63388533728397,298.1728672270878
9.520822455089526,1.5,302.7448548078681,298.63423322160514,298.17290628772116
9.524448053891922,1.5,302.7458789217035,298.6345811692875,298.17294539096173
9.528073652694317,1.5,302.74690287246665,298.634929180281,298.1729845368246
9.531699251496713,1.5,302.74792666022313,298.63527725453565,298.1730237253249
9.535324850299109,1.5,302.7489502850386,298.63562539200143,298.1730629564779
9.538950449101504,1.5,302.74997374697847,298.6359735926285,298.1731022302987
9.5425760479039,1.5,302.7509970461083,298.63632185636686,298.17314154680236
9.546201646706296,1.5,302.7520201824934,298.63667018316687,298.17318090600406
9.549827245508691,1.5,302.75304315619934,298.63701857297843,298.1732203079188
9.553452844311087,1.5,302.7540659672913,298.6373670257519,298.17325975256176
9.557078443113483,1.5,302.7550886158345,298.63771554143756,298.1732992399479
9.560704041915878,1.5,302.75611110189425,298.6380641199856,298.1733387700923
9.564329640718274,1.5,302.75713342553564,298.63841276134633,298.1733783430099
9.56795523952067,1.5,302.75815558682376,298.63876146547017,298.17341795871585
9.571580838323065,1.5,302.7591775858238,298.6391102323074,298.1734576172249
9.57520643712546,1.5,302.76019942260064,298.6394590618085,298.1734973185522
9.578832035927856,1.5,302.76122109721916,298.63980795392393,298.1735370627126
9.582457634730252,1.5,302.7622426097444,298.6401569086041,298.17357684972114
9.586083233532648,1.5,302.7632639602412,298.64050592579963,298.17361667959256
9.589708832335043,1.5,302.76428514877426,298.64085500546093,298.17365655234187
9.593334431137439,1.5,302.7653061754084,298.64120414753864,298.17369646798386
9.596960029939835,1.5,302.7663270402083,298.6415533519834,298.1737364265335
9.60058562874223,1.5,302.76734774323853,298.6419026187458,298.1737764280055
9.604211227544626,1.5,302.7683682845637,298.6422519477766,298.1738164724147
9.607836826347022,1.5,302.7693886642484,298.6426013390264,298.173856559776
